Sentence_ID,MT_Tool,seed_source,error_label,keyword,best_match,ocs_match_rule,clean_ar,error_ar,ocs,cps,sfr,csr,anchor_validity,phenomenon_clarity,arabic_naturalness,collateral_severity,tier2_seed_recommendation,tier2_seed_recommendation_final,cell15_status
1994/s/res/918_1994_/21:1,en_ar_DEEP,TIER1_CLEAN_A,Total Omission,بموجب,[OMITTED],exact,وإذ يشير في هذا السياق الى أن قتل أفراد جماعة إثنية بهـــدف تدمير هذه الجماعـــة، كليا أو جزئيا، يشكل جريمة يُعاقب عليها بموجب القانون الدولي،,وإذ يشير في هذا السياق إلى أن قتل أفراد مجموعة عرقية بقصد تدمير هذه المجموعة، كليًا أو جزئيًا، يشكل جريمة يعاقب عليها القانون الدولي،,1.0,0.8540145985401459,0.9701274037361144,0.823943661971831,5,5,5,2,1,1,success
1998/s/1998/1217/55:1,en_ar_DEEP,TIER1_CLEAN_A,Total Omission,حالة,[OMITTED],prefix_لل,ويؤيد الجهاز المركزي بحزم الجهود التي تبذلها بلدان المنطقة للتصدي للحالة السائدة في أنجوان.,ويؤيد الجهاز المركزي بقوة الجهود التي تبذلها بلدان المنطقة للتعامل مع الوضع السائد في أنجوان.,1.0,0.8387096774193549,0.9827440977096558,0.8494623655913979,5,5,5,2,1,1,success
1998/s/1998/477/165:4,en_ar_DEEP,TIER1_CLEAN_A,Total Omission,أخرى,[OMITTED],exact,ونتيجة لذلك، فقد ﻻ تتوافر مرة أخرى المكاتب المدرسية والكتب الدراسية للتوزيع في بداية العام الدراسي ٨٩٩١-٩٩٩١.,ونتيجة لذلك، قد لا تكون المكاتب المدرسية والكتب المدرسية متاحة للتوزيع في بداية العام الدراسي 1998/1999.,1.0,0.7238095238095238,0.8990871906280518,0.6972477064220184,5,5,4,2,1,1,success
1998/s/1998/898/35:1,en_ar_DEEP,TIER1_CLEAN_A,Total Omission,وثمة,[OMITTED],exact,٩ - وثمة شيء آخر إخوتي اﻷبخاز، إننا لسنا وحدنا.,9. وشيء آخر. إخوتي الأبخاز، نحن لسنا وحدنا.,1.0,0.7674418604651163,0.8981534242630005,0.7234042553191489,5,5,4,2,1,1,success
1998/s/res/1205_1998_/20:1,en_ar_DEEP,TIER1_CLEAN_A,Total Omission,بموجب,[OMITTED],exact,وإذ يتصرف بموجب الفصل السابع من ميثاق اﻷمم المتحدة،,وبناء على الفصل السابع من ميثاق الأمم المتحدة،,1.0,0.7608695652173914,0.9243756532669068,0.7058823529411764,5,5,5,1,1,1,success
1999/s/1999/1162/90:5,en_ar_DEEP,TIER1_CLEAN_A,Total Omission,حالة,[OMITTED],exact,وأدى انتقال الحيوانات من وسط البلد وجنوبه إلى المنطقة الشمالية بحثا عن المرعى إلى تفاقم حالة تفشي الحمى القﻻعية.,وأدت حركة الحيوانات من وسط وجنوب البلاد إلى المنطقة الشمالية بحثا عن المراعي إلى تفاقم تفشي مرض الحمى القلاعية.,1.0,0.7567567567567568,0.9441068172454834,0.7321428571428572,5,5,5,2,1,1,success
1999/s/1999/128/11:1,en_ar_DEEP,TIER1_CLEAN_A,Total Omission,بعثة,[OMITTED],prefix_ال,رسالة مؤرخة ٨ شباط/فبراير ١٩٩٩ موجهة من البعثة الدائمة,رسالة مؤرخة 8 شباط/فبراير 1999 من الممثل الدائم لـ,1.0,0.6799999999999999,0.8799164891242981,0.6851851851851851,5,5,4,2,1,1,success
1999/s/1999/182/61:1,en_ar_DEEP,TIER1_CLEAN_A,Total Omission,تابع,[OMITTED],both_ال_ة,)ز( الطريق الواقعة في مقاطعة كابومبو والتي تعرف باسم ديكولونغا، وتربط بين قاعدة يونيتا في ماكوندو )أنغوﻻ( وقرية ديكولونغا في زامبيا والمنطقة الكبيرة التابعة للزعيم نباكولينغا.,(ز) الطريق في مقاطعة كابومبو المعروف باسم ديكولونغا، الذي يربط قاعدة يونيتا في ماكوندو (أنغولا) وقرية ديكولونغا الزامبية ومنطقة شيف نهاكولنغا الشاسعة.,1.0,0.6549707602339181,0.9306883215904236,0.6457142857142857,5,5,4,3,1,1,success
1999/s/1999/726/42:1,en_ar_DEEP,TIER1_CLEAN_A,Total Omission,بموجب,[OMITTED],exact,باء - الشروط الناشئة بموجب الوثيقتين A/46/827-S/23308 و A/46/828-S/23309,باء - المتطلبات المنبثقة عن الوثيقتين A/46/827-S/23308 وA/46/828-S/23309,1.0,0.8055555555555556,0.9020308256149292,0.7638888888888888,5,5,4,2,1,1,success
1999/s/agenda/3975/14:1,en_ar_DEEP,TIER1_CLEAN_A,Total Omission,حالة,[OMITTED],prefix_ال,٢ - الحالة بين إريتريا وإثيوبيا,2. الوضع بين إريتريا وإثيوبيا,1.0,0.7931034482758621,0.9826837778091432,0.7741935483870968,5,5,5,1,1,1,success
1999/s/agenda/4043/14:1,en_ar_DEEP,TIER1_CLEAN_A,Total Omission,حالة,[OMITTED],prefix_ال,٢ - الحالة في تيمور الشرقية,2. الوضع في تيمور الشرقية,1.0,0.76,0.9643774032592772,0.7407407407407407,4,4,5,2,1,1,success
2000/s/2000/1190/60:5,en_ar_TRANSFORMERS,TIER1_CLEAN_A,Total Omission,الأخرى,[OMITTED],exact,كما أكد أعضاء المجلس عزمهم على كفالة امتثال طالبان، امتثالا كاملا، وبدون شروط، لالتزاماتها بموجب القرار 1267 والقرارات الأخرى ذات الصلة، وعلى بحث فرض مزيد من التدابير المحددة الهدف في هذا الخصوص.,وأكد أعضاء المجلس أيضا تصميمهم على كفالة امتثال الطالبان امتثالا تاما، دون شروط، لالتزاماتها بموجب القرار 1267 (1999) وغيره من القرارات ذات الصلة، والنظر في فرض مزيد من التدابير المحددة الأهداف في هذا الصدد.,1.0,0.7681159420289855,0.8889285326004028,0.7536231884057971,5,5,5,2,1,1,success
2000/s/2000/1190/60:5,en_ar_TRANSFORMERS,TIER1_CLEAN_A,Total Omission,الأخرى,[OMITTED],exact,كما أكد أعضاء المجلس عزمهم على كفالة امتثال طالبان، امتثالا كاملا، وبدون شروط، لالتزاماتها بموجب القرار 1267 والقرارات الأخرى ذات الصلة، وعلى بحث فرض مزيد من التدابير المحددة الهدف في هذا الخصوص.,وأكد أعضاء المجلس أيضا تصميمهم على كفالة امتثال الطالبان امتثالا تاما، دون شروط، لالتزاماتها بموجب القرار 1267 (1999) وغيره من القرارات ذات الصلة، والنظر في فرض مزيد من التدابير المحددة الأهداف في هذا الصدد.,1.0,0.7681159420289855,0.8889285326004028,0.7536231884057971,5,5,5,2,1,1,success
2000/s/2000/1196/40:4,en_ar_TRANSFORMERS,TIER1_CLEAN_A,Total Omission,تابع,[OMITTED],both_ال_ة,وقد ساندت وحدات الشرطة الخاصة جمارك البعثة وقدمت الدعم إلى أفرقة العمليات الخاصة التابعة لشرطة البعثة.,ودعمت وحدات الشرطة الخاصة جمارك البعثة وقدمت الدعم لأفرقة العمليات الخاصة لشرطة البعثة.,1.0,0.8673469387755102,0.9662137627601624,0.8333333333333334,5,5,5,1,1,1,success
2000/s/2000/1196/77:2,en_ar_DEEP,TIER1_CLEAN_A,Total Omission,تابع,[OMITTED],both_ال_ة,وقد أعد المركز استراتيجية انسحاب لمعالجة نقل المسؤوليات، بما في ذلك مواصلة إزالة أي أخطار متبقية، ونشر الوعي بخطر الألغام ومساعدة الضحايا، إلى الإدارات المناسبة التابعة للهيكل الإداري المؤقت المشترك.,وقد أعد المركز استراتيجية خروج لمعالجة نقل المسؤوليات، بما في ذلك مواصلة إزالة أي تهديد متبقي، والتوعية بالألغام ومساعدة الضحايا، إلى الإدارات المختصة في JIAS.,1.0,0.7076923076923076,0.9444370269775392,0.6984924623115578,5,5,4,3,1,1,success
2000/s/2000/1198/35:2,en_ar_DEEP,TIER1_CLEAN_A,Total Omission,حالة,[OMITTED],prefix_ال,وإذا ما أضافت المحكمة إلى مسؤولياتها مجالا جديدا بأكمله من مجالات القانون المتعلق بالتعويض فلن يتعين على المحكمة في تلك الحالة أن تستنبط فقها قضائيا جديدا فحسب وإنما يتعين عليها أيضا أن توسِّـع ملاكها الوظيفي إلى حد كبير وأن تضع لوائح وإجراءات جديدة لتقييم المطالبات.,إذا أضافت المحكمة إلى مسؤولياتها مجالًا جديدًا تمامًا من القانون يتعلق بالتعويض، فلن يتعين على المحكمة تطوير فقه قضائي جديد فحسب؛ وسيتعين عليها أيضًا توسيع عدد موظفيها بشكل كبير ووضع قواعد وإجراءات جديدة لتقييم المطالبات.,1.0,0.6996197718631179,0.954709768295288,0.6891385767790262,5,5,4,2,1,1,success
2000/s/2000/596/35:1,en_ar_DEEP,TIER1_CLEAN_A,Total Omission,تابع,[OMITTED],suffix_ان,13 - تأخر في الحضور ضابطان تابعان لقوات الدفاع الشعبية لأوغندا وأربعة من موظفي الدعم كان من المفترض أن يشكلوا جزءا من مركز القيادة المشتركة في كيسانغاني، وفقا لأمر التنفيذ، وذلك لأسباب خارجة عن إرادتهم أو عن إرادة قوات الدفاع الشعبية لأوغندا.,13 - تم الإبلاغ عن تأخير ضابطين من قوات الدفاع الشعبي الأوغندية وأربعة من أفراد الدعم الذين كان من المفترض أن يكونوا جزءا من مركز القيادة المشتركة في كيسانغاني، تنفيذا لأمر الإعدام، لأسباب خارجة عن سيطرتهم أو عن سيطرة قوات الدفاع الشعبية الأوغندية.,1.0,0.75,0.9258744716644288,0.7338709677419355,5,5,4,3,1,1,success
2000/s/ac_26/2000/19/459:1,en_ar_DEEP,TIER1_CLEAN_A,Total Omission,جوي,[OMITTED],prefix_ال,"أ) ""رسم السفر الجوي من عمان إلى الوطن""","أ. ""تذكرة الطيران من عمان إلى الوطن""",1.0,0.7222222222222222,0.8912123441696167,0.6578947368421053,5,5,5,2,1,1,success
2000/s/ac_26/2000/20/310:6,en_ar_DEEP,TIER1_CLEAN_A,Total Omission,بموجب,[OMITTED],exact,ولم ترد الشركة على الإخطار الموجه بموجب المادة 15.,ولم يرد ستادلر على الإخطار المنصوص عليه في المادة 15.,1.0,0.6981132075471699,0.8235256671905518,0.6603773584905661,5,5,4,2,1,1,success
2000/s/agenda/4173/4:1,en_ar_DEEP,TIER1_CLEAN_A,Total Omission,حالة,[OMITTED],prefix_ال,2 - الحالة في سيراليون.,2. الوضع في سيراليون.,1.0,0.7619047619047619,0.9609196782112122,0.7391304347826086,5,5,5,1,1,1,success
2000/s/agenda/4244/4:1,en_ar_DEEP,TIER1_CLEAN_A,Total Omission,حالة,[OMITTED],prefix_ال,2 - الحالة في تيمور الشرقية.,2. الوضع في تيمور الشرقية,1.0,0.76,0.9195135831832886,0.75,5,5,5,1,1,1,success
2000/s/res/1296_2000_/8:1,en_ar_DEEPL,TIER1_CLEAN_A,Register Mismatch,ترمي إلى,تهدف إلى,exact_seq,وإذ يضع في اعتباره مسؤوليته الرئيسية بموجب ميثاق الأمم المتحدة عن صون السلم والأمن الدوليين، وإذ يؤكد أهمية اتخاذ تدابير ترمي إلى منع نشوب الصراعات وتسويتها،,وإذ يضع في اعتباره مسؤوليته الرئيسية بموجب ميثاق الأمم المتحدة عن صون السلم والأمن الدوليين، وإذ يؤكد أهمية اتخاذ تدابير تهدف إلى منع نشوب النزاعات وحلها،,1.0,0.953020134228188,0.9920966625213624,0.9363057324840764,5,5,5,2,1,1,success
2001/s/2001/68/71:1,en_ar_DEEP,TIER1_CLEAN_A,Total Omission,خاص,[OMITTED],both_ال_ان,2 - العهدان الدوليان الخاصان بحقوق الإنسان,2. العهدان الدوليان لحقوق الإنسان,1.0,0.8205128205128205,0.971472978591919,0.7619047619047619,5,5,5,1,1,1,success
2001/s/ac_26/2001/12/842:2,en_ar_DEEP,TIER1_CLEAN_A,Total Omission,تابع,[OMITTED],both_ال_ة,"وأكدت شركة فوساس أن ""الهياكل والمعدات المصنعة لأجل مصنع المأمون خُزنت في العراء في ورشات التصنيع التابعة للشركة في تركيا"".","وأكدت فوساس أن ""الهياكل والمعدات المصنعة لمصنع المأمون تم تخزينها في الهواء الطلق في ورشة تصنيع فوساس في تركيا"".",1.0,0.6694915254237288,0.9402856826782228,0.6557377049180328,5,5,4,3,1,1,success
2001/s/agenda/4265/4:1,en_ar_DEEP,TIER1_CLEAN_A,Total Omission,حالة,[OMITTED],prefix_ال,2 - الحالة في تيمور الشرقية,2. الوضع في تيمور الشرقية,1.0,0.8,0.9652382135391236,0.7777777777777778,5,5,5,1,1,1,success
2001/s/agenda/4351/4:1,en_ar_DEEP,TIER1_CLEAN_A,Total Omission,حالة,[OMITTED],prefix_ال,2 - الحالة في تيمور الشرقية,2. الوضع في تيمور الشرقية,1.0,0.8,0.9652382135391236,0.7777777777777778,5,5,5,1,1,1,success
2001/s/res/1373_2001_/10:1,en_ar_DEEP,TIER1_CLEAN_A,Terminology Substitution,يهيب,يدعو,exact,وإذ يهيب بجميع الدول العمل معا على نحو عاجل على منع الأعمال الإرهابية والقضاء عليها، بما في ذلك من خلال التعاون المتزايد والتنفيذ الكامل للاتفاقيات الدولية ذات الصلة بالإرهاب،,وإذ يدعو الدول إلى العمل معا على وجه السرعة لمنع وقمع الأعمال الإرهابية، بما في ذلك من خلال زيادة التعاون والتنفيذ الكامل للاتفاقيات الدولية ذات الصلة المتعلقة بالإرهاب،,1.0,0.6666666666666667,0.9739049673080444,0.6571428571428571,5,5,5,2,1,1,success
2001/s/res/1373_2001_/30:1,en_ar_DEEPL,TIER1_CLEAN_A,Total Omission,خاص,[OMITTED],suffix_ة,(ج) التعاون، بصفة خاصة من خلال ترتيبات واتفاقات ثنائية ومتعددة الأطراف، على منع وقمع الاعتداءات الإرهابية واتخاذ إجراءات ضد مرتكبي تلك الأعمال؛,(ج) التعاون، ولا سيما من خلال ترتيبات واتفاقات ثنائية ومتعددة الأطراف، لمنع وقمع الهجمات الإرهابية واتخاذ إجراءات ضد مرتكبي هذه الأعمال;,1.0,0.85,0.9908037185668944,0.8531468531468531,5,5,4,2,1,1,success
2002/s/2001/1339/195:1,en_ar_DEEP,TIER1_CLEAN_A,Total Omission,خاص,[OMITTED],both_ال_ة,1 - الاتفاقية الخاصة بالجرائم وبعض الأفعال الأخرى المرتكبة على متن الطائرات (طوكيو، 1963)؛,1 - الاتفاقية المتعلقة بالجرائم وبعض الأفعال الأخرى المرتكبة على متن الطائرات (طوكيو، 1963)؛,1.0,0.9456521739130436,0.999376654624939,0.9456521739130436,5,5,5,1,1,1,success
2002/s/2002/1046/46:1,en_ar_DEEPL,TIER1_CLEAN_A,Total Omission,الأخرى,[OMITTED],exact,9 - تزوير العملة أو وسائل الدفع الأخرى أو الأسناد العامة أو الأوراق ذات القيمة أو الوثائق والصكوك الرسمية.,9. تزييف العملة أو غيرها من وسائل الدفع أو السندات الحكومية أو الأوراق ذات القيمة أو المستندات أو الصكوك الرسمية;,1.0,0.7256637168141593,0.9306378364562988,0.6725663716814159,5,5,4,2,1,1,success
2002/s/2002/1046/46:1,en_ar_DEEPL,TIER1_CLEAN_A,Total Omission,الأخرى,[OMITTED],exact,9 - تزوير العملة أو وسائل الدفع الأخرى أو الأسناد العامة أو الأوراق ذات القيمة أو الوثائق والصكوك الرسمية.,9. تزييف العملة أو غيرها من وسائل الدفع أو السندات الحكومية أو الأوراق ذات القيمة أو المستندات أو الصكوك الرسمية;,1.0,0.7256637168141593,0.9306378364562988,0.6725663716814159,5,5,4,2,1,1,success
2002/s/2002/1137/49:4,en_ar_DEEP,TIER1_CLEAN_A,Total Omission,الأخرى,[OMITTED],exact,والأطراف الأخرى في الاتفاقية، إلى جانب بنغلاديش، هي مملكة بوتان، وجمهورية الهند، وجمهورية ملديف، ومملكة نيبال، وجمهورية باكستان الإسلامية، وجمهورية سري لانكا الاشتراكية الديمقراطية.,وبخلاف بنغلاديش، فإن الأطراف في الاتفاقية هي مملكة بوتان، وجمهورية الهند، وجمهورية المالديف، ومملكة نيبال، وجمهورية باكستان الإسلامية، وجمهورية سريلانكا الديمقراطية الاشتراكية.,1.0,0.7272727272727273,0.9615629315376282,0.7237569060773481,5,5,5,2,1,1,success
2002/s/2002/1137/49:4,en_ar_DEEP,TIER1_CLEAN_A,Total Omission,الأخرى,[OMITTED],exact,والأطراف الأخرى في الاتفاقية، إلى جانب بنغلاديش، هي مملكة بوتان، وجمهورية الهند، وجمهورية ملديف، ومملكة نيبال، وجمهورية باكستان الإسلامية، وجمهورية سري لانكا الاشتراكية الديمقراطية.,وبخلاف بنغلاديش، فإن الأطراف في الاتفاقية هي مملكة بوتان، وجمهورية الهند، وجمهورية المالديف، ومملكة نيبال، وجمهورية باكستان الإسلامية، وجمهورية سريلانكا الديمقراطية الاشتراكية.,1.0,0.7272727272727273,0.9615629315376282,0.7237569060773481,5,5,5,2,1,1,success
2002/s/2002/1363/110:1,en_ar_DEEP,TIER1_CLEAN_A,Total Omission,خاص,[OMITTED],both_ال_ة,(أ) الاتفاقية الخاصة بالجرائم وبعض الأفعال الأخرى المرتكبة على متن الطائرات لعام 1963؛,(أ) اتفاقية عام 1963 بشأن الجرائم وبعض الأفعال الأخرى المرتكبة على متن الطائرات؛,1.0,0.7228915662650602,0.9847564101219176,0.7325581395348837,5,5,5,1,1,1,success
2002/s/2002/202/17:1,en_ar_DEEP,TIER1_CLEAN_A,Total Omission,خاص,[OMITTED],both_ال_ة,1 - الاتفاقية الخاصة بالجرائم وبعض الأفعال الأخرى المرتكبة على متن الطائرات؛,الاتفاقية المتعلقة بالجرائم وبعض الأفعال الأخرى المرتكبة على متن الطائرات؛,1.0,0.8783783783783784,0.954293966293335,0.881578947368421,5,5,5,1,1,1,success
2002/s/2002/210/4:1,en_ar_DEEP,TIER1_CLEAN_A,Total Omission,حالة,[OMITTED],exact,وقد وصلت القوة العسكرية الفنلندية (وقوامها 46 فردا) إلى كابول في يومـي 11 و 12 شباط/فبراير 2002، ووضِـعت في حالة تشغيل كامل اعتبارا من 16 شباط/فبراير 2002.,ووصلت الوحدة الفنلندية (46) إلى كابول يومي 11 و 12 شباط/فبراير 2002، وبدأت عملياتها بكامل طاقتها منذ 16 شباط/فبراير 2002.,1.0,0.6622516556291391,0.942113757133484,0.6580645161290323,5,5,4,2,1,1,success
2002/s/2002/239/148:1,en_ar_DEEP,TIER1_CLEAN_A,Total Omission,خاص,[OMITTED],both_ال_ة,1 - الاتفاقية الخاصة بالجرائم وبعض الأفعال الأخرى المرتكبة على متن الطائرات لعام 1993.,1. اتفاقية عام 1963 بشأن الجرائم وبعض الأفعال الأخرى المرتكبة على متن الطائرات؛,1.0,0.6867469879518072,0.9114073514938354,0.6976744186046512,5,5,4,3,1,1,success
2002/s/2002/685/38:2,en_ar_DEEPL,TIER1_CLEAN_A,Total Omission,حالة,[OMITTED],prefix_ال,وأعرب أعضاء المجلس في بيان تلاه الرئيس على الصحافة عن قلقهم العميق إزاء الحالة الإنسانية الخطيرة، نظرا لتسبب القتال الأخير في زيادة الانتهاكات الجسيمة لحقوق الإنسان وتشريد السكان من جديد.,وقد أعرب أعضاء المجلس في بيان أدلى به الرئيس للصحافة عن قلقهم البالغ إزاء الوضع الإنساني الخطير، حيث أدى القتال الأخير إلى زيادة انتهاكات حقوق الإنسان ونزوح جديد للسكان.,1.0,0.6721311475409837,0.9592337608337402,0.6737967914438503,1,5,5,2,1,1,success
2002/s/2002/685/92:2,en_ar_DEEPL,TIER1_CLEAN_A,Total Omission,حالة,[OMITTED],prefix_ال,وتبادل الأعضاء وجهات نظر عامة بشأن عدد من المسائل، وهي الحالة في الضفة الغربية وقطاع غزة، بما في ذلك الحاجة المستعجلة لإعادة بناء الهياكل الأساسية للسلطة الفلسطينية وإصلاحها من خلال دعم قوي من الجهات المانحة، والحالة عبر الخط الأزرق، ومختلف الجهود الدبلوماسية الجارية، بما فيها التحضير لعقد مؤتمر دولي بشأن الشرق الأوسط.,وأجرى أعضاء المجلس تبادلا عاما للآراء حول عدد من القضايا، وهي الوضع في الضفة الغربية وقطاع غزة، بما في ذلك الحاجة الملحة لإعادة بناء وإصلاح البنية التحتية للسلطة الفلسطينية من خلال دعم قوي من المانحين، والوضع عبر الخط الأزرق، والجهود الدبلوماسية المختلفة الجارية، بما في ذلك التحضيرات لعقد مؤتمر دولي حول الشرق الأوسط.,1.0,0.6761006289308176,0.9658543467521667,0.675,5,5,5,2,1,1,success
2002/s/2002/685/92:2,en_ar_DEEPL,TIER1_CLEAN_A,Total Omission,حالة,[OMITTED],prefix_ال,وتبادل الأعضاء وجهات نظر عامة بشأن عدد من المسائل، وهي الحالة في الضفة الغربية وقطاع غزة، بما في ذلك الحاجة المستعجلة لإعادة بناء الهياكل الأساسية للسلطة الفلسطينية وإصلاحها من خلال دعم قوي من الجهات المانحة، والحالة عبر الخط الأزرق، ومختلف الجهود الدبلوماسية الجارية، بما فيها التحضير لعقد مؤتمر دولي بشأن الشرق الأوسط.,وأجرى أعضاء المجلس تبادلا عاما للآراء حول عدد من القضايا، وهي الوضع في الضفة الغربية وقطاع غزة، بما في ذلك الحاجة الملحة لإعادة بناء وإصلاح البنية التحتية للسلطة الفلسطينية من خلال دعم قوي من المانحين، والوضع عبر الخط الأزرق، والجهود الدبلوماسية المختلفة الجارية، بما في ذلك التحضيرات لعقد مؤتمر دولي حول الشرق الأوسط.,1.0,0.6761006289308176,0.9658543467521667,0.675,5,5,5,2,1,1,success
2002/s/2002/795/64:1,en_ar_DEEP,TIER1_CLEAN_A,Total Omission,خاص,[OMITTED],both_ل_ة,:: الاتفاقية ا لخاصة بالجرائم وبعض الأفعال الأخرى المرتكبة على متن الطائرات (1963)؛,اتفاقية الجرائم وبعض الأفعال الأخرى المرتكبة على متن الطائرات (1963),1.0,0.85,0.9272093772888184,0.8192771084337349,5,5,4,1,1,1,success
2002/s/ac_26/2002/3/427:2,en_ar_DEEP,TIER1_CLEAN_A,Total Omission,خاص,[OMITTED],both_ال_ة,وتخص المطالبة الخسارة المزعومة في الممتلكات مثل الكابلات الكهربائية وكميات الزيت وقطع الغيار التي استخدمتها شركة هيتاشي في أعمال التركيب الخاصة بمشاريع مختلفة في الكويت وكانت وزارة الكهرباء والمياه هي ربّة العمل في جميع هذه المشاريع.,وتتعلق المطالبة بالخسارة المزعومة في الممتلكات، مثل كابلات الطاقة والزيوت وقطع الغيار، التي استخدمتها شركة هيتاشي في أعمال التركيب في مشاريع مختلفة في الكويت. وكانت وزارة الكهرباء والمياه هي صاحب العمل في كل هذه المشاريع.,1.0,0.8478260869565217,0.9788164496421814,0.8369098712446352,5,5,4,2,1,1,success
2002/s/ac_26/2002/33/1196:2,en_ar_DEEP,TIER1_CLEAN_A,Terminology Substitution,المعنية,ذات الصلة,exact,ويعتمد استرداد هذه الودائع على الحصول على تصريح بتصدير المصنع أو المركبات أو المعدات المعنية.,ويعتمد استرداد هذه الرواسب على الحصول على إذن لتصدير المصانع والمركبات والمعدات ذات الصلة.,1.0,0.8255813953488372,0.8800408244132996,0.7634408602150538,5,5,4,2,1,1,success
2002/s/agenda/4537/4:1,en_ar_DEEP,TIER1_CLEAN_A,Total Omission,حالة,[OMITTED],prefix_ال,2 - الحالة في تيمور الشرقية.,2. الوضع في تيمور الشرقية,1.0,0.76,0.9195135831832886,0.75,5,5,5,1,1,1,success
2002/s/agenda/4539/4:1,en_ar_DEEP,TIER1_CLEAN_A,Total Omission,حالة,[OMITTED],prefix_ال,2 - الحالة في سيراليون.,2. الوضع في سيراليون.,1.0,0.7619047619047619,0.9609196782112122,0.7391304347826086,5,5,5,1,1,1,success
2002/s/agenda/4546/4:1,en_ar_DEEP,TIER1_CLEAN_A,Total Omission,حالة,[OMITTED],prefix_ال,2 - الحالة في الشرق الأوسط,2. الوضع في الشرق الأوسط,1.0,0.7916666666666666,0.9726656675338744,0.7692307692307692,5,5,5,1,1,1,success
2002/s/agenda/4659/2:1,en_ar_DEEPL,TIER1_CLEAN_A,Total Omission,خاص,[OMITTED],suffix_ة,المقرر عقدها كجلسة خاصة يوم الاثنين، 9 كانون الأول/ديسمبر 2002، الساعة 41/16,المقرر عقدها يوم الاثنين، 9 كانون الأول/ديسمبر 2002، الساعة 41/16 بعد الظهر,1.0,0.76,0.8849592208862305,0.7236842105263157,5,5,4,2,1,1,success
2002/s/prst/2002/41/7:1,en_ar_DEEP,TIER1_CLEAN_A,Total Omission,تابع,[OMITTED],both_ال_ة,"""ويلاحظ مجلس الأمن أن عددا من العقبات ينال من الجهود المبذولة من أجل تأمين وصول الوكالات الإنسانية ووكالات الأمم المتحدة إلى الأشخاص المحتاجين، بما في ذلك الهجمات الموجهة ضد الأفراد العاملين في المجال الإنساني، ورفض السلطات السماح بالمرور وعدم العمل بشكل منظم مع الأطراف غير التابعة للدولة.","""ويلاحظ مجلس الأمن أن هناك عددا من العوائق يقوض الجهود الرامية إلى تأمين وصول الوكالات الإنسانية ووكالات الأمم المتحدة إلى الأشخاص المحتاجين، بما في ذلك الهجمات على العاملين في المجال الإنساني، ومنع السلطات من الوصول، وعدم التعامل بشكل منظم مع الجهات الفاعلة من غير الدول.",1.0,0.7342657342657343,0.9682404398918152,0.7344827586206897,5,5,4,3,1,1,success
2002/s/pv_4583/34:1,en_ar_DEEPL,TIER1_CLEAN_A,Total Omission,حالة,[OMITTED],prefix_ال,الحالة المتعلقة بجمهورية الكونغو الديمقراطية.,الوضع المتعلق بجمهورية الكونغو الديمقراطية.,1.0,0.9069767441860466,0.9646732211112976,0.8888888888888888,5,5,5,1,1,1,success
2002/s/pv_4583/49:1,en_ar_DEEP,TIER1_CLEAN_A,Terminology Substitution,يهيب,يدعو,prefix_و,"""ويعرب مجلس الأمن أيضا عن قلقه إزاء التوترات المتزايدة في منطقة إتوري ويهيب بجميع الأطراف ممارسة ضبط النفس.","""ويعرب مجلس الأمن أيضا عن قلقه إزاء تصاعد التوترات في منطقة إيتوري ويدعو جميع الأطراف إلى ممارسة ضبط النفس.",1.0,0.8155339805825242,0.9884081482887268,0.794392523364486,5,5,5,2,1,1,success
2002/s/res/1452_2002_/5:1,en_ar_DEEP,TIER1_CLEAN_A,Total Omission,بموجب,[OMITTED],exact,وإذ يعرب عن تصميمه على تيسير تنفيذ الالتزام بمكافحة الإرهاب بموجب قرارات مجلس الأمن ذات الصلة،,وإذ يعرب عن تصميمه على تسهيل تنفيذ التزامات مكافحة الإرهاب وفقا لقرارات مجلس الأمن ذات الصلة،,1.0,0.8602150537634409,0.980554223060608,0.851063829787234,5,5,5,1,1,1,success
2002/s/res/1452_2002_/8:1,en_ar_TRANSFORMERS,TIER1_CLEAN_A,Total Omission,الأخرى,[OMITTED],exact,1 - يقرر أن أحكام الفقرة 4 (ب) من القرار 1267 (1999) والفقرتين 1 و 2 (أ) من القرار 1390 (2002) لا تنطبق على الأموال والأصول المالية أو الموارد الاقتصادية الأخرى التي تقرر الدولة (الدول) المعنية أنها:,1 - يقرر ألا تسري أحكام الفقرة 4 (ب) من القرار 1267 (1999) والفقرتين 1 و 2 (أ) من القرار 1390 (2002) على الأموال وغيرها من الأصول المالية أو الموارد الاقتصادية التي تقرر الدولة (الدول) المعنية أنها:,1.0,0.8686868686868687,0.9873664379119872,0.8391959798994975,4,4,4,2,1,1,success
2002/s/res/1452_2002_/8:1,en_ar_TRANSFORMERS,TIER1_CLEAN_A,Total Omission,الأخرى,[OMITTED],exact,1 - يقرر أن أحكام الفقرة 4 (ب) من القرار 1267 (1999) والفقرتين 1 و 2 (أ) من القرار 1390 (2002) لا تنطبق على الأموال والأصول المالية أو الموارد الاقتصادية الأخرى التي تقرر الدولة (الدول) المعنية أنها:,1 - يقرر ألا تسري أحكام الفقرة 4 (ب) من القرار 1267 (1999) والفقرتين 1 و 2 (أ) من القرار 1390 (2002) على الأموال وغيرها من الأصول المالية أو الموارد الاقتصادية التي تقرر الدولة (الدول) المعنية أنها:,1.0,0.8686868686868687,0.9873664379119872,0.8391959798994975,4,4,4,2,1,1,success
2002/s/res/1452_2002_/8:1,en_ar_TRANSFORMERS,TIER1_CLEAN_A,Total Omission,الأخرى,[OMITTED],exact,1 - يقرر أن أحكام الفقرة 4 (ب) من القرار 1267 (1999) والفقرتين 1 و 2 (أ) من القرار 1390 (2002) لا تنطبق على الأموال والأصول المالية أو الموارد الاقتصادية الأخرى التي تقرر الدولة (الدول) المعنية أنها:,1 - يقرر ألا تسري أحكام الفقرة 4 (ب) من القرار 1267 (1999) والفقرتين 1 و 2 (أ) من القرار 1390 (2002) على الأموال وغيرها من الأصول المالية أو الموارد الاقتصادية التي تقرر الدولة (الدول) المعنية أنها:,1.0,0.8686868686868687,0.9873664379119872,0.8391959798994975,4,4,4,2,1,1,success
2003/s/2003/69/11:1,en_ar_DEEP,TIER1_CLEAN_A,Total Omission,تابع,[OMITTED],both_ال_ة,2 - المجموعة الثانية: تحركت المجموعة المكونة من أربعة مفتشين من فندق القناة في بغداد في الساعة 40/8 ووصلت في الساعة 05/9 إلى كلية الهندسة الأولى التابعة لجامعة بغداد.,2 - المجموعة الثانية المكونة من أربعة مفتشين تحركت من فندق القناة ببغداد في الساعة 40/08 ووصلت إلى موقع كلية الهندسة الأولى بجامعة بغداد في بغداد.,1.0,0.6728395061728395,0.9394253492355348,0.6807228915662651,5,5,4,2,1,1,success
2003/s/2003/720/69:1,en_ar_GOOGLE,TIER1_CLEAN_A,Total Omission,خاص,[OMITTED],both_ال_ة,- الاتفاقية الخاصة بالجرائم وبعض الأفعال الأخرى المرتكبة على متن الطائرت، 1963,- الاتفاقية المتعلقة بالجرائم وبعض الأفعال الأخرى المرتكبة على متن الطائرات، 1963,1.0,0.925925925925926,0.9681010246276855,0.925925925925926,5,5,5,1,1,1,success
2003/s/2003/729/110:1,en_ar_DEEP,TIER1_CLEAN_A,Total Omission,خاص,[OMITTED],both_ال_ة,1-1 اتفاقية طوكيو لعام 1963 الخاصة بالجرائم وبعض الأعمال الأخرى المرتكبة على متن الطائرات؛,1.1 اتفاقية طوكيو لعام 1963 بشأن الجرائم وبعض الأفعال الأخرى المرتكبة على متن الطائرات؛,1.0,0.9080459770114944,0.9813650846481324,0.8888888888888888,5,5,5,1,1,1,success
2003/s/2003/77/163:1,en_ar_DEEP,TIER1_CLEAN_A,Total Omission,حالة,[OMITTED],prefix_ال,الحالة في كوت ديفوار,الوضع في كوت ديفوار,1.0,0.8421052631578947,0.978996992111206,0.8,5,5,5,1,1,1,success
2003/s/2003/77/24:1,en_ar_DEEP,TIER1_CLEAN_A,Total Omission,حالة,[OMITTED],prefix_ال,الحالة في أفريقيا وآسيا وأوروبا,الوضع في أفريقيا وآسيا وأوروبا,1.0,0.9,0.9865700006484984,0.8709677419354839,5,5,5,1,1,1,success
2003/s/2003/90/170:3,en_ar_DEEP,TIER1_CLEAN_A,Total Omission,أخرى,[OMITTED],exact,"وتنشر صحف يومية أخرى من قبيل ``فراتيرنيتي ماتان"" و ``نوتر فوا'' القريبتين من حزب الجبهة الشعبية الإيفوارية لغة خطاب قومية تحرض على الحرب الشاملة.","وتنشر الصحف اليومية مثل ""فراتيرنيتيه ماتان"" و""نوتر فوا"" القريبة من حزب الجبهة الشعبية الإيفوارية رسائل قومية وتحريض على الحرب الشاملة.",1.0,0.7801418439716312,0.924113631248474,0.7586206896551724,5,5,4,3,1,1,success
2003/s/2003/90/21:1,en_ar_DEEP,TIER1_CLEAN_A,Total Omission,حالة,[OMITTED],prefix_ال,جيم - لمحة عن الحالة الإنسانية في ياموسوكرو,لقطة من الوضع الإنساني في ياموسوكرو,1.0,0.6666666666666667,0.8825314044952393,0.6744186046511628,5,5,4,2,1,1,success
2003/s/2003/90/55:2,en_ar_DEEP,TIER1_CLEAN_A,Total Omission,تابع,[OMITTED],both_ال_ة,والتقى أعضاء البعثة بزعماء الحركة الوطنية لكوت ديفوار في بواكيه ومع منظمات قيادية لحقوق الإنسان، والمجتمع المدني ومنظمات السلام، وكبار المسؤولين الدينيين، مسيحيين ومسلمين، والفرقة القطرية التابعة للأمم المتحدة، وأعضاء السلك الدبلوماسي والأفراد العسكريين.,واجتمع الفريق بقادة الحركة الوطنية لكوت ديفوار في بواكي، وكذلك مع منظمات حقوق الإنسان الرائدة، ومنظمات المجتمع المدني والسلام، وكبار مسؤولي الكنيسة، والمسيحيين والمسلمين، وفريق الأمم المتحدة القطري، وأعضاء السلك الدبلوماسي والأفراد العسكريين.,1.0,0.656,0.9450753927230836,0.6496062992125984,5,5,4,3,1,1,success
2003/s/2003/90/83:1,en_ar_DEEP,TIER1_CLEAN_A,Hypernym for Hyponym,جماعات,مجموعات,exact,26 - وفي كانون الأول/ديسمبر، أدى ظهور جماعات متمردة جديدة غرب البلد إلى نزوح السكان من جديد نحو حدود ليبريا وغينيا.,26- وفي كانون الأول/ديسمبر، أدى ظهور مجموعات متمردة جديدة في غرب البلاد إلى المزيد من عمليات نزوح السكان نحو الحدود مع ليبيريا وغينيا.,1.0,0.7322834645669292,0.9706960916519164,0.7313432835820896,5,5,5,2,1,1,success
2003/s/2003/92/22:4,en_ar_DEEP,TIER1_CLEAN_A,Register Mismatch,زهاء,حوالي,exact,واستغرقت المهمة زهاء ثلاث ساعات وربع.,واستغرقت المهمة حوالي 3 ساعات و15 دقيقة.,1.0,0.6571428571428571,0.8857485055923462,0.6,5,5,5,2,1,1,success
2003/s/2003/946/19:9,en_ar_DEEPL,TIER1_CLEAN_A,Total Omission,أخرى,[OMITTED],exact,وتوجد توقعات أخرى في استراتيجية الإنجاز المرفقة.,ويرد المزيد من التوقعات في استراتيجية الإنجاز المرفقة.,1.0,0.7222222222222222,0.9108206033706664,0.6481481481481481,5,5,5,2,1,1,success
2003/s/2003/946/19:9,en_ar_DEEPL,TIER1_CLEAN_A,Total Omission,أخرى,[OMITTED],exact,وتوجد توقعات أخرى في استراتيجية الإنجاز المرفقة.,ويرد المزيد من التوقعات في استراتيجية الإنجاز المرفقة.,1.0,0.7222222222222222,0.9108206033706664,0.6481481481481481,5,5,5,2,1,1,success
2003/s/2003/946/206:2,en_ar_DEEP,TIER1_CLEAN_A,Total Omission,تابع,[OMITTED],suffix_ة,وبناء على الأساس نفسه المذكور أعلاه، ستنتج خمسة أقسام تابعة للدوائر الابتدائية 675 يوم محاكمة (أو 375 3 ساعة، انظر أعلاه) سنويا.,وعلى نفس الأساس المذكور أعلاه، ستنتج أقسام الدوائر الابتدائية الخمسة 675 يوم محاكمة (أو 375 3 ساعة، انظر أعلاه) سنويا.,1.0,0.782258064516129,0.981981098651886,0.765625,5,5,4,2,1,1,success
2003/s/ac_37/2003/_1455_/81/143:1,en_ar_DEEP,TIER1_CLEAN_A,Total Omission,تابع,[OMITTED],both_ال_ة,تم توزيع القائمة على المكاتب الإقليمية التابعة للمعهد الوطني لشؤون الهجرة.,وقد تم توزيع القائمة على المكاتب الإقليمية للمعهد الوطني للهجرة.,1.0,0.8,0.9763392210006714,0.7567567567567568,5,5,5,1,1,1,success
2003/s/agenda/4787/4:1,en_ar_DEEP,TIER1_CLEAN_A,Total Omission,حالة,[OMITTED],prefix_ال,2 - الحالة بين إريتريا وإثيوبيا,2. الوضع بين إريتريا وإثيوبيا,1.0,0.8275862068965517,0.984041690826416,0.8064516129032258,5,5,5,1,1,1,success
2003/s/agenda/4865/4:1,en_ar_DEEP,TIER1_CLEAN_A,Total Omission,حالة,[OMITTED],prefix_ال,2 - الحالة في منطقة البحيرات الكبرى,2. الوضع في منطقة البحيرات الكبرى,1.0,0.8484848484848485,0.9697842001914978,0.8285714285714285,5,5,5,1,1,1,success
2003/s/pv_4770/137:1,en_ar_DEEP,TIER1_CLEAN_A,Total Omission,خاص,[OMITTED],both_و_ة,وفي الوقت نفسه، يعتقد وفدي أن الممثلين المنتخبين للأقليات العرقية في الجمعية، وخاصة ممثلي الصرب، سيحققون نتائج أفضل وفوائد أكبر لناخبيهم لو انتهجوا نهجا قائما على المزيد من المشاركة، بدلا من الانسحاب من الجمعية كلما واجهوا موقفا صعبا.,وفي الوقت نفسه، يرى وفدي أن الممثلين المنتخبين للأقليات العرقية في الجمعية، ولا سيما الممثلين الصرب، سيحققون نتائج أفضل وفوائد أكبر لناخبيهم إذا اعتمدوا موقفا أكثر تشاركية، بدلا من الانسحاب من الجمعية العامة. المجلس التشريعي عندما يواجهون موقفا صعبا.,1.0,0.708,0.9663466811180116,0.712,5,5,3,4,1,1,success
2003/s/pv_4770/162:1,en_ar_DEEPL,TIER1_CLEAN_A,Total Omission,حالة,[OMITTED],prefix_ال,ومع ذلك، يلاحظ وفد بلدي مع الأسف أن الحالة الأمنية لا تزال تثير القلق.,ومع ذلك، يلاحظ وفدي مع الأسف أن الوضع الأمني لا يزال مصدر قلق.,1.0,0.7878787878787878,0.9860022664070128,0.7857142857142857,5,5,5,2,1,1,success
2003/s/res/1456_2003_/28:1,en_ar_DEEPL,TIER1_CLEAN_A,Total Omission,الأخرى,[OMITTED],exact,8 - ينبغي للمنظمات الإقليمية ودون الإقليمية أن تعمل مع لجنة مكافحة الإرهاب والمنظمات الدولية الأخرى من أجل تسهيل تبادل أفضل الممارسات في مجال مكافحة الإرهاب، وأن تساعد أعضاءها على الوفاء بالتزامهم بمكافحة الإرهاب؛,8. ينبغي للمنظمات الإقليمية ودون الإقليمية أن تعمل مع لجنة مكافحة الإرهاب وغيرها من المنظمات الدولية لتيسير تبادل أفضل الممارسات في مجال مكافحة الإرهاب، ومساعدة أعضائها على الوفاء بالتزاماتهم في مكافحة الإرهاب;,1.0,0.8428571428571429,0.9907408356666564,0.8169014084507042,5,5,4,2,1,1,success
2003/s/res/1456_2003_/28:1,en_ar_DEEPL,TIER1_CLEAN_A,Total Omission,الأخرى,[OMITTED],exact,8 - ينبغي للمنظمات الإقليمية ودون الإقليمية أن تعمل مع لجنة مكافحة الإرهاب والمنظمات الدولية الأخرى من أجل تسهيل تبادل أفضل الممارسات في مجال مكافحة الإرهاب، وأن تساعد أعضاءها على الوفاء بالتزامهم بمكافحة الإرهاب؛,8. ينبغي للمنظمات الإقليمية ودون الإقليمية أن تعمل مع لجنة مكافحة الإرهاب وغيرها من المنظمات الدولية لتيسير تبادل أفضل الممارسات في مجال مكافحة الإرهاب، ومساعدة أعضائها على الوفاء بالتزاماتهم في مكافحة الإرهاب;,1.0,0.8428571428571429,0.9907408356666564,0.8169014084507042,5,5,4,2,1,1,success
2003/s/res/1456_2003_/28:1,en_ar_DEEPL,TIER1_CLEAN_A,Total Omission,الأخرى,[OMITTED],exact,8 - ينبغي للمنظمات الإقليمية ودون الإقليمية أن تعمل مع لجنة مكافحة الإرهاب والمنظمات الدولية الأخرى من أجل تسهيل تبادل أفضل الممارسات في مجال مكافحة الإرهاب، وأن تساعد أعضاءها على الوفاء بالتزامهم بمكافحة الإرهاب؛,8. ينبغي للمنظمات الإقليمية ودون الإقليمية أن تعمل مع لجنة مكافحة الإرهاب وغيرها من المنظمات الدولية لتيسير تبادل أفضل الممارسات في مجال مكافحة الإرهاب، ومساعدة أعضائها على الوفاء بالتزاماتهم في مكافحة الإرهاب;,1.0,0.8428571428571429,0.9907408356666564,0.8169014084507042,5,5,4,2,1,1,success
2004/s/2004/20/51:1,en_ar_DEEP,TIER1_CLEAN_A,Total Omission,حالة,[OMITTED],prefix_ال,18 - الحالة في الأراضي العربية المحتلة.,18. الوضع في الأراضي العربية المحتلة.,1.0,0.8648648648648649,0.9754863977432252,0.8461538461538461,5,5,5,1,1,1,success
2004/s/2004/228/123:1,en_ar_DEEP,TIER1_CLEAN_A,Total Omission,بعثة,[OMITTED],exact,زاي - مدة بعثة المتابعة,ز- مدة مهمة المتابعة,1.0,0.65,0.797128438949585,0.7391304347826086,5,5,4,1,1,1,success
2004/s/2004/384/97:3,en_ar_DEEP,TIER1_CLEAN_A,Hypernym for Hyponym,جماعات,مجموعات,prefix_وال,وهذا جانب هام حيث أنه يزيد بدرجة كبيرة من مستوى الإحباط لدى السكان المستهدفين، بمن فيهم مؤيدو أحزاب المعارضة والجماعات المحلية أو من يُعتقد أنهم من مؤيديها، وكراهيتهم للشرطة وقوات الأمن.,وهذا جانب مهم لأنه أدى إلى زيادة كبيرة في مستوى الإحباط والكراهية من جانب السكان المستهدفين، بما في ذلك مؤيدو أحزاب المعارضة والمجموعات المجتمعية أو من يتصور أنهم مؤيدون لها، تجاه الشرطة وقوات الأمن.,1.0,0.671875,0.956611156463623,0.6733668341708543,5,5,4,2,1,1,success
2004/s/2004/614/10:1,en_ar_DEEP,TIER1_CLEAN_A,Total Omission,حالة,[OMITTED],prefix_ال,فيما يتعلق بأفريقيا، تناول المجلس الحالة الخطرة على الحدود بين رواندا وجمهورية الكونغو الديمقراطية، واستعرض المأزق السياسي المتواصل الذي توجد فيه المفاوضات بين إثيوبيا وإريتريا، وأجرى تقييما لتنفيذ حظر الأسلحة المفروض على الصومال، وعزَّز الجهود المبذولة لتنشيط العملية السياسية المتعطلة في كوت ديفوار.,وفيما يتعلق بأفريقيا، تناول المجلس الوضع الخطير على الحدود بين رواندا وجمهورية الكونغو الديمقراطية، واستعرض المأزق السياسي المستمر بين إثيوبيا وإريتريا، وقيم تنفيذ حظر الأسلحة المفروض على الصومال، وعزز الجهود الرامية إلى إحياء العملية السياسية المتوقفة في كوت ديفوار.,1.0,0.8013468013468014,0.972764253616333,0.8006644518272426,5,5,4,3,1,1,success
2004/s/2004/614/133:2,en_ar_DEEP,TIER1_CLEAN_A,Total Omission,حالة,[OMITTED],exact,وكرر أعضاء المجلس الإعراب عن تأييدهم لجهود المبعوث الخاص لإشراك الطرفين في العمل من أجل التغلب على حالة الجمود الحالية في عملية السلام. وقد دعوا كلا الطرفين إلى استكشاف طرق لتمكين عملية ترسيم الحدود من المضي قدما.,وكرر أعضاء المجلس دعمهم للجهود التي يبذلها المبعوث الخاص لإشراك الطرفين بهدف التغلب على الجمود الحالي في عملية السلام. ودعوا الطرفين إلى استكشاف السبل الكفيلة بدفع عملية ترسيم الحدود إلى الأمام.,1.0,0.6602870813397129,0.967135727405548,0.647887323943662,5,5,5,2,1,1,success
2004/s/2004/614/35:1,en_ar_DEEP,TIER1_CLEAN_A,Total Omission,تابع,[OMITTED],suffix_ة,وفي بيان رئاسي (S/PRST/2004/15) معتمد في 14 أيار/مايو، أعرب المجلس عن بالغ القلق فيما يتعلق بالتقارير التي تفيد بأن عناصر تابعة للجيش الرواندي شنّت غارة داخل إقليم جمهورية الكونغو الديمقراطية، والتقارير بشأن زيادة النشاط العسكري الذي تقوم به القوات الديمقراطية لتحرير رواندا في الجزء الشرقي من جمهورية الكونغو الديمقراطية، والغارات التي تشنها تلك القوات في إقليم رواندا.,وفي بيان رئاسي (S/PRST/2004/15) اعتمد في 14 أيار/مايو، أعرب المجلس عن قلقه البالغ إزاء التقارير التي تفيد بقيام عناصر من الجيش الرواندي بتوغل في جمهورية الكونغو الديمقراطية، والتقارير التي تفيد بتزايد النشاط العسكري لعناصر من الجيش الرواندي. القوات الديمقراطية لتحرير رواندا في الجزء الشرقي من جمهورية الكونغو الديمقراطية والتوغلات التي تقوم بها داخل أراضي رواندا.,1.0,0.7322404371584699,0.9566435813903807,0.727027027027027,5,5,4,3,1,1,success
2004/s/2004/614/89:1,en_ar_DEEP,TIER1_CLEAN_A,Total Omission,بموجب,[OMITTED],exact,في 25 أيار/مايو، قدم رئيس اللجنة المنشأة عملا بالقرار 1267 (1999) بشأن تنظيم القاعدة وحركة الطالبان، السفير هيرالدو مونيوز، شيلي، التقرير الشفوي الأول إلى المجلس عن فترة 120 يوما، على النحو المطلوب بموجب الفقرة 12 من القرار 1526 (2004) بخصوص أعمال اللجنة وفريقها المعني بالدعم التحليلي ورصد الجزاءات.,وفي 25 أيار/مايو، قدم رئيس اللجنة المنشأة عملاً بالقرار 1267 (1999) بشأن تنظيم القاعدة وحركة طالبان، السفير هيرالدو مونوز من تشيلي، أول تقرير شفوي مدته 120 يوماً إلى المجلس، وفقاً لما تقتضيه الفقرة 12 من القرار 1526 (2004)، بشأن عمل اللجنة وفريق الدعم التحليلي ورصد العقوبات التابع لها.,1.0,0.7050847457627119,0.9509515762329102,0.7066666666666667,1,5,4,2,1,1,success
2004/s/2004/789/291:2,en_ar_DEEP,TIER1_CLEAN_A,Total Omission,تابع,[OMITTED],both_ال_ة,ومن المتوقع أن تصدر شهادات المراجعة عن مؤسسات مراجعة الحسابات التابعة للدول الأعضاء.,ومن المتوقع أن يتم تقديم شهادات مراجعة الحسابات من قبل مؤسسات مراجعة الحسابات في الدول الأعضاء.,1.0,0.7157894736842105,0.9565242528915404,0.6736842105263158,5,5,5,2,1,1,success
2004/s/2004/84/1398:1,en_ar_DEEP,TIER1_CLEAN_A,Total Omission,خاص,[OMITTED],both_ال_ة,1 - كافـة الوثائق الخاصة بمعاييـر العمل العربية والدولية.,1. التوثيق الكامل لمعايير العمل العربية والدولية.,1.0,0.6851851851851851,0.8716977834701538,0.7192982456140351,5,5,4,1,1,1,success
2004/s/2004/862/40:1,en_ar_DEEP,TIER1_CLEAN_A,Total Omission,بقوة,[OMITTED],exact,21 - وما زالت هنالك عدة مواضيع مطروحة بإلحاح على الصعيد الوطني، كما عبر عن ذلك بقوة العديد من أصحاب المصلحة الوطنيين في المؤتمر.,21 - ولا تزال هناك مواضيع عديدة قائمة على المستوى الوطني، كما أوضح ذلك بوضوح العديد من أصحاب المصلحة الوطنيين في المؤتمر.,1.0,0.717741935483871,0.9634184837341307,0.7421875,1,5,4,2,1,1,success
2004/s/2004/955/141:2,en_ar_DEEPL,TIER1_CLEAN_A,Total Omission,خاص,[OMITTED],both_و_ة,"ولم يحدد فريق الخبراء أي رحلات جوية تابعة لشركة ""كاتكس"" ضمن الرحلات الجوية المتجهة إلى غينيا، وخاصة إلى كوناكري.",كما لم يحدد الفريق أي رحلات جوية لكاتكس من بين الرحلات الجوية المتجهة إلى غينيا، ولا سيما إلى كوناكري.,1.0,0.6605504587155964,0.9424246549606324,0.6785714285714286,5,5,5,2,1,1,success
2004/s/2004/955/141:2,en_ar_DEEPL,TIER1_CLEAN_A,Total Omission,خاص,[OMITTED],both_و_ة,"ولم يحدد فريق الخبراء أي رحلات جوية تابعة لشركة ""كاتكس"" ضمن الرحلات الجوية المتجهة إلى غينيا، وخاصة إلى كوناكري.",كما لم يحدد الفريق أي رحلات جوية لكاتكس من بين الرحلات الجوية المتجهة إلى غينيا، ولا سيما إلى كوناكري.,1.0,0.6605504587155964,0.9424246549606324,0.6785714285714286,5,5,5,2,1,1,success
2004/s/ac_37/2004/_1455_/41/21:1,en_ar_DEEP,TIER1_CLEAN_A,Total Omission,أخرى,[OMITTED],exact,ليس لدى غيانا أسماء أخرى تود تقديمها إلى اللجنة.,ليس لدى غيانا أسماء إضافية تود تقديمها إلى اللجنة.,1.0,0.88,0.9677815437316896,0.88,5,5,5,1,1,1,success
2004/s/agenda/4924/4:1,en_ar_DEEP,TIER1_CLEAN_A,Total Omission,حالة,[OMITTED],prefix_ال,2 - الحالة بين إريتريا وإثيوبيا,2. الوضع بين إريتريا وإثيوبيا,1.0,0.8275862068965517,0.984041690826416,0.8064516129032258,5,5,5,1,1,1,success
2004/s/agenda/4998/4:1,en_ar_DEEP,TIER1_CLEAN_A,Total Omission,حالة,[OMITTED],prefix_ال,2 - الحالة في الشرق الأوسط,2. الوضع في الشرق الأوسط,1.0,0.7916666666666666,0.9726656675338744,0.7692307692307692,5,5,5,1,1,1,success
2004/s/agenda/5037/4:1,en_ar_DEEP,TIER1_CLEAN_A,Total Omission,حالة,[OMITTED],prefix_ال,2 - الحالة في سيراليون,2. الوضع في سيراليون,1.0,0.75,0.9644758701324464,0.7272727272727273,5,5,5,1,1,1,success
2004/s/prst/2004/3/16:2,en_ar_DEEP,TIER1_CLEAN_A,Terminology Substitution,يؤكد المجلس,يكرر المجلس,seq_prefix_و,ويؤكد المجلس من جديد أن وضع برنامج شامل لبناء السلام مع التركيز بوجه خاص على نزع السلاح وتسريح المقاتلين وتأهيلهم وإدماجهم أمر ستكون له أهميته في مرحلة ما بعد انتهاء الصراع في الصومال، كما نص على ذلك بيان رئيسه المؤرخ 28 آذار/مارس 2002 (S/PRST/2002/8).,ويكرر المجلس أن وضع برنامج شامل لبناء السلام مع التركيز بشكل خاص على نزع السلاح والتسريح والتأهيل وإعادة الإدماج سيكون مهما للصومال بعد انتهاء الصراع على النحو المنصوص عليه في بيان رئيسه المؤرخ 28 آذار/مارس 2002 (S/PRST/2002/8). .,1.0,0.7053941908713692,0.9478988647460938,0.7063492063492063,5,5,4,3,1,1,success
2004/s/prst/2004/37/6:2,en_ar_DEEP,TIER1_CLEAN_A,Total Omission,خاص,[OMITTED],both_ال_ة,وستشمل هذه التدابير مزيدا من العمل من أجل زيادة قدرات اللجنة، بما في ذلك من خلال رفع مستوى التعاون مع لجنة الجزاءات الخاصة بحركة طالبان/تنظيم القاعدة المنشأة عملا بالقرار 1267 (1999) واللجنة المنشأة عملا بالقرار 1540 (2004).,وستشمل هذه التدابير مواصلة العمل لزيادة قدرة اللجنة، بما في ذلك من خلال تعزيز التعاون مع لجنة الجزاءات المفروضة على تنظيم القاعدة وحركة الطالبان المنشأة عملا بالقرار 1267 (1999) واللجنة المنشأة عملا بالقرار 1540 (2004).,1.0,0.7782805429864253,0.9457861185073853,0.7678571428571428,5,5,4,2,1,1,success
2004/s/prst/2004/39/10:1,en_ar_DEEP,TIER1_CLEAN_A,Total Omission,أخرى,[OMITTED],exact,ويعرب مجلس الأمن مرة أخرى عن دعمه الكامل للقوة المتعددة الجنسيات التابعة للجماعة الاقتصادية والنقدية لوسط أفريقيا، ويدعو إلى مواصلة إعادة تشكيل قوات الدفاع والأمن بجمهورية أفريقيا الوسطى.,"""ويكرر مجلس الأمن دعمه الكامل للقوة المتعددة الجنسيات التابعة للجماعة الاقتصادية والنقدية لوسط أفريقيا، ويدعو إلى مواصلة إعادة هيكلة قوات الدفاع والأمن في جمهورية أفريقيا الوسطى.",1.0,0.9016393442622952,0.9693038463592528,0.8823529411764706,5,5,5,2,1,1,success
2004/s/prst/2004/46/5:1,en_ar_DEEP,TIER1_CLEAN_A,Total Omission,حالة,[OMITTED],exact,"""ويكرر مجلس الأمن دعوته إلى جميع أطراف أي صراع مسلح، بما فيها الأطراف من غير الدول، إلى الامتثال التام لأحكام ميثاق الأمم المتحدة وقواعد ومبادئ القانون الدولي، ولا سيما القانون الإنساني الدولي وقانون حقوق الإنسان واللاجئين، في حالة انطباقه، وتنفيذ قرارات مجلس الأمن ذات الصلة تنفيذا تاما.","""ويكرر مجلس الأمن دعوته جميع أطراف النزاع المسلح، بما في ذلك الأطراف من غير الدول، إلى الامتثال الكامل لأحكام ميثاق الأمم المتحدة ولقواعد ومبادئ القانون الدولي، ولا سيما القانون الإنساني الدولي، حسب الاقتضاء، قانون حقوق الإنسان وقانون اللاجئين، والتنفيذ الكامل لقرارات مجلس الأمن ذات الصلة.",1.0,0.7620689655172413,0.9787317514419556,0.7551724137931035,5,5,4,3,1,1,success
2004/s/pv_5024/165:1,en_ar_DEEP,TIER1_CLEAN_A,Total Omission,حالة,[OMITTED],prefix_ال,وعلى الرغم أيضا من أن الحالة الأمنية عموما ما زال يسودها الهدوء والسلام منذ أن تولت تيمور - ليشتي رسميا كامل المسؤولية عن الأمن في 20 أيار/مايو، فإن أعمال التهريب والاتجار غير المشروع والعبور غير المشروع للحدود ينبغي أن ينظر إليها على أنها مدعاة للقلق، وكذلك التوترات المتعلقة بالمظاهرات التي حدثت في ديلي في تموز/يوليه الماضي.,كذلك، وعلى الرغم من أن الوضع الأمني ​​العام ظل هادئا وسلميا منذ تولي تيمور - ليشتي رسميا المسؤولية الكاملة عن الأمن في 20 أيار/مايو، فإن التهريب والتجارة غير المشروعة وعبور الحدود ينبغي أن ينظر إليها على أنها مدعاة للقلق، وكذلك التوترات المتعلقة بمكافحة الإرهاب. المظاهرات التي شهدتها ديلي في يوليو الماضي.,1.0,0.6749226006191951,0.9705815315246582,0.6758409785932722,5,5,4,3,1,1,success
2004/s/pv_5024/265:3,en_ar_DEEPL,TIER1_CLEAN_A,Adjective to Noun,المستمرة,استمرار,exact,ومن الواضح أن المساعدة الدولية المستمرة مطلوبة، وكما أشار الأمين العام في تقريره، فإن،,"ومن الواضح أن استمرار المساعدة الدولية مطلوب، وكما أشار الأمين العام في تقريره,",1.0,0.8846153846153846,0.9805281162261964,0.7325581395348837,5,5,5,1,1,1,success
2004/s/pv_5025/265:2,en_ar_DEEPL,TIER1_CLEAN_A,Total Omission,حالة,[OMITTED],prefix_ال,وفي ذلك الصدد، نشعر بعميق القلق بشأن الحالة الأمنية في أفغانستان، التي تدهورت منذ العام الماضي نتيجة للأنشطة القمعية للعناصر المتبقية من الطالبان والقاعدة ومنازعات فيما بين أمراء الحرب وتجارة المخدرات.,وفي هذا الصدد، نشعر بقلق كبير إزاء الوضع الأمني في أفغانستان، الذي تدهور منذ العام الماضي نتيجة للأنشطة التخريبية لبقايا عناصر طالبان والقاعدة والاشتباكات بين أمراء الحرب وتجارة المخدرات.,1.0,0.7309644670050761,0.9489244222640992,0.7313432835820896,5,5,5,2,1,1,success
2004/s/pv_5025/320:2,en_ar_DEEPL,TIER1_CLEAN_A,Total Omission,خاص,[OMITTED],both_و_ة,وبصفتنا بعثة الأمم المتحدة لتقديم الدعم إلى أفغانستان، سنكون غير مسؤولين إذا لم نناشد المجتمع الدولي وحكومة باكستان وحكومة أفغانستان وقواتها الوطنية إنهاء تلك الحالة، وخاصة على الحدود الجنوبية.,وبصفتنا بعثة الأمم المتحدة لتقديم المساعدة إلى أفغانستان، سنكون غير مسؤولين إذا لم نناشد المجتمع الدولي وحكومة باكستان وحكومة أفغانستان وقواتها الوطنية وضع حد لهذا الوضع، لا سيما على الحدود الجنوبية.,1.0,0.8693467336683417,0.9913192391395568,0.8693467336683417,5,5,5,2,1,1,success
2004/s/pv_5025/60:1,en_ar_DEEPL,TIER1_CLEAN_A,Hypernym for Hyponym,جماعات,مجموعات,prefix_ال,ونحن واثقون بأن هذه الجماعات لن تتمكن من تقويض العملية الانتخابية على المستوى الوطني.,نحن على ثقة تامة بأن هذه المجموعات لن تتمكن من تقويض العملية الانتخابية على المستوى الوطني.,1.0,0.8690476190476191,0.9801122546195984,0.8571428571428572,4,4,5,2,1,1,success
2004/s/pv_5049/117:1,en_ar_DEEP,TIER1_CLEAN_A,Total Omission,حالة,[OMITTED],prefix_ال,وفي الحالة الراهنة، وهي حالة صعبة للغاية، ندعو الإسرائيليين والفلسطينيين على حد سواء لمنع تصعيد الصراع والبدء في تنفيذ التزاماتهما بموجب خارطة الطريق، بغية إنعاش احتمالات السلام.,وفي الوضع الحالي، وهو أمر صعب للغاية، ندعو كلا من الإسرائيليين والفلسطينيين إلى منع تصعيد الصراع والبدء في تنفيذ التزاماتهم بموجب خريطة الطريق، من أجل إحياء آفاق السلام.,1.0,0.7183908045977012,0.9756332635879515,0.7191011235955056,1,5,5,2,1,1,success
2004/s/pv_5049/272:3,en_ar_DEEP,TIER1_CLEAN_A,Progressive to Perfective,التي ترتكب,المرتكبة,exact_seq,وفي الوقت نفسه، تدين كوبا الهجمات الانتحارية بالقنابل وغيرها من الأعمال ضد المدنيين الإسرائيليين، فهم ضحايا أبرياء لدورة العنف التي تحركها سياسة حكومتهم. ونرفض أيضاً استخدام هذه الأعمال المتفرقة للتشكيك في ممارسة الشعب الفلسطيني المشروعة للدفاع عن النفس، وتبرير الأنشطة، التي ترتكب على نطاق واسع أو بشكل انتقائي، ضد السكان الفلسطينيين.,وفي الوقت نفسه، تدين كوبا الهجمات الانتحارية بالقنابل وغيرها من الأعمال المرتكبة ضد المدنيين الإسرائيليين، الذين هم ضحايا أبرياء لدوامة العنف التي أثارتها سياسة حكومتهم. كما نعترض على استغلال هذه الأعمال المعزولة للتشكيك في الممارسة المشروعة للشعب الفلسطيني للدفاع عن النفس وتبرير الأنشطة، سواء كانت واسعة النطاق أو انتقائية، ضد السكان الفلسطينيين.,1.0,0.788235294117647,0.9785202145576476,0.75,4,3,4,3,1,1,success
2004/s/res/1526_2004_/22:1,en_ar_DEEP,TIER1_CLEAN_A,Total Omission,الأخرى,[OMITTED],exact,7 - يطلب إلى الأمين العام أن يعين، وفقا لقواعد وإجراءات الأمم المتحدة، وبمجرد اتخاذ هذا القرار وبعد التشاور مع اللجنة، ما لا يزيد عن ثمانية أشخاص، بمن فيهم منسق فريق الرصد، يستوفون مؤهلا أو أكثر من المؤهلات في مجالات الخبرة التالية المتصلة بأنشطة تنظيم القاعدة و/أو حركة الطالبان بما فيها: تشريعات مكافحة الإرهاب والتشريعات الأخرى ذات الصلة؛ تمويل الإرهاب والمعاملات المالية الدولية بما فيها الخبرات الفنية المصرفية، الأنظمة البديلة لتحويل الأموال، والتبرعات الخيرية واستخدام ناقلي الطرود؛ وتعزيز الحدود بما فيها أمن الموانئ، وحظر الأسلحة وضوابط التصدير؛ والاتجار بالمخدرات؛,7 - يطلب إلى الأمين العام، بعد اتخاذ هذا القرار وبالتشاور الوثيق مع اللجنة، أن يعين، بما يتفق مع قواعد وإجراءات الأمم المتحدة، ما لا يزيد عن ثمانية أعضاء، بما في ذلك منسق، لفريق الرصد، الذين يثبتون وجودهم. واحد أو أكثر من مجالات الخبرة التالية المتعلقة بأنشطة تنظيم القاعدة و/أو حركة طالبان، بما في ذلك: مكافحة الإرهاب والتشريعات ذات الصلة؛ وتمويل الإرهاب والمعاملات المالية الدولية، بما في ذلك الخبرة المصرفية الفنية؛ وأنظمة التحويلات البديلة، والجمعيات الخيرية، واستخدام السعاة؛ إنفاذ القانون على الحدود، بما في ذلك أمن الموانئ؛ وحظر الأسلحة وضوابط التصدير؛ والاتجار بالمخدرات؛,1.0,0.6701208981001727,0.971200466156006,0.6597582037996546,5,5,4,3,1,1,success
2004/s/res/1526_2004_/22:1,en_ar_DEEP,TIER1_CLEAN_A,Total Omission,الأخرى,[OMITTED],exact,7 - يطلب إلى الأمين العام أن يعين، وفقا لقواعد وإجراءات الأمم المتحدة، وبمجرد اتخاذ هذا القرار وبعد التشاور مع اللجنة، ما لا يزيد عن ثمانية أشخاص، بمن فيهم منسق فريق الرصد، يستوفون مؤهلا أو أكثر من المؤهلات في مجالات الخبرة التالية المتصلة بأنشطة تنظيم القاعدة و/أو حركة الطالبان بما فيها: تشريعات مكافحة الإرهاب والتشريعات الأخرى ذات الصلة؛ تمويل الإرهاب والمعاملات المالية الدولية بما فيها الخبرات الفنية المصرفية، الأنظمة البديلة لتحويل الأموال، والتبرعات الخيرية واستخدام ناقلي الطرود؛ وتعزيز الحدود بما فيها أمن الموانئ، وحظر الأسلحة وضوابط التصدير؛ والاتجار بالمخدرات؛,7 - يطلب إلى الأمين العام، بعد اتخاذ هذا القرار وبالتشاور الوثيق مع اللجنة، أن يعين، بما يتفق مع قواعد وإجراءات الأمم المتحدة، ما لا يزيد عن ثمانية أعضاء، بما في ذلك منسق، لفريق الرصد، الذين يثبتون وجودهم. واحد أو أكثر من مجالات الخبرة التالية المتعلقة بأنشطة تنظيم القاعدة و/أو حركة طالبان، بما في ذلك: مكافحة الإرهاب والتشريعات ذات الصلة؛ وتمويل الإرهاب والمعاملات المالية الدولية، بما في ذلك الخبرة المصرفية الفنية؛ وأنظمة التحويلات البديلة، والجمعيات الخيرية، واستخدام السعاة؛ إنفاذ القانون على الحدود، بما في ذلك أمن الموانئ؛ وحظر الأسلحة وضوابط التصدير؛ والاتجار بالمخدرات؛,1.0,0.6701208981001727,0.971200466156006,0.6597582037996546,5,5,4,3,1,1,success
2004/s/res/1526_2004_/8:1,en_ar_GOOGLE,TIER1_CLEAN_A,Total Omission,الأخرى,[OMITTED],exact,وإذ يكرر إدانته لشبكة القاعدة والجماعات الإرهابية الأخرى المتصلة بها لما ترتكبه من أعمال إرهابية إجرامية متواصلة ومتعددة تهدف إلى قتل المدنيين الأبرياء وغيرهم من الضحايا وتدمير الممتلكات وتقويض الاستقرار بصورة بالغة،,وإذ يكرر إدانته لشبكة القاعدة وغيرها من الجماعات الإرهابية المرتبطة بها لارتكابها أعمالا إرهابية إجرامية مستمرة ومتعددة تهدف إلى التسبب في مقتل مدنيين أبرياء وغيرهم من الضحايا وتدمير الممتلكات وتقويض الاستقرار إلى حد كبير،,1.0,0.7702702702702703,0.9848147630691528,0.7477477477477478,1,5,4,2,1,1,success
2004/s/res/1526_2004_/8:1,en_ar_GOOGLE,TIER1_CLEAN_A,Total Omission,الأخرى,[OMITTED],exact,وإذ يكرر إدانته لشبكة القاعدة والجماعات الإرهابية الأخرى المتصلة بها لما ترتكبه من أعمال إرهابية إجرامية متواصلة ومتعددة تهدف إلى قتل المدنيين الأبرياء وغيرهم من الضحايا وتدمير الممتلكات وتقويض الاستقرار بصورة بالغة،,وإذ يكرر إدانته لشبكة القاعدة وغيرها من الجماعات الإرهابية المرتبطة بها لارتكابها أعمالا إرهابية إجرامية مستمرة ومتعددة تهدف إلى التسبب في مقتل مدنيين أبرياء وغيرهم من الضحايا وتدمير الممتلكات وتقويض الاستقرار إلى حد كبير،,1.0,0.7702702702702703,0.9848147630691528,0.7477477477477478,1,5,4,2,1,1,success
2004/s/res/1526_2004_/8:1,en_ar_GOOGLE,TIER1_CLEAN_A,Total Omission,الأخرى,[OMITTED],exact,وإذ يكرر إدانته لشبكة القاعدة والجماعات الإرهابية الأخرى المتصلة بها لما ترتكبه من أعمال إرهابية إجرامية متواصلة ومتعددة تهدف إلى قتل المدنيين الأبرياء وغيرهم من الضحايا وتدمير الممتلكات وتقويض الاستقرار بصورة بالغة،,وإذ يكرر إدانته لشبكة القاعدة وغيرها من الجماعات الإرهابية المرتبطة بها لارتكابها أعمالا إرهابية إجرامية مستمرة ومتعددة تهدف إلى التسبب في مقتل مدنيين أبرياء وغيرهم من الضحايا وتدمير الممتلكات وتقويض الاستقرار إلى حد كبير،,1.0,0.7702702702702703,0.9848147630691528,0.7477477477477478,1,5,4,2,1,1,success
2004/s/res/1535_2004_/18:1,en_ar_DEEP,TIER1_CLEAN_A,Total Omission,تابع,[OMITTED],suffix_ة,وإذ يأخذ في اعتباره الطابع الخاص للقرار 1373 (2001)، واستمرار الأخطار التي تهدد السلم والأمن الدوليين بسبب الإرهاب، والدور الهام الذي يجب على الأمم المتحدة ومجلس الأمن أن يواصلا القيام به في الكفاح العالمي ضد الإرهاب، وضرورة تعزيز اللجنة بصفتها هيئة تابعة لمجلس الأمن مسؤولة في هذا المجال، بدون أن يشكـِّـل ذلك سابقـة تأخـذ بها هيئـات مجلس الأمن الأخـرى،,ومع الأخذ في الاعتبار الطبيعة الخاصة للقرار 1373 (2001)، والتهديدات المستمرة التي يتعرض لها السلام والأمن بسبب الإرهاب، والدور الهام الذي يجب أن تستمر الأمم المتحدة ومجلس الأمن في الاضطلاع به في الحرب العالمية ضد الإرهاب، والحاجة إلى تعزيز الأمن والسلم الدوليين. اللجنة باعتبارها الهيئة الفرعية لمجلس الأمن المسؤولة في هذا المجال، ودون أن يشكل سابقة بالنسبة لهيئات مجلس الأمن الأخرى،,1.0,0.6579634464751958,0.9715019464492798,0.6605744125326372,5,5,4,3,1,1,success
2004/s/res/1540_2004_/13:1,en_ar_DEEP,TIER1_CLEAN_A,Register Mismatch,ترمي إلى,تهدف إلى,exact_seq,وإذ يؤكد تأييده للمعاهدات المتعددة الأطراف التي ترمي إلى استئصال أو منع انتشار الأسلحة النووية أو الكيميائية أو البيولوجية، وأهمية قيام جميع الدول الأطراف في هذه المعاهدات بتنفيذها على نحو كامل من أجل تعزيز الاستقرار الدولي،,وإذ يؤكد دعمه للمعاهدات المتعددة الأطراف التي تهدف إلى القضاء على الأسلحة النووية أو الكيميائية أو البيولوجية أو منع انتشارها، وأهمية قيام جميع الدول الأطراف في هذه المعاهدات بتنفيذها بالكامل من أجل تعزيز الاستقرار الدولي،,1.0,0.787037037037037,0.9938846230506896,0.78125,5,5,5,2,1,1,success
2004/s/res/1540_2004_/26:1,en_ar_DEEP,TIER1_CLEAN_A,Total Omission,تابع,[OMITTED],suffix_ة,2 - يقرر أيضا أن تقوم جميع الدول، وفقا لإجراءاتها الوطنية، باعتماد وإنفاذ قوانين فعالة مناسبة تحظر على أي جهة غير تابعة لدولة صنع الأسلحة النووية أو الكيميائية أو البيولوجية ووسائل إيصالها، أو احتيازها أو امتلاكها أو تطويرها أو نقلها أو تحويلها أو استعمالها، لا سيما في الأغراض الإرهابية، كما تحظر محاولات الانخراط في أي من الأنشطة الآنفة الذكر أو الضلوع كشريك فيها أو المساعدة على القيام بها أو تمويلها؛,2 - يقرر أيضا أن تقوم جميع الدول، وفقا لإجراءاتها الوطنية، باعتماد وإنفاذ قوانين فعالة مناسبة تحظر على أي جهة من غير الدول صنع أسلحة نووية أو كيميائية أو بيولوجية أو احتيازها أو امتلاكها أو تطويرها أو نقلها أو تحويلها أو استخدامها. وسائل إيصالها، ولا سيما لأغراض إرهابية، وكذلك محاولة الانخراط في أي من الأنشطة المذكورة أعلاه، أو المشاركة فيها كشريك، أو مساعدتها أو تمويلها؛,1.0,0.7424999999999999,0.9834324717521667,0.7376237623762376,5,5,4,3,1,1,success
2004/s/res/1540_2004_/27:1,en_ar_DEEP,TIER1_CLEAN_A,Register Mismatch,ملائم,مناسب,suffix_ة,3 - يقرر أيضا أن تقوم جميع الدول باتخاذ وإنفاذ تدابير فعالة لوضع ضوابط محلية ترمي إلى منع انتشار الأسلحة النووية أو الكيميائية أو البيولوجية ووسائل إيصالها، بما في ذلك عن طريق وضع ضوابط ملائمة على ما يتصل بذلك من مواد، وأن تقوم من أجل تحقيق هذه الغاية بما يلي:,3 - يقرر أيضا أن تتخذ جميع الدول وتنفذ تدابير فعالة لوضع ضوابط محلية لمنع انتشار الأسلحة النووية أو الكيميائية أو البيولوجية ووسائل إيصالها، بما في ذلك عن طريق وضع ضوابط مناسبة على المواد ذات الصلة، وتحقيقا لهذه الغاية، يجب عليها:,1.0,0.7725490196078432,0.9899017214775084,0.7653846153846153,5,5,5,2,1,1,success
2004/s/res/1566_2004_/17:1,en_ar_TRANSFORMERS,TIER1_CLEAN_A,Progressive to Perfective,التي ترتكب,المرتكبة,exact_seq,3 - يذكِّر بأن الأعمال الإجرامية، بما في ذلك تلك التي ترتكب ضد المدنيين بقصد القتل أو إلحاق إصابات جسمانية خطيرة، أو أخذ الرهائن، بغرض إشاعة حالة من الرعب بين عامة الجمهور أو جماعة من الأشخاص أو أشخاص معينين، أو لتخويف جماعة من السكان، أو إرغام حكومة أو منظمة دولية على القيام بعمل ما أو عدم القيام به، والتي تشكِّل جرائم في نطاق الاتفاقيات والبروتوكولات الدولية ذات الصلة بالإرهاب ووفقا للتعريف الوارد فيها، لا يمكن تحت أي ظرف من الظروف تبريرها بأي اعتبارات ذات طابع سياسي أو فلسفي أو عقائدي أو عنصري أو عرقي أو ديني أو أي طابع آخر من هذا القبيل، ويهيب بجميع الدول أن تمنع هذه الأعمال، وأن تكفل، في حالة عدم منعها، المعاقبة عليها بعقوبات تتمشى مع ما لها من طابع خطير؛,3 - تشير إلى أن الأعمال الإجرامية، بما في ذلك الأعمال المرتكبة ضد المدنيين، بقصد القتل أو إلحاق إصابات بدنية جسيمة أو أخذ الرهائن، بغرض إشاعة حالة من الرعب لدى عامة الجمهور أو مجموعة من الأشخاص أو أشخاص معينين، أو تخويف السكان أو إرغام حكومة أو منظمة دولية على القيام بأي عمل أو الامتناع عن القيام به، يشكل جرائم تدخل في نطاق الاتفاقيات والبروتوكولات الدولية المتعلقة بالإرهاب وتعرفها في تلك الاتفاقيات والبروتوكولات، لا تبررها بأي حال من الأحوال اعتبارات ذات طابع سياسي أو فلسفي أو عقائدي أو عنصري أو إثني أو ديني أو أي طابع مماثل آخر، وتهيب بجميع الدول أن تمنع هذه الأعمال، وأن تكفل، إن لم تمنع، المعاقبة على هذه الأعمال بعقوبات تتفق مع طبيعتها الخطيرة؛,1.0,0.7218844984802432,0.9818181991577148,0.721556886227545,5,5,4,3,1,1,success
2004/s/res/1566_2004_/8:1,en_ar_DEEP,TIER1_CLEAN_A,Terminology Substitution,يهيب,يدعو,exact,"وإذ يهيب بالدول أن تتعاون على نحو تام مع لجنة مكافحة الإرهاب المنشأة عملا بالقرار 1373 (2001)، بما في ذلــك الإدارة التنفيذية للجنـــة مكافحة الإرهاب التي أنشئت في الآونة الأخيرة، و ""لجنة الجزاءات المتعلقة بتنظيم القاعدة وحركة الطالبان"" المنشأة عملا بالقرار 1267 (1999) وفريق الدعم التحليلي ورصد الجزاءات التابع لها، واللجنة المنشأة عملا بالقرار 1540 (2004)، وإذ يهيب كذلك بهذه الهيئات أن تعزز التعاون فيما بينها،","وإذ يهيب بالدول أن تتعاون تعاونا كاملا مع لجنة مكافحة الإرهاب المنشأة عملا بالقرار 1373 (2001)، بما في ذلك المديرية التنفيذية للجنة مكافحة الإرهاب المنشأة مؤخرا، و""لجنة الجزاءات المفروضة على تنظيم القاعدة وحركة الطالبان"" المنشأة عملا إلى القرار 1267 (1999) وفريق الدعم التحليلي ورصد الجزاءات التابع له، واللجنة المنشأة عملا بالقرار 1540 (2004)، وإذ يدعو كذلك هذه الهيئات إلى تعزيز التعاون فيما بينها،",1.0,0.843520782396088,0.9883972406387328,0.8571428571428572,5,5,5,2,1,1,success
2005/s/2005/15/add_23/32:1,en_ar_DEEP,TIER1_CLEAN_A,Total Omission,حالة,[OMITTED],prefix_ال,"الحالة في الشرق الأوسط (انظرS/7913, S/7923, S/7976, S/8000, S/8048, S/8066, S/8215, S/8242, S/8252, S/8269, S/8502, S/8525, S/8534, S/8564, S/8575, S/8584, S/8595, S/8747, S/8753, S/8807, S/8815, S/8828, S/8836, S/8885, S/8896, S/8960, S/9123, S/9135, S/9319, S/9382, S/9395, S/9406, S/9427 and Corr.1, S/9449, S/9452, S/9805, S/9812, S/9930, S/10327, S/10341, S/10554, S/10557, S/10703, S/10721, S/10729, S/10743, S/10770/Add.4, S/10855/Add.15, 16, 23, 24, 29, 30, 33, 41, 43 and 44; S/11185/Add.14-16, 21, 42/Rev.1 and 47; S/11593/Add.15, 21, 29, 42 and 49; S/11935/Add.21, 42 and 48; S/12269/Add.12, 13, 21, 42 and 48; S/12520/Add.10, 11, 17, 21, 37, 39, 42, 47 and 48; S/13033/Add.2, 16, 19, 21, 23, 34, 47 and 50; S/13737/Add.15, 16, 21, 24-26, 33, 47 and 50; S/14326/Add.10, 11, 20, 24, 28, 29, 47 and 50; S/14840/Add.8, 21-25, 27, 30-33, 37, 42 and 48; S/15560/Add.3, 21, 29, 37, 42, 45, 47 and 48; S/16270/Add.6-8, 15, 20, 21, 34, 35, 40 and 47; S/16880/Add.8-10, 15, 20, 21, 41 and 46; S/17725/Add.2, 15, 21, 28, 35, 38, 43 and 47; S/18570/Add.2, 21, 30 and 47; S/19420/Add.2-4, 18, 19, 22 and Corr.1, 30, 48 and 50; S/20370/Add.4, 12, 16, 21, 30, 32, 37, 44, 46, 47 and 51; S/21100/Add.4, 21, 30 and 47; S/22110/Add.4, 21, 30 and 47; S/23370/Add.4, 7, 21, 30 and 47; S/25070/Add.4, 21, 30 and 48; S/1994/20/Add.3, 20, 29 and 47; S/1995/40/Add.4, 21, 29 and 47; S/1996/15/Add.4, 15, 21, 30 and 47; S/1997/40/Add.4, 21, 30 and 46; S/1998/44/Add.4, 21, 30 and 47; S/1999/25/Add.3, 20, 29 and 46; S/2000/40/Add.4, 15, 20, 21, 24, 29 and 47; S/2001/15/Add.5, 22, 31 and 48; S/2002/30/Add.4, 21, 30 and 50; S/2003/40/Add.4, 25, 30 and 51; S/2004/20/Add.4, 26, 30, 35, 42 and 50; and S/2005/15/Add.3, 6, 13, 16 and 17 and 22; ؛ انظر أيضا S/2000/40/Add.39, 44, 46, 47 and 50; S/2001/15/Add.11-13, 34, 47 and 50; S/2002/30/Add.3, 7, 8, 10, 12-15, 17, 20, 23, 24, 28, 29, 37, 38, 45 and 50; S/2003/40/Add.2, 3, 6, 11, 15, 20, 23, 25, 28, 29, 33, 37, 40-42, 46 and 49; S/2004/20/Add.2, 3, 7, 11, 12, 16, 20, 25, 28, 29, 32, 37, 40, 42, 46, 49 and 50; and S/2005/15/Add.1, 3, 6, 7, 9, 11, 15 and 19)",الوضع في الشرق الأوسط (انظر S/7913، S/7923، S/7976، S/8000، S/8048، S/8066، S/8215، S/8242، S/8252، S/8269، S/8502، S/8525، S/8534، S/8564، S/8575، S/8584، S/8595، S/8747، S/8753، S/8807، S/8815، S/8828، S/8836، S/8885، S/8896، S/8960، S/9123، S/9135، S/9319، S/9382، S/9395، S/9406، S/9427 و Corr.1، S/9449، S/9452، S/9805، S/9812، S/9930، S/10327، S/10341، S/10554، S/10557، S/10703، S/10721، S/10729، S/10743، S/10770/Add.4، S/10855/Add.15، 16، 23، 24، 29، 30، 33، 41، 43 و44؛ S/11185/Add.14-16، 21، 42/Rev.1 و47؛ S/11593/Add.15، 21، 29، 42 و49؛ S/11935/Add.21، 42 و44؛ 48؛ S/12269/Add.12، 13، 21، 42 و48؛ S/12520/Add.10، 11، 17، 21، 37، 39، 42، 47 و48؛ S/13033/Add.2، 16، 19، 21، 23، 34، 47 و50؛ S/13737/Add.15، 16، 21، 24-26، 33، 47 و50؛ S/14326/Add.10، 11، 20، 24، 28، 29، 47 و50؛ S/14840/Add.8، 21-25، 27، 30-33، 37، 42 و48؛ S/15560/Add.3، 21، 29، 37، 42، 45، 47 و48؛ S/16270/Add.6-8، 15، 20، 21، 34، 35، 40 و47؛ S/16880/Add.8-10، 15، 20، 21، 41 و46؛ S/17725/Add.2، 15، 21، 28، 35، 38، 43 و47؛ S/18570/Add.2، 21، 30 و47؛ S/19420/Add.2-4، 18، 19، 22 وCorr.1، 30، 48 و50؛ S/20370/Add.4، 12، 16، 21، 30، 32، 37، 44، 46، 47 و51؛ S/21100/Add.4، 21، 30 و47؛ S/22110/Add.4، 21، 30 و47؛ S/23370/Add.4، 7، 21، 30 و47؛ S/25070/Add.4، 21، 30 و48؛ S/1994/20/Add.3، 20، 29 و47؛ S/1995/40/Add.4، 21، 29 و47؛ S/1996/15/Add.4، 15، 21، 30 و47؛ S/1997/40/Add.4، 21، 30 و46؛ S/1998/44/Add.4، 21، 30 و47؛ S/1999/25/Add.3، 20، 29 و46؛ S/2000/40/Add.4، 15، 20، 21، 24، 29 و47؛ S/2001/15/Add.5، 22، 31 و48؛ S/2002/30/Add.4، 21، 30 و50؛ S/2003/40/Add.4، 25، 30 و51؛ S/2004/20/Add.4، 26، 30، 35، 42 و50؛ وS/2005/15/Add.3، 6، 13، 16، 17 و22؛ وانظر أيضاً S/2000/40/Add.39، 44، 46، 47 و50؛ وS/2001/15/Add.11-13، 34، 47 و50؛ وS/2002/30/Add.3، 7، 8، 10، 12-15، 17، 20، 23، 24، 28، 29، 37، 38، 45 و50؛ وS/2003/40/Add.2، 3، 6، 11، 15، 20، 23، 25، 28، 29، 33، 37، 40-42، 46 و49؛ (S/2004/20/Add.2، 3، 7، 11، 12، 16، 20، 25، 28، 29، 32، 37، 40، 42، 46، 49 و50؛ وS/2005/15/Add.1، 3، 6، 7، 9، 11، 15 و19),1.0,0.7864309603440038,0.9763818383216858,0.7863614687649022,1,5,4,2,1,1,success
2005/s/2005/30/272:1,en_ar_DEEP,TIER1_CLEAN_A,Total Omission,تابع,[OMITTED],both_ال_ة,164 - وتمركز حلفاء قوات تحرير رواندا التابعة لناكاباكا في مواقع على امتداد سهل روزيزي وفوق الهضاب إلى الغرب، ولا سيما في مناطق سان جي، ولفونيجي وليميرا.,164 - وتحصنت القوات الديمقراطية لتحرير رواندا، حلفاء العقيد ناكاباكا، في مواقع على طول سهل روزيزي وعلى قمم التلال في الغرب، ولا سيما في مناطق سانجي وليفونجي وليميرا.,1.0,0.6848484848484848,0.93049818277359,0.6848484848484848,5,5,4,3,1,1,success
2005/s/2005/572/200:3,en_ar_DEEP,TIER1_CLEAN_A,Hypernym for Hyponym,جماعات,مجموعات,exact,وعلاوة على ذلك، قُدمت معلومات رسمية، أثناء زيارة الفريق إلى السودان، بشأن قيام جماعات مرتبطة بتنظيم القاعدة بتهريب أسلحة عبر إريتريا إلى عناصر التنظيم في المملكة العربية السعودية.,وعلاوة على ذلك، خلال زيارة الفريق إلى السودان، قُدمت معلومات رسمية عن مجموعات مرتبطة بتنظيم القاعدة تقوم بتهريب الأسلحة عبر إريتريا إلى عناصر تنظيم القاعدة في المملكة العربية السعودية.,1.0,0.6610169491525424,0.9761530756950378,0.6630434782608696,5,5,5,2,1,1,success
2005/s/2005/572/254:1,en_ar_DEEP,TIER1_CLEAN_A,Total Omission,تابع,[OMITTED],exact,156 - تابع الفريق تعزيز وتشجيع تبادل الآراء مع الخبراء الذين تم تعيينهم لمساعدة لجنة مكافحة الإرهاب والمديرية التنفيذية للجنة مكافحة الإرهاب الناشئة، وشارك في ثلاثة اجتماعات للجنة مكافحة الإرهاب حيث تم تقديم ثلاثة عروض بشأن المجالات ذات الصلة بعمل الفريق().,156 - واصل الفريق تعزيز وتشجيع التبادل مع الخبراء المعينين لمساعدة لجنة مكافحة الإرهاب والمديرية التنفيذية الناشئة للجنة مكافحة الإرهاب، وشارك في ثلاثة اجتماعات للجنة قدمت فيها عروض بشأن المجالات ذات الصلة بعمل اللجنة. عمل الفريق.,1.0,0.6758893280632411,0.9785710573196412,0.6848249027237354,5,5,4,2,1,1,success
2005/s/2005/572/291:4,en_ar_DEEP,TIER1_CLEAN_A,Hypernym for Hyponym,مستقل,منفصل,prefix_ال,ثم سعى ممثلو الادعاء الهولندي إلى فرض حظر على المؤسسة وحلها وتسليم أية أرصدة ائتمانية في حساب المنظمة المصرفي إلى الدولة ولكن المحكمة قررت أن الحكومة لم تثبت أن فرع مؤسسة الحرمين في هولندا، المستقل والمنفصل عن المنظمة الدولية، قد قام بدعم الإرهاب، وذكر ممثلو الادعاء الهولندي أنهم سوف يطعنون في حكم المحكمة، وسوف يسعون للحصول على معلومات إضافية عن مؤسسة الحرمين وعن السيد العاقل من الولايات المتحدة.,سعى المدعون العامون الهولنديون بعد ذلك إلى حظر المؤسسة وحلها والإفراج عن أي رصيد دائن في الحساب المصرفي للمنظمة إلى الدولة، لكن المحكمة قضت بأن الحكومة لم تثبت أن فرع مؤسسة الحرمين في هولندا، منفصل ومنفصل عن المنظمة الدولية، كان يدعم الإرهاب. وقال ممثلو الادعاء الهولنديون إنهم يعتزمون استئناف حكم المحكمة، وكذلك الحصول على مزيد من المعلومات حول مؤسسة الحرمين والعقيل من الولايات المتحدة.,1.0,0.6675126903553299,0.954782485961914,0.6641604010025063,5,5,4,2,1,1,success
2005/s/2005/572/375:2,en_ar_TRANSFORMERS,TIER1_CLEAN_A,Total Omission,خاص,[OMITTED],exact,وقد أوضح خبراء الوكالــة الدولية للطاقة الذريــة للفريق بأن من احتمال حصول الإرهابيين بصورة غير مشروعة على جهاز عسكري أكثر بكثير احتمال قيامهم بصنع جهاز خاص بهم بطريقة مرتجلة.,وأوضح خبراء الوكالة الدولية للطاقة الذرية للفريق أن احتمال حصول الإرهابيين بصورة غير مشروعة على جهاز عسكري أكبر بكثير من احتمال بناء جهازهم المرتجل.,1.0,0.7906976744186046,0.91709166765213,0.7771428571428571,5,5,4,2,1,1,success
2005/s/2005/6/42:1,en_ar_DEEP,TIER1_CLEAN_A,Total Omission,حالة,[OMITTED],prefix_لل,وتضمَّنت الإحاطة وصفا قاتما للحالة في المنطقة التي اتسمت بمزيد من أعمال العنف والإرهاب.,وتضمن التقرير وصفا قاتما للوضع في المنطقة، الذي اتسم بمزيد من أعمال العنف والإرهاب.,1.0,0.8313253012048193,0.9632292985916138,0.8275862068965517,5,5,4,3,1,1,success
2005/s/2005/60/120:3,en_ar_DEEP,TIER1_CLEAN_A,Total Omission,بموجب,[OMITTED],exact,ويعتبر هذا التفسير مبررا بموجب المبادئ الأساسية للقانون الجنائي الدولي، التي تنص على قيام المسؤولية الجنائية الفردية حال ارتكاب شخص ما بنفسه جريمة ما، وكذلك حال مشاركة الشخص في أية صور أو أشكال أخرى من السلوك الإجرامي.,وهذا التفسير تبرره المبادئ الأساسية للقانون الجنائي الدولي، التي تنص على أن المسؤولية الجنائية الفردية تنشأ عندما يرتكب شخص ما جريمة مادية، وكذلك عندما ينخرط في أشكال أو طرائق أخرى من السلوك الإجرامي.,1.0,0.7323943661971831,0.9433459639549256,0.7155963302752293,5,5,4,3,1,1,success
2005/s/2005/60/134:4,en_ar_DEEPL,TIER1_CLEAN_A,Total Omission,تابع,[OMITTED],prefix_ال,وعلاوة على ذلك، زار الفريق المعني بغرب دارفور مخيمات اللاجئين الموجودة في تشاد، كما زار الفريق المعني بجنوب دارفور المعتقل التابع للأمن الوطني في نيالا.,وبالإضافة إلى ذلك، زار فريق غرب دارفور مخيمات اللاجئين في تشاد وزار فريق جنوب دارفور مركز احتجاز الأمن الوطني في نيالا.,1.0,0.6554054054054055,0.9712086915969848,0.6644736842105263,5,5,5,2,1,1,success
2005/s/2005/60/237:1,en_ar_DEEP,TIER1_CLEAN_A,Hypernym for Hyponym,جماعات,مجموعات,exact,"107 - وتندرج تحت الفئة الثانية مليشيات ذات أبنية تنظيمية شبه عسكرية تتوازي مع القوات النظامية، ومن ضمنها جماعات تعرف باسم ""القوة الضاربة"" والمجاهدين والفرسان.","107 - وتشمل الفئة الثانية الميليشيات التي يتم تنظيمها في هياكل شبه عسكرية وبالتوازي مع القوات النظامية، بما في ذلك المجموعات المعروفة باسم ""القوة الضاربة"" أو المجاهدين أو الفرسان (الفرسان).",1.0,0.6593406593406593,0.9484738111495972,0.6613756613756614,5,5,4,2,1,1,success
2005/s/2005/60/254:1,en_ar_DEEP,TIER1_CLEAN_A,Register Mismatch,الصراع القائم,الصراع الحالي,exact_seq,"121 - ""الجنجويد"" الذين يشير إليهم معظم الضحايا في الصراع القائم هم مليشيات عربية تغير على قرى هؤلاء الضحايا ممتطين الخيول أو الجمال، يقتلون وينهبون ويحرقون ويغتصبون.",121- إن الجنجويد الذين يشير إليهم معظم الضحايا في الصراع الحالي هم الميليشيات العربية التي تداهم قرى هؤلاء الضحايا على ظهور الخيل أو الجمال، وتقتل وتنهب وتحرق وتغتصب.,1.0,0.7320261437908497,0.9369763731956482,0.7349397590361446,4,3,4,2,1,1,success
2005/s/2005/60/254:1,en_ar_TRANSFORMERS,TIER1_CLEAN_A,Register Mismatch,الصراع القائم,النزاع الحالي,exact_seq,"121 - ""الجنجويد"" الذين يشير إليهم معظم الضحايا في الصراع القائم هم مليشيات عربية تغير على قرى هؤلاء الضحايا ممتطين الخيول أو الجمال، يقتلون وينهبون ويحرقون ويغتصبون.",121 - والجنجويد الذين يشير إليهم معظم الضحايا في النزاع الحالي هم مليشيات عربية تهاجم قرى هؤلاء الضحايا، وتركب الخيول أو الجمال، وتقتل ونهب وحرق واغتصاب.,1.0,0.8092105263157895,0.9290946125984192,0.793939393939394,4,4,3,3,1,1,success
2005/s/2005/60/351:3,en_ar_DEEP,TIER1_CLEAN_A,Total Omission,وثمة,[OMITTED],exact,وثمة اتفاق عام على أن التصعيد يتزامن مع تكثيف حدة الصراع المسلح الداخلي بين الحكومة وحركتي التمرد: حركة تحرير السودان/جيش تحرير السودان، وحركة العدل والمساواة.,ومن المتفق عليه عموماً أن هذا التصعيد تزامن مع تصاعد الصراع المسلح الداخلي بين الحكومة وحركتي التمرد، حركة/جيش تحرير السودان وحركة العدل والمساواة.,1.0,0.7290322580645161,0.9196738004684448,0.7421383647798743,5,5,4,2,1,1,success
2005/s/2005/60/352:1,en_ar_DEEP,TIER1_CLEAN_A,Total Omission,وثمة,[OMITTED],exact,185 - وثمة نتيجة مشتركة مفادها أن الحكومة، في إطار ردها على التمرد، ارتكبت أفعالا ضد السكان المدنيين إما بصورة مباشرة أو من خلال مجموعات مسلحة تقوم مقامها بهذه المهمة، وهي أفعال تصل إلى حد انتهاكات جسيمة لحقوق الإنسان والقانون الإنساني.,185 - والاستنتاج المشترك هو أن الحكومة، في ردها على التمرد، ارتكبت أعمالا ضد السكان المدنيين، مباشرة أو من خلال الجماعات المسلحة بالوكالة، وهي أعمال ترقى إلى مستوى الانتهاكات الجسيمة لحقوق الإنسان والقانون الإنساني.,1.0,0.6939655172413793,0.969634473323822,0.7033898305084746,5,5,4,2,1,1,success
2005/s/2005/60/362:4,en_ar_DEEPL,TIER1_CLEAN_A,Total Omission,تابع,[OMITTED],both_ال_ة,ولمحت بعض التقارير، فيما أكد عدد قليل منها، أن أركان جريمة الإبادة الجماعية قائمة في أنماط وطبيعة الانتهاكات التي ارتكبتها الحكومة والمليشيات التابعة لها.,وقد ألمحت بعض التقارير، وبعضها الآخر قرر أن أركان جريمة الإبادة الجماعية موجودة في أنماط وطبيعة الانتهاكات التي ترتكبها الحكومة وميليشياتها.,1.0,0.7266666666666667,0.9540067315101624,0.7077922077922079,5,5,4,2,1,1,success
2005/s/2005/60/371:5,en_ar_DEEP,TIER1_CLEAN_A,Total Omission,حالة,[OMITTED],prefix_ال,والعامل الثالث يكمن في الوجود الضعيف للشرطة. والعامل الرابع يكمن في تدخل الجهات الأجنبية في الحالة في دارفور.,أما العامل الثالث فهو الحضور الضعيف للشرطة. أما العامل الرابع فهو تدخل الجهات الأجنبية في الوضع في دارفور.,1.0,0.7358490566037736,0.973941683769226,0.7339449541284404,5,5,5,2,1,1,success
2005/s/2005/60/378:3,en_ar_DEEP,TIER1_CLEAN_A,Total Omission,تابع,[OMITTED],suffix_ة,وقالت اللجنة إن الحكومة تحاول حماية السكان المدنيين وأنها لم تشن أي عمليات عسكرية ضد المدنيين وإنما ضد أهداف تابعة للمتمردين فقط.,وقالت اللجنة إن الحكومة تحاول حماية السكان المدنيين، وأنها لا تشن عمليات عسكرية ضد المدنيين وتستهدف المتمردين فقط.,1.0,0.856,0.9653717279434204,0.8372093023255813,5,5,5,2,1,1,success
2005/s/2005/60/397:1,en_ar_DEEP,TIER1_CLEAN_A,Total Omission,حالة,[OMITTED],prefix_ال,228 - وقبل المضي في عرض نتائج تقصي الحقائق الذي قامت به اللجنة، فضلا عن التقييم القانوني لهاتين الحقيقتين، يجدر تقديم بعض الحقائق عن كل من التشريد والدمار، بهدف إعطاء صورة واضحة عن حجم الحالة ونطاقها.,228 - قبل الشروع في عرض نتائج تقصي الحقائق الذي أجرته اللجنة وكذلك التقييم القانوني لهذه الحقائق، يجدر تقديم بعض الحقائق عن كل من التهجير والتدمير، وذلك لإعطاء صورة واضحة عن حجم التهجير والتدمير. وحجم الوضع .,1.0,0.7067307692307692,0.9167453050613404,0.7163461538461539,5,5,4,3,1,1,success
2005/s/2005/60/432:4,en_ar_DEEP,TIER1_CLEAN_A,Total Omission,تابع,[OMITTED],suffix_ة,وكانت الشــــاحنات تقل قــوات مسلحة تابعة للحكومة واستخدمت فيما بعد لنقل الممتلكات المنهوبة من القرية.,وكانت الشاحنات تحمل القوات المسلحة الحكومية، واستخدمت فيما بعد لنقل الممتلكات المنهوبة من القرية.,1.0,0.8367346938775511,0.9430508613586426,0.8137254901960784,5,5,5,2,1,1,success
2005/s/2005/60/435:6,en_ar_DEEP,TIER1_CLEAN_A,Total Omission,تابع,[OMITTED],both_ال_ة,وكان قصف المناطق المحيطة بالقرية يتم فيما يبدو بغرض تسهيل عملية نهب وتدمير القرية على أيدي الجنجويد والقوات المسلحة التابعة للحكومة العاملة على الأرض.,ويبدو أن قصف المناطق المحيطة بالقرية كان يهدف إلى تسهيل نهب القرية وتدميرها على يد الجنجويد والقوات المسلحة الحكومية الموجودة على الأرض.,1.0,0.6712328767123288,0.973286747932434,0.6533333333333333,5,5,5,2,1,1,success
2005/s/2005/60/457:3,en_ar_DEEP,TIER1_CLEAN_A,Register Mismatch,الإجراءات الاحتياطية,الاحتياطات,exact_seq,والإجراءات الاحتياطية التي من هذا القبيل مبينة في القانون الدولي العرفي، وهي كما يلي: ينبغي على المحارب (أ) عمل كل ما هو ممكن للتحقق من أن الأهداف التي ستهاجم ليست مدنية الطابع؛ (ب) اتخاذ جميع الإجراءات الاحتياطية الممكنة عند اختيار وسائل القتال وأساليبه لتفادي الإصابة العارضة للمدنيين أو للأهداف المدنية، أو على الأقل لتقليلها إلى أدنى حد ممكن؛ (ج) الامتناع عن شن هجمات قد يتوقع أن تتسبب في فقدان أرواح المدنيين بشكل عارض أو إصابتهم بشكل عارض أو إصابة أهداف مدنية بشكل عارض، بحيث يكون ذلك مفرطا بالنسبة للفائدة العسكرية المحددة المباشرة المتوقعة؛ (د) توجيه تحذير مسبق فعال بخصوص الهجمات التي قد تؤثر على السكان المدنيين، باستثناء ما يحدث في حالات الهجوم، على النحو المنصوص عليه في المادة 26 من أنظمة لاهاي لسنة 1907، أو على النحو المنصوص عليه في المادة 57 (2) (ج) ونصها 'ما لم تسمح الظروف بذلك` أي عندما يرى المحارب أن الهجوم المباغت لا غنى عنه.,وهذه الاحتياطات المنصوص عليها في القانون الدولي العرفي هي كما يلي: يجب على الطرف المحارب (أ) بذل كل ما في وسعه للتحقق من أن الأهداف التي سيتم مهاجمتها ليست ذات طابع مدني؛ (ب) اتخاذ جميع الاحتياطات الممكنة عند اختيار وسائل وأساليب القتال بهدف تجنب الإصابة العرضية بالمدنيين أو الأعيان المدنية أو على الأقل التقليل منها إلى أدنى حد؛ (ج) الامتناع عن شن هجمات قد يتوقع منها أن تسبب خسائر عرضية في أرواح المدنيين أو إصابات في صفوف المدنيين أو الأعيان المدنية تكون مفرطة مقارنة بالميزة العسكرية الملموسة والمباشرة المتوقعة؛ (د) إعطاء تحذير مسبق فعال بشأن الهجمات التي قد تؤثر على السكان المدنيين، باستثناء حالات الاعتداء (على النحو المنصوص عليه في المادة 26 من قواعد لاهاي لعام 1907) أو على النحو المنصوص عليه في المادة 57 (2) (ج)، ما لم تسمح الظروف بذلك - أي عندما يعتبر الطرف المحارب أن الهجوم المفاجئ لا غنى عنه.,1.0,0.694074969770254,0.9633666276931764,0.69185360094451,4,4,4,2,1,1,success
2005/s/2005/60/457:3,en_ar_DEEP,TIER1_CLEAN_A,Register Mismatch,الهجوم المباغت,الهجوم المفاجئ,exact_seq,والإجراءات الاحتياطية التي من هذا القبيل مبينة في القانون الدولي العرفي، وهي كما يلي: ينبغي على المحارب (أ) عمل كل ما هو ممكن للتحقق من أن الأهداف التي ستهاجم ليست مدنية الطابع؛ (ب) اتخاذ جميع الإجراءات الاحتياطية الممكنة عند اختيار وسائل القتال وأساليبه لتفادي الإصابة العارضة للمدنيين أو للأهداف المدنية، أو على الأقل لتقليلها إلى أدنى حد ممكن؛ (ج) الامتناع عن شن هجمات قد يتوقع أن تتسبب في فقدان أرواح المدنيين بشكل عارض أو إصابتهم بشكل عارض أو إصابة أهداف مدنية بشكل عارض، بحيث يكون ذلك مفرطا بالنسبة للفائدة العسكرية المحددة المباشرة المتوقعة؛ (د) توجيه تحذير مسبق فعال بخصوص الهجمات التي قد تؤثر على السكان المدنيين، باستثناء ما يحدث في حالات الهجوم، على النحو المنصوص عليه في المادة 26 من أنظمة لاهاي لسنة 1907، أو على النحو المنصوص عليه في المادة 57 (2) (ج) ونصها 'ما لم تسمح الظروف بذلك` أي عندما يرى المحارب أن الهجوم المباغت لا غنى عنه.,وهذه الاحتياطات المنصوص عليها في القانون الدولي العرفي هي كما يلي: يجب على الطرف المحارب (أ) بذل كل ما في وسعه للتحقق من أن الأهداف التي سيتم مهاجمتها ليست ذات طابع مدني؛ (ب) اتخاذ جميع الاحتياطات الممكنة عند اختيار وسائل وأساليب القتال بهدف تجنب الإصابة العرضية بالمدنيين أو الأعيان المدنية أو على الأقل التقليل منها إلى أدنى حد؛ (ج) الامتناع عن شن هجمات قد يتوقع منها أن تسبب خسائر عرضية في أرواح المدنيين أو إصابات في صفوف المدنيين أو الأعيان المدنية تكون مفرطة مقارنة بالميزة العسكرية الملموسة والمباشرة المتوقعة؛ (د) إعطاء تحذير مسبق فعال بشأن الهجمات التي قد تؤثر على السكان المدنيين، باستثناء حالات الاعتداء (على النحو المنصوص عليه في المادة 26 من قواعد لاهاي لعام 1907) أو على النحو المنصوص عليه في المادة 57 (2) (ج)، ما لم تسمح الظروف بذلك - أي عندما يعتبر الطرف المحارب أن الهجوم المفاجئ لا غنى عنه.,1.0,0.6902761104441777,0.9633666276931764,0.69185360094451,5,5,4,2,1,1,success
2005/s/2005/60/476:10,en_ar_DEEP,TIER1_CLEAN_A,Total Omission,حالة,[OMITTED],exact,وهذه حالة أخرى من حالات الهجوم المشترك المخطط والمنظم من قِبل القوات الحكومية والجنجويد، التي ارتكبت خلالها عمليات قتل جماعي وعمليات إعدام عاجلة.,وكان هذا مثالاً آخر على الهجوم المشترك المخطط والمنظم الذي شنته القوات الحكومية والجنجويد، والذي ارتكبت خلاله عمليات قتل جماعي وإعدامات بإجراءات موجزة.,1.0,0.7218543046357616,0.9388850927352904,0.7218543046357616,5,5,5,2,1,1,success
2005/s/2005/60/502:2,en_ar_DEEP,TIER1_CLEAN_A,Total Omission,الأخرى,[OMITTED],exact,"ففي قضية: زوران وكوبريشكتش وآخرون، تعرّف الدائرة الابتدائية بالمحكمة الجنائية الدولية ليوغوسلافيا السابقة الاضطهاد بوصفه ""الحرمان الجسيم أو الصارخ، لأسباب تمييزية، من أحد الحقوق الأساسية المقررة في القانون العرفي الدولي أو قانون المعاهدات، إلى حد يصل إلى نفس المستوى من الخطورة التي تتسم به الأعمال الأخرى المحظورة في المادة 5""().",في قضية زوران كوبريسكيتش وآخرين، عرّفت الدائرة الابتدائية للمحكمة الدولية ليوغوسلافيا السابقة الاضطهاد بأنه الحرمان الجسيم أو الصارخ، على أسس تمييزية، لحق أساسي منصوص عليه في القانون العرفي الدولي أو قانون المعاهدات، والذي يصل إلى نفس المستوى من الخطورة وغيرها من الأفعال المحظورة في المادة 5.,1.0,0.7716049382716049,0.944167137145996,0.7575757575757576,1,5,4,2,1,1,success
2005/s/2005/60/502:2,en_ar_DEEP,TIER1_CLEAN_A,Total Omission,الأخرى,[OMITTED],exact,"ففي قضية: زوران وكوبريشكتش وآخرون، تعرّف الدائرة الابتدائية بالمحكمة الجنائية الدولية ليوغوسلافيا السابقة الاضطهاد بوصفه ""الحرمان الجسيم أو الصارخ، لأسباب تمييزية، من أحد الحقوق الأساسية المقررة في القانون العرفي الدولي أو قانون المعاهدات، إلى حد يصل إلى نفس المستوى من الخطورة التي تتسم به الأعمال الأخرى المحظورة في المادة 5""().",في قضية زوران كوبريسكيتش وآخرين، عرّفت الدائرة الابتدائية للمحكمة الدولية ليوغوسلافيا السابقة الاضطهاد بأنه الحرمان الجسيم أو الصارخ، على أسس تمييزية، لحق أساسي منصوص عليه في القانون العرفي الدولي أو قانون المعاهدات، والذي يصل إلى نفس المستوى من الخطورة وغيرها من الأفعال المحظورة في المادة 5.,1.0,0.7716049382716049,0.944167137145996,0.7575757575757576,1,5,4,2,1,1,success
2005/s/2005/60/502:2,en_ar_DEEP,TIER1_CLEAN_A,Total Omission,الأخرى,[OMITTED],exact,"ففي قضية: زوران وكوبريشكتش وآخرون، تعرّف الدائرة الابتدائية بالمحكمة الجنائية الدولية ليوغوسلافيا السابقة الاضطهاد بوصفه ""الحرمان الجسيم أو الصارخ، لأسباب تمييزية، من أحد الحقوق الأساسية المقررة في القانون العرفي الدولي أو قانون المعاهدات، إلى حد يصل إلى نفس المستوى من الخطورة التي تتسم به الأعمال الأخرى المحظورة في المادة 5""().",في قضية زوران كوبريسكيتش وآخرين، عرّفت الدائرة الابتدائية للمحكمة الدولية ليوغوسلافيا السابقة الاضطهاد بأنه الحرمان الجسيم أو الصارخ، على أسس تمييزية، لحق أساسي منصوص عليه في القانون العرفي الدولي أو قانون المعاهدات، والذي يصل إلى نفس المستوى من الخطورة وغيرها من الأفعال المحظورة في المادة 5.,1.0,0.7716049382716049,0.944167137145996,0.7575757575757576,1,5,4,2,1,1,success
2005/s/2005/60/537:1,en_ar_DEEP,TIER1_CLEAN_A,Total Omission,تابع,[OMITTED],prefix_ال,324 - واطلعت اللجنة والفريق التابع لها على أدلة مسهبة على التشريد، وأجرت عددا كبيرا من المقابلات مع المشردين داخليا في دارفور واللاجئين في تشاد.,324) شهدت اللجنة وفريقها أدلة وافرة على النزوح وأجرت عدداً كبيراً من المقابلات مع النازحين داخلياً في دارفور واللاجئين في تشاد.,1.0,0.75,0.9648563861846924,0.7291666666666667,5,5,4,2,1,1,success
2005/s/2005/60/554:7,en_ar_DEEP,TIER1_CLEAN_A,Total Omission,أخرى,[OMITTED],exact,وأبلغ عن وقوع أعمال اغتصاب أخرى للنساء خلال الهجمات حول ميسكي وديسا وأم بارو شمال دارفور؛ وأزرني وكورنوي ونيرتيت وموكجار غرب دارفور.,ووردت أنباء عن وقوع المزيد من حالات اغتصاب النساء خلال الهجمات التي وقعت حول مسكي وديسة وأم بارو في شمال دارفور؛ وأزوني، وكورنوي، ونيرتتي، ومكجر في غرب دارفور.,1.0,0.7044025157232705,0.9400794506072998,0.679245283018868,1,5,5,2,1,1,success
2005/s/2005/60/554:7,en_ar_DEEP,TIER1_CLEAN_A,Total Omission,أخرى,[OMITTED],exact,وأبلغ عن وقوع أعمال اغتصاب أخرى للنساء خلال الهجمات حول ميسكي وديسا وأم بارو شمال دارفور؛ وأزرني وكورنوي ونيرتيت وموكجار غرب دارفور.,ووردت أنباء عن وقوع المزيد من حالات اغتصاب النساء خلال الهجمات التي وقعت حول مسكي وديسة وأم بارو في شمال دارفور؛ وأزوني، وكورنوي، ونيرتتي، ومكجر في غرب دارفور.,1.0,0.7044025157232705,0.9400794506072998,0.679245283018868,1,5,5,2,1,1,success
2005/s/2005/60/566:5,en_ar_DEEP,TIER1_CLEAN_A,Total Omission,أخرى,[OMITTED],exact,وأُبلغ أيضا عن وقوع أعمال اختطاف أخرى للنساء في المنطقة المحيطة بالجنينة، غرب دارفور.,ووردت أنباء عن وقوع المزيد من عمليات اختطاف النساء في المنطقة المحيطة بالجنينة، غرب دارفور.,1.0,0.7472527472527473,0.9329131841659546,0.7032967032967032,5,5,5,2,1,1,success
2005/s/2005/60/566:5,en_ar_DEEP,TIER1_CLEAN_A,Total Omission,أخرى,[OMITTED],exact,وأُبلغ أيضا عن وقوع أعمال اختطاف أخرى للنساء في المنطقة المحيطة بالجنينة، غرب دارفور.,ووردت أنباء عن وقوع المزيد من عمليات اختطاف النساء في المنطقة المحيطة بالجنينة، غرب دارفور.,1.0,0.7472527472527473,0.9329131841659546,0.7032967032967032,5,5,5,2,1,1,success
2005/s/2005/60/632:3,en_ar_DEEP,TIER1_CLEAN_A,Total Omission,خاص,[OMITTED],suffix_ة,وفي عدد قليل جدا من الحالات، أفيد أيضا أن المتمردين ارتكبوا أعمال السلب أثناء هجوم على إحدى القرى، خاصة في غرب دارفور.,وفي حالات قليلة للغاية، أفيد أيضًا بأن المتمردين ارتكبوا أعمال نهب خلال هجوم على إحدى القرى، ولا سيما في غرب دارفور.,1.0,0.6982758620689655,0.9831780195236206,0.711864406779661,5,5,5,2,1,1,success
2005/s/2005/60/654:5,en_ar_DEEP,TIER1_CLEAN_A,Register Mismatch,في أعقاب,بعد,exact_seq,وفي إحدى الحالات، احتجز الجنجويد مدنيا في أعقاب هجوم على قريته، وأبقي في الأسر في معسكر الجنجويد، ثم نُقل فيما بعد إلى ثكنة عسكرية في المنطقة.,وفي إحدى الحالات، قبض الجنجويد على مدني بعد هجوم على قريته، واحتجزوه في معسكر للجنجويد ثم نقلوه بعد ذلك إلى معسكر للجيش في المنطقة.,1.0,0.6791044776119404,0.95640766620636,0.6549295774647887,5,5,5,2,1,1,success
2005/s/2005/60/677:1,en_ar_DEEPL,TIER1_CLEAN_A,Total Omission,خاص,[OMITTED],both_و_ة,420- ويقيّم الفرع الوارد أدناه فعالية التدابير التي اتخذتها حكومة السودان، وخاصة فيما يتعلق بالتحقيق في هذه الجرائم وتقديم مرتكبيها للعدالة.,420. يقيِّم الفرع أدناه فعالية التدابير التي اتخذتها حكومة السودان ولا سيما للتحقيق في الجرائم وتقديم مرتكبيها إلى العدالة.,1.0,0.7883211678832117,0.9805238246917723,0.7857142857142857,5,5,4,2,1,1,success
2005/s/2005/60/706:4,en_ar_DEEP,TIER1_CLEAN_A,Total Omission,وثمة,[OMITTED],exact,وأمام المحامي وقت محدد لاستجواب شهود الإثبات وشهود الدفاع، وثمة قيود على زيارة المتهم المحتجز لتيسير إعداد دفاعه.,ولا يتوفر للمحامي سوى وقت محدود لاستجواب شهود الادعاء واستجواب شهود الدفاع، كما توجد قيود على زيارة المتهم المحتجز لتسهيل إعداد دفاعه.,1.0,0.7238805970149254,0.909159541130066,0.7238805970149254,5,5,4,2,1,1,success
2005/s/2005/60/709:2,en_ar_DEEP,TIER1_CLEAN_A,Total Omission,بموجب,[OMITTED],suffix_ه,وستقدم الحكومة خدمة جليلة لنظامها القضائي إذا اتخذت خطوات لإلغاء المرسوم الذي أنشئت بموجبه المحاكم.,وستقدم الحكومة خدمة جليلة لنظامها القضائي إذا اتخذت خطوات لإلغاء المرسوم الذي أنشأ المحاكم.,1.0,0.9574468085106383,0.9974733591079712,0.9090909090909092,5,5,5,1,1,1,success
2005/s/2005/60/733:3,en_ar_DEEP,TIER1_CLEAN_A,Hypernym for Hyponym,جماعات,مجموعات,prefix_ال,وقد أدت أفعال بعض الجماعات العربية إلى الترحيل القسري لتلك الطوائف غير العربية.,وأدت تصرفات بعض المجموعات العربية إلى التهجير القسري لتلك المجموعات غير العربية.,1.0,0.7671232876712328,0.9647315740585328,0.7625,4,4,4,2,1,1,success
2005/s/2005/60/751:3,en_ar_DEEP,TIER1_CLEAN_A,Register Mismatch,ملائم,مناسب,both_ال_ة,إن غياب مثل هذه المبادئ التوجيهية، بما في ذلك تحديد معايير اختيار القضايا التي تقتضي التحقيق فيها والمقاضاة عليها، قد حرم اللجان مما يلزم من توجيه فيما يتعلق بالطرق الملائمة للتحقيق في الجرائم التي تشكل انتهاكات جسيمة لحقوق الإنسان.,إن غياب هذه المبادئ التوجيهية، بما في ذلك تحديد معايير اختيار القضايا للتحقيق والملاحقة القضائية، ترك اللجان دون توجيهات بشأن الأساليب المناسبة للتحقيق في الجرائم التي تشكل انتهاكات خطيرة لحقوق الإنسان.,1.0,0.7356828193832599,0.9574856758117676,0.728448275862069,5,5,4,3,1,1,success
2005/s/2005/60/878:2,en_ar_DEEP,TIER1_CLEAN_A,Total Omission,خاص,[OMITTED],suffix_ة,ولذلك فإن إنشاء محاكم مختلطة قد تستطيع الاعتماد على النظام القانوني الوطني سيؤدي إلى مشاكل خطيرة، خاصة فيما يتعلق بقانون الإجراءات الجنائية السودانية لسنة 1991.,إن إنشاء محاكم مختلطة قد تكون قادرة على الاعتماد على النظام القانوني الوطني من شأنه أن يثير مشاكل خطيرة، لا سيما فيما يتعلق بقانون الإجراءات الجنائية السوداني لعام 1991.,1.0,0.7396449704142012,0.9704743027687072,0.7455621301775148,5,5,5,2,1,1,success
2005/s/2005/603/34:1,en_ar_DEEP,TIER1_CLEAN_A,Total Omission,حالة,[OMITTED],prefix_ال,24 - لا تزال مشاكل الحفاظ على القانون والنظام تساهم في هشاشة الحالة الأمنية في بعض جهات كاتنغا، حيث لم تتمكن الحكومة الانتقالية من إقامة آليات أمنية فعالة لحماية المدنيين.,24 - ولا تزال مشاكل القانون والنظام تساهم في تفاقم الوضع الأمني ​​الهش في بعض مناطق كاتانغا حيث لم تقم الحكومة الانتقالية بإنشاء آليات أمنية فعالة لحماية المدنيين.,1.0,0.7485029940119761,0.9697080254554749,0.7485380116959064,5,5,5,2,1,1,success
2005/s/2005/604/24:1,en_ar_DEEP,TIER1_CLEAN_A,Total Omission,بعثة,[OMITTED],exact,15 - في 8 أيلول/سبتمبر، بلغ إجمالي قوام عملية بعثة الأمم المتحدة في كوت ديفوار 430 6 فردا، مقابل القوام المأذون به وهو 090 7 فردا، من بينهم 200 من المراقبين العسكريين.,15 - وفي 8 أيلول/سبتمبر، بلغ القوام الإجمالي لقوة عملية الأمم المتحدة في كوت ديفوار 430 6 فردا، مقابل القوام المأذون به البالغ 090 7 فردا، بما في ذلك 200 مراقب عسكري.,1.0,0.7710843373493976,0.9631547331809998,0.7485029940119761,5,5,5,2,1,1,success
2005/s/2005/604/30:1,en_ar_DEEP,TIER1_CLEAN_A,Total Omission,بعثة,[OMITTED],prefix_ال,21 - وفي 8 آب/أغسطس، التقى ممثلي الخاص في كوت ديفوار بالرئيس غباغبو ليعرب له عن قلقه إزاء الإعاقة المتكررة لتحركات عملية الأمم المتحدة في كوت ديفوار وعملياتها بينما وجه قائد قوة عملية الأمم المتحدة في كوت ديفوار رسالة إلى رئيس أركان القوات المسلحة الوطنية يقترح فيها إنشاء آلية تنسيق بين القوات والعملية، بما في ذلك إعادة تشغيل خطوط الهاتف للاتصال المباشر على المستويين المركزي والإقليمي. وفي 10 آب/أغسطس، أصدر مكتب الرئيس بيانا صحفيا يدعو فيه جميع سكان كوت ديفوار إلى عدم إعاقة تحركات البعثة وعملياتها.,21 - وفي 8 آب/أغسطس، التقى ممثلي الخاص لكوت ديفوار بالرئيس غباغبو للإعراب عن قلقه إزاء العرقلة المتكررة لحركة عملية الأمم المتحدة في كوت ديفوار وعملياتها، في حين أرسل قائد قوة عملية الأمم المتحدة في كوت ديفوار رسالة إلى رئيس أركان القوات المسلحة الوطنية لكوت ديفوار يقترح فيها إنشاء إنشاء آلية للتنسيق بين القوات المسلحة الوطنية لكوت ديفوار وعملية الأمم المتحدة في كوت ديفوار، بما في ذلك إعادة تنشيط الخطوط الهاتفية الساخنة على المستويين المركزي والإقليمي. وفي 10 آب/أغسطس، أصدر مكتب الرئيس بيانا صحفيا يدعو جميع الإيفواريين إلى الامتناع عن عرقلة حركة عملية الأمم المتحدة في كوت ديفوار وعملياتها.,1.0,0.7046979865771812,0.9674817323684692,0.7030201342281879,5,5,4,2,1,1,success
2005/s/2005/604/81:1,en_ar_DEEP,TIER1_CLEAN_A,Total Omission,تابع,[OMITTED],prefix_ال,56 - ويضع فريق السياسات المتعلقة بالاستغلال والاعتداء الجنسيين التابع للبعثة اللمسات الأخيرة على مدونة عملية الأمم المتحدة في كوت ديفوار لقواعد السلوك بشأن الاستغلال والاعتداء الجنسيين، ويشارك في الشبكة القطرية المعنية بالاستغلال والاعتداء الجنسين.,56 - يعكف فريق سياسات البعثة المعني بالاستغلال والاعتداء الجنسيين على وضع الصيغة النهائية لمدونة قواعد السلوك لعملية الأمم المتحدة في كوت ديفوار بشأن الاستغلال والاعتداء الجنسيين، ويشارك في الشبكة القطرية المعنية بالاستغلال والاعتداء الجنسيين.,1.0,0.7377049180327868,0.9073712825775146,0.7459677419354839,5,5,4,2,1,1,success
2005/s/2005/604/87:2,en_ar_TRANSFORMERS,TIER1_CLEAN_A,Total Omission,أخرى,[OMITTED],exact,وعلاوة على ذلك، ما زالت الفجوة سحيقة بين موقف الرئيس غباغبو وحزبه الحاكم، من ناحية، ومواقف قوى المعارضة، من ناحية أخرى.,وعلاوة على ذلك، لا تزال الفجوة واسعة بين مواقف الرئيس غباغبو وحزبه الحاكم، من جانب، ومواقف قوات المعارضة، من الجانب الآخر.,1.0,0.8032786885245902,0.9818633198738098,0.8032786885245902,5,5,4,2,1,1,success
2005/s/2005/625/107:1,en_ar_DEEP,TIER1_CLEAN_A,Total Omission,تابع,[OMITTED],both_ال_ين,21 - وفي أثناء محادثة مع خبراء الأسلحة التابعين للفريق، أكد مصدر ذو موقع هام ومطلع بشكل وثيق على شؤون الحكومة الاتحادية الانتقالية أن الرئيس يوسف ورئيس الأركان، الجنرال ناجي، قاما بالتفاوض على صفقة مع حكومة اليمن بشأن تسليم أعداد كبيرة من الأسلحة ومجموعة متنوعة من الذخيرة تشمل ما يلي: بنادق هجومية من طراز AK-47 و G-3؛ وقاذفـــــات صواريـخ من طراز RPG-7 و RPG-2؛ وأسلحة مضادة للدبابات، عيار 75 مم وأخرى من طراز B 10؛ ومدافع مضادة للطائرات، عيار 37 مم و 14.5 مم و 12.7 مم؛ وألغام وقنابل يدوية وقذائف كتفية من طراز Strella؛ و 3 أو 4 طائرات هليكوبتر مزودة بقذائف؛ وذلك صراحة من أجل قتال المنشقين في مقديشو.,21 - خلال محادثة مع خبراء الأسلحة في فريق الرصد، أكد مصدر مطلع على شؤون الحكومة الاتحادية الانتقالية أن الرئيس يوسف ورئيس الأركان، الفريق أول ناجي، قد تفاوضا على اتفاق مع الحكومة اليمنية لتسليم الأسلحة. - ضبط أعداد كبيرة من الأسلحة والذخائر المتنوعة، من بينها: بنادق هجومية من طراز AK-47 وG3؛ وقاذفات الصواريخ من طراز RPG-7 وRPG-2؛ أسلحة مضادة للدبابات عيار 75 ملم وB-10؛ مدافع مضادة للطائرات عيار 37 ملم و14.5 ملم و12.7 ملم؛ الألغام والقنابل اليدوية؛ وصواريخ ستريلا المحمولة على الكتف؛ و3 أو 4 طائرات هليكوبتر مزودة بصواريخ لغرض صريح هو قتال المنشقين في مقديشو.,1.0,0.6766666666666667,0.9697749614715576,0.6771523178807948,5,5,4,3,1,1,success
2005/s/2005/625/107:1,en_ar_DEEP,TIER1_CLEAN_A,Total Omission,تابع,[OMITTED],both_ال_ين,21 - وفي أثناء محادثة مع خبراء الأسلحة التابعين للفريق، أكد مصدر ذو موقع هام ومطلع بشكل وثيق على شؤون الحكومة الاتحادية الانتقالية أن الرئيس يوسف ورئيس الأركان، الجنرال ناجي، قاما بالتفاوض على صفقة مع حكومة اليمن بشأن تسليم أعداد كبيرة من الأسلحة ومجموعة متنوعة من الذخيرة تشمل ما يلي: بنادق هجومية من طراز AK-47 و G-3؛ وقاذفـــــات صواريـخ من طراز RPG-7 و RPG-2؛ وأسلحة مضادة للدبابات، عيار 75 مم وأخرى من طراز B 10؛ ومدافع مضادة للطائرات، عيار 37 مم و 14.5 مم و 12.7 مم؛ وألغام وقنابل يدوية وقذائف كتفية من طراز Strella؛ و 3 أو 4 طائرات هليكوبتر مزودة بقذائف؛ وذلك صراحة من أجل قتال المنشقين في مقديشو.,21 - خلال محادثة مع خبراء الأسلحة في فريق الرصد، أكد مصدر مطلع على شؤون الحكومة الاتحادية الانتقالية أن الرئيس يوسف ورئيس الأركان، الفريق أول ناجي، قد تفاوضا على اتفاق مع الحكومة اليمنية لتسليم الأسلحة. - ضبط أعداد كبيرة من الأسلحة والذخائر المتنوعة، من بينها: بنادق هجومية من طراز AK-47 وG3؛ وقاذفات الصواريخ من طراز RPG-7 وRPG-2؛ أسلحة مضادة للدبابات عيار 75 ملم وB-10؛ مدافع مضادة للطائرات عيار 37 ملم و14.5 ملم و12.7 ملم؛ الألغام والقنابل اليدوية؛ وصواريخ ستريلا المحمولة على الكتف؛ و3 أو 4 طائرات هليكوبتر مزودة بصواريخ لغرض صريح هو قتال المنشقين في مقديشو.,1.0,0.6766666666666667,0.9697749614715576,0.6771523178807948,5,5,4,3,1,1,success
2005/s/2005/625/28:1,en_ar_DEEP,TIER1_CLEAN_A,Total Omission,حالة,[OMITTED],exact,باء - حالة الحكومة الاتحادية الانتقالية والمعارضة: التعزيز العسكري,وضع الحكومة الاتحادية الانتقالية والمعارضة: الحشد العسكري,1.0,0.8225806451612903,0.8655604124069214,0.7727272727272727,5,5,4,2,1,1,success
2005/s/2005/625/57:1,en_ar_DEEP,TIER1_CLEAN_A,Register Mismatch,ملائم,مناسب,suffix_ة,وفي الفقرة 3 (د) من القرار 1587 (2005)، طلب مجلس الأمن إلى فريق الرصد مواصلة تحسين واستكمال المعلومات المتعلقة بمشروع قائمة أسماء الكيانات والأفراد الذين ينتهكون التدابير التي تنفذها الدول الأعضاء وفقا للقرار 733 (1992) داخل الصومال وخارجه، وأسماء مؤيديهم الفاعلين، التي قد يحتاجها المجلس لاتخاذ تدابير محتملة في المستقبل، وعرض هذه المعلومات على اللجنة المنشأة عملا بالقرار 751 (1992)، في الوقت وبالكيفية التي تراها اللجنة ملائمة.,في الفقرة 3 (د) من القرار 1587 (2005)، طلب مجلس الأمن إلى فريق الرصد أن يواصل تحسين وتحديث المعلومات المتعلقة بمشروع قائمة الأفراد والكيانات الذين ينتهكون التدابير التي تنفذها الدول الأعضاء وفقا للقرار 733 (1992). )، داخل الصومال وخارجه، ومؤيديهم النشطين، لغرض التدابير المستقبلية التي يمكن أن يتخذها المجلس، وتقديم هذه المعلومات إلى اللجنة المنشأة عملا بالقرار 751 (1992) عندما ومتى تراه مناسبا.,1.0,0.7247058823529412,0.9821739792823792,0.7186046511627907,4,4,4,2,1,1,success
2005/s/2005/625/90:3,en_ar_DEEP,TIER1_CLEAN_A,Total Omission,جوي,[OMITTED],prefix_ال,وقام شيخ يوسف إندوهادي بنقل أفراد الميليشيا من مدرج باليدوغلي الجوي إلى مواقع إلى الشمال الغربي من جوهر.,نقل الشيخ يوسف إندوهادي أعضاء الميليشيا من مطار باليدوجلي إلى مواقع شمال شرق جوهر.,1.0,0.6633663366336633,0.9001611471176147,0.6442307692307692,5,5,4,2,1,1,success
2005/s/2005/635/19:5,en_ar_TRANSFORMERS,TIER1_CLEAN_A,Total Omission,خاص,[OMITTED],suffix_ة,غير أن الحالة، على أرض الواقع، معقدة وتثير القلق، خاصة بالنسبة لطوائف الأقليات.,غير أن الحالة على أرض الواقع معقدة ومثيرة للقلق، لا سيما بالنسبة لطوائف الأقليات.,1.0,0.8518518518518519,0.9906225204467772,0.8641975308641976,5,5,5,2,1,1,success
2005/s/2005/635/72:2,en_ar_DEEP,TIER1_CLEAN_A,Passive to Active Voice,نُقلت,تم نقل,exact,وفي ربوع كوسوفو، نُقلت المسؤولية عن عمليات الإقليم إلى دائرة شرطة كوسوفو، مع وجود الشرطة الدولية التي تقوم بدور المراقبة.,وفي مختلف أنحاء كوسوفو، تم نقل المسؤولية عن عملياتها إلى دائرة شرطة كوسوفو، مع قيام الشرطة الدولية بدور المراقبة.,1.0,0.7241379310344828,0.9306328296661376,0.6942148760330579,5,5,5,2,1,1,success
2005/s/2005/635/78:4,en_ar_DEEP,TIER1_CLEAN_A,Total Omission,أخرى,[OMITTED],exact,فنتيجة هذه التخفيضات ستكون خسارة أخرى في مصداقية نظام القضاء والثقة فيما بين السكان بوجه عام ومجتمعات الأقليات بصفة خاصة.,وستكون نتيجة هذه التخفيضات فقدان المزيد من مصداقية نظام العدالة والثقة فيه بين السكان بشكل عام والأقليات بشكل خاص.,1.0,0.6581196581196581,0.9575306177139282,0.6446280991735538,5,5,5,2,1,1,success
2005/s/2005/635/78:4,en_ar_DEEP,TIER1_CLEAN_A,Total Omission,أخرى,[OMITTED],exact,فنتيجة هذه التخفيضات ستكون خسارة أخرى في مصداقية نظام القضاء والثقة فيما بين السكان بوجه عام ومجتمعات الأقليات بصفة خاصة.,وستكون نتيجة هذه التخفيضات فقدان المزيد من مصداقية نظام العدالة والثقة فيه بين السكان بشكل عام والأقليات بشكل خاص.,1.0,0.6581196581196581,0.9575306177139282,0.6446280991735538,5,5,5,2,1,1,success
2005/s/2005/636/207:1,en_ar_DEEP,TIER1_CLEAN_A,Register Mismatch,على صعيد,على مستوى,exact_seq,وضع وتنفيذ بيان عن السياسة العامة المتعلقة بالمنظور الجنساني، وسياسة عامة شاملة تتعلق بالمسائل الجنسانية، وخطة عمل على صعيد الإدارة لإدراج المنظور الجنساني في صلب الأنشطة، تحدد الأهداف والأنشطة والمؤشرات والأطر الزمنية لكل مجال وظيفي؛ وتطوير أدوات تدريبية ومبادئ توجيهية.,تطوير وتنفيذ بيان سياسة المساواة بين الجنسين، وسياسة شاملة بين الجنسين وخطة عمل لتعميم مراعاة المنظور الجنساني على مستوى الإدارة مع الأهداف والأنشطة والمؤشرات والجداول الزمنية لكل مجال وظيفي. تطوير أدوات التدريب والمبادئ التوجيهية.,1.0,0.6539923954372624,0.930985152721405,0.6346863468634687,5,5,4,2,1,1,success
2005/s/2005/636/64:1,en_ar_DEEP,TIER1_CLEAN_A,Register Mismatch,على صعيد,على مستوى,exact_seq,على صعيد كيانات الأمم المتحدة,على مستوى كيانات الأمم المتحدة,1.0,1.0,0.9594972133636476,0.8333333333333334,5,5,5,1,1,1,success
2005/s/2005/639/15:1,en_ar_DEEP,TIER1_CLEAN_A,Total Omission,المساعي,[OMITTED],exact,5 - يؤكد أن الأزمة في كوت ديفوار لا يمكن حلها إلاّ من خلال الحوار والمشاورة، بدعم من المجتمع الدولي. ويحث المجلس الأطراف على إظهار أقصى قدر من ضبط النفس والامتناع عن استخدام القوة واتخاذ الإجراءات الفردية، التي تؤدي فقط إلى تعقيد المساعي الرامية إلى إيجاد حل؛,5 - يشدد على أن الأزمة في كوت ديفوار لا يمكن حلها إلا من خلال الحوار والتشاور، بدعم من المجتمع الدولي. ويحث المجلس الطرفين على التحلي بأقصى درجات ضبط النفس والامتناع عن أي استخدام للقوة أو اتخاذ إجراءات انفرادية، الأمر الذي لا يؤدي إلا إلى زيادة تعقيد عملية البحث عن حل؛,1.0,0.7518518518518519,0.9691094160079956,0.7333333333333334,5,5,4,3,1,1,success
2005/s/2005/639/25:1,en_ar_DEEP,TIER1_CLEAN_A,Definiteness Shift,سلام,السلام,prefix_ال,'5` لمساعدة الحكومة على تنفيذ برنامجها وتوحيد وتعزيز آلية المتابعة القائمة، يُنشأ فريق عامل دولي على مستوى الوزراء يجتمع مرة في الشهر في كوت ديفوار لتقييم عملية السلام ورصدها ومتابعتها، بما في ذلك خريطة الطريق المتفق عليها في بريتوريا وأية اتفاقات لاحقة، عن طريق الإعلان عن مدى تعاون الأطراف وغيرها من الجهات المعنية، واحترامها للالتزامات المتعهد بها، وعند الضرورة - عن أية مواقف من شأنها إعاقة إتمام عملية السلام والمصالحة في كوت ديفوار بنجاح، وتقديم التوصيات المناسبة لمجلس السلام والأمن التابع للاتحاد الأفريقي وإلى مجلس الأمن التابع للأمم المتحدة.,هـ. من أجل مساعدة الحكومة في تنفيذ برنامجها وتعزيز آليات المتابعة القائمة، يتم إنشاء مجموعة عمل دولية على المستوى الوزاري، تجتمع مرة واحدة شهرياً في كوت ديفوار لتقييم ومراقبة ومتابعة عملية السلام، بما في ذلك خريطة الطريق المتفق عليها في بريتوريا وأي اتفاقات لاحقة أخرى، من خلال بيان درجة تعاون الأطراف والجهات الفاعلة الأخرى المعنية، واحترامها للالتزامات التي تم التعهد بها، وإذا لزم الأمر، أي موقف من المرجح أن يعوق الختام الناجح لعملية السلام والمصالحة في كوت ديفوار، وتقديم التوصيات المناسبة إلى مجلس السلام والأمن التابع للاتحاد الأفريقي ومجلس الأمن التابع للأمم المتحدة.,1.0,0.7100175746924429,0.9616836309432985,0.7043478260869565,4,4,4,2,1,1,success
2005/s/2005/645/14:1,en_ar_TRANSFORMERS,TIER1_CLEAN_A,Perfective to Progressive,ادعى,يدعي,exact,لا تدعم أوغندا أي مليشيات كونغولية حسبما ادعى الممثل الدائم لجمهورية الكونغو الديمقراطية.,ولا تؤيد أوغندا أي ميليشيا كونغولية كما يدعي الممثل الدائم لجمهورية الكونغو الديمقراطية.,1.0,0.8941176470588236,0.9689326286315918,0.8764044943820225,5,5,5,2,1,1,success
2005/s/2005/645/15:3,en_ar_TRANSFORMERS,TIER1_CLEAN_A,Total Omission,خاص,[OMITTED],prefix_ال,وينبغي أن يكون الممثل الدائم لجمهورية الكونغو الديمقراطية على علم بإجراء أوغندا الخاص بإعلان ستـة قادة من قيادات الحركة الثورية الكونغولية أشخاصا غير مرغوب فيهم، كما ورد في وثيقة مجلس الأمن (S/2005/603).,وينبغي أن يكون الممثل الدائم لجمهورية الكونغو الديمقراطية على علم بالإجراء الذي اتخذته أوغندا بإعلان ستة قادة غير مرغوب فيهم من قادة الحركة الثورية الكونغولية على النحو الوارد في وثيقة مجلس الأمن S/2005/603.,1.0,0.7004830917874396,0.9523371458053588,0.6956521739130435,5,5,4,3,1,1,success
2005/s/2005/648/14:2,en_ar_DEEPL,TIER1_CLEAN_A,Total Omission,تابع,[OMITTED],both_ال_ين,وتشمل تلك الانتهاكات أنشطة من قبيل تعزيز الهياكل المادية في المنطقتين المحظورتين المحددتين في الاتفاق وفرض قيود على تنقل المراقبين العسكريين التابعين للأمم المتحدة.,وتشمل الانتهاكات أنشطة مثل تعزيز الهياكل المادية في المناطق المحظورة التي حددها الاتفاق وفرض قيود على تحركات مراقبي الأمم المتحدة العسكريين.,1.0,0.6625,0.9537916779518129,0.6524390243902439,5,5,4,2,1,1,success
2005/s/2005/648/7:1,en_ar_DEEP,TIER1_CLEAN_A,Total Omission,حالة,[OMITTED],prefix_ال,4 - وفي 25 تموز/يوليه، أبلغت مجلس الأمن بقراري تعيين السفير بيتر فان والسوم (هولندا) مبعوثا شخصيا لي إلى الصحراء الغربية لمساعدتي على تقييم الحالة والعمل مع الطرفين والبلدان المجاورة وسائر الجهات المعنية من أجل البحث عن أنجع السبل للخروج من المأزق السياسي الراهن.,4 - وفي 25 تموز/يوليه، أبلغت مجلس الأمن بقراري تعيين بيتر فان فالسوم (هولندا) مبعوثا شخصيا لي إلى الصحراء الغربية لمساعدتي في تقييم الوضع والتعرف مع الطرفين والدول المجاورة وأصحاب المصلحة الآخرين على أفضل السبل لتحقيق ذلك. التغلب على المأزق السياسي الحالي.,1.0,0.7490347490347491,0.9701008796691896,0.7490494296577948,5,5,4,3,1,1,success
2005/s/2005/650/6:4,en_ar_DEEP,TIER1_CLEAN_A,Total Omission,الأخرى,[OMITTED],exact,وقد أجبر الهجوم العديد من المدنيين على البحث عن ملجأ خارج البلدة، وتكبدت القوات المسلحة السودانية عشرات من القتلى والمصابين بينما هربت الحركة الشعبية/الجيش الشعبي لتحرير السودان بكميات من الأسلحة والذخائر والوقود والإمدادات الأخرى. وفي 29 أيلول/سبتمبر تعرضت بلدة طويلة نفسها لهجوم آخر عندما دخلت الشرطة الحكومية ووحدات من القوات المسلحة السودانية البلدة، ثم دخلت فيما بعد معسكر دالي المجاور للأشخاص المشردين داخليا حيث أطلقت النار على المدنيين عشوائيا وبدون أسباب.,وأجبر الهجوم العديد من المدنيين على البحث عن مأوى خارج المدينة، وتكبدت القوات المسلحة السودانية عشرات الضحايا، وهربت حركة/جيش تحرير السودان بكميات من الأسلحة والذخائر والوقود وغيرها من الإمدادات. وفي 29 أيلول/سبتمبر، وقع هجوم آخر على بلدة الطويلة نفسها، عندما دخلت الشرطة الحكومية ووحدات القوات المسلحة السودانية البلدة، ثم دخلت في وقت لاحق مخيم دالي المجاور للمشردين داخليا، وأطلقت النار على المدنيين بشكل عشوائي ودون استفزاز.,1.0,0.7205240174672489,0.9796504974365234,0.7133620689655172,5,5,4,2,1,1,success
2005/s/2005/650/6:4,en_ar_DEEP,TIER1_CLEAN_A,Total Omission,الأخرى,[OMITTED],exact,وقد أجبر الهجوم العديد من المدنيين على البحث عن ملجأ خارج البلدة، وتكبدت القوات المسلحة السودانية عشرات من القتلى والمصابين بينما هربت الحركة الشعبية/الجيش الشعبي لتحرير السودان بكميات من الأسلحة والذخائر والوقود والإمدادات الأخرى. وفي 29 أيلول/سبتمبر تعرضت بلدة طويلة نفسها لهجوم آخر عندما دخلت الشرطة الحكومية ووحدات من القوات المسلحة السودانية البلدة، ثم دخلت فيما بعد معسكر دالي المجاور للأشخاص المشردين داخليا حيث أطلقت النار على المدنيين عشوائيا وبدون أسباب.,وأجبر الهجوم العديد من المدنيين على البحث عن مأوى خارج المدينة، وتكبدت القوات المسلحة السودانية عشرات الضحايا، وهربت حركة/جيش تحرير السودان بكميات من الأسلحة والذخائر والوقود وغيرها من الإمدادات. وفي 29 أيلول/سبتمبر، وقع هجوم آخر على بلدة الطويلة نفسها، عندما دخلت الشرطة الحكومية ووحدات القوات المسلحة السودانية البلدة، ثم دخلت في وقت لاحق مخيم دالي المجاور للمشردين داخليا، وأطلقت النار على المدنيين بشكل عشوائي ودون استفزاز.,1.0,0.7205240174672489,0.9796504974365234,0.7133620689655172,5,5,4,2,1,1,success
2005/s/2005/657/27:1,en_ar_DEEP,TIER1_CLEAN_A,Total Omission,حالة,[OMITTED],prefix_ال,20 - بقيت الحالة في كودوري دونما تغيير. وفي 22 أيلول/سبتمبر، سيرت البعثة وقوة حفظ السلام التابعة لرابطة الدول المستقلة دورية مشتركة في المنطقة السفلى لوادي كودوري الخاضعة لمراقبة الأبخاز وذكرت أن الوضع كان هادئا.,20 - وظل الوضع في وادي كودوري دون تغيير. وفي 22 أيلول/سبتمبر، قامت بعثة مراقبي الأمم المتحدة في جورجيا وقوة حفظ السلام التابعة لرابطة الدول المستقلة بدورية مشتركة في منطقة وادي كودوري السفلى الخاضعة للسيطرة الأبخازية وأبلغتا عن أن الوضع هناك هادئ.,1.0,0.6518218623481782,0.940040409564972,0.6477732793522267,5,5,5,2,1,1,success
2005/s/2005/657/47:5,en_ar_DEEP,TIER1_CLEAN_A,Total Omission,تابع,[OMITTED],both_ال_ين,وأحث على وجه الخصوص الجانب الأبخازي على الوفاء بالتزاماته السابقة والسماح بفتح مكتب فرعي لحقوق الإنسان في غالي والسماح بتلقي الشباب المحلي للتعليم بلغته الجورجية الأم وقبول نشر ضباط الشرطة التابعين للبعثة في مقاطعة غالي.,وأحث الجانب الأبخازي بشكل خاص على الوفاء بالتزاماته السابقة والسماح بفتح مكتب فرعي لحقوق الإنسان في غالي، والسماح بتدريس الشباب المحليين بلغتهم الجورجية الأصلية، وقبول نشر ضباط شرطة بعثة مراقبي الأمم المتحدة في جورجيا في منطقة غالي.,1.0,0.6896551724137931,0.9521522521972656,0.6896551724137931,5,5,4,3,1,1,success
2005/s/2005/662/223:2,en_ar_DEEP,TIER1_CLEAN_A,Total Omission,تابع,[OMITTED],prefix_ال,وقد وصل الضابط المكلف بشؤون مسرح الجريمة، اللواء ناجي ملاعب التابع لقوى الأمن الداخلي إلى مكان وقوعها في الساعة 05/13 من يوم 14 شباط/فبراير 2005. وأصدر في 3 آذار/مارس 2005 تقريرا عن الفحص الذي أجرته السلطات اللبنانية لمسرح الجريمة [المديرية العامة لقوى الأمن الداخلي، وحدة شرطة بيروت، رقم الإشارة: 95] وقد جاء فيه ما يلي:,وصل الضابط المسؤول عن مسرح الجريمة، العميد ناجي ملاعب من قوى الأمن الداخلي، إلى مسرح الجريمة عند الساعة 1305 من يوم 14 شباط/فبراير 2005. وقد أصدر تقريراً بتاريخ 3 آذار/مارس 2005 حول معاينة مسرح الجريمة التي أجرتها السلطات اللبنانية [المديرية العامة لمكافحة الإرهاب] قوى الامن الداخلي، وحدة شرطة بيروت، المرجع. رقم 95] يفيد ما يلي:,1.0,0.6515151515151515,0.953313946723938,0.6393939393939394,5,5,4,3,1,1,success
2005/s/2005/662/237:1,en_ar_DEEP,TIER1_CLEAN_A,Total Omission,تابع,[OMITTED],both_ال_ة,وبناء على تعليمات من قاضي التحقيق الأول في المحكمة العسكرية، وبموافقة المدير العام لقوى الأمن الداخلي، أُخذت السيارات التابعة لموكب الحريري إلى ثكنة الحلو، بعد أن التقطت لها صور في مكان الحادثة وسجل لها شريط فيديو بحضور قائد منطقة بيروت الثانية، وقائد مفرزة السير في منطقة بيروت الثانية، وقائد مخفر البرج، وفرقة من المحققين الجنائيين، وباستخدام مصابيح الإضاءة التي وفرتها أجهزة الدفاع المدني، وفقا لما جاء في التقرير رقم 144/302 المؤرخ 14 شباط/فبراير 2005.,بناء على تعليمات قاضي التحقيق الأول لدى المحكمة العسكرية، وبموافقة المدير العام لقوى الأمن الداخلي، تم نقل سيارات موكب الحريري إلى ثكنة الحلو، بعد تصويرها في مكانها وبالفيديو وتم التسجيل بحضور قائد أمانة بيروت الإقليمية الثانية وآمر فرقة مرور بيروت الثانية وآمر مفرزة البرج وفرقة من المباحث الجنائية، وباستخدام الأضواء التي وفرها الدفاع المدني وذلك بموجب البلاغ رقم ​​144/302 المؤرخ في 14 شباط/فبراير 2005.,1.0,0.6858407079646018,0.9596155881881714,0.6798245614035088,5,5,4,3,1,1,success
2005/s/2005/663/4:2,en_ar_DEEPL,TIER1_CLEAN_A,Register Mismatch,ترمي إلى,تهدف إلى,exact_seq,وستظل اللجنة تركز على تعزيز توافق الآراء في المجتمع الدولي بشأن أهمية مكافحة الإرهاب، واتخاذ تدابير عملية ترمي إلى زيادة قدرة الدول على مكافحة الإرهاب؛ والمساعدة في تحديد المشاكل التي تواجهها الدول في تنفيذ قرار المجلس 1373 (2001) ومعالجتها؛ والإسهام في عملية زيادة عدد الدول الأطراف فيما يتصل بالموضوع من الاتفاقيات والبروتوكولات الدولية لمكافحة الإرهاب.,وستواصل اللجنة تركيزها على تعزيز توافق الآراء داخل المجتمع الدولي بشأن أهمية مكافحة الإرهاب، واتخاذ تدابير عملية تهدف إلى تعزيز قدرة الدول على مكافحة الإرهاب؛ والمساعدة في تحديد ومعالجة المشاكل التي تواجهها الدول في تنفيذ قرار المجلس 1373 (2001)؛ والمساهمة في عملية زيادة عدد الدول الأطراف في الاتفاقيات والبروتوكولات الدولية ذات الصلة بمكافحة الإرهاب.,1.0,0.8097982708933718,0.9939053058624268,0.8056338028169014,5,5,5,2,1,1,success
2005/s/2005/668/2:1,en_ar_DEEPL,TIER1_CLEAN_A,Total Omission,حالة,[OMITTED],exact,كما يعلم أعضاء مجلس الأمن، شهدت حالة بعثة الأمم المتحدة في إثيوبيا وإريتريا تدهورا جسيما.,كما يعلم أعضاء مجلس الأمن، فإن الوضع فيما يتعلق ببعثة الأمم المتحدة في إثيوبيا وإريتريا قد تدهور بشكل خطير.,1.0,0.7009345794392523,0.937082052230835,0.719626168224299,5,5,5,3,1,1,success
2005/s/2005/673/66:3,en_ar_DEEP,TIER1_CLEAN_A,Hypernym for Hyponym,جماعات,مجموعات,prefix_ال,"وصرح لي الرئيس عباس كذلك بأن ""النقل غير المشروع لكميات كبيرة من الأسلحة إلى مخيمات اللاجئين عن طريق بعض الجماعات الفلسطينية يهدد لبنان بالخطر ولا يخدم القضية الفلسطينية"".","وقد صرح لي الرئيس عباس أيضاً بأن ""النقل غير القانوني لكميات كبيرة من الأسلحة إلى مخيمات اللاجئين عبر مجموعات فلسطينية معينة يعرض لبنان للخطر ولا يساعد القضية الفلسطينية"".",1.0,0.75,0.9785224199295044,0.7529411764705882,5,5,5,2,1,1,success
2005/s/2005/673/81:4,en_ar_DEEPL,TIER1_CLEAN_A,Hypernym for Hyponym,جماعات,مجموعات,exact,كما أحطتُ علما بتعزيز وجود ومشاركة القوات المسلحة اللبنانية في الآونة الأخيرة في المناطق التي توجد بها جماعات فلسطينية مسلحة.,وقد أحطت علماً أيضاً بالتواجد والمشاركة المتزايدة للقوات المسلحة اللبنانية في الآونة الأخيرة في المناطق التي توجد فيها مجموعات فلسطينية مسلحة.,1.0,0.7703703703703704,0.975784182548523,0.7676056338028169,5,5,5,2,1,1,success
2005/s/2005/679/26:1,en_ar_DEEP,TIER1_CLEAN_A,Total Omission,حالة,[OMITTED],prefix_ال,9 - وتنص التوصيات التي اعتمدها هذا الاجتماع على العمل على الصعيدين الثنائي والثلاثي، على تكثيف تبادل المعلومات الأمنية والمخابراتية، واستعمال الوسائل الجوية لمراقبة الحدود، وإعادة تنشيط اللجان المشتركة، وزيادة الاتصالات بين السلطات الحدودية المدنية والعسكرية، وتنظيم العمليات المشتركة، وتقييم الحالة الأمنية.,9 - وتنص التوصيات المعتمدة في ذلك الاجتماع، على المستويين الثنائي والثلاثي، على زيادة تبادل المعلومات الاستخبارية والمعلومات الأمنية، واستخدام الوسائل الجوية لمراقبة الحدود، وإعادة تنشيط اللجان المختلطة، وزيادة الاتصالات بين سلطات الحدود المدنية والعسكرية، وتنظيم عمليات مراقبة الحدود. العمليات المشتركة وتقييم الوضع الأمني.,1.0,0.7438271604938271,0.9749962687492372,0.7407407407407407,5,5,4,2,1,1,success
2005/s/2005/679/27:3,en_ar_DEEPL,TIER1_CLEAN_A,Total Omission,حالة,[OMITTED],prefix_ال,وسيواصل متابعة تطورات الحالة الأمنية على الحدود بين جمهورية أفريقيا الوسطى والكاميرون وتشاد، بالإضافة إلى السودان وجمهورية الكونغو الديمقراطية، بهدف الحيلولة دون انتقال حالات النزاع أو الأوضاع الإنسانية المثيرة للقلق من بلد لآخر.,وسيواصل رصد تطورات الوضع الأمني على طول الحدود بين جمهورية أفريقيا الوسطى والكاميرون وتشاد، وكذلك بين السودان وجمهورية الكونغو الديمقراطية، وذلك للحيلولة دون امتداد حالات النزاع الخطير أو الأزمات الإنسانية من بلد إلى آخر.,1.0,0.7377777777777778,0.975644052028656,0.7379912663755459,5,5,4,3,1,1,success
2005/s/2005/68/18:8,en_ar_DEEPL,TIER1_CLEAN_A,Total Omission,تابع,[OMITTED],suffix_تين,وأوصت اللجنة الوطنية بإنشاء لجان تحقيق قضائية تعنى بالتحقيق في المزاعم التالية: حالات الإعدام خارج نطاق القانون؛ واستيلاء الجماعات العربية على قريتين تابعتين لقبيلة الفور في منطقة كاس؛ وحوادث قتل وحرق بعض الجرحى في المستشفيات في قرى بورام وميليت وكلبص.,وأوصت اللجنة الوطنية بإنشاء لجان تحقيق قضائية معنية بالادعاءات التالية: عمليات الإعدام خارج نطاق القانون؛ واستيلاء مجموعات عربية على قريتين من قبيلة الفور في محلية كاس؛ وحوادث قتل وحرق بعض الجرحى في مستشفيات قرى برام وميليت وكليبس.,1.0,0.842741935483871,0.962557315826416,0.8293650793650793,5,5,4,3,1,1,success
2005/s/2005/68/18:8,en_ar_DEEPL,TIER1_CLEAN_A,Total Omission,تابع,[OMITTED],suffix_تين,وأوصت اللجنة الوطنية بإنشاء لجان تحقيق قضائية تعنى بالتحقيق في المزاعم التالية: حالات الإعدام خارج نطاق القانون؛ واستيلاء الجماعات العربية على قريتين تابعتين لقبيلة الفور في منطقة كاس؛ وحوادث قتل وحرق بعض الجرحى في المستشفيات في قرى بورام وميليت وكلبص.,وأوصت اللجنة الوطنية بإنشاء لجان تحقيق قضائية معنية بالادعاءات التالية: عمليات الإعدام خارج نطاق القانون؛ واستيلاء مجموعات عربية على قريتين من قبيلة الفور في محلية كاس؛ وحوادث قتل وحرق بعض الجرحى في مستشفيات قرى برام وميليت وكليبس.,1.0,0.842741935483871,0.962557315826416,0.8293650793650793,5,5,4,3,1,1,success
2005/s/2005/686/23:1,en_ar_TRANSFORMERS,TIER1_CLEAN_A,Terminology Substitution,خبراء المحاسبة في مجال الأدلة الجنائية,المحاسبين الشرعيين,seq_prefix_ل,أن يطلب إلى الأمانة أن تقدم تقارير عن المستجدات فيما يتصل بمسالة التعويضات المزدوجة المحتملة من الفئتين ألف وجيم لكي يواصل الفريق العامل النظر فيها خلال اجتماعاته المقبلة، وأن تبقي المسألة على جدول أعمال الدورة التالية لمجس الإدارة، وأن تتم الموافقة على طلب الأمانة تمديد عقود خمسة من الموظفين حتى 31 كانون الأول/ديسمبر 2005، لتقديم الدعم لخبراء المحاسبة في مجال الأدلة الجنائية وتنفيذ أية توصيات يمكن أن تُقدم بخصوص التعويضات المزدوجة المحتملة.,(أ) أن يطلب إلى الأمانة أن تقدم معلومات مستكملة عن حالة مسألة احتمال ازدواج التعويضات في الفئتين ألف وجيم لكي يواصل الفريق العامل النظر فيها في اجتماعاته المقبلة، وأن تبقيها مدرجة في جدول أعمال الدورة المقبلة لمجلس الإدارة؛ وأن توافق على طلب الأمانة تمديد ولاية خمسة موظفين حتى 31 كانون الأول/ديسمبر 2005 لتقديم الدعم لخبراء المحاسبين الشرعيين وتنفيذ أي توصيات قد تقدم بشأن احتمال ازدواج التعويضات.,1.0,0.7051597051597052,0.9354078769683838,0.698876404494382,5,5,4,2,1,1,success
2005/s/2005/698/15:3,en_ar_DEEP,TIER1_CLEAN_A,Total Omission,خاص,[OMITTED],prefix_ال,وحُظرت أيضا المشاركة الفعلية لقدامى المحاربين في الاحتفالات المقبلة وتجري إعادة كتابة دفتر الأحكام الخاص بالاحتفالات المقبلة.,كما تم حظر المشاركة النشطة لقدامى المحاربين في الاحتفالات المستقبلية، وتجري الآن إعادة كتابة كتاب قواعد الاحتفالات المستقبلية.,1.0,0.6904761904761905,0.8153444528579712,0.6666666666666667,5,5,4,2,1,1,success
2005/s/2005/699/200:2,en_ar_DEEP,TIER1_CLEAN_A,Total Omission,الأخرى,[OMITTED],exact,وباستثناء مينائي سان بيدرو وأبيدجان، فإن الموانئ الأخرى والخط الساحلي تفتقر إلي البنية التحتية اللازمة لاستيراد كميات كبيرة من الأسلحة والمعدات العسكرية.,وباستثناء سان بيدرو وأبيدجان، كانت الموانئ والسواحل تفتقر إلى البنية الأساسية اللازمة لاستيراد كميات كبيرة من الأسلحة والمعدات العسكرية.,1.0,0.8435374149659864,0.9442784786224364,0.8104575163398693,5,5,4,3,1,1,success
2005/s/2005/699/200:2,en_ar_DEEP,TIER1_CLEAN_A,Total Omission,الأخرى,[OMITTED],exact,وباستثناء مينائي سان بيدرو وأبيدجان، فإن الموانئ الأخرى والخط الساحلي تفتقر إلي البنية التحتية اللازمة لاستيراد كميات كبيرة من الأسلحة والمعدات العسكرية.,وباستثناء سان بيدرو وأبيدجان، كانت الموانئ والسواحل تفتقر إلى البنية الأساسية اللازمة لاستيراد كميات كبيرة من الأسلحة والمعدات العسكرية.,1.0,0.8435374149659864,0.9442784786224364,0.8104575163398693,5,5,4,3,1,1,success
2005/s/2005/699/212:3,en_ar_DEEP,TIER1_CLEAN_A,Total Omission,تابع,[OMITTED],both_ال_ة,"وزار الفريق أيضا نقطة التفتيش التابعة للشرطة في نيانغولوكو وقام بفحص ""سجل الحركة"" لكنه لم يلاحظ وجود أي مخالفات؛ وقد جرت مصادرة بعض البنادق والمسدسات الحرفية.","وزار الفريق أيضا نقطة تفتيش الشرطة في نيانغولوكو وتفقد ""سجل الحركة""، لكنه لم يلاحظ أي مخالفات؛ تمت مصادرة بعض البنادق والمسدسات الحرفية.",1.0,0.8376623376623377,0.9919482469558716,0.8164556962025317,5,5,5,2,1,1,success
2005/s/2005/699/212:3,en_ar_DEEP,TIER1_CLEAN_A,Total Omission,تابع,[OMITTED],both_ال_ة,"وزار الفريق أيضا نقطة التفتيش التابعة للشرطة في نيانغولوكو وقام بفحص ""سجل الحركة"" لكنه لم يلاحظ وجود أي مخالفات؛ وقد جرت مصادرة بعض البنادق والمسدسات الحرفية.","وزار الفريق أيضا نقطة تفتيش الشرطة في نيانغولوكو وتفقد ""سجل الحركة""، لكنه لم يلاحظ أي مخالفات؛ تمت مصادرة بعض البنادق والمسدسات الحرفية.",1.0,0.8376623376623377,0.9919482469558716,0.8164556962025317,5,5,5,2,1,1,success
2005/s/2005/699/235:3,en_ar_DEEP,TIER1_CLEAN_A,Register Mismatch,ملائم,مناسب,prefix_ال,ويقدم الفريق أدناه ثلاث دراسات حالة إفرادية عن القوة الجوية والمركبات المستخدمة في المجال العسكري والمرتزقة والميكانيكيين، لتقوم اللجنة بدراستها والوصول إلى قرار في الوقت الملائم فيما إذا كانت تمثل انتهاكاً للحظر.,ويقدم الفريق أدناه ثلاث دراسات حالة - حول القوة الجوية؛ مركبات للاستخدام العسكري؛ والمرتزقة والميكانيكيون - لكي تقوم اللجنة بفحصهم والتوصل إلى قرار في الوقت المناسب بشأن ما إذا كانوا ينتهكون الحظر.,1.0,0.7259615384615384,0.9352466464042664,0.7183098591549295,5,5,4,3,1,1,success
2005/s/2005/699/316:1,en_ar_DEEP,TIER1_CLEAN_A,Terminology Substitution,عتادها الجوي,أصولها الجوية,exact_seq,103 - وقامت القوات الجوية لكوت ديفوار بنقل جميع عتادها الجوي السليم والمعطل إلى القاعدة الجوية بمطار أبيدجان الدولي.,103. نقلت القوات الجوية لكوت ديفوار جميع أصولها الجوية الباقية والمتضررة إلى قاعدتها الجوية في مطار أبيدجان الدولي.,1.0,0.7403846153846154,0.9313791990280152,0.7241379310344828,5,5,5,2,1,1,success
2005/s/2005/699/413:3,en_ar_DEEP,TIER1_CLEAN_A,Total Omission,تابع,[OMITTED],suffix_ين,وألقت القبض أيضا على 15 طيارا وفنيا تابعين للقوات الجوية لكوت ديفوار، وكلهم من الاتحاد الروسي وأوكرانيا وبيلاروس.,كما ألقت القبض على 15 طيارًا وفنيًا من قوات حرس الحدود الكولونيل، جميعهم من الاتحاد الروسي وأوكرانيا وبيلاروسيا.,1.0,0.6785714285714286,0.90646231174469,0.6460176991150443,5,5,4,3,1,1,success
2005/s/2005/763/28:4,en_ar_DEEPL,TIER1_CLEAN_A,Total Omission,حالة,[OMITTED],prefix_ال,وقدمت اليونان مشروع قرار بشأن الحالة في إثيوبيا وإريتريا.,قدمت اليونان مشروع قرار بشأن الوضع في إثيوبيا وإريتريا.,1.0,0.9272727272727272,0.9851547479629515,0.912280701754386,1,5,5,1,1,1,success
2005/s/2005/800/38:1,en_ar_DEEPL,TIER1_CLEAN_A,Total Omission,خاص,[OMITTED],both_ال_ة,21 - وتتطلع اللجنة كذلك إلى وضع خطة للتنفيذ لتحقيق أي من الأهداف الواردة في خطة عمل ألماتي التي لم تتحقق بعد، وكذلك تنفيذ الالتزامات التي ترد باستمرار في الوثائق الختامية المتفق عليها في الاجتماعات الخاصة الثلاثة السابقة، بما في ذلك التدابير الرامية إلى تحسين تدفق المعلومات مع المنظمات الدولية والإقليمية ودون الإقليمية وبين بعضها البعض.,21. وتتطلع اللجنة كذلك إلى وضع خطة تنفيذية لتحقيق أي من الأهداف المحددة في خطة عمل ألماتي التي لم تتحقق بعد، فضلا عن تنفيذ الالتزامات الواردة على أساس مستمر في الوثائق الختامية المتفق عليها في الاجتماعات الاستثنائية الثلاثة السابقة، بما في ذلك تدابير تحسين تدفق المعلومات مع المنظمات الدولية والإقليمية ودون الإقليمية وفيما بينها.,1.0,0.8119402985074626,0.9877715110778807,0.8165680473372781,5,5,4,3,1,1,success
2005/s/2005/83/393:1,en_ar_DEEP,TIER1_CLEAN_A,Total Omission,حالة,[OMITTED],exact,المرفق الثالث (دراسة حالة إفرادية): مؤسسة الإحسان الدولية,الملحق الثالث دراسة فريق العمل: مؤسسة الخير الدولية,1.0,0.679245283018868,0.815747857093811,0.6666666666666667,5,5,4,3,1,1,success
2005/s/2005/90/41:1,en_ar_DEEP,TIER1_CLEAN_A,Register Mismatch,ملائم,مناسب,suffix_ة,:: تحديد المنظمات التي لا تستهدف الربح التي تعمل بصورة غير ملائمة خارج نظام الإيرادات، مثل العمل من خلال تقنيات مضاهاة البيانات,تحديد المنظمات غير الربحية التي تعمل بشكل غير مناسب خارج نظام الإيرادات، مثلاً من خلال تقنيات مطابقة البيانات,1.0,0.7459016393442623,0.882771372795105,0.7322834645669292,5,5,5,2,1,1,success
2005/s/ac_26/2005/10/397:3,en_ar_DEEP,TIER1_CLEAN_A,Terminology Substitution,المعنية,ذات الصلة,exact,ثم حسبت إيران القيمة النقدية للخسائر بضرب كميات الصيد الناقصة في متوسط أسعار السوق لأنواع مصائد الأسماك المعنية.,وتقوم إيران بعد ذلك بحساب القيمة النقدية للخسائر عن طريق ضرب كميات الصيد المتناقصة في متوسط ​​أسعار السوق لأنواع الأسماك ذات الصلة.,1.0,0.6885245901639344,0.9356545209884644,0.6564885496183206,5,5,4,2,1,1,success
2005/s/ac_44/2004/_02_/14/add_1/163:1,en_ar_DEEP,TIER1_CLEAN_A,Total Omission,حالة,[OMITTED],prefix_ال,"1- القانون الاتحادي رقم 52 ق أ الصادر في 30 آذار/مارس 1999 ""في الحالة الصحية والوبائية للسكان""، المادة 40.","1. القانون الاتحادي رقم 52-FZ المؤرخ 30 آذار/مارس 1999 ""بشأن الصحة والرفاهية الوبائية للسكان""، المادة 40.",1.0,0.7714285714285715,0.9686367511749268,0.7735849056603774,5,5,4,2,1,1,success
2005/s/agenda/5288/4:1,en_ar_DEEP,TIER1_CLEAN_A,Total Omission,حالة,[OMITTED],prefix_ال,2 - الحالة في كوت ديفوار.,2. الوضع في كوت ديفوار.,1.0,0.782608695652174,0.9548119306564332,0.76,5,5,5,1,1,1,success
2005/s/agenda/5292/4:1,en_ar_DEEP,TIER1_CLEAN_A,Total Omission,حالة,[OMITTED],prefix_ال,2 - الحالة في الشرق الأوسط,2. الوضع في الشرق الأوسط,1.0,0.7916666666666666,0.9726656675338744,0.7692307692307692,5,5,5,1,1,1,success
2005/s/agenda/5320/4:1,en_ar_DEEP,TIER1_CLEAN_A,Total Omission,حالة,[OMITTED],prefix_ال,2 - الحالة في الشرق الأوسط,2. الوضع في الشرق الأوسط.,1.0,0.76,0.910664677619934,0.7307692307692308,5,5,5,1,1,1,success
2005/s/agenda/5334/4:1,en_ar_DEEP,TIER1_CLEAN_A,Total Omission,حالة,[OMITTED],prefix_ال,2 - الحالة في سيراليون,2. الوضع في سيراليون,1.0,0.75,0.9644758701324464,0.7272727272727273,5,5,5,1,1,1,success
2005/s/prst/2005/30/7:2,en_ar_DEEP,TIER1_CLEAN_A,Total Omission,تابع,[OMITTED],suffix_ة,وينبغي للمجلس لدى الموافقة على عملية تابعة للأمم المتحدة أن يأخذ بعين الاعتبار الدور الأساسي للشرطة العسكرية والمدنية في المساعدة على تحقيق الاستقرار في حالات الأزمات وصون الأمن.,وعند الموافقة على عملية للأمم المتحدة، ينبغي للمجلس أن يأخذ في الاعتبار الدور الأساسي الذي تؤديه الشرطة العسكرية والمدنية في المساعدة على تحقيق الاستقرار في حالات الأزمات والحفاظ على الأمن.,1.0,0.7142857142857143,0.9844046235084534,0.6931216931216931,5,5,5,2,1,1,success
2005/s/prst/2005/30/9:1,en_ar_DEEP,TIER1_CLEAN_A,Total Omission,خاص,[OMITTED],suffix_ة,"""ويحيط مجلس الأمن مع الاهتمام بالاقتراح المهم الذي قدمه الأمين العام من أجل إنشاء لجنة لبناء السلام، ويؤمن بالهدف المتمثل في تحسين قدرة الأمم المتحدة على التنسيق مع المانحين والبلدان المساهمة بقوات والقيام بأنشطة بناء السلام، خاصة منذ بداية عمليات حفظ السلام وحتى مراحل تثبيت الاستقرار والإعمار والتنمية.","""ويحيط مجلس الأمن علما مع الاهتمام بالاقتراح الهام الذي قدمه الأمين العام بإنشاء لجنة لبناء السلام، ويؤيد هدف تحسين قدرة الأمم المتحدة على التنسيق مع الجهات المانحة والمساهمة بقوات، وعلى الاضطلاع بأنشطة بناء السلام، ولا سيما منذ بداية العام عمليات حفظ السلام من خلال تحقيق الاستقرار والتعمير والتنمية.",1.0,0.7375415282392026,0.9628133177757264,0.743421052631579,5,5,4,3,1,1,success
2005/s/prst/2005/34/4:2,en_ar_DEEP,TIER1_CLEAN_A,Terminology Substitution,يهيب,يدعو,prefix_و,ويهيب مجلس الأمن بالدول الأعضاء أن تتعاون على وجه الاستعجال على حسم جميع المسائل المعلقة بغية اعتماد مشروع الاتفاقية الشاملة المتعلقة بالإرهاب الدولي.,ويدعو مجلس الأمن الدول الأعضاء إلى التعاون على نحو سريع لحل جميع القضايا العالقة بهدف اعتماد مشروع الاتفاقية الشاملة بشأن الإرهاب الدولي.,1.0,0.726027397260274,0.9515994787216188,0.7133333333333334,5,5,5,2,1,1,success
2005/s/pv_5188/144:3,en_ar_DEEP,TIER1_CLEAN_A,Total Omission,حالة,[OMITTED],exact,ولا تزال حالة الأقليات تبعث على القلق، ولاسيما فيما يتعلق بحرية التنقل والوصول إلى العدالة.,ولا يزال وضع الأقليات يثير القلق، خاصة فيما يتعلق بحرية التنقل والوصول إلى العدالة.,1.0,0.8045977011494253,0.9868966341018676,0.8021978021978022,5,5,5,2,1,1,success
2005/s/pv_5188/145:2,en_ar_TRANSFORMERS,TIER1_CLEAN_A,Total Omission,خاص,[OMITTED],both_و_ة,فإن على الأقليات وخاصة الأقلية الصربية واجبا أساسيا بأن تنخرط تماما في البحث عن الحلول بالاستفادة من كل الفرص المتاحة للمشاركة في مؤسسات كوسوفو.,ويقع على عاتق الأقليات، ولا سيما الأقلية الصربية، التزام أساسي بالمشاركة الكاملة في البحث عن حلول عن طريق الاستفادة من جميع الفرص المتاحة للمشاركة في مؤسسات كوسوفو.,1.0,0.6890243902439024,0.9701529741287231,0.6951219512195121,5,5,5,2,1,1,success
2005/s/res/1624_2005_/24:1,en_ar_DEEP,TIER1_CLEAN_A,Register Mismatch,ملائم,مناسب,both_وال_ة,3 - يدعو جميع الدول إلى مواصلة بذل الجهود على الصعيد الدولي من أجل تعزيز الحوار وتوسيع آفاق التفاهم بين الحضارات، سعيا إلى منع الاستهداف العشوائي للأديان والثقافات المختلفة، واتخاذ كافة التدابير اللازمة والملائمة ووفقا لالتزاماتها بموجب القانون الدولي من أجل التصـدي للتحريض على ارتكاب أعمال الإرهاب بدافع التطرف والتعصب ومنع الإرهابيين ومناصريهم من تخريب المؤسسات التعليمية والثقافية والدينية؛,3 - يهيب بجميع الدول مواصلة الجهود الدولية لتعزيز الحوار وتوسيع نطاق التفاهم بين الحضارات، سعيا إلى منع الاستهداف العشوائي للأديان والثقافات المختلفة، واتخاذ جميع التدابير التي قد تكون ضرورية ومناسبة ووفقا لالتزاماتها وبموجب القانون الدولي لمكافحة التحريض على الأعمال الإرهابية بدافع التطرف والتعصب ومنع تخريب المؤسسات التعليمية والثقافية والدينية من قبل الإرهابيين ومؤيديهم؛,1.0,0.6760925449871465,0.9881795048713684,0.6725888324873097,5,5,4,2,1,1,success
2006/s/2006/151/6:1,en_ar_DEEP,TIER1_CLEAN_A,Total Omission,حالة,[OMITTED],prefix_ال,17 - الحالة في الأراضي العربية المحتلة.,17. الوضع في الأراضي العربية المحتلة.,1.0,0.8648648648648649,0.9773915410041808,0.8461538461538461,5,5,5,1,1,1,success
2006/s/2006/154/112:3,en_ar_DEEP,TIER1_CLEAN_A,Tanween Omission,عملاً,عملا,exact,ويمكن أيضاً أن تكون هذه الوكالة هي التي تقدم الإشعار المطلوب إلى الأفراد والكيانات المدرجة أسماؤهم في القائمة، عملاً بالفقرة 5 من القرار 1617 (2005).,ويمكن لهذه الوكالة أيضا أن تكون هي التي تقدم الإخطار المطلوب إلى الأفراد والكيانات المدرجة أسماؤهم في القائمة، عملا بالفقرة 5 من القرار 1617 (2005).,1.0,0.8263888888888888,0.992536962032318,0.825503355704698,5,5,5,2,1,1,success
2006/s/2006/154/121:2,en_ar_DEEP,TIER1_CLEAN_A,Register Mismatch,شطب أسماء,رفع أسماء,seq_prefix_ال,وقد اقترح في هذه التوصيات أن تقوم اللجنة بما يلي: (أ) تشجيع الدول، قبل اقتراح اسم ما ليدرج في القائمة ودون المساس بحقها في متابعة تقديمها له، على النظر في الاتصال بدولة إقامة و/أو جنسية الشخص أو الكيان المعين المقترح()؛ و (ب) إيضاح الإجراء الذي ينبغي إتباعه في الحالات التي تقوم فيها دولة ما عن طريق الخطأ بتجميد أصول أشخاص أبرياء يحملون اسماً مشابهاً لاسم طرف مدرج في القائمة؛ و (ج) مطالبة الدول بإرسال التماسات شطب الأسماء من القائمة إلى اللجنة حتى وإن كانت تعترض على تلك الالتماسات، بحيث يكون للجنة اتخاذ القرار النهائي()؛ و (د) زيادة عدد الدول التي يجوز لها أن تقدم التماسات لشطب الأسماء من القائمة؛ و (هـ) العمل على التوصل إلى قرار بشأن التماسات شطب الأسماء من القائمة خلال فترة محددة، عند الإمكان، وإشعار الدولة المقدمة للالتماس بالنتائج؛ و (و) إيضاح أن شطب الأسماء من القائمة متيسر، في بعض الظروف، لكل من الأطراف التي تعين عن طريق الخطأ وأولئك الذين يتخلون عن الإرهاب ويثبتون بما يرضي اللجنة أنهم لم يعودوا مرتبطين بالقاعدة أو الطالبان؛ و (ز) السماح، في الظروف الملائمة، بشطب أسماء الأشخاص المتوفين من القائمة (S/2005/572، الفقرات 28 و 31 و 55-57 والحاشية 26).,وتقترح هذه التوصيات على اللجنة: (أ) تشجيع الدول، قبل اقتراح الإدراج، ودون المساس بحقها في مواصلة تقديمها، على النظر في الاتصال بدولة الإقامة و/أو جنسية الشخص المقترح الإدراج؛ (ب) توضيح الإجراء الواجب اتباعه في الحالات التي تقوم فيها الدولة عن طريق الخطأ بتجميد أصول الأشخاص الأبرياء الذين لديهم اسم مماثل لأحد الأطراف المدرجة في القائمة؛ (ج) مطالبة الدول بإحالة طلبات رفع الأسماء من القائمة إلى اللجنة، حتى لو كانت تعترض على الالتماسات المحددة، حتى تتمكن اللجنة من اتخاذ القرار النهائي؛ (د) زيادة عدد الدول التي يجوز لها تقديم طلبات رفع الأسماء من القائمة؛ (هـ) السعي للتوصل إلى قرار بشأن طلبات رفع الأسماء من القائمة خلال فترة محددة، حيثما أمكن ذلك، وإخطار الدولة صاحبة الطلب بالنتيجة؛ (و) توضيح أن الشطب من القائمة متاح، في ظل ظروف معينة، لكل من الطرف الذي تم تحديده خطأً وأولئك الذين ينبذون الإرهاب، وأن يثبتوا بما يرضي اللجنة أنهم لم يعودوا مرتبطين بتنظيم القاعدة أو حركة الطالبان؛ (ز) السماح، في الظروف المناسبة، برفع أسماء الأشخاص المتوفين من القائمة (S/2005/572، الفقرات 28 و31 و55-57 والحاشية 26).,1.0,0.7249527410207939,0.9758464694023132,0.7244611059044048,4,4,4,2,1,1,success
2006/s/2006/154/322:2,en_ar_DEEP,TIER1_CLEAN_A,Register Mismatch,ملائم,مناسب,exact,كما حكمت المحكمة بأنه نظرا لأهمية مكافحة الإرهاب الدولي، فإن التجميد الاحترازي والمؤقت للأموال، مع السماح باستثناءات لتغطية النفقات الأساسية، لا يتعارض بشكل تعسفي أو غير ملائم أو غير متناسب مع حق الملكية.,ورأت أيضًا أنه، نظرًا لأهمية مكافحة الإرهاب الدولي، فإن التجميد الاحترازي والمؤقت للأموال، مع السماح باستثناءات للنفقات الأساسية، لا يشكل تدخلاً تعسفيًا أو غير مناسب أو غير متناسب في الحق في الملكية.,1.0,0.7839195979899498,0.9317960739135742,0.7745098039215687,5,5,5,2,1,1,success
2006/s/2006/154/77:2,en_ar_DEEP,TIER1_CLEAN_A,Register Mismatch,وجهات نظر,آراء,exact_seq,وينظر الفريق أيضاً في القلق الدولي المتزايد فيما يتعلق باستعمال الإرهابيين للإنترنت، ويقدم وجهات نظر بشأن هذه المسألة وجميع أنشطة الرصد التي يضطلع بها.,ويأخذ الفريق في الاعتبار أيضًا القلق الدولي المتزايد المتعلق باستخدام الإرهابيين للإنترنت، ويقدم آراء حول هذه القضية، وكذلك عبر نطاق أنشطة المراقبة التي يقوم بها.,1.0,0.6582278481012658,0.9543461799621582,0.617283950617284,4,4,4,2,1,1,success
2006/s/2006/154/86:2,en_ar_TRANSFORMERS,TIER1_CLEAN_A,Total Omission,خاص,[OMITTED],suffix_ة,وتمثل التجديد الذي جاء به في نقل الهدف من البلدان المسلمة إلى الغرب، خاصة الولايات المتحدة الأمريكية؛ وبوصف إرهابه بأنه صراع بين الإسلام وأعدائه، تمكن من جمع عدة جماعات متنوعة وفي الغالب متنافسة تحت راية واحدة.,وكان ابتكاره هو نقل الهدف من البلدان الإسلامية إلى الغرب، ولا سيما الولايات المتحدة الأمريكية؛ وبوصف إرهابه بأنه صراع بين الإسلام وأعدائه، تمكن من الجمع بين عدة مجموعات متنوعة ومتنافسة في كثير من الأحيان تحت راية واحدة.,1.0,0.7214611872146119,0.9375215768814088,0.726027397260274,5,5,4,3,1,1,success
2006/s/2006/154/86:2,en_ar_TRANSFORMERS,TIER1_CLEAN_A,Total Omission,خاص,[OMITTED],suffix_ة,وتمثل التجديد الذي جاء به في نقل الهدف من البلدان المسلمة إلى الغرب، خاصة الولايات المتحدة الأمريكية؛ وبوصف إرهابه بأنه صراع بين الإسلام وأعدائه، تمكن من جمع عدة جماعات متنوعة وفي الغالب متنافسة تحت راية واحدة.,وكان ابتكاره هو نقل الهدف من البلدان الإسلامية إلى الغرب، ولا سيما الولايات المتحدة الأمريكية؛ وبوصف إرهابه بأنه صراع بين الإسلام وأعدائه، تمكن من الجمع بين عدة مجموعات متنوعة ومتنافسة في كثير من الأحيان تحت راية واحدة.,1.0,0.7214611872146119,0.9375215768814088,0.726027397260274,5,5,4,3,1,1,success
2006/s/2006/215/96:1,en_ar_DEEP,TIER1_CLEAN_A,Total Omission,خاص,[OMITTED],suffix_ة,ومن المهم بصفة خاصة مشروع قانون حماية البيانات الشخصية الذي يخضع حاليا لإجراء برلماني.,ومن الأهمية بمكان مشروع قانون حماية البيانات الشخصية، الذي هو الآن في الإجراءات البرلمانية.,1.0,0.7252747252747253,0.9443163871765136,0.7032967032967032,5,5,4,2,1,1,success
2006/s/2006/296/17:1,en_ar_DEEP,TIER1_CLEAN_A,Total Omission,بموجب,[OMITTED],exact,وإذ يتصرف بموجب الفصل السابع من ميثاق الأمم المتحدة،,وبناء على الفصل السابع من ميثاق الأمم المتحدة،,1.0,0.8085106382978724,0.9294585585594176,0.75,5,5,5,1,1,1,success
2006/s/2006/420/11:1,en_ar_DEEP,TIER1_CLEAN_A,Total Omission,تابع,[OMITTED],exact,أولا - إنشاء نظام تحقق تابع للأمم المتحدة,المختصرات بناء نظام التحقق للأمم المتحدة,1.0,0.65,0.722403883934021,0.5609756097560976,5,5,3,4,1,1,success
2006/s/2006/628/54:1,en_ar_DEEP,TIER1_CLEAN_A,Total Omission,بعثة,[OMITTED],prefix_ال,سادسا - أولويات البعثة الجديدة,السادس. أولويات المهمة الجديدة,1.0,0.7,0.8485114574432373,0.7333333333333334,5,5,5,1,1,1,success
2006/s/2006/672/635:2,en_ar_DEEP,TIER1_CLEAN_A,Total Omission,خاص,[OMITTED],both_ال_ة,وتُغَطى تكاليف اللجنة من الأموال الخاصة بالتكاليف الإدارية والتشغيلية للبرنامج.,تتم تغطية تكاليف اللجنة من الأموال المخصصة لتكاليف الإدارة والتشغيل للبرنامج.,1.0,0.7922077922077921,0.9699020385742188,0.8227848101265822,5,5,5,2,1,1,success
2006/s/2006/78/8:1,en_ar_DEEP,TIER1_CLEAN_A,Hypernym for Hyponym,مستقل,منفصل,both_ال_ة,استخدام الصيغ الوصفية لبنود جدول الأعمال لتلافي وجود عدد من البنود المستقلة لجدول الأعمال عن نفس الموضوع.,استخدام صيغ وصفية لبنود جدول الأعمال لتجنب وجود عدد من البنود المنفصلة حول نفس الموضوع.,1.0,0.78,0.8571517467498779,0.7619047619047619,5,5,5,2,1,1,success
2006/s/2006/822/185:6,en_ar_DEEP,TIER1_CLEAN_A,Total Omission,عندئذ,[OMITTED],prefix_و,واضطر ضباط وحدة الاستجابة السريعة المنحدرين من الشرق إلى الالتجاء إلى مبنى إدارة المقاطعات. وعندئذ أحاط الحشد بالمبنى. وبدأ الحشد المسلح بالسكاكين والعصي والسواطير والحجارة في الهتاف مهددين ضباط وحدة الاستجابة السريعة بالموت.,واضطر ضباط وحدة الاستجابة السريعة الشرقية إلى الاحتماء في مبنى إدارة المنطقة. ثم أحاط الجمهور بالمبنى. وبدأ الحشد المسلح بالسكاكين والعصي والمناجل والحجارة في إطلاق تهديدات بالقتل ضد ضباط وحدة الاستجابة السريعة الشرقية.,1.0,0.7181818181818183,0.928916335105896,0.7066666666666667,5,5,4,3,1,1,success
2006/s/2006/822/193:5,en_ar_TRANSFORMERS,TIER1_CLEAN_A,Total Omission,تابع,[OMITTED],suffix_ة,ومع اشتداد القتال عززت القوات المسلحة مراكزها في منطقة التلال بإرسال سفينة تابعة للقوات البحرية إلى خليج تيبار.,ومع اشتداد القتال، عززت القوات المسلحة التيمورية مواقعها في التلال بإرسال سفينة بحرية إلى خليج تيبار.,1.0,0.7289719626168225,0.9323561787605286,0.7027027027027026,5,5,4,2,1,1,success
2006/s/2006/822/199:5,en_ar_DEEP,TIER1_CLEAN_A,Total Omission,تابع,[OMITTED],both_ال_ة,وفي الواقع، أبلغ ضابط بشرطة الأمم المتحدة عن وجود مدافع رشاشة على سطح المبنى الذي كانت تشغله قوة حفظ السلام السابقة التابعة للأمم المتحدة عصر يوم 24 أيار/مايو.,وفي الواقع، أبلغ أحد ضباط شرطة الأمم المتحدة عن وجود مدافع رشاشة على سطح المبنى السابق لقوة الأمم المتحدة لحفظ السلام بعد ظهر يوم 24 أيار/مايو.,1.0,0.7096774193548387,0.9593321681022644,0.7044025157232705,5,5,4,2,1,1,success
2006/s/2006/822/203:10,en_ar_DEEP,TIER1_CLEAN_A,Register Mismatch,آنذاك,في الوقت الذي,exact,ومع أن اللجنة مقتنعة، بناء على أدلة شهود مستقلين، بأن قوات الدفاع هي التي بادرت بإطلاق النيران، فقد كان كل جانب يعتقد آنذاك أنه تعرض لهجوم من الجانب الآخر.,وبينما اقتنعت اللجنة، استنادا إلى أدلة شهود مستقلين، بأن قوات الدفاع هي التي بدأت تبادل إطلاق النار، في الوقت الذي اعتقد فيه كل جانب أنه تعرض لهجوم من الجانب الآخر.,1.0,0.7086092715231789,0.9412713050842284,0.6829268292682926,5,5,4,2,1,1,success
2006/s/2006/822/203:5,en_ar_DEEP,TIER1_CLEAN_A,Total Omission,بقوة,[OMITTED],exact,وأطلق الرجال في هذه المركبات والجنود في الشارع النيران على مركبات الشرطة، مما أدى إلى إصابة جندي بقوة الشرطة في ساقه.,وأطلق الرجال الذين كانوا في هذه المركبات والجنود المتواجدين في الشارع النار على مركبات الشرطة، مما أدى إلى إصابة أحد ضباط الشرطة الوطنية في ساقيه.,1.0,0.7123287671232876,0.9202487468719482,0.7123287671232876,5,5,4,3,1,1,success
2006/s/2006/822/207:6,en_ar_DEEP,TIER1_CLEAN_A,Total Omission,حالة,[OMITTED],prefix_ال,وأراد السيد مالك إرسال ضباط شرطة الأمم المتحدة برفقة العقيد ريس لمقابلة العميد رواك. ورفض العقيد ريس ذلك معتقدا أن وجود المزيد من ضباط الشرطة الذين يرتدون القمصان الزرق من شأنه أن يؤدي إلى تفاقم الحالة.,أراد السيد مالك إرسال ضباط من شرطة الأمم المتحدة مع العقيد ريس للقاء العميد رواك. ورفض العقيد ريس، معتقدًا أن وجود المزيد من ضباط الشرطة الذين يرتدون القمصان الزرقاء من شأنه أن يؤدي إلى تفاقم الوضع.,1.0,0.8838383838383839,0.984281063079834,0.8811881188118812,1,5,5,2,1,1,success
2006/s/2006/822/209:8,en_ar_DEEP,TIER1_CLEAN_A,Literal Translation,محتدم,ساخن,exact,ودار جدال شفوي محتدم بين العقيد ريس والسيد مالك.,ودار تبادل كلامي ساخن بين العقيد ريس والسيد مالك.,1.0,0.8444444444444444,0.935560941696167,0.7551020408163265,5,5,5,1,1,1,success
2006/s/2006/822/209:8,en_ar_DEEP,TIER1_CLEAN_A,Literal Translation,محتدم,ساخن,exact,ودار جدال شفوي محتدم بين العقيد ريس والسيد مالك.,ودار تبادل كلامي ساخن بين العقيد ريس والسيد مالك.,1.0,0.8444444444444444,0.935560941696167,0.7551020408163265,5,5,5,1,1,1,success
2006/s/2006/822/237:10,en_ar_DEEP,TIER1_CLEAN_A,Hyponym for Hypernym,حركة,تنقل,prefix_ال,كما وضعت قيود على حرية الحركة.,كما تم تقييد حرية التنقل.,1.0,0.6538461538461539,0.899246096611023,0.5666666666666667,5,5,5,1,1,1,success
2006/s/2006/822/294:6,en_ar_DEEP,TIER1_CLEAN_A,Total Omission,حالة,[OMITTED],exact,وفي حالة اتخاذ قرار بمحاكمة جميع الأفراد الذين تسلموا أسلحة بتهمة الحيازة غير المشروعة، فإن بحوزة اللجنة سجلات تحدد هوية هؤلاء الأشخاص.,وإذا تم اتخاذ قرار بمحاكمة جميع الأفراد الذين حصلوا على أسلحة بغرض حيازتها بشكل غير قانوني، فإن اللجنة تحتفظ بسجلات تحدد هوية هؤلاء الأشخاص.,1.0,0.6785714285714286,0.9609516859054564,0.6642857142857144,5,5,5,2,1,1,success
2006/s/2006/940/27:1,en_ar_DEEP,TIER1_CLEAN_A,Total Omission,بعثة,[OMITTED],prefix_ل,6 - يشجع الدول الأعضاء على توفير الموارد المالية لبعثة الهيئة الحكومية الدولية المعنية بالتنمية؛,6 - يشجع الدول الأعضاء على توفير الموارد المالية للهيئة الحكومية الدولية المعنية بالصومال؛,1.0,0.9347826086956522,0.9425475597381592,0.8958333333333334,5,5,4,3,1,1,success
2006/s/2006/981/9:1,en_ar_DEEP,TIER1_CLEAN_A,Total Omission,بموجب,[OMITTED],exact,وإذ يتصرف بموجب الفصل السابع من ميثاق الأمم المتحدة،,وبناء على الفصل السابع من ميثاق الأمم المتحدة،,1.0,0.8085106382978724,0.9294585585594176,0.75,5,5,5,1,1,1,success
2006/s/ac_44/2004/_02_/60/add_1/118:1,en_ar_DEEPL,TIER1_CLEAN_A,Total Omission,بموجب,[OMITTED],exact,أقرها الكونغرس الوطني بموجب القرار التشريعي رقم 26798 المؤرخ 16 أيار/مايو 1997 وصودق عليها في 1 تموز/يوليه 1997,وافق عليها الكونغرس الوطني من خلال القرار التشريعي رقم 26798 الصادر في 16 أيار/مايو 1997 وصدق عليها في 1 تموز/يوليه 1997,1.0,0.825,0.9879072308540344,0.825,5,5,5,2,1,1,success
2006/s/ac_44/2004/_02_/91/add_1/45:1,en_ar_TRANSFORMERS,TIER1_CLEAN_A,Total Omission,أخرى,[OMITTED],exact,مسائل أخرى 1 - اتفاق الإجراء الموحد لمراقبة الصادرات في الدول الأعضاء في الجماعة الاقتصادية لمنطقة أوروبا وآسيا المؤرخ 28 تشرين الأول/أكتوبر 2003,1 - اتفاق بشأن إجراء وحيد لمراقبة الصادرات للدول الأعضاء في الجماعة الاقتصادية للمنطقة الأوروبية الآسيوية، المؤرخ 28 تشرين الأول/أكتوبر 2003,1.0,0.7801418439716312,0.9163218140602112,0.7586206896551724,5,5,4,2,1,1,success
2006/s/agenda/5378/4:1,en_ar_DEEP,TIER1_CLEAN_A,Total Omission,حالة,[OMITTED],prefix_ال,2 - الحالة في كوت ديفوار.,2. الوضع في كوت ديفوار.,1.0,0.782608695652174,0.9548119306564332,0.76,5,5,5,1,1,1,success
2006/s/agenda/5461/4:1,en_ar_DEEP,TIER1_CLEAN_A,Total Omission,حالة,[OMITTED],prefix_ال,2- الحالة في الشرق الأوسط,2. الوضع في الشرق الأوسط,1.0,0.8333333333333334,0.9726656675338744,0.8,5,5,5,1,1,1,success
2006/s/agenda/5497/4:1,en_ar_DEEP,TIER1_CLEAN_A,Total Omission,حالة,[OMITTED],prefix_ال,2 - الحالة في الشرق الأوسط.,2. الوضع في الشرق الأوسط.,1.0,0.8,0.974561095237732,0.7777777777777778,5,5,5,1,1,1,success
2006/s/agenda/5559/4:1,en_ar_DEEP,TIER1_CLEAN_A,Total Omission,حالة,[OMITTED],prefix_ال,2 - الحالة في الشرق الأوسط,2. الوضع في الشرق الأوسط,1.0,0.7916666666666666,0.9726656675338744,0.7692307692307692,5,5,5,1,1,1,success
2006/s/agenda/5586/4:1,en_ar_DEEP,TIER1_CLEAN_A,Total Omission,حالة,[OMITTED],prefix_ال,2 - الحالة في الشرق الأوسط,2. الوضع في الشرق الأوسط,1.0,0.7916666666666666,0.9726656675338744,0.7692307692307692,5,5,5,1,1,1,success
2006/s/agenda/5597/4:1,en_ar_DEEP,TIER1_CLEAN_A,Total Omission,حالة,[OMITTED],prefix_ال,2 - الحالة في الشرق الأوسط,2. الوضع في الشرق الأوسط,1.0,0.7916666666666666,0.9726656675338744,0.7692307692307692,5,5,5,1,1,1,success
2006/s/prst/2006/48/16:1,en_ar_DEEP,TIER1_CLEAN_A,Progressive to Perfective,التي ترتكب,المرتكبة,exact_seq,"""معلومات عن امتثال الأطراف في الصراعات المسلحة لإنهاء تجنيد الأطفال أو استخدامهم في الصراعات المسلحة في انتهاك للقانون الدولي المنطبق وغير ذلك من الانتهاكات التي ترتكب بحق الأطفال المتضررين جراء الصراعات المسلحة؛","""معلومات عن امتثال أطراف النزاعات المسلحة لإنهاء تجنيد الأطفال أو استخدامهم في النزاعات المسلحة في انتهاك للقانون الدولي المنطبق وغيره من الانتهاكات المرتكبة ضد الأطفال المتضررين من النزاعات المسلحة؛",1.0,0.8910891089108911,0.9912129640579224,0.8726415094339622,5,5,4,2,1,1,success
2006/s/pv_5465/54:1,en_ar_DEEP,TIER1_CLEAN_A,Total Omission,أخرى,[OMITTED],exact,"ولذلك، تصر اليونان على ضرورة توضيح الفقرة السادسة من الديباجة - حيث يحث المجلس على ""إحراز تقدم صوب استئناف المفاوضات من أجل التوصل إلى تسوية شاملة"" - إذ ينبغي التأكيد مرة أخرى على أن تلك المفاوضات ينبغي أن تتم بين الطائفتين.","ولهذا السبب أصرت اليونان على ضرورة التوضيح، في الفقرة السادسة من الديباجة - التي يحث فيها المجلس على ""إحراز تقدم نحو استئناف المفاوضات من أجل التوصل إلى تسوية شاملة"" - إلى أنه ينبغي التأكيد من جديد على ضرورة إجراء تلك المفاوضات بين المجتمعين.",1.0,0.71900826446281,0.962616801261902,0.71900826446281,5,5,4,2,1,1,success
2006/s/res/1674_2006_/18:1,en_ar_DEEP,TIER1_CLEAN_A,Progressive to Perfective,التي ترتكب,المرتكبة,exact_seq,5 - يؤكد من جديد أيضا إدانته بكل شدة لجميع أعمال العنف والاعتداءات التي ترتكب ضد المدنيين في حالات الصراع المسلح، بما يتنافى والالتزامات الدولية السارية بشأن الحالات التالية على وجه الخصوص: '1` التعذيب وغيره من ضروب المعاملة المحظورة، '2` العنف الجنساني والجنسي، '3` ممارسة العنف ضد الأطفال، '4` تجنيد الأطفال واستخدام الجنود الأطفال، '5` الاتجار بالبشر، '6` التشريد القسري، '7` الحرمان المتعمد من المساعدة الإنسانية، ويطالب جميع الأطراف بوضع حد لهذه الممارسات؛,5. يؤكد من جديد أيضًا إدانته بأشد العبارات لجميع أعمال العنف أو التجاوزات المرتكبة ضد المدنيين في حالات النزاع المسلح في انتهاك للالتزامات الدولية المعمول بها فيما يتعلق على وجه الخصوص بما يلي: (1) التعذيب وغيره من ضروب المعاملة المحظورة، (2) الجنس- العنف القائم على أساس جنسي، (3) العنف ضد الأطفال، (4) تجنيد واستخدام الجنود الأطفال، (5) الاتجار بالبشر، (6) التهجير القسري، و (7) الحرمان المتعمد من المساعدة الإنسانية، ويطالب بما يلي: أن تضع جميع الأطراف حداً لهذه الممارسات؛,1.0,0.7072649572649572,0.9552077054977416,0.7016806722689075,5,5,4,3,1,1,success
2006/s/res/1721_2006_/18:1,en_ar_DEEP,TIER1_CLEAN_A,Total Omission,بموجب,[OMITTED],exact,وإذ يتصرف بموجب الفصل السابع من ميثاق الأمم المتحدة،,وبناء على الفصل السابع من ميثاق الأمم المتحدة،,1.0,0.8085106382978724,0.9294585585594176,0.75,5,5,5,1,1,1,success
2006/s/res/1735_2006_/42:1,en_ar_DEEP,TIER1_CLEAN_A,Register Mismatch,شطب أسماء,رفع أسماء,exact_seq,14 - يقرر أنه يجوز للجنة، لدى تحديد ما إذا كان يتعين شطب أسماء من القائمة الموحدة، أن تنظر في أمور من جملتها، '1`ما إذا كان اسم الفرد أو الكيان قد أدرج في القائمة الموحدة بسبب خطأ في تحديد الهوية، أو '2`ما إذا أصبح الفرد أو الكيان غير مستوف المعايير المحددة في القرارات ذات الصلة، لا سيما القرار 1617 (2005)؛ ويجوز للجنة عند إجراء التقييم المذكور في النقطة '2` أعلاه أن تنظر في أمور من جملتها إن كان الفرد قد توفي أو ثبت فعليا أن الفرد أو الكيان قد قطع كل ارتباطاته، على النحو المحدد في القرار 1617 (2005)، بتنظيم القاعدة وأسامة بن لادن وحركة الطالبان ومن يؤيدهم، بما في ذلك جميع الأفراد والكيانات المدرجة أسماؤهم في القائمة الموحدة؛ 15 - يقرر تمديد فترة نظر اللجنة في الإشعارات المقدمة عملا بالفقرة 1 (أ) من القرار 1452 (2002) من 48 ساعة إلى ثلاثة أيام عمل؛,14 - يقرر أنه يجوز للجنة، عند تحديد ما إذا كان ينبغي رفع أسماء من القائمة الموحدة، أن تنظر، من بين أمور أخرى، في (1) ما إذا كان الفرد أو الكيان قد تم إدراجه في القائمة الموحدة بسبب خطأ في الهوية، أو (2) وما إذا كان الفرد أو الكيان لم يعد يستوفي المعايير المنصوص عليها في القرارات ذات الصلة، ولا سيما القرار 1617 (2005)؛ عند إجراء التقييم الوارد في (2) أعلاه، يجوز للجنة أن تنظر، من بين أمور أخرى، في ما إذا كان الفرد متوفى، أو ما إذا كان قد ثبت بشكل مؤكد أن الفرد أو الكيان قد قطع كل ارتباطاته، على النحو المحدد في القرار 1617 (2005). ومع تنظيم القاعدة وأسامة بن لادن وحركة طالبان ومؤيديهم، بما في ذلك جميع الأفراد والكيانات المدرجة أسماؤهم في القائمة الموحدة؛ الإعفاءات 15 - يقرر تمديد فترة نظر اللجنة في الإخطارات المقدمة عملا بالفقرة 1 (أ) من القرار 1452 (2002) من 48 ساعة إلى 3 أيام عمل؛,1.0,0.7736572890025575,0.9758650064468384,0.7724399494310998,4,4,4,2,1,1,success
2006/s/res/1738_2006_/17:1,en_ar_DEEP,TIER1_CLEAN_A,Total Omission,خاص,[OMITTED],both_ال_ة,3 - يشير أيضا إلى أن المعدات والمنشآت الخاصة بوسائط الإعلام تشكل أعيانا مدنية، ولا يجوز في هذا الصدد أن تكون هدفا لأي هجمات أو أعمال انتقامية، ما لم تكن أهدافا عسكرية؛,3- يشير أيضاً إلى أن المعدات والمنشآت الإعلامية تشكل أعياناً مدنية، ولا يجوز في هذا الصدد أن تكون هدفاً للهجوم أو الأعمال الانتقامية، ما لم تكن أهدافاً عسكرية؛,1.0,0.8292682926829268,0.9846251606941224,0.8143712574850299,1,5,5,2,1,1,success
2007/s/2007/132/183:2,en_ar_DEEP,TIER1_CLEAN_A,Total Omission,حالة,[OMITTED],exact,وقد كشف الفريق بالفعل عن حالة من هذا النوع.,وقد اكتشف الفريق بالفعل إحدى هذه الحالات.,1.0,0.6585365853658536,0.8811047673225403,0.6046511627906976,5,5,5,1,1,1,success
2007/s/2007/139/169:1,en_ar_DEEP,TIER1_CLEAN_A,Terminology Substitution,العابرة,عبر الوطنية,exact,وفي كانون الأول/ديسمبر 2005، أودعت فانواتو صك انضمامها إلى اتفاقية الأمم المتحدة لمكافحة الجريمة المنظمة العابرة للحدود الوطنية (اتفاقية باليرمو).,وفي كانون الأول/ديسمبر 2005، أودعت فانواتو صك انضمامها إلى اتفاقية الأمم المتحدة لمكافحة الجريمة المنظمة عبر الوطنية (اتفاقية باليرمو).,1.0,0.8920863309352518,0.995022177696228,0.9246575342465754,5,5,5,1,1,1,success
2007/s/2007/22/131:1,en_ar_DEEP,TIER1_CLEAN_A,Total Omission,حالة,[OMITTED],prefix_ال,الحالة في الشرق الأوسط,الوضع في الشرق الأوسط,1.0,0.8571428571428572,0.976276159286499,0.8181818181818181,5,5,5,1,1,1,success
2007/s/2007/22/164:1,en_ar_DEEP,TIER1_CLEAN_A,Total Omission,حالة,[OMITTED],prefix_ال,الحالة في كوت ديفوار,الوضع في كوت ديفوار,1.0,0.8421052631578947,0.978996992111206,0.8,5,5,5,1,1,1,success
2007/s/2007/254/59:1,en_ar_DEEP,TIER1_CLEAN_A,Total Omission,خاص,[OMITTED],prefix_ال,:: مساعدة اللجنة في إعداد وإجراء مناقشات مواضيعية بشأن تعزيز الجهود الرامية إلى الحد من تنقل الإرهابيين، بمشاركة خبراء من جميع المنظمات الدولية الفنية ذات الصلة، وذلك قبل انعقاد الاجتماع الخاص الخامس.,:: مساعدة اللجنة في إعداد وإجراء مناقشات مواضيعية بشأن تعزيز الجهود الرامية إلى الحد من تنقل الإرهابيين، بمشاركة خبراء من جميع المنظمات الدولية التقنية ذات الصلة، قبل الاجتماع الاستثنائي الخامس.,1.0,0.9035532994923858,0.988240659236908,0.895,1,5,5,2,1,1,success
2007/s/2007/257/54:3,en_ar_DEEP,TIER1_CLEAN_A,Total Omission,حالة,[OMITTED],prefix_ال,وتتفاقم هذه الحالة بارتفاع معدل البطالة وتدهور الظروف الصحية، لا سيما مع الانتشار المتزايد لفيروس نقص المناعة البشرية/الإيدز، والتيفوئيد، والملاريا، والسل، وكذلك ارتفاع معدلات وفيات الأمهات والرضع والأطفال.,ويتفاقم الوضع بسبب ارتفاع معدلات البطالة وتدهور الأوضاع الصحية، خاصة مع تزايد حالات الإصابة بفيروس نقص المناعة البشرية/الإيدز والتيفوئيد والملاريا والسل وارتفاع معدلات وفيات الأمهات والرضع والأطفال.,1.0,0.7673267326732673,0.97935152053833,0.7621359223300971,1,5,5,2,1,1,success
2007/s/2007/323/51:1,en_ar_TRANSFORMERS,TIER1_CLEAN_A,Total Omission,خاص,[OMITTED],exact,27 - وتعد محاكمة كاريميرا وآخرين (الفقرة 12) محاكمة معقدة بشكل خاص.,وتعتبر محاكمة كاريميرا وآخرين (الفقرة 12) قضية معقدة للغاية.,1.0,0.703125,0.922164022922516,0.7014925373134329,5,5,5,2,1,1,success
2007/s/2007/340/151:1,en_ar_DEEP,TIER1_CLEAN_A,Total Omission,حالة,[OMITTED],prefix_بال,81 - هناك بعض الاختلاف فيما يتعلق بالحالة النهائية للسنة المالية 2005/2006.,81. هناك بعض التناقض فيما يتعلق بالوضع النهائي للسنة المالية 2005/2006.,1.0,0.8450704225352113,0.9547673463821412,0.84,5,5,5,2,1,1,success
2007/s/2007/677/102:2,en_ar_DEEPL,TIER1_CLEAN_A,Passive to Active Voice,اختير,قد تم اختيار,prefix_و,واختير عدد قليل جدا للمراجعة، وفي نهاية الأمر، بعد إتمام كل الإجراءات المبينة في المبادئ التوجيهية للجنة، بما في ذلك الجهود الرامية إلى الحصول على معلومات من دول أخرى ذات صلة، انتهت المراجعة من دون إجراء أية تغييرات على القائمة.,وقد تم اختيار عدد قليل جداً من الدول للمراجعة، وفي نهاية المطاف، وبعد الانتهاء من جميع الإجراءات المبينة في المبادئ التوجيهية للجنة، بما في ذلك الجهود المبذولة للحصول على معلومات من الدول الأخرى ذات الصلة، انتهى الاستعراض دون أي تغييرات في القائمة.,1.0,0.7457627118644068,0.9694608449935912,0.7298387096774194,1,5,4,2,1,1,success
2007/s/agenda/5712/4:1,en_ar_DEEP,TIER1_CLEAN_A,Total Omission,حالة,[OMITTED],prefix_ال,2 - الحالة في كوت ديفوار.,2. الوضع في كوت ديفوار.,1.0,0.782608695652174,0.9548119306564332,0.76,5,5,5,1,1,1,success
2007/s/agenda/5762/4:1,en_ar_DEEP,TIER1_CLEAN_A,Total Omission,حالة,[OMITTED],prefix_ال,2 - الحالة في غينيا - بيساو,2. الوضع في غينيا بيساو,1.0,0.6956521739130435,0.9447632431983948,0.7037037037037037,5,5,5,1,1,1,success
2007/s/agenda/5772/4:1,en_ar_DEEP,TIER1_CLEAN_A,Total Omission,حالة,[OMITTED],prefix_ال,2 - الحالة في كوت ديفوار,2. الوضع في كوت ديفوار,1.0,0.7727272727272727,0.950704038143158,0.75,4,4,5,1,1,1,success
2007/s/prst/2007/40/14:1,en_ar_DEEP,TIER1_CLEAN_A,Terminology Substitution,المعنية,ذات الصلة,exact,"""يناشد مجلس الأمن المجتمع الدولي أن يقدم، عند الاقتضاء، الدعم المالي والفني، فضلا عن التدريب المناسب من أجل تنفيذ القرار 1325 (2000) على الصعيد الوطني، ويناشد منظومة الأمم المتحدة والمجتمع المدني والجهات الأخرى المعنية أن تتعاون وأن تقدم المساعدة إلى الدول الأعضاء وفقا للأولويات الوطنية، ولا سيما إلى الدول المتضررة من الصراعات المسلحة، من أجل وضع خطط العمل الوطنية بشكل سريع، والعمل بشكل وثيق مع الهيئات الوطنية المسؤولة عن تنفيذ هذا القرار بعدة وسائل بما فيها، حيثما كان ذلك مناسبا، من خلال أفرقة الأمم المتحدة القطرية.","""ويدعو مجلس الأمن المجتمع الدولي إلى توفير الدعم المالي والتقني، حيثما يلزم، فضلا عن التدريب المناسب، من أجل تنفيذ القرار 1325 (2000) على الصعيد الوطني، ويدعو منظومة الأمم المتحدة والمجتمع المدني والجهات الفاعلة الأخرى ذات الصلة إلى القيام التعاون وتقديم المساعدة بما يتماشى مع الأولويات الوطنية للدول الأعضاء، ولا سيما تلك المتضررة من النزاعات المسلحة، في التطوير السريع لخطط العمل الوطنية، والعمل بشكل وثيق مع الآليات الوطنية المسؤولة عن تنفيذ القرار، بما في ذلك، حيثما يكون ذلك مناسبا، من خلال أفرقة الأمم المتحدة القطرية.",1.0,0.6918604651162791,0.9881604313850404,0.6838095238095239,5,5,4,3,1,1,success
2007/s/prst/2007/41/5:2,en_ar_DEEP,TIER1_CLEAN_A,Total Omission,خاص,[OMITTED],suffix_ة,ويشدد المجلس على استعداده اتخاذ إجراءات بحق أي طرف يسعى لتقويض عملية السلام بأي وسيلة، خاصة عبر عدم التقيد بوقف الأعمال القتالية هذا أو عرقلة المحادثات أو عملية حفظ السلام أو تقديم المساعدات الإنسانية.,ويؤكد المجلس استعداده لاتخاذ إجراءات ضد أي طرف يسعى إلى تقويض عملية السلام، بما في ذلك عن طريق عدم احترام وقف الأعمال العدائية أو عن طريق إعاقة المحادثات أو حفظ السلام أو المساعدات الإنسانية.,1.0,0.696969696969697,0.948946475982666,0.691542288557214,5,5,4,2,1,1,success
2007/s/prst/2007/41/5:2,en_ar_DEEP,TIER1_CLEAN_A,Total Omission,خاص,[OMITTED],suffix_ة,ويشدد المجلس على استعداده اتخاذ إجراءات بحق أي طرف يسعى لتقويض عملية السلام بأي وسيلة، خاصة عبر عدم التقيد بوقف الأعمال القتالية هذا أو عرقلة المحادثات أو عملية حفظ السلام أو تقديم المساعدات الإنسانية.,ويؤكد المجلس استعداده لاتخاذ إجراءات ضد أي طرف يسعى إلى تقويض عملية السلام، بما في ذلك عن طريق عدم احترام وقف الأعمال العدائية أو عن طريق إعاقة المحادثات أو حفظ السلام أو المساعدات الإنسانية.,1.0,0.696969696969697,0.948946475982666,0.691542288557214,5,5,4,2,1,1,success
2007/s/prst/2007/47/5:1,en_ar_DEEP,TIER1_CLEAN_A,Total Omission,خاص,[OMITTED],both_ال_ة,"""ويعرب مجلس الأمن عن إدانته الشديدة لهذه المحاولة الرامية إلى زعزعة استقرار المؤسسات اللبنانية، ويتعلق الأمر في هذه الحالة الخاصة بالقوات المسلحة اللبنانية.","""ويعرب مجلس الأمن عن إدانته الشديدة لهذه المحاولة الرامية إلى زعزعة استقرار المؤسسات اللبنانية، وفي هذه الحالة بالذات، القوات المسلحة اللبنانية.",1.0,0.8823529411764706,0.9708496928215028,0.891025641025641,5,5,4,2,1,1,success
2007/s/pv_5693/127:1,en_ar_DEEP,TIER1_CLEAN_A,Total Omission,حالة,[OMITTED],prefix_وال,والحالة على أرض الواقع مثيرة للقلق أيضا من الناحية الإنسانية ويؤكد الأمين العام أن العراق يمر بأزمة كبيرة، وصرح بأن الحالة آخذة في التدهور.,ويثير الوضع على الأرض القلق أيضاً من الناحية الإنسانية. ويؤكد الأمين العام أن العراق يعيش أزمة كبيرة، مبينا أن الوضع مستمر في التدهور.,1.0,0.7037037037037037,0.9491384029388428,0.6906474820143884,5,5,5,2,1,1,success
2007/s/pv_5693/171:2,en_ar_DEEPL,TIER1_CLEAN_A,Total Omission,خاص,[OMITTED],both_و_ة,ومرة أخرى، تشمل تلك التحديات المصالحة الوطنية وتقاسم السلطة السياسية والتوزيع المنصف للموارد الطبيعية، وخاصة إيرادات النفط.,ومرة أخرى، تشمل تلك التحديات المصالحة الوطنية. تقاسم السلطة السياسية والتوزيع العادل للموارد الطبيعية، ولا سيما عائدات النفط.,1.0,0.888,0.9544039964675904,0.88,5,5,4,2,1,1,success
2007/s/pv_5693/88:2,en_ar_DEEP,TIER1_CLEAN_A,Total Omission,حالة,[OMITTED],prefix_ال,وعلى الرغم مما أحرزناه من تقدم ملحوظ، ما زالت البيئة السياسية والأمنية والاقتصادية المعقدة تشكل تحديات كبيرة أمام القادة المنتخبين المكلفين بتطبيع الحالة في بلدنا.,على الرغم من التقدم الملحوظ، لا تزال البيئة السياسية والأمنية والاقتصادية المعقدة تشكل تحديات هائلة للقادة المنتخبين المكلفين بتطبيع بلدنا.,1.0,0.7861635220125787,0.9751417636871338,0.7668711656441718,5,5,4,2,1,1,success
2007/s/pv_5788/68:3,en_ar_DEEP,TIER1_CLEAN_A,Total Omission,خاص,[OMITTED],both_و_ة,ونلاحظ الاهتمامات الأمنية التي تقول إسرائيل إنها تضطرها إلى مواصلة عمليات تحليق طائراتها، وخاصة الادعاءات بوجود انتهاكات لحظر السلاح المقرر عملا بالقرار 1701 (2006).,ونلاحظ المخاوف الأمنية التي تقول إسرائيل إنها تجبرها على مواصلة تلك الطلعات الجوية، وتحديدا الادعاءات المتعلقة بانتهاكات حظر الأسلحة المفروض عملا بالقرار 1701 (2006).,1.0,0.6987951807228916,0.9632456302642822,0.6987951807228916,1,5,5,2,1,1,success
2007/s/res/1787_2007_/10:1,en_ar_DEEP,TIER1_CLEAN_A,Register Mismatch,ملائم,مناسب,prefix_ال,2 - يطلب إلى المدير التنفيذي للمديرية التنفيذية للجنة مكافحة الإرهاب أن يوصي، في غضون 60 يوما من اتخاذ هذا القرار وبالتشاور مع أعضاء المجلس، بالتغييرات التي يرى من الملائم إدخالها على الخطة التنظيمية المشار إليها في الفقرة 4 من القرار 1535 (2004)، وأن يقدمها إلى لجنة مكافحة الإرهاب لتنظر فيها وتقرها قبل انتهاء المدة المشار إليها في الفقرة 1 من هذا القرار؛,2 - يطلب إلى المدير التنفيذي للمديرية التنفيذية للجنة مكافحة الإرهاب، في غضون 60 يوما من اتخاذ هذا القرار وبالتشاور مع أعضاء المجلس، أن يوصي بإدخال التغييرات التي يراها مناسبة على الخطة التنظيمية المشار إليها في الفقرة 4 من القرار. القرار 1535 (2004) وتقديمه إلى لجنة مكافحة الإرهاب للنظر فيه وإقراره قبل انتهاء المدة المشار إليها في الفقرة (1) من هذا القرار؛,1.0,0.8389830508474576,0.9884868860244752,0.83008356545961,5,5,4,3,1,1,success
2008/s/2008/10/add_13/21:1,en_ar_DEEP,TIER1_CLEAN_A,Total Omission,حالة,[OMITTED],prefix_ال,16 - الحالة في الأراضي العربية المحتلة(1) (4 أيار/مايو 1976؛ 13 تموز/يوليه 1998).,16. الوضع في الأراضي العربية المحتلة (1) (4 مايو 1976؛ 13 يوليو 1998).,1.0,0.7792207792207793,0.9828424453735352,0.7777777777777778,5,5,5,1,1,1,success
2008/s/2008/10/add_48/12:1,en_ar_DEEP,TIER1_CLEAN_A,Total Omission,حالة,[OMITTED],prefix_ال,8 - الحالة في شبه القارة الهندية الباكستانية (4 كانون الأول/ديسمبر 1971؛ 27 كانون الأول/ديسمبر 1971).,8. الوضع في شبه القارة الهندية/الباكستانية (4 ديسمبر 1971؛ 27 ديسمبر 1971).,1.0,0.6907216494845361,0.9672402143478394,0.693069306930693,5,5,5,2,1,1,success
2008/s/2008/10/add_8/21:1,en_ar_DEEP,TIER1_CLEAN_A,Total Omission,حالة,[OMITTED],prefix_ال,16 - الحالة في الأراضي العربية المحتلة(1) (4 أيار/مايو 1976؛ 13 تموز/ يوليه 1998).,16. الوضع في الأراضي العربية المحتلة (1) (4 مايو 1976؛ 13 يوليو 1998).,1.0,0.7692307692307692,0.9828424453735352,0.7682926829268293,5,5,5,1,1,1,success
2008/s/2008/25/50:1,en_ar_DEEP,TIER1_CLEAN_A,Tanween Omission,عملاً,عملا,exact,25 - ومن منطلق اعتراف الفريق بالحاجة الخاصة إلى تنسيق عمله مع المديرية التنفيذية للجنة مكافحة الإرهاب وغيرها من الهيئات ذات الصلة، في المجالات التي قد تشعر فيها الدول أنها مثقلة بطلبات مجلس الأمن على المعلومات، فإنه وضع استراتيجية مشتركة مع المديرية التنفيذية والخبراء الذين يدعمون اللجنة المنشأة عملاً بالقرار 1540 (2004)، لمعالجة المشاكل التي تواجهها الدول التي لم تقدم بعد التقارير المطلوبة من اللجان الثلاث.,25 - وإدراكا للحاجة الخاصة إلى تنسيق عمله مع المديرية التنفيذية للجنة مكافحة الإرهاب وغيرها من الهيئات ذات الصلة في المجالات التي قد تشعر فيها الدول بأنها مثقلة بالأعباء بسبب طلبات الحصول على معلومات من مجلس الأمن، وضع الفريق استراتيجية مشتركة مع المديرية التنفيذية ولجنة مكافحة الإرهاب. الخبراء الذين يدعمون اللجنة المنشأة عملا بالقرار 1540 (2004) لمعالجة المشاكل التي تواجهها الدول التي لم تقدم بعد التقارير المطلوبة من اللجان الثلاث.,1.0,0.8055555555555556,0.9708228707313538,0.805045871559633,5,5,4,3,1,1,success
2008/s/2008/250/52:3,en_ar_DEEPL,TIER1_CLEAN_A,Total Omission,تابع,[OMITTED],prefix_ال,كما يقدم عنصر الشرطة التابع للعملية الدعم التقني والمشورة لمركز القيادة المتكاملة فيما يتعلق بإصلاح قطاع الأمن.,كما يقدم عنصر الشرطة في عملية الأمم المتحدة في كوت ديفوار الدعم الفني والمشورة لمركز القيادة المتكاملة فيما يتعلق بإصلاح قطاع الأمن.,1.0,0.7575757575757576,0.9195337891578674,0.75,5,5,5,3,1,1,success
2008/s/2008/250/54:2,en_ar_DEEPL,TIER1_CLEAN_A,Total Omission,بموجب,[OMITTED],exact,واجتمعت البعثة مع نطاق عريض من أصحاب المصلحة الدوليين والإيفواريين، ومنهم الرئيس غباغبو، ورئيس الوزراء سورو، ورئيس أركان قوات الدفاع والأمن في كوت ديفوار، ورئيس أركان القوات الجديدة، وممثلو الأحزاب السياسية، ورؤساء المؤسسات الوطنية المسؤولة عن تنفيذ العمليات الرئيسية بموجب اتفاق واغادوغو.,وقد التقت بعثة التقييم بطائفة واسعة من أصحاب المصلحة الدوليين والإيفواريين، بمن فيهم الرئيس غباغبو ورئيس الوزراء سورو، ورئيسا أركان قوات الدفاع والأمن في كوت ديفوار والقوات الجديدة وممثلو الأحزاب السياسية ورؤساء المؤسسات الوطنية المسؤولة عن تنفيذ العمليات الرئيسية في إطار اتفاق واغادوغو.,1.0,0.8229166666666666,0.971460461616516,0.8235294117647058,5,5,4,2,1,1,success
2008/s/2008/250/6:4,en_ar_DEEP,TIER1_CLEAN_A,Total Omission,الرصاص,[OMITTED],exact,وما برحت جثث خمسة أشخاص يُعتقد أنهم من مؤيدي السيد كوليبالي، وتوجد بها آثار جروح من طلقات الرصاص والتعذيب، محجوزة في مشرحة بواكي منذ أواخر كانون الأول/ديسمبر، انتظارا لنتائج التحقيقات الجنائية.,ولا تزال جثث خمسة أشخاص يُعتقد أنهم من أنصار السيد كوليبالي، وعليها آثار طلقات نارية وتعذيب، محتجزة في مشرحة بواكي منذ أواخر ديسمبر/كانون الأول، في انتظار نتائج التحقيقات الجنائية.,1.0,0.732620320855615,0.9748858213424684,0.7409326424870466,5,5,5,2,1,1,success
2008/s/2008/250/82:4,en_ar_DEEP,TIER1_CLEAN_A,Total Omission,بعثة,[OMITTED],prefix_ال,وقامت البعثة بتدريب أكثر من 20 منظمة لحقوق الإنسان على أساليب الرصد واشتركت مع منظمة غير حكومية وطنية في تيسير إصدار ونشر مواد للتوعية لأكثر من 000 30 شخص ومنظمات للمجتمع المدني، وذلك بدعم مالي من مفوضية الأمم المتحدة لحقوق الإنسان وسفارة كندا.,وقد قامت بتدريب أكثر من 20 منظمة لحقوق الإنسان على تقنيات الرصد، كما دخلت في شراكة مع منظمة غير حكومية وطنية لتسهيل إنتاج ونشر المواد التوعوية لأكثر من 30 ألف شخص ومنظمة من المجتمع المدني، وذلك بدعم مالي من مكتب المفوض السامي للأمم المتحدة لحقوق الإنسان وسفارة كندا.,1.0,0.7593984962406015,0.9521428346633912,0.7481203007518797,5,5,5,2,1,1,success
2008/s/2008/251/10:9,en_ar_DEEP,TIER1_CLEAN_A,Total Omission,حالة,[OMITTED],prefix_ال,وأثناء المسيرة، أبلغ الجيش الملكي المغربي قائد القوة بأن قواته تلقت تعليمات برصد الحالة.,وخلال المسيرة، أبلغ الجيش الملكي المغربي قائد القوة أن قواته تلقت تعليمات بمراقبة الوضع.,1.0,0.8522727272727273,0.9780147075653076,0.8409090909090909,1,5,5,1,1,1,success
2008/s/2008/251/64:1,en_ar_DEEP,TIER1_CLEAN_A,Total Omission,خاص,[OMITTED],suffix_ة,49 -بما أن بعثة الأمم المتحدة للاستفتاء في الصحراء الغربية لم تكلف بولاية خاصة في مجال حقوق الإنسان، فليس لها موظفون مكرسون لرصد حقوق الإنسان في الإقليم أو في مخيمات اللاجئين قرب تندوف.,49 - وبما أن البعثة ليس لديها ولاية محددة في مجال حقوق الإنسان، فليس لديها موظفون مخصصون لرصد حقوق الإنسان في الإقليم أو في مخيمات اللاجئين بالقرب من تندوف.,1.0,0.6648351648351649,0.944860577583313,0.654054054054054,5,5,4,3,1,1,success
2008/s/2008/258/51:4,en_ar_DEEP,TIER1_CLEAN_A,Terminology Substitution,يهيب,يدعو,prefix_و,ويتضمن برنامج العمل اقتراحات ملموسة لتحسين التشريعات والضوابط الوطنية، وتعزيز المساعدة والتعاون الدوليين. ويهيب بالدول تلبية الاحتياجات الخاصة للأطفال المتأثرين بالنزاعات المسلحة.,ويتضمن برنامج العمل اقتراحات ملموسة لتحسين التشريعات والضوابط الوطنية والمساعدة والتعاون الدوليين. ويدعو الدول إلى معالجة الاحتياجات الخاصة للأطفال المتضررين من النزاعات المسلحة.,1.0,0.88,0.969687819480896,0.8659217877094972,5,5,5,2,1,1,success
2008/s/2008/259/14:3,en_ar_TRANSFORMERS,TIER1_CLEAN_A,Total Omission,تابع,[OMITTED],both_ال_ة,وقامت المليشيا الماوية بطائفة من الأعمال خلال النزاع، بما في ذلك التعبئة، والدعاية، والقيام بدور جيش غير نظامي، و ''إنفاذ القانون`` بأشكال مختلفة في مناطق توجد تحت سيطرة الحزب الشيوعي النيبالي (الماوي). وعندما حلت المليشيا الماوية، التحق العديد من أفرادها، حسبما أفيد، بعصبة الشبيبة الشيوعية التابعة للحزب، وهي منظمة أعيد إنشاؤها في كانون الأول/ديسمبر 2006.,"وقامت الميليشيا الماوية بمجموعة من المهام أثناء النزاع، بما في ذلك التعبئة والدعاية والعمل كجيش غير نظامي وتوفير أشكال مختلفة من ""إنفاذ القانون"" في المناطق الخاضعة لسيطرة الحزب الشيوعي النيبالي الماوي. وعندما تم حل الميليشيا الماوية، أُفيد أن العديد من الأعضاء انضموا إلى رابطة الشباب الشيوعية للحزب الشيوعي الماوي، وهي منظمة أعيد إنشاؤها في كانون الأول/ديسمبر 2006.",1.0,0.6666666666666667,0.9503790736198424,0.6693989071038251,5,5,4,2,1,1,success
2008/s/2008/259/53:1,en_ar_GOOGLE,TIER1_CLEAN_A,Total Omission,بموجب,[OMITTED],exact,34 - وأحرزت حكومة نيبال بعض التقدم في سبيل الوفاء بالتزاماتها بموجب اتفاق السلام الشامل بالتكفل بتأهيل الأطفال المرتبطين سابقا بالقوات والجماعات المسلحة.,34 - أحرزت حكومة نيبال بعض التقدم نحو الوفاء بالتزاماتها في اتفاق السلام الشامل بتوفير إعادة تأهيل الأطفال الذين كانوا مرتبطين سابقا بالقوات والجماعات المسلحة.,1.0,0.8050314465408805,0.9849514961242676,0.7861635220125787,5,5,4,3,1,1,success
2008/s/2008/324/69:1,en_ar_DEEP,TIER1_CLEAN_A,Tanween Omission,عملاً,عملا,exact,الثاني - وثائق مختارة للجنة مجلس الأمن المنشأة عملاً بالقرار 1267 (1999) بشأن تنظيم القاعدة وحركة الطالبان,ثانيا. وثائق مختارة للجنة مجلس الأمن المنشأة عملا بالقرار 1267 (1999) بشأن تنظيم القاعدة وحركة الطالبان,1.0,0.9603960396039604,0.991287112236023,0.9528301886792452,5,5,4,2,1,1,success
2008/s/2008/324/97:3,en_ar_DEEP,TIER1_CLEAN_A,Total Omission,حالة,[OMITTED],exact,ثانياً، تتسبب قلة المعلومات في حالة من الإحباط والسخط لدى الأشخاص المسؤولين عن التحقق من القائمة التي يعتمد عليها التنفيذ الفعال أكثر من غيرها، مما يزيد من خطر عدم اكتشاف الأسماء المدرجة، واحتمال تطبيق التدابير على أهداف غير مقصودة.,ثانياً، تؤدي المعلومات المحدودة إلى خلق الإحباط والسخط بين الأشخاص المسؤولين عن التحقق من القائمة، الذين يعتمد عليهم التنفيذ الفعال في معظم الأحيان، مما يزيد من خطر عدم اكتشاف الأسماء المدرجة واحتمال تطبيق التدابير على أهداف غير مقصودة.,1.0,0.8177966101694916,0.9502772688865662,0.8220338983050848,1,5,4,2,1,1,success
2008/s/2008/330/54:1,en_ar_DEEPL,TIER1_CLEAN_A,Register Mismatch,زهاء,حوالي,exact,44 - وفي تشرين الثاني/نوفمبر وكانون الأول/ديسمبر 2007، استعادت الحكومة زهاء 100 مليون فرنك بوروندي كان قد اختلسها أشخاص مختلفون.,44. وفي تشرين الثاني/نوفمبر وكانون الأول/ديسمبر 2007، استردت الحكومة حوالي 100 مليون فرنك بوروندي اختلسها أفراد مختلفون.,1.0,0.8870967741935484,0.9795333743095398,0.859375,5,5,5,2,1,1,success
2008/s/2008/371/235:4,en_ar_DEEP,TIER1_CLEAN_A,Register Mismatch,آنذاك,في ذلك الوقت,exact,وكان السيد ولوي قد حوكم بتهمة الفساد وسوء إدارة الأموال الحكومية أثناء فترة عمله بالوزارة، وكان قد أطلق سراحه بكفالة آنذاك.,وقد تمت محاكمة السيد ولوي بتهمة الفساد وسوء إدارة الأموال الحكومية خلال فترة عمله كوزير، وتم إطلاق سراحه بكفالة في ذلك الوقت.,1.0,0.6864406779661016,0.9721634387969972,0.624,5,5,5,2,1,1,success
2008/s/2008/379/203:10,en_ar_DEEP,TIER1_CLEAN_A,Total Omission,أخرى,[OMITTED],suffix_ان,وتطبق أربع دول سياسات وتدابير لمكافحة تهريب الأسلحة والمتفجرات، وتطبق دولتان أخريان بعضاً من هذه التدابير، في حين لا تملك دولة أخرى أي قدرات في هذا المجال.,وتطبق أربع دول سياسات وتدابير لمكافحة الاتجار بالأسلحة والمتفجرات، وتطبق دولتان بعض التدابير، ولا تملك دولة واحدة أي قدرة في هذا المجال.,1.0,0.7549668874172185,0.9496012926101683,0.7612903225806451,5,5,4,2,1,1,success
2008/s/2008/379/225:2,en_ar_DEEP,TIER1_CLEAN_A,Register Mismatch,ملائم,مناسب,exact,ويلزم اتخاذ خطوات لقمع تمويل الإرهاب على نحو ملائم.,ويجب اتخاذ خطوات لقمع تمويل الإرهاب بشكل مناسب.,1.0,0.782608695652174,0.9744096398353576,0.7450980392156863,4,3,5,2,1,1,success
2008/s/2008/379/257:2,en_ar_DEEP,TIER1_CLEAN_A,Total Omission,تابع,[OMITTED],both_ال_ة,وينبغي للدول أن تكفل إدارة أجهزة إنفاذ القانون الملائمة لتدابير مكافحة الإرهاب واضطلاعها بها وإنشاء وحدات مكرسة لمكافحة الإرهاب من أجل الإفادة من قدرات الخبراء داخل مؤسسات إنفاذ القانون التابعة لها.,ينبغي للدول أن تضمن إدارة وتنفيذ تدابير مكافحة الإرهاب من قبل وكالات إنفاذ القانون المناسبة، وينبغي لها إنشاء وحدات مخصصة لمكافحة الإرهاب من أجل الاستفادة من قدرات الخبراء داخل مؤسسات إنفاذ القانون الخاصة بها.,1.0,0.6555023923444976,0.9524581432342528,0.6555023923444976,5,5,4,2,1,1,success
2008/s/2008/379/52:1,en_ar_DEEP,TIER1_CLEAN_A,Register Mismatch,قائم على,تعتمد,exact_seq,24 - والاقتصاد في كل دول المنطقة دون الإقليمية اقتصاد قائم على التعامل نقدا، وهو ما يزيد من خطر حدوث تمويل للإرهاب عن طريق انتقال العملات وغيرها من السندات المالية الإسمية بصورة مادية عبر الحدود، وعن طريق التحويلات غير الرسمية للأموال والمنقولات من خلال نظم التحويلات البديلة.,24 - تعتمد جميع دول المنطقة دون الإقليمية اقتصاداتها على النقد، مما يزيد من خطر حدوث تمويل للإرهاب عن طريق النقل المادي عبر الحدود للعملات وغيرها من الصكوك لحاملها، والتحويلات غير الرسمية للأموال والقيمة من خلال أنظمة التحويلات البديلة.,1.0,0.6567164179104478,0.9446192383766174,0.6666666666666667,5,5,4,3,1,1,success
2008/s/2008/379/94:1,en_ar_DEEP,TIER1_CLEAN_A,Total Omission,الأخرى,[OMITTED],exact,51 - استحدثت ثلاث دول أطرا قانونية فعالة لكفالة المساعدة القانونية المتبادلة وتسليم المجرمين، فضلا عن الآليات الكافية للقيام على وجه السرعة وبفعالية بتبادل المعلومات مع الدول الأخرى.,51 - وقد استحدثت ثلاث دول أطرا قانونية فعالة لضمان المساعدة القانونية المتبادلة وتسليم المجرمين، فضلا عن آليات مناسبة لتبادل المعلومات بسرعة وفعالية مع النظراء الدوليين.,1.0,0.7272727272727273,0.9597210884094238,0.7142857142857143,5,5,4,3,1,1,success
2008/s/2008/379/94:1,en_ar_DEEP,TIER1_CLEAN_A,Total Omission,الأخرى,[OMITTED],exact,51 - استحدثت ثلاث دول أطرا قانونية فعالة لكفالة المساعدة القانونية المتبادلة وتسليم المجرمين، فضلا عن الآليات الكافية للقيام على وجه السرعة وبفعالية بتبادل المعلومات مع الدول الأخرى.,51 - وقد استحدثت ثلاث دول أطرا قانونية فعالة لضمان المساعدة القانونية المتبادلة وتسليم المجرمين، فضلا عن آليات مناسبة لتبادل المعلومات بسرعة وفعالية مع النظراء الدوليين.,1.0,0.7272727272727273,0.9597210884094238,0.7142857142857143,5,5,4,3,1,1,success
2008/s/2008/379/98:1,en_ar_DEEP,TIER1_CLEAN_A,Total Omission,وثمة,[OMITTED],exact,54 - وثمة حاجة إلى بناء القدرات في جهاز إنفاذ القانون وإلى تدابير لمراقبة الحدود في العديد من الدول. 55 - التوصيات ذات الأولوية هي:,54 - ويلزم بناء قدرات وكالات إنفاذ القانون واتخاذ تدابير فعالة لمراقبة الحدود في العديد من الدول. 55- والتوصيات ذات الأولوية هي:,1.0,0.765625,0.9258582592010498,0.7480916030534351,5,5,5,2,1,1,success
2008/s/2008/471/26:1,en_ar_DEEP,TIER1_CLEAN_A,Register Mismatch,على نحو فعال,بنشاط,exact_seq,(و) رحب باستعداد المديرية التنفيذية للمشاركة على نحو فعال في جميع الأنشطة ذات الصلة ولتقديم الدعم لها في إطار استراتيجية الأمم المتحدة العالمية لمكافحة الإرهاب بما في ذلك ضمن فرقة العمل المعنية بالتنفيذ في مجال مكافحة الإرهاب التي أنشئت لضمان التنسيق والاتساق الشاملين في جهود مكافحة الإرهاب التي تبذلها منظومة الأمم المتحدة، وأكد أهمية ذلك الاستعداد.,(و) رحبت وشددت على أهمية استعداد المديرية التنفيذية للمشاركة بنشاط في جميع الأنشطة ذات الصلة في إطار استراتيجية الأمم المتحدة العالمية لمكافحة الإرهاب ودعمها، بما في ذلك ضمن فرقة العمل المعنية بالتنفيذ في مجال مكافحة الإرهاب، التي أنشئت لضمان التنسيق والاتساق الشاملين في مكافحة الإرهاب. - جهود الإرهاب التي تبذلها منظومة الأمم المتحدة.,1.0,0.7345132743362832,0.9784398078918456,0.7150997150997151,4,4,3,3,1,1,success
2008/s/2008/647/242:2,en_ar_DEEP,TIER1_CLEAN_A,Total Omission,أخرى,[OMITTED],exact,وفي التقرير السابق الذي قدمه إلى اللجنة المؤرخ 3 تشرين الأول/أكتوبر 2007 (S/2007/584، المرفق، الفقرات 143-146) قدم الفريق محددات ومعلومات أخرى بشأن بعض من الأفراد الأربعة المعيّنين.,وفي تقريره السابق إلى اللجنة، المؤرخ 3 تشرين الأول/أكتوبر 2007 (S/2007/584، المرفق، الفقرات 143-146)، قدم الفريق مزيدا من المعلومات التعريفية عن بعض الأفراد الأربعة المدرجين في القائمة.,1.0,0.7297297297297297,0.9539304971694946,0.7351351351351352,5,5,5,3,1,1,success
2008/s/2008/733/33:1,en_ar_DEEP,TIER1_CLEAN_A,Total Omission,حالة,[OMITTED],prefix_ال,خامسا - الحالة الاجتماعية - الاقتصادية والمالية,خامسا - الوضع الاجتماعي والاقتصادي والمالي,1.0,0.813953488372093,0.984732151031494,0.8085106382978724,4,4,5,1,1,1,success
2008/s/2008/789/14:1,en_ar_DEEP,TIER1_CLEAN_A,Total Omission,بموجب,[OMITTED],exact,وإذ يتصرف بموجب الفصل السابع من ميثاق الأمم المتحدة،,وبناء على الفصل السابع من ميثاق الأمم المتحدة،,1.0,0.8085106382978724,0.9294585585594176,0.75,5,5,5,1,1,1,success
2008/s/2008/80/58:1,en_ar_DEEP,TIER1_CLEAN_A,Total Omission,تابع,[OMITTED],both_ال_ة,:: العلاقات مع جهات أخرى بالأمم المتحدة، بما في ذلك الأمين العام ومكتبه، والهيئات الفرعية الأخرى التابعة لمجلس الأمن والعاملة في مجال مكافحة الإرهاب.,:: العلاقات مع الجهات الأخرى في الأمم المتحدة، بما في ذلك الأمين العام ومكتبه، وهيئات مجلس الأمن الفرعية الأخرى العاملة في مجال مكافحة الإرهاب,1.0,0.7862068965517242,0.9796165823936462,0.7718120805369127,5,5,5,1,1,1,success
2008/s/2008/800/68:1,en_ar_TRANSFORMERS,TIER1_CLEAN_A,Total Omission,تابع,[OMITTED],both_ال_ين,15 - يحيط علما بالتدابير التي تتخذها البعثة للتصدي لحالات الاستغلال والإيذاء الجنسيين وسياسة عدم التسامح المطلق، ويطلب إلى الأمين العام أن يواصل التحقيق على نحو كامل في ادعاءات الاستغلال والعنف الجنسيين على أيدي الأفراد المدنيين والعسكريين التابعين للبعثة، وأن يتخذ التدابير المناسبة المحددة في نشرة الأمين العام بشأن التدابير الخاصة للحماية من الاستغلال الجنسي والإيذاء الجنسي (ST/SGB/2003/13)؛,15 - يحيط علما بالتدابير التي اتخذتها بعثة منظمة الأمم المتحدة في جمهورية الكونغو الديمقراطية لمعالجة حالات الاستغلال والانتهاك الجنسيين وسياسة عدم التسامح مطلقا، ويطلب إلى الأمين العام أن يواصل التحقيق على نحو واف في ادعاءات الاستغلال والعنف الجنسيين من جانب أفراد البعثة المدنيين والعسكريين، وأن يتخذ التدابير المناسبة المبينة في نشرة الأمين العام بشأن التدابير الخاصة للحماية من الاستغلال والانتهاك الجنسيين (ST/SGB/2003/13)؛,1.0,0.7383177570093458,0.9491978883743286,0.7289719626168225,5,5,4,3,1,1,success
2008/s/2008/801/38:1,en_ar_DEEP,TIER1_CLEAN_A,Total Omission,خاص,[OMITTED],suffix_ة,12 - يطلب بصفة خاصة أن تقوم البعثة بإطلاع فريق الخبراء على ما لديها من معلومات، ولا سيما عن الدعم الذي تتلقاه الجماعات المسلحة وتجنيد الأطفال واستخدامهم واستهداف النساء والأطفال في حالات النزاعات المسلحة؛,12 - يطلب على وجه الخصوص أن تتبادل البعثة المعلومات مع فريق الخبراء، ولا سيما بشأن الدعم الذي تتلقاه الجماعات المسلحة، وبشأن تجنيد الأطفال واستخدامهم، واستهداف النساء والأطفال في حالات الصراعات المسلحة؛,1.0,0.6881188118811881,0.960193395614624,0.696078431372549,5,5,5,2,1,1,success
2008/s/2008/805/13:1,en_ar_DEEP,TIER1_CLEAN_A,Terminology Substitution,يهيب,يدعو,exact,وإذ يهيب بالمجتمع الدولي، ولا سيما بلدان المنطقة وجيران العراق، دعم الشعب العراقي في مساعيه لتحقيق السلام والاستقرار والأمن والديمقراطية والازدهار، وإذ يرحب بالمؤتمرات الموسعة لجيران العراق التي عقدت في شرم الشيخ واسطنبول والكويت، وبدورها في دعم الجهود التي تبذلها حكومة العراق من أجل تحقيق الأمن والاستقرار في العراق، وبنتائجها الإيجابية على السلام والأمن على الصعيدين الإقليمي والعالمي، وإذ يرحب أيضا بموافقة المؤتمر الموسع لجيران العراق، المعقود في الكويت في 22 نيسان/أبريل 2008، على اختصاصات آلية الدعم، وإذ يلاحظ أن تنفيذ هذا القرار بنجاح سيسهم في تحقيق الاستقرار على الصعيد الإقليمي،,وإذ يدعو المجتمع الدولي، ولا سيما بلدان المنطقة وجيران العراق، إلى دعم الشعب العراقي في سعيه لتحقيق السلام والاستقرار والأمن والديمقراطية والرخاء، ويرحب بمؤتمرات الجيران الموسعة التي عقدت في شرم الشيخ واسطنبول والكويت ودورهم في دعم جهود حكومة العراق لتحقيق الأمن والاستقرار في العراق، وما يترتب على ذلك من نتائج إيجابية على السلام والأمن الإقليميين والدوليين، وإذ يرحبون أيضا بمؤتمر الجيران الموسع الذي عقد في الكويت في 22 نيسان/أبريل وافق عام 2008 على اختصاصات آلية الدعم، وإذ يلاحظ أن التنفيذ الناجح لهذا القرار سيسهم في الاستقرار الإقليمي،,1.0,0.7213675213675214,0.9856252670288086,0.7181663837011885,5,5,4,3,1,1,success
2008/s/ac_50/2008/26/10:2,en_ar_DEEPL,TIER1_CLEAN_A,Total Omission,بموجب,[OMITTED],prefix_و,وبموجب هذا القانون، تخضع عمليات تصدير المواد الدفاعية أو نقلها أو السمسرة بها لترخيص محدد (ترخيص تصدير وسمسرة).,ووفقاً للقانون، يخضع تصدير العتاد الدفاعي أو نقله العابر أو السمسرة فيه لتصريح محدد (ترخيص التصدير والسمسرة).,1.0,0.7064220183486238,0.9195210933685304,0.6756756756756757,5,5,5,2,1,1,success
2008/s/agenda/5896/4:1,en_ar_DEEP,TIER1_CLEAN_A,Total Omission,حالة,[OMITTED],prefix_ال,2 - الحالة في الشرق الأوسط.,2. الوضع في الشرق الأوسط.,1.0,0.8,0.974561095237732,0.7777777777777778,5,5,5,1,1,1,success
2008/s/agenda/5976/4:1,en_ar_DEEP,TIER1_CLEAN_A,Total Omission,حالة,[OMITTED],prefix_ال,2 - الحالة في تشاد وجمهورية أفريقيا الوسطى والمنطقة دون الإقليمية,2. الوضع في تشاد وجمهورية أفريقيا الوسطى والمنطقة دون الإقليمية,1.0,0.9206349206349208,0.9822620153427124,0.9076923076923076,5,5,5,1,1,1,success
2008/s/agenda/6001/4:1,en_ar_DEEP,TIER1_CLEAN_A,Total Omission,حالة,[OMITTED],prefix_ال,2 - الحالة في كوت ديفوار,2. الوضع في كوت ديفوار,1.0,0.7727272727272727,0.950704038143158,0.75,4,4,5,1,1,1,success
2008/s/agenda/6042/4:1,en_ar_DEEP,TIER1_CLEAN_A,Total Omission,حالة,[OMITTED],prefix_ال,2 - الحالة في تشاد وجمهورية أفريقيا الوسطى والمنطقة دون الإقليمية,2. الوضع في تشاد وجمهورية أفريقيا الوسطى والمنطقة دون الإقليمية,1.0,0.9206349206349208,0.9822620153427124,0.9076923076923076,5,5,5,1,1,1,success
2008/s/prst/2008/18/4:5,en_ar_DEEP,TIER1_CLEAN_A,Total Omission,خاص,[OMITTED],exact,ويؤكد المجلس من جديد في هذا الصدد أن أطراف النزاع المسلح يتحملون المسؤولية الرئيسية عن اتخاذ جميع الخطوات الممكنة عمليا لضمان حماية المدنيين المتضررين، مع القيام بوجه خاص بإيلاء عناية للاحتياجات الخاصة للنساء والأطفال.,ويؤكد المجلس من جديد في هذا الصدد أن أطراف النزاع المسلح تتحمل المسؤولية الأساسية عن اتخاذ جميع الخطوات الممكنة لضمان حماية المدنيين المتضررين، ولا سيما إيلاء الاهتمام للاحتياجات المحددة للنساء والأطفال.,1.0,0.8325581395348838,0.9786075353622437,0.8256880733944953,5,5,5,2,1,1,success
2008/s/pv_5919/62:1,en_ar_DEEP,TIER1_CLEAN_A,Total Omission,حالة,[OMITTED],prefix_ال,لقد أعرب الأفارقة بكل وضوح عن شواغلهم إزاء الحالة في زمبابوي.,وقد أعرب الأفارقة بوضوح تام عن مخاوفهم بشأن الوضع في زيمبابوي.,1.0,0.6774193548387097,0.9336105585098268,0.6612903225806452,5,5,5,2,1,1,success
2008/s/pv_5930/271:1,en_ar_DEEP,TIER1_CLEAN_A,Total Omission,حالة,[OMITTED],prefix_ال,إن استعراض الحالة الأمنية الوارد في التقرير الخاص للأمين العام (S/2008/434) يوحي بأنه على الرغم من جهود الشعب الأفغاني والمجتمع الدولي التي لا تعرف الكلل، لا تزال هناك تحديات خطيرة للسلام والاستقرار في أفغانستان.,ويشير الاستعراض الأمني ​​الوارد في التقرير الخاص للأمين العام (S/2008/434) إلى أنه على الرغم من الجهود الحثيثة التي يبذلها الشعب الأفغاني والمجتمع الدولي، لا تزال هناك تحديات خطيرة أمام السلام والاستقرار في أفغانستان.,1.0,0.7142857142857143,0.9634473919868468,0.695852534562212,5,5,4,3,1,1,success
2008/s/pv_5930/333:1,en_ar_DEEP,TIER1_CLEAN_A,Total Omission,حالة,[OMITTED],prefix_ال,وفي البداية، لا بد أن أعرب عن قلقنا الشديد إزاء الحالة الأمنية في هذا البلد.,في البداية، لا بد لي من التعبير عن قلقنا الشديد إزاء الوضع الأمني ​​في البلاد.,1.0,0.717948717948718,0.9732044339179992,0.7051282051282051,5,5,4,2,1,1,success
2008/s/pv_5930/337:1,en_ar_DEEPL,TIER1_CLEAN_A,Total Omission,حالة,[OMITTED],prefix_بال,وما دمنا بصدد مناقشة التحديات الإنمائية التي تواجه أفغانستان، فإن الحادث الأخير يبرر الصورة القاتمة المتعلقة بالحالة الأمنية.,بينما نحن على وشك مناقشة التحديات التنموية التي تواجه أفغانستان، يؤكد الحادث الأخير الصورة القاتمة المتعلقة بالوضع الأمني.,1.0,0.7622950819672132,0.9712645411491394,0.76,5,5,5,2,1,1,success
2008/s/pv_6024/34:1,en_ar_DEEPL,TIER1_CLEAN_A,Total Omission,حالة,[OMITTED],prefix_ال,الحالة فيما يتعلق بجمهورية الكونغو الديمقراطية,الوضع المتعلق بجمهورية الكونغو الديمقراطية,1.0,0.8571428571428572,0.9599098563194276,0.8043478260869565,5,5,5,1,1,1,success
2008/s/pv_6049/261:1,en_ar_DEEPL,TIER1_CLEAN_A,Total Omission,حالة,[OMITTED],prefix_ال,ولئن كان حل المأساة الفلسطينية الممتدة لستة عقود سيترك تأثيرا كبيرا على الحالة في الشرق الأوسط، فإن السلام في المنطقة يتطلب أيضا التقدم على المحاور الأخرى لعملية السلام.,وفي حين أن حل مأساة فلسطين التي دامت ستة عقود سيكون له تأثير عميق على الوضع في الشرق الأوسط، فإن السلام في المنطقة يتطلب أيضا التحرك إلى الأمام على المحاور الأخرى لعملية السلام.,1.0,0.7344632768361582,0.972914218902588,0.728813559322034,1,5,5,2,1,1,success
2009/s/2009/10/add_9/72:1,en_ar_DEEP,TIER1_CLEAN_A,Total Omission,حالة,[OMITTED],prefix_ال,65 - الحالة في شبه القارة الهندية الباكستانية (4 كانون الأول/ديسمبر 1971؛ 27 كانون الأول/ديسمبر 1971).,65. الوضع في شبه القارة الهندية/الباكستانية (4 كانون الأول/ديسمبر 1971؛ 27 كانون الأول/ديسمبر 1971).,1.0,0.94,0.9792521595954896,0.931372549019608,5,5,5,1,1,1,success
2009/s/2009/124/84:1,en_ar_DEEP,TIER1_CLEAN_A,Tanween Omission,عملاً,عملا,exact,'3` التعاون مع المنظمات الدولية، ومن ضمنها لجنتا مجلس الأمن المنشأتان عملاً بالقرارين 1267 (1999) و 1373 (2001)؛,'3` التعاون مع المنظمات الدولية، بما في ذلك لجان مجلس الأمن المنشأة عملا بالقرارين 1267 (1999) و 1373 (2001)؛,1.0,0.8691588785046729,0.9533989429473876,0.8660714285714286,5,5,5,2,1,1,success
2009/s/2009/169/12:4,en_ar_DEEP,TIER1_CLEAN_A,Register Mismatch,ملائم,مناسب,both_ال_ة,كما يتوخى البرنامج إجراء مراجعة وإصلاح شامل لقطاع الدفاع من خلال التشريعات الملائمة.,وينص البرنامج أيضًا على مراجعة وإصلاح قطاع الدفاع من خلال التشريعات المناسبة.,1.0,0.7215189873417722,0.9221764206886292,0.7023809523809523,4,4,5,2,1,1,success
2009/s/2009/170/31:1,en_ar_DEEP,TIER1_CLEAN_A,Total Omission,خاص,[OMITTED],exact,(ح) وضع منهجيات لتحسين فعالية التعاون مع فرادى الدول والمنظمات دون الإقليمية والمنظمات الإقليمية والمنظمات الدولية والترتيبات المتعددة الأطراف التي تتعامل مع ضوابط التصدير والكيانات ذات الصلة داخل منظومة الأمم المتحدة، وتقييم مستوى التعاون بين اللجان المنشأة عملا بقرارات مجلس الأمن 1540 (2004) و 1267 (1999) و 1373 (2001)، والعمل بوجه خاص على تقييم مستوى تبادل المعلومات والتنسيق فيما يتعلق بالزيارات القطرية، وطرح توصيات محددة، حسب الاقتضاء، من أجل تعزيز التعاون.,(ح) وضع منهجيات لتحسين فعالية التعاون مع فرادى الدول والمنظمات دون الإقليمية والإقليمية والدولية، والترتيبات المتعددة الأطراف التي تتناول ضوابط التصدير والكيانات ذات الصلة داخل منظومة الأمم المتحدة، وتقييم مستوى التعاون بين اللجان المنشأة عملاً القرارات 1540 (2004)، 1267 (1999) و 1373 (2001)، بتقييم مستوى تبادل المعلومات وتنسيق الزيارات إلى البلدان، على وجه الخصوص، وتقديم توصيات محددة، إذا كان ذلك مناسبا، لتعزيز التعاون.,1.0,0.7662337662337663,0.9763187766075134,0.7612903225806451,5,5,4,3,1,1,success
2009/s/2009/193/92:3,en_ar_DEEP,TIER1_CLEAN_A,Perfective to Progressive,حث,يحث,exact,"ولذا فقد حث المجلس على التحول من النهج ""القائم على الطلب"" إلى بذل جهود ""أنشط"" لزيادة اهتمام الجهات غير الأعضاء بأعماله.","ولذلك فهو يحث المجلس على التحول من النهج ""الموجه نحو الطلب"" إلى بذل جهد ""أكثر نشاطا"" لإثارة اهتمام الدول غير الأعضاء فيما يتعلق بعمله.",1.0,0.7099236641221374,0.9114640951156616,0.708955223880597,5,5,5,2,1,1,success
2009/s/2009/359/46:4,en_ar_TRANSFORMERS,TIER1_CLEAN_A,Total Omission,خاص,[OMITTED],both_و_ة,ومع ذلك، ثبت أن تلك الخيام غير مناسبة للظروف القاسية السائدة شرق تشاد، وخاصة خلال موسم الأمطار الذي يمتد من حزيران/يونيه إلى أيلول/سبتمبر.,غير أنه ثبت أن الخيام غير ملائمة للظروف القاسية في شرق تشاد، ولا سيما خلال موسم الأمطار من حزيران/يونيه إلى أيلول/سبتمبر.,1.0,0.7185185185185186,0.9795101881027222,0.7318840579710144,5,5,5,2,1,1,success
2009/s/2009/389/27:1,en_ar_DEEP,TIER1_CLEAN_A,Register Mismatch,على نحو فعال,بنشاط,exact_seq,(و) رحَّب بأهمية الاستعداد الذي أعربت عنه المديرية التنفيذية للمشاركة على نحو فعال في جميع الأنشطة ذات الصلة ولتقديم الدعم لها في إطار استراتيجية الأمم المتحدة العالمية لمكافحة الإرهاب، بما في ذلك ضمن فرقة العمل المعنية بالتنفيذ في مجال مكافحة الإرهاب التي أنشئت لضمان التنسيق والاتساق الشاملين في جهود مكافحة الإرهاب التي تبذلها منظومة الأمم المتحدة، وشدد على أهمية هذا الاستعداد.,(و) رحبت وشددت على أهمية استعداد المديرية التنفيذية للمشاركة بنشاط في جميع الأنشطة ذات الصلة في إطار استراتيجية الأمم المتحدة العالمية لمكافحة الإرهاب ودعمها، بما في ذلك ضمن فرقة العمل المعنية بالتنفيذ في مجال مكافحة الإرهاب، التي أنشئت لضمان التنسيق والتنسيق الشاملين الاتساق في جهود مكافحة الإرهاب التي تبذلها منظومة الأمم المتحدة.,1.0,0.7398373983739837,0.9729827642440796,0.7217847769028871,4,4,4,2,1,1,success
2009/s/2009/389/9:1,en_ar_DEEPL,TIER1_CLEAN_A,Tanween Omission,عملاً,عملا,exact,لجنة مجلس الأمن المنشأة عملاً,لجنة مجلس الأمن المنشأة عملا,1.0,1.0,0.9864740371704102,0.9655172413793104,5,5,5,1,1,1,success
2009/s/2009/450/59:2,en_ar_DEEP,TIER1_CLEAN_A,Total Omission,تابع,[OMITTED],suffix_ين,وفي 13 شباط/فبراير، عيّنت قوات التحرير الوطنية ثمانية منسقين اتصال تابعين لها بشأن الأطفال في كل منطقة من مناطق التجمع ومناطق التجمع الأولى عهدت إليهم بمهمة دعم عملية التوعية والتحقق من الهوية والفصل فضلا عن نقل الأطفال إلى مركز عبور الأطفال في جيتيغا من أجل جمع شملهم في نهاية الأمر بأسرهم.,وفي 13 شباط/فبراير، عينت قوات التحرير الوطنية ثمانية منسقين معنيين بالأطفال في كل منطقة من مناطق التجمع والتجمع، وكلفوا بتقديم الدعم لعملية التوعية وتحديد الهوية والفصل، فضلا عن نقل الأطفال إلى مركز العبور في جيتيغا لإتمام المهمة النهائية. لم شملهم مع عائلاتهم.,1.0,0.6794425087108014,0.9527746438980104,0.6701030927835052,5,5,4,3,1,1,success
2009/s/2009/502/130:2,en_ar_DEEP,TIER1_CLEAN_A,Register Mismatch,على صعيد,على مستوى,exact_seq,ويرى الفريق أن من أهم مواطن قوة اللجنة أنها تعمل بتوافق الآراء، وأن اللجوء إلى إجراءات التصويت المتبعة في مجلس الأمن على صعيد اللجنة من شأنه أن يقوض ممارسة هامة من ممارسات العمل.,ويعتقد الفريق أن إحدى نقاط القوة الكبيرة للجنة هي أنها تعمل بتوافق الآراء وأن اللجوء إلى إجراءات التصويت في مجلس الأمن على مستوى اللجنة من شأنه أن يقوض ممارسة عمل هامة.,1.0,0.7,0.9648075699806212,0.6853932584269663,5,5,5,2,1,1,success
2009/s/2009/502/58:6,en_ar_DEEP,TIER1_CLEAN_A,Total Omission,خاص,[OMITTED],both_ال_ة,ذلك إنه إذا لم تستطع الدول تنفيذ القرارات التي اتخذها المجلس بموجب الفصل السابع من ميثاق الأمم المتحدة دون مخالفة القوانين الخاصة بها، سيفقد المجتمع العالمي القدرة على اتخاذ إجراءات منسقة للتصدي للأخطار التي تهدد السلام والأمن الدوليين.,وإذا لم تتمكن الدول من تنفيذ القرارات التي اتخذها المجلس بموجب الفصل السابع من ميثاق الأمم المتحدة دون مخالفة قوانينها، فإن المجتمع العالمي سيفقد القدرة على اتخاذ إجراءات منسقة ضد التهديدات التي يتعرض لها السلام والأمن الدوليان.,1.0,0.7682403433476395,0.9808539748191832,0.7584745762711864,5,5,5,2,1,1,success
2009/s/2009/502/96:1,en_ar_DEEP,TIER1_CLEAN_A,Total Omission,بموجب,[OMITTED],exact,27 - بموجب الفقرة 13 من قرار مجلس الأمن 1822 (2008)، وبالتنسيق مع الدول صاحبة اقتراح الإدراج في القائمة، بدأ الفريق، كتابة مسودات موجزات سردية لمبررات جميع عمليات الإدراج في القائمة.,27 - وفقا للفقرة 13 من قرار مجلس الأمن 1822 (2008)، وبالتنسيق مع الدول التي تقترح الإدراج في القائمة، بدأ الفريق في صياغة ملخصات سردية لأسباب إدراج جميع الأسماء المدرجة في القائمة.,1.0,0.7611111111111111,0.9496983289718628,0.7582417582417582,5,5,5,2,1,1,success
2009/s/2009/653/42:5,en_ar_DEEP,TIER1_CLEAN_A,Total Omission,حالة,[OMITTED],prefix_ال,وأشار إلى أن الحالة في القدس الشرقية تؤكد أهمية امتناع الطرفين عن الاستفزازات وأعمال التحريض.,وأشار إلى أن الوضع في القدس الشرقية يؤكد أهمية امتناع الأطراف عن الاستفزازات والتحريض.,1.0,0.8426966292134832,0.9767630696296692,0.8387096774193549,5,5,5,2,1,1,success
2009/s/2009/66/16:2,en_ar_DEEP,TIER1_CLEAN_A,Total Omission,وثمة,[OMITTED],exact,وثمة مؤشرات إلى أن بعض عناصر جيش الرب للمقاومة تستخدم أراضي جمهورية أفريقيا الوسطى للتزود بإمدادات جديدة.,وهناك دلائل تشير إلى أن عناصر جيش الرب للمقاومة تستخدم أراضي جمهورية أفريقيا الوسطى لإعادة الإمداد.,1.0,0.6732673267326732,0.9079632759094238,0.6952380952380952,1,5,5,2,1,1,success
2009/s/2009/687/13:1,en_ar_TRANSFORMERS,TIER1_CLEAN_A,Tanween Omission,عملاً,عملا,exact,4 - عملاً بالممارسة السابقة، أطلع ممثل النمسا، بصفته رئيساً للفريق العامل، مجلس الأمن على التقدم الذي أحرزه الفريق العامل كجزء من البيانات التي قدمها إلى الجلسات العلنية نصف السنوية التي عقدها مجلس الأمن للاستماع إلى إحاطات بشأن استراتيجيتي الإنجاز للمحكمتين، في 4 حزيران/يونيه (S/PV.6134) و 3 كانون الأول/ديسمبر 2009 (S/PV.6228).,4 - وعملا بالممارسة السابقة، قدم ممثل النمسا، بصفته رئيسا، إحاطة إلى مجلس الأمن عن التقدم الذي أحرزه الفريق العامل كجزء من البيانات التي أدلى بها في الجلستين العامتين نصف السنويتين لمجلس الأمن بشأن استراتيجيتي الإنجاز للمحكمتين، المعقودتين في 4 حزيران/يونيه (S/PV.6134) و 3 كانون الأول/ديسمبر 2009 (S/PV.6228).,1.0,0.7630769230769231,0.9680520296096802,0.7636363636363637,5,5,4,3,1,1,success
2009/s/2009/71/82:2,en_ar_DEEP,TIER1_CLEAN_A,Hypernym for Hyponym,جماعات,مجموعات,exact,وسيشرف مكتب الإعلام والإدارة على إعداد تقييمات نهاية الدورات عبر النظام الإلكتروني لتقييم الأداء (e-PAS) بالنسبة لجميع موظفي المديرية، وسيساعد جميع الموظفين المشاركين في المبادرة الطوعية للتبادل الشبكي الجديدة على تعزيز التنقل الوظيفي بزيادة التنقل الأفقي للموظفين في جماعات مرتبطة شبكياً، كما هو الحال بالنسبة للشبكة المهنية لمجالي الشؤون السياسية والسلام والأمن.,وسيقوم مكتب المعلومات والإدارة بالإشراف على تقييمات نهاية الدورة في النظام الإلكتروني لتقييم الأداء (e-PAS) لجميع موظفي المديرية التنفيذية، ومساعدة جميع الموظفين المشاركين في المبادرة الطوعية الجديدة لتبادل الشبكات لتعزيز التنقل من خلال النقل الأفقي للموظفين في مجموعات شبكية، مثل الشبكة المهنية للسياسة والسلام والأمن.,1.0,0.6731843575418994,0.947468400001526,0.6730769230769231,5,5,4,2,1,1,success
2009/s/agenda/6120/4:1,en_ar_DEEP,TIER1_CLEAN_A,Total Omission,حالة,[OMITTED],prefix_ال,2 - الحالة في الشرق الأوسط,2. الوضع في الشرق الأوسط,1.0,0.7916666666666666,0.9726656675338744,0.7692307692307692,5,5,5,1,1,1,success
2009/s/agenda/6218/5:1,en_ar_DEEP,TIER1_CLEAN_A,Tanween Omission,عملاً,عملا,exact,تقرير الأمين العام المقدم عملاً بالفقرة 6 من القرار 1883 (2009) (S/2009/585).,تقرير الأمين العام عملا بالفقرة 6 من القرار 1883 (2009) (S/2009/585).,1.0,0.9027777777777778,0.9876686334609984,0.8961038961038961,5,5,5,1,1,1,success
2009/s/inf/63/1555:1,en_ar_DEEP,TIER1_CLEAN_A,Total Omission,حالة,[OMITTED],prefix_ال,الحالة في منطقة البحيرات الكبرى(),الوضع في منطقة البحيرات الكبرى,1.0,0.8333333333333334,0.8768178224563599,0.8181818181818181,4,5,5,1,1,1,success
2009/s/prst/2009/1/451:1,en_ar_DEEP,TIER1_CLEAN_A,Total Omission,تابع,[OMITTED],both_ال_ة,يطلب إلى الدول التي لم تصدِّق بعد على الصكوك الرئيسية في مجال القانون الإنساني الدولي والقانون الدولي لحقوق الإنسان وقانون اللاجئين الدولي أن تنظر في التصديق عليها، وأن تتخذ التدابير التشريعية والقضائية والإدارية اللازمة لتنفيذ هذه الصكوك على الصعيد المحلي، بالاعتماد، حسب الاقتضاء، على المساعدة التقنية التي تقدمها المنظمات الدولية المعنية، بما فيها لجنة الصليب الأحمر الدولية والهيئات التابعة للأمم المتحدة.,يهيب بالدول التي لم تصدق بعد على الصكوك الرئيسية للقانون الإنساني الدولي وقانون حقوق الإنسان وقانون اللاجئين أن تنظر في القيام بذلك، وأن تتخذ التدابير التشريعية والقضائية والإدارية المناسبة لتنفيذ هذه الصكوك على المستوى المحلي، مع الاستفادة من المساعدة التقنية، حسب الاقتضاء، من المنظمات الدولية ذات الصلة بما في ذلك اللجنة الدولية للصليب الأحمر وهيئات الأمم المتحدة.,1.0,0.7061728395061728,0.978981614112854,0.6992665036674817,5,5,4,2,1,1,success
2009/s/prst/2009/1/620:1,en_ar_DEEPL,TIER1_CLEAN_A,Total Omission,خاص,[OMITTED],both_و_ة,يحث كذلك الأمين العام على السعي إلى زيادة دور المرأة وإسهامها في عمليات الأمم المتحدة الميدانية وخاصة بين المراقبين العسكريين والشرطة المدنية وموظفي حقوق الإنسان والمساعدة الإنسانية.,يحث كذلك الأمين العام على السعي إلى توسيع نطاق دور المرأة ومساهمتها في عمليات الأمم المتحدة الميدانية، ولا سيما في صفوف المراقبين العسكريين والشرطة المدنية وموظفي حقوق الإنسان والموظفين العاملين في مجال حقوق الإنسان والمساعدة الإنسانية.,1.0,0.7161016949152542,0.9819263219833374,0.7203389830508475,5,5,4,3,1,1,success
2009/s/prst/2009/19/8:2,en_ar_DEEP,TIER1_CLEAN_A,Total Omission,بموجب,[OMITTED],exact,وفي هذا السياق، يرحب مجلس الأمن بقرار مؤتمر قمة الاتحاد الأفريقي الصادر في سرت في 3 تموز/يوليه زيادة قوام البعثة إلى المستوى المأذون به بموجب ولايتها، وبدعوتها الدول الأعضاء في الاتحاد الأفريقي إلى تقديم ما يلزم من أفراد عسكريين وأفراد شرطة.,وفي هذا السياق، يرحب مجلس الأمن بالقرار الذي اتخذه مؤتمر قمة الاتحاد الأفريقي في سرت في 3 تموز/يوليه بزيادة قوام بعثة الاتحاد الأفريقي في الصومال إلى مستويات القوات المأذون بها، ودعوته الدول الأعضاء في الاتحاد الأفريقي إلى توفير الأفراد العسكريين وأفراد الشرطة اللازمين.,1.0,0.6518518518518519,0.96677166223526,0.6555555555555556,5,5,4,2,1,1,success
2009/s/pv_6230/112:2,en_ar_TRANSFORMERS,TIER1_CLEAN_A,Hypernym for Hyponym,جماعات,مجموعات,prefix_ال,ويساورنا بالغ القلق إزاء إصرار قادة الجماعات مثل حركة العدل والمساواة وحركة تحرير السودان على رفض المشاركة في المحادثات.,ونشعر بقلق بالغ إزاء الرفض العنيد من جانب قادة مجموعات مثل حركة العدل والمساواة وحركة تحرير السودان للمشاركة في المحادثات.,1.0,0.6608695652173913,0.9627676010131836,0.6721311475409837,5,5,5,2,1,1,success
2009/s/res/1887__2009_/58:1,en_ar_DEEP,TIER1_CLEAN_A,Total Omission,أخرى,[OMITTED],exact,28 - يعلن عن اعتزامه القيام عن كثب بمراقبة أي حالات تنطوي على انتشار الأسلحة النووية ووسائل إيصالها أو المواد المتصلة بها، بما في ذلك إلى جهات أخرى من غير الدول على النحو المحدد في القرار 1540 (2004)، أو من قبل هذه الجهات، واتخاذ ما قد يلزم من تدابير، حسب الاقتضاء، لضمان صون السلام والأمن الدوليين؛,28 - يعلن عزمه على أن يرصد عن كثب أي حالات تنطوي على انتشار الأسلحة النووية ووسائل إيصالها أو المواد ذات الصلة، بما في ذلك انتشارها إلى جهات من غير الدول أو بواسطة جهات فاعلة من غير الدول على النحو المحدد في القرار 1540 (2004)، والقيام، حسب الاقتضاء، بـ اتخاذ ما قد يلزم من التدابير لضمان صون السلام والأمن الدوليين؛,1.0,0.6550632911392404,0.9779411554336548,0.6582278481012658,5,5,4,2,1,1,success
2009/s/res/1892_2009_/31:1,en_ar_DEEP,TIER1_CLEAN_A,Total Omission,بموجب,[OMITTED],exact,وإذ يتصرف بموجب الفصل السابع من ميثاق الأمم المتحدة، على النحو المبين في الجزء 1 من الفقرة 7 من منطوق القرار 1542 (2004)،,وبناء على الفصل السابع من ميثاق الأمم المتحدة، كما هو موضح في القسم الأول من الفقرة 7 من القرار 1542 (2004)،,1.0,0.6982758620689655,0.9466216564178468,0.6776859504132231,1,5,5,2,1,1,success
2009/s/res/1894_2009_/17:1,en_ar_DEEP,TIER1_CLEAN_A,Total Omission,خاص,[OMITTED],both_ال_ة,وإذ يشير إلى إدراج جرائم الحرب، والجرائم ضد الإنسانية، والإبادة الجماعية والأنظمة الأساسية للمحاكم الجنائية الدولية الخاصة في نظام روما الأساسي للمحكمة الجنائية الدولية، وإذ يشدد في هذا الصدد على مبدأ التكامل،,وإذ يشير إلى إدراج جرائم الحرب والجرائم ضد الإنسانية والإبادة الجماعية في النظام الأساسي للمحكمتين الجنائيتين الدوليتين المخصصتين ونظام روما الأساسي للمحكمة الجنائية الدولية، وإذ يؤكد في هذا الصدد على مبدأ التكامل،,1.0,0.8691588785046729,0.9398844242095948,0.8691588785046729,5,5,5,2,1,1,success
2009/s/res/1894_2009_/68:1,en_ar_DEEP,TIER1_CLEAN_A,Terminology Substitution,المعنية,ذات الصلة,exact,33 - يطلب إلى الأمين العام أن يضع توجيهات لبعثات الأمم المتحدة لحفظ السلام وبعثاتها المعنية الأخرى بشأن تقديم التقارير عن حماية المدنيين في النزاع المسلح، بغية تبسيط عملية تقديم التقارير وتحسين رصد المجلس لتنفيذ الولايات المتعلقة بالحماية المنوطة ببعثات الأمم المتحدة لحفظ السلام وبعثاتها الأخرى وإشرافه عليها؛,33 - يطلب إلى الأمين العام أن يضع توجيهات لبعثات الأمم المتحدة لحفظ السلام والبعثات الأخرى ذات الصلة بشأن إعداد التقارير المتعلقة بحماية المدنيين في النزاعات المسلحة بهدف تبسيط عملية إعداد التقارير وتعزيز رصد المجلس والإشراف عليه لتنفيذ ولايات الحماية لعمليات حفظ السلام التابعة للأمم المتحدة. ومهمات أخرى؛,1.0,0.6567656765676568,0.9763070344924928,0.6322580645161291,5,5,4,3,1,1,success
2009/s/res/1904_2009_/23:1,en_ar_DEEPL,TIER1_CLEAN_A,Invalid Pattern,معدات,أعتدة,exact,(ج) منع توريد الأسلحة وما يتصل بها من معدات بجميع أنواعها، بما في ذلك الأسلحة والذخائر، والمركبات والمعدات العسكرية، والمعدات شبه العسكرية، وقطع الغيار اللازمة لما سبق ذكره، أو بيعها أو نقلها، بطرق مباشرة أو غير مباشرة، إلى أولئك الأفراد أو تلك الجماعات والمؤسسات والكيانات، من أراضيها أو من جانب رعاياها خارج أراضيها أو باستخدام السفن أو الطائرات التي تحمل أعلامها، وكذلك منع تقديم أي مشورة فنية أو مساعدة أو تدريب يتصل بالأنشطة العسكرية؛,(ج) منع توريد أو بيع أو نقل الأسلحة والأعتدة ذات الصلة بجميع أنواعها، بما في ذلك الأسلحة والذخائر، والمركبات والمعدات العسكرية، والمعدات شبه العسكرية، وقطع الغيار اللازمة لما سبق ذكره، والمشورة الفنية أو المساعدة أو التدريب المتصل بالأنشطة العسكرية، إلى هؤلاء الأفراد والجماعات والمؤسسات والكيانات من أراضيها أو من جانب رعاياها خارج أراضيها، أو باستخدام السفن أو الطائرات التي ترفع أعلامها، أو باستخدام السفن أو الطائرات التي ترفعها، بشكل مباشر أو غير مباشر، أو تقديم المشورة الفنية أو المساعدة أو التدريب المتصل بالأنشطة العسكرية;,1.0,0.6844106463878328,0.9839879274368286,0.67984934086629,5,5,4,3,1,1,success
2009/s/res/1904_2009_/68:1,en_ar_DEEPL,TIER1_CLEAN_A,Terminology Substitution,بموجب الفقرة,عملا بالفقرة,exact_seq,38 - يشير على اللجنة بأن تحدد الحالات المحتملة لعدم الامتثال للتدابير المتخذة بموجب الفقرة 1 أعلاه وأن تقرر مسار العمل الملائم في كل حالة على حدة، ويطلب إلى الرئيس أن يفيد عن التقدم الذي تحرزه اللجنة مرحليا في عملها بشأن هذه المسألة، في التقارير الدورية المقدمة إلى المجلس عملا بالفقرة 46 أدناه؛,38. يوعز إلى اللجنة أن تحدد الحالات المحتملة لعدم الامتثال للتدابير عملا بالفقرة 1 أعلاه وأن تحدد مسار العمل المناسب بشأن كل حالة، ويطلب إلى الرئيس أن يقدم تقارير مرحلية عن عمل اللجنة بشأن هذه المسألة في تقارير دورية إلى المجلس عملا بالفقرة 46 أدناه؛,1.0,0.7208480565371025,0.9650934934616088,0.7220338983050847,5,5,4,3,1,1,success
2010/s/2010/10/add_22/9:1,en_ar_DEEP,TIER1_CLEAN_A,Total Omission,حالة,[OMITTED],prefix_ال,3 - الحالة في قبرص (27 كانون الأول/ديسمبر 1963؛ 14 كانون الأول/ديسمبر 2009).,3. الوضع في قبرص (27 كانون الأول/ديسمبر 1963؛ 14 كانون الأول/ديسمبر 2009).,1.0,0.9324324324324323,0.975489377975464,0.9210526315789472,5,5,5,1,1,1,success
2010/s/2010/10/add_39/8:1,en_ar_DEEP,TIER1_CLEAN_A,Total Omission,حالة,[OMITTED],prefix_ال,3 - الحالة في قبرص (27 كانون الأول/ديسمبر 1963؛ 15 حزيران/يونيه 2010).,3. الوضع في قبرص (27 كانون الأول/ديسمبر 1963؛ 15 حزيران/يونيه 2010).,1.0,0.9264705882352942,0.9755814075469972,0.9142857142857144,1,5,5,1,1,1,success
2010/s/2010/10/add_4/7:1,en_ar_DEEP,TIER1_CLEAN_A,Total Omission,حالة,[OMITTED],prefix_ال,2 - الحالة في الشرق الأوسط (18 تموز/يوليه 1960؛ 16 كانون الأول/ ديسمبر 2009).,2. الوضع في الشرق الأوسط (18 يوليو 1960؛ 16 ديسمبر 2009).,1.0,0.6712328767123288,0.9699091911315918,0.6753246753246753,5,5,5,1,1,1,success
2010/s/2010/10/add_48/15:1,en_ar_DEEP,TIER1_CLEAN_A,Total Omission,حالة,[OMITTED],prefix_ال,10 - الحالة في جورجيا (8 تشرين الأول/أكتوبر 1992؛ 15 حزيران/ يونيه 2009).,10. الوضع في جورجيا (8 تشرين الأول/أكتوبر 1992؛ 15 حزيران/يونيه 2009).,1.0,0.9142857142857144,0.9801756143569946,0.904109589041096,5,5,5,1,1,1,success
2010/s/2010/112/139:1,en_ar_DEEP,TIER1_CLEAN_A,Tanween Omission,عملاً,عملا,exact,:: تقديم تقرير إلى اللجنة بعد كل اجتماع وسيرأس كل فريق عامل عضو من اللجنة، ويحصل على الدعم، بحسب الضرورة، من موظفي مكتب شؤون نزع السلاح ومن الموظفين الخبراء في اللجنة المنشأة عملاً بالقرار 1540 (2004) ومن أمانة اللجنة.,:: تقديم تقرير إلى اللجنة بعد كل اجتماع، وسيرأس كل فريق عامل أحد أعضاء اللجنة، يدعمه موظفو مكتب شؤون نزع السلاح، وخبراء اللجنة المنشأة عملا بالقرار 1540 (2004) وأمانتها ، عند الضرورة.,1.0,0.676056338028169,0.9678405523300172,0.6788990825688073,5,5,4,3,1,1,success
2010/s/2010/263/968:2,en_ar_DEEPL,TIER1_CLEAN_A,Total Omission,جوي,[OMITTED],prefix_ال,ومن الأمثلة على الهباء الجوي مبيدات الآفات التي تستخدم لتعفير المزروعات والمواد الكيميائية الجافة التي تستخدم في تنويه السحب؛,وتشمل الأمثلة على الأيروسولات مبيدات الآفات المستخدمة في رش غبار المحاصيل والمواد الكيميائية الجافة المستخدمة في بذر السحب.,1.0,0.6585365853658536,0.8564430475234985,0.656,5,5,4,2,1,1,success
2010/s/2010/497/112:2,en_ar_TRANSFORMERS,TIER1_CLEAN_A,Hypernym for Hyponym,جماعات,مجموعات,prefix_ال,وقد شجعت الدعوات المتكررة من الجماعات لتقديم التبرعات ومزاعمها بعدم قدرتها على شن هجمات بسبب افتقارها للمال على مواصلة التركيز على إضافة ممولين إلى القائمة.,وقد شجعت النداءات المتكررة التي تدعو المجموعات إلى تقديم تبرعات، وادّعاءاتها بأنها غير قادرة على شن هجمات بسبب نقص الأموال، على زيادة التركيز على إضافة ممولين إلى القائمة.,1.0,0.6951219512195121,0.952058970928192,0.695906432748538,5,5,4,3,1,1,success
2010/s/2010/497/74:2,en_ar_DEEP,TIER1_CLEAN_A,Total Omission,حالة,[OMITTED],exact,ولإصدار قرار في حالة عدم وجود محددات الهوية، تطبق اللجنة في كثير من الأحيان المعايير التي يستخدمها الإنتربول، والذي يصدر إلى وكالات إنفاذ القانون الوطنية إعلانات الإنتربول - مجلس الأمن التابع للأمم المتحدة الخاصة بشأن جميع الأشخاص والكيانات المدرجة في القائمة التي يتوافر بشأنها عنصرين على الأقل من عناصر تحر الهوية.,لتحديد ما إذا كان أحد الإدخالات في القائمة يفتقر إلى محددات الهوية، تطبق اللجنة في كثير من الأحيان المعايير التي يستخدمها الإنتربول، الذي يصدر إلى وكالات إنفاذ القانون الوطنية الإنتربول - نشرات خاصة لمجلس الأمن التابع للأمم المتحدة بشأن جميع الأفراد والكيانات المدرجة في القائمة والتي لديها ما لا يقل عن معرفين.,1.0,0.6506410256410257,0.9299947023391724,0.6582278481012658,5,5,4,3,1,1,success
2010/s/2010/522/16:4,en_ar_TRANSFORMERS,TIER1_CLEAN_A,Total Omission,خاص,[OMITTED],both_ال_ة,وشاركت ممثلتي الخاصة في كل من المنتديين. وفي 16 آب/أغسطس افتتح وزير الدولة للشباب والرياضة برلمان الشباب (انظر S/2010/85، الفقرة 105) الذي يضم 130 من الشباب (بينهم 66 فتاة) تتراوح أعمارهم بين 12 و 17 عاما وسوف يجري تدريبهم لمدة سنتين على المهارات القيادية والنيابية وستتاح لهم الفرص لإقامة حوار بشأن قضايا السياسات العامة التي تمس الشباب.,وفي 16 آب/أغسطس، افتتح وزير الدولة لشؤون الشباب والرياضة برلمان الشباب (انظر S/2010/85، الفقرة 105) الذي يتألف من 130 شابا (منهم 66 فتاة) تتراوح أعمارهم بين 12 و 17 سنة، وسيخضعون للتدريب لمدة سنتين على مهارات القيادة والتمثيل، كما تتاح لهم فرص المشاركة في الحوار بشأن قضايا السياسات التي تؤثر على الشباب.,1.0,0.6716417910447761,0.9561712741851808,0.665680473372781,5,5,4,3,1,1,success
2010/s/2010/527/2:2,en_ar_DEEP,TIER1_CLEAN_A,Tanween Omission,عملاً,عملا,exact,وبناءً عليه، وبعد التشاور مع لجنة مجلس الأمن المنشأة عملاً بالقرار 1718 (2006)، أود إبلاغكم بأنني عيّنت السيد جورج لوبيز (الولايات المتحدة الأمريكية، خبير مالي) والسيد تاكيهيكو ياماموتو (اليابان، خبير بالمسائل النووية) للعمل ضمن فريق الخبراء والقيام بالمهام المنصوص عليها في الفقرة 26 من القرار.,وعليه، وبالتشاور مع لجنة مجلس الأمن المنشأة عملا بالقرار 1718 (2006)، أود إبلاغكم بأنني قمت بتعيين السيد جورج لوبيز (الولايات المتحدة الأمريكية، خبير في الشؤون المالية) والسيد تاكيهيرو ياماموتو (اليابان، خبير). بشأن القضايا النووية)، للعمل في فريق الخبراء والاضطلاع بالمهام المحددة في الفقرة 26 من القرار.,1.0,0.8006644518272426,0.9798383712768556,0.8,5,5,4,3,1,1,success
2010/s/2010/528/112:3,en_ar_DEEP,TIER1_CLEAN_A,Total Omission,الأخرى,[OMITTED],exact,وتواصل بعثة الأمم المتحدة في السودان تبادل التقارير العاجلة والمعلومات الحيوية الأخرى مع العملية المختلطة فيما يخص القيود التي فرضتها حكومة السودان على الطيران في جنوب دارفور، والاشتباكات بين حركة العدل والمساواة والقوات المسلحة السودانية.,وتواصل البعثة تبادل التقارير العاجلة وغيرها من المعلومات الحيوية مع العملية المختلطة للاتحاد الأفريقي والأمم المتحدة في دارفور فيما يتعلق بالقيود التي تفرضها حكومة السودان على الطيران فوق جنوب دارفور والاشتباكات بين حركة العدل والمساواة والقوات المسلحة السودانية.,1.0,0.6653992395437263,0.937286615371704,0.6615969581749049,5,5,5,2,1,1,success
2010/s/2010/528/112:3,en_ar_DEEP,TIER1_CLEAN_A,Total Omission,الأخرى,[OMITTED],exact,وتواصل بعثة الأمم المتحدة في السودان تبادل التقارير العاجلة والمعلومات الحيوية الأخرى مع العملية المختلطة فيما يخص القيود التي فرضتها حكومة السودان على الطيران في جنوب دارفور، والاشتباكات بين حركة العدل والمساواة والقوات المسلحة السودانية.,وتواصل البعثة تبادل التقارير العاجلة وغيرها من المعلومات الحيوية مع العملية المختلطة للاتحاد الأفريقي والأمم المتحدة في دارفور فيما يتعلق بالقيود التي تفرضها حكومة السودان على الطيران فوق جنوب دارفور والاشتباكات بين حركة العدل والمساواة والقوات المسلحة السودانية.,1.0,0.6653992395437263,0.937286615371704,0.6615969581749049,5,5,5,2,1,1,success
2010/s/2010/528/112:3,en_ar_DEEP,TIER1_CLEAN_A,Total Omission,الأخرى,[OMITTED],exact,وتواصل بعثة الأمم المتحدة في السودان تبادل التقارير العاجلة والمعلومات الحيوية الأخرى مع العملية المختلطة فيما يخص القيود التي فرضتها حكومة السودان على الطيران في جنوب دارفور، والاشتباكات بين حركة العدل والمساواة والقوات المسلحة السودانية.,وتواصل البعثة تبادل التقارير العاجلة وغيرها من المعلومات الحيوية مع العملية المختلطة للاتحاد الأفريقي والأمم المتحدة في دارفور فيما يتعلق بالقيود التي تفرضها حكومة السودان على الطيران فوق جنوب دارفور والاشتباكات بين حركة العدل والمساواة والقوات المسلحة السودانية.,1.0,0.6653992395437263,0.937286615371704,0.6615969581749049,5,5,5,2,1,1,success
2010/s/2010/529/75:1,en_ar_DEEP,TIER1_CLEAN_A,Total Omission,تابع,[OMITTED],both_ال_ة,53 - ويجري تنفيذ خطط متكاملة لدعم الانسحاب المقرر للعناصر العسكرية والمدنية التابعة للبعثة بين 15 تشرين الأول/أكتوبر و 31 كانون الأول/ديسمبر 2010.,53 - ويجري تنفيذ خطط متكاملة لدعم الانسحاب المقرر للعنصرين العسكري والمدني للبعثة في الفترة من 15 تشرين الأول/أكتوبر إلى 31 كانون الأول/ديسمبر 2010.,1.0,0.8581081081081081,0.989312469959259,0.8581081081081081,5,5,5,2,1,1,success
2010/s/2010/569/50:3,en_ar_DEEP,TIER1_CLEAN_A,Register Mismatch,ملائم,مناسب,prefix_ال,ونظرا لأن الأمم المتحدة، بالنسبة لمعظم الأغراض، تحتاج إلى توجيه رسالة واحدة مشتركة بشأن مكافحة الإرهاب، فمن الملائم أن تتولى فرقة العمل القيادة في هذا الصدد، إلا أن المديرية التنفيذية ستكون أيضا بحاجة إلى الحفاظ على طابعها المعلن المستقل وكفالة الشفافية فيما يتعلق بإجراءاتها، حسب الاقتضاء.,وبما أن الأمم المتحدة تحتاج في معظم الأغراض إلى إيصال رسالة مشتركة واحدة بشأن مكافحة الإرهاب، فمن المناسب أن تتولى فرقة العمل زمام المبادرة في هذا الصدد، على الرغم من أن المديرية التنفيذية ستحتاج أيضا إلى الحفاظ على صورتها العامة المستقلة وكفالة الشفافية على النحو الواجب. لإجراءاتها الخاصة، حسب الاقتضاء.,1.0,0.6799999999999999,0.962414026260376,0.6754098360655738,5,5,4,2,1,1,success
2010/s/2010/681/80:1,en_ar_DEEP,TIER1_CLEAN_A,Total Omission,حالة,[OMITTED],prefix_ال,خامساً - الحالة الإنسانية والإنعاش والعودة,خامساً: الوضع الإنساني والتعافي والعودة,1.0,0.7435897435897436,0.9545313119888306,0.7380952380952381,5,5,5,1,1,1,success
2010/s/ac_44/2007/14/55:2,en_ar_DEEP,TIER1_CLEAN_A,Total Omission,بموجب,[OMITTED],exact,وفي الشهر نفسه، انضمت كندا إلى جميع الدول المصدقة على معاهدة الحظر الشامل لدعم الإعلان الختامي للمؤتمر الخامس المنعقد بموجب المادة الرابعة عشرة في فيينا لتيسير دخول المعاهدة حيز النفاذ.,وفي الشهر نفسه، انضمت كندا إلى جميع الدول الأخرى المصدقة على معاهدة الحظر الشامل للتجارب النووية في دعم الإعلان الختامي للمؤتمر الخامس للمادة الرابعة عشرة لتيسير بدء نفاذ المعاهدة، الذي عقد في فيينا.,1.0,0.6733668341708543,0.9630746841430664,0.6482412060301508,5,5,4,3,1,1,success
2010/s/ac_44/2007/17/81:3,en_ar_DEEP,TIER1_CLEAN_A,Total Omission,تابع,[OMITTED],both_ال_ة,وتنشر المعلومات بصفة منتظمة في المواقع الشبكية التابعة للحكومة وفي المنشورات والنشرات.,ويتم نشر المعلومات بانتظام من خلال المواقع الإلكترونية الحكومية والمنشورات والمنشورات.,1.0,0.6511627906976745,0.9262601137161256,0.6046511627906976,5,5,4,2,1,1,success
2010/s/ac_44/2007/22/25:1,en_ar_DEEP,TIER1_CLEAN_A,Total Omission,حالة,[OMITTED],prefix_ال,:: السمسرة في السلع المزدوجة الاستخدام عندما تكون الحالة المشار إليها ذات صلة ببرامج أسلحة الدمار الشامل.,:: السمسرة في السلع ذات الاستخدام المزدوج، إذا كان الأمر يتعلق ببرامج أسلحة الدمار الشامل.,1.0,0.6732673267326732,0.8742123246192932,0.6571428571428571,5,5,5,2,1,1,success
2010/s/agenda/6284/4:1,en_ar_DEEP,TIER1_CLEAN_A,Total Omission,حالة,[OMITTED],prefix_ال,2 - الحالة في كوت ديفوار.,2. الوضع في كوت ديفوار.,1.0,0.782608695652174,0.9548119306564332,0.76,5,5,5,1,1,1,success
2010/s/agenda/6312/4:1,en_ar_DEEP,TIER1_CLEAN_A,Total Omission,حالة,[OMITTED],prefix_ال,2 - الحالة في تشاد وجمهورية أفريقيا الوسطى والمنطقة دون الإقليمية,2. الوضع في تشاد وجمهورية أفريقيا الوسطى والمنطقة دون الإقليمية,1.0,0.9206349206349208,0.9822620153427124,0.9076923076923076,5,5,5,1,1,1,success
2010/s/agenda/6391/4:1,en_ar_DEEP,TIER1_CLEAN_A,Total Omission,حالة,[OMITTED],prefix_ال,2 - الحالة في سيراليون,2. الوضع في سيراليون,1.0,0.75,0.9644758701324464,0.7272727272727273,5,5,5,1,1,1,success
2010/s/agenda/6402/4:1,en_ar_DEEP,TIER1_CLEAN_A,Total Omission,حالة,[OMITTED],prefix_ال,2 - الحالة في كوت ديفوار.,2. الوضع في كوت ديفوار.,1.0,0.782608695652174,0.9548119306564332,0.76,5,5,5,1,1,1,success
2010/s/prst/2010/10/22:2,en_ar_DEEP,TIER1_CLEAN_A,Total Omission,خاص,[OMITTED],suffix_ة,وعلاوة على ذلك، يدعو المجلس الفريق العامل إلى تنفيذ مجموعة أدوات عمله تنفيذا كاملا (S/2006/724) وذلك عن طريق أمور منها القيام بزيارة خاصة ببلد بعينه في غضون سنة واحدة، لبحث حالة ترد الإشارة إليها في مرفقي تقرير الأمين العام بهدف إنجاز ولايته على نحو أفضل وتعزيز قدراته على حماية الأطفال المتضررين من النزاعات المسلحة.,وعلاوة على ذلك، يدعو المجلس الفريق العامل إلى التنفيذ الكامل لمجموعة أدواته (S/2006/724)، وذلك بوسائل منها القيام بزيارة قطرية محددة في غضون سنة واحدة، لدراسة الحالة المشار إليها في مرفقات تقرير الأمين العام. التقرير من أجل أداء ولايتها بشكل أفضل وتعزيز قدرتها على حماية الأطفال المتأثرين بالنزاعات المسلحة.,1.0,0.6910828025477707,0.955778956413269,0.6876971608832807,5,5,4,3,1,1,success
2010/s/prst/2010/19/18:1,en_ar_DEEPL,TIER1_CLEAN_A,Terminology Substitution,يهيب,يدعو,exact,"""ويذكّر مجلس الأمن الدول الأعضاء بالتزامها بمنع تحركات الجماعات الإرهابية بطرق منها فرض ضوابط حدودية فعالة، وفي هذا السياق، يهيب بالدول الأعضاء أن تتبادل المعلومات على وجه السرعة وتحسّن التعاون فيما بين السلطات المختصة لمنع دخول الإرهابيين والجماعات الإرهابية إلى أراضيها وخروجهم منها، وتزويد الإرهابيين بالسلاح وتوفير التمويل الذي من شأنه أن يدعم الإرهابيين.","""ويذكّر مجلس الأمن الدول الأعضاء بالتزامها بمنع تنقل الجماعات الإرهابية بوسائل منها فرض ضوابط فعالة على الحدود، ويدعو في هذا السياق الدول الأعضاء إلى تبادل المعلومات على وجه السرعة وتحسين التعاون بين السلطات المختصة لمنع تنقل الإرهابيين والجماعات الإرهابية من أراضيها وإليها، ومنع تزويد الإرهابيين بالسلاح وتمويلهم الذي من شأنه دعم الإرهابيين.",1.0,0.8112676056338028,0.9805076122283936,0.7910863509749304,5,5,5,2,1,1,success
2010/s/prst/2010/20/10:2,en_ar_DEEP,TIER1_CLEAN_A,Terminology Substitution,يؤكد المجلس,يكرر المجلس,seq_prefix_و,ويؤكد المجلس من جديد أهمية تلبية احتياجات المرأة في بناء السلام ومشاركتها في وضع وتنفيذ استراتيجيات ما بعد النزاع.,ويكرر المجلس أهمية تلبية احتياجات المرأة في مجال بناء السلام وإشراكها في وضع وتنفيذ استراتيجيات ما بعد النزاع.,1.0,0.8349514563106796,0.9788337349891664,0.8245614035087719,5,5,5,2,1,1,success
2010/s/prst/2010/22/6:1,en_ar_DEEP,TIER1_CLEAN_A,Total Omission,تابع,[OMITTED],exact,"""يرحب مجلس الأمن بقرار الجمعية العامة 64/289 الذي أنشئ بموجبه كيان تابع للأمم المتحدة يعني بالمساواة بين الجنسين وتمكين المرأة (جهاز الأمم المتحدة المعني بشؤون المرأة)، وسيبدأ عمله بشكل كامل في كانون الثاني/ يناير 2011.","""ويرحب مجلس الأمن بقرار الجمعية العامة A/RES/64/289 المنشئ لهيئة الأمم المتحدة للمساواة بين الجنسين وتمكين المرأة (هيئة الأمم المتحدة للمرأة) التي ستدخل مرحلة التشغيل الكامل في كانون الثاني/يناير 2011.",1.0,0.6930232558139535,0.9253333806991576,0.6849315068493151,5,5,4,2,1,1,success
2010/s/prst/2010/22/6:1,en_ar_DEEP,TIER1_CLEAN_A,Total Omission,تابع,[OMITTED],exact,"""يرحب مجلس الأمن بقرار الجمعية العامة 64/289 الذي أنشئ بموجبه كيان تابع للأمم المتحدة يعني بالمساواة بين الجنسين وتمكين المرأة (جهاز الأمم المتحدة المعني بشؤون المرأة)، وسيبدأ عمله بشكل كامل في كانون الثاني/ يناير 2011.","""ويرحب مجلس الأمن بقرار الجمعية العامة A/RES/64/289 المنشئ لهيئة الأمم المتحدة للمساواة بين الجنسين وتمكين المرأة (هيئة الأمم المتحدة للمرأة) التي ستدخل مرحلة التشغيل الكامل في كانون الثاني/يناير 2011.",1.0,0.6930232558139535,0.9253333806991576,0.6849315068493151,5,5,4,2,1,1,success
2010/s/prst/2010/22/7:1,en_ar_DEEP,TIER1_CLEAN_A,Progressive to Perfective,التي ترتكب,المرتكبة,exact_seq,"""ويكرر مجلس الأمن إدانته القوية لجميع انتهاكات القانون الدولي المعمول به التي ترتكب ضد النساء والفتيات في حالات النزاع المسلح وحالات ما بعد النزاع، بما في ذلك الاغتصاب وغيره من أشكال العنف الجنسي والعنف القائم على نوع الجنس والقتل والتشويه التي تتعارض مع القانون الدولي.","""ويكرر مجلس الأمن إدانته القوية لجميع انتهاكات القانون الدولي المنطبق المرتكبة ضد النساء والفتيات في حالات النزاع المسلح وحالات ما بعد النزاع، بما في ذلك الاغتصاب وغيره من أشكال العنف الجنسي والجنساني والقتل والتشويه التي تتعارض مع أحكام القانون الدولي. قانون.",1.0,0.8461538461538461,0.993598997592926,0.8333333333333334,5,5,4,2,1,1,success
2010/s/prst/2010/22/7:1,en_ar_DEEP,TIER1_CLEAN_A,Progressive to Perfective,التي ترتكب,المرتكبة,exact_seq,"""ويكرر مجلس الأمن إدانته القوية لجميع انتهاكات القانون الدولي المعمول به التي ترتكب ضد النساء والفتيات في حالات النزاع المسلح وحالات ما بعد النزاع، بما في ذلك الاغتصاب وغيره من أشكال العنف الجنسي والعنف القائم على نوع الجنس والقتل والتشويه التي تتعارض مع القانون الدولي.","""ويكرر مجلس الأمن إدانته القوية لجميع انتهاكات القانون الدولي المنطبق المرتكبة ضد النساء والفتيات في حالات النزاع المسلح وحالات ما بعد النزاع، بما في ذلك الاغتصاب وغيره من أشكال العنف الجنسي والجنساني والقتل والتشويه التي تتعارض مع أحكام القانون الدولي. قانون.",1.0,0.8461538461538461,0.993598997592926,0.8333333333333334,5,5,4,2,1,1,success
2010/s/prst/2010/22/8:2,en_ar_DEEP,TIER1_CLEAN_A,Progressive to Perfective,التي ترتكب,المرتكبة,exact_seq,ويعتزم المجلس تكثيف جهوده الرامية إلى مكافحة الإفلات من العقاب ودعم المساءلة عن الجرائم الخطيرة التي ترتكب ضد النساء والفتيات وذلك بتوفير الوسائل المناسبة، ويلفت الانتباه إلى مجموعة كاملة من آليات العدالة والمصالحة التي يتعين النظر فيها، بما في ذلك المحاكم الجنائية الوطنية والدولية والمختلطة بأنواعها، ولجان الحقيقة والمصالحة التي يتعين النظر فيها، بما في ذلك المحاكم الجنائية الوطنية والدولية والمختلطة بأنواعها، ولجان الحقيقة والمصالحة، فضلا عن البرامج الوطنية لتعويض الضحايا والإصلاحات المؤسسية والآليات التقليدية لتسوية المنازعات.,ويعتزم المجلس تعزيز جهوده لمكافحة الإفلات من العقاب ودعم المساءلة عن الجرائم الخطيرة المرتكبة ضد النساء والفتيات بالوسائل المناسبة، ويلفت الانتباه إلى المجموعة الكاملة من آليات العدالة والمصالحة التي يتعين النظر فيها، بما في ذلك المحاكم الجنائية الوطنية والدولية والمختلطة. لجان الحقيقة والمصالحة، فضلاً عن برامج التعويضات الوطنية للضحايا، والإصلاحات المؤسسية، والآليات التقليدية لحل النزاعات.,1.0,0.6799999999999999,0.979666233062744,0.6766355140186916,5,5,4,2,1,1,success
2010/s/prst/2010/25/223:2,en_ar_DEEP,TIER1_CLEAN_A,Progressive to Perfective,التي ترتكب,المرتكبة,exact_seq,إدانته بكل شدة لجميع أعمال العنف والاعتداءات التي ترتكب ضد المدنيين في حالات الصراع المسلح، بما يتنافى والالتزامات الدولية السارية بشأن الحالات التالية على وجه الخصوص: '1` التعذيب وغيره من ضروب المعاملة المحظورة، '2` العنف الجنساني والجنسي، '3` ممارسة العنف ضد الأطفال، '4` تجنيد الأطفال واستخدام الجنود الأطفال، '5` الاتجار بالبشر، '6` التشريد القسري، '7` الحرمان المتعمد من المساعدة الإنسانية، ويطالب جميع الأطراف بوضع حد لهذه الممارسات.,يؤكد من جديد ... إدانته بأشد العبارات لجميع أعمال العنف أو الانتهاكات المرتكبة ضد المدنيين في حالات النزاع المسلح في انتهاك للالتزامات الدولية المعمول بها فيما يتعلق على وجه الخصوص بـ (1) التعذيب وغيره من ضروب المعاملة المحظورة، (2) الجنس- العنف القائم على أساس جنسي، (3) العنف ضد الأطفال، (4) تجنيد واستخدام الجنود الأطفال، (5) الاتجار بالبشر، (6) التهجير القسري، و (7) الحرمان المتعمد من المساعدة الإنسانية، ويطالب بما يلي: على كافة الأطراف وضع حد لمثل هذه الممارسات.,1.0,0.6963123644251628,0.9192940592765808,0.6908315565031983,5,5,4,2,1,1,success
2010/s/prst/2010/25/469:1,en_ar_DEEP,TIER1_CLEAN_A,Total Omission,بعثة,[OMITTED],exact,يشدد على أن القانون الدولي يتضمن أحكاماً تحظر الهجمات الموجهة عن علم وبشكل مقصود ضد الأفراد العاملين في بعثة لتقديم المساعدة الإنسانية أو لحفظ السلام يتم الاضطلاع بها وفقا لميثاق الأمم المتحدة، والتي تشكل، في حالات النـزاعات المسلحة، جرائم حرب، ويشير إلى ضرورة أن تضع الدول حدا للإفلات من العقاب على تلك الأفعال الإجرامية.,وإذ يؤكد أن القانون الدولي يحظر الهجمات الموجهة عن علم وقصد ضد الأفراد المشاركين في مهمة المساعدة الإنسانية أو حفظ السلام التي يتم تنفيذها وفقاً لميثاق الأمم المتحدة والتي تشكل في حالات النزاعات المسلحة جرائم حرب، وإذ يذكّر بضرورة قيام الدول بإنهاء الإفلات من العقاب على مثل هذه الأعمال الإجرامية.,1.0,0.7232704402515724,0.9304712414741516,0.7173913043478262,5,5,4,3,1,1,success
2010/s/prst/2010/25/613:1,en_ar_DEEP,TIER1_CLEAN_A,Total Omission,الأخرى,[OMITTED],exact,وإذ يشير إلى مسؤوليات الدول عن وضع حد للإفلات من العقاب ومحاكمة المسؤولين عن الإبادة الجماعية والجرائم ضد الإنسانية وجرائم الحرب والجرائم الشنيعة الأخرى المرتكبة ضد المدنيين، وإذ يلاحظ مع القلق، في هذا الصدد، أن عددا محدودا فقط من مرتكبي أعمال العنف الجنسي قد قدموا إلى العدالة، مع التسليم في الوقت نفسه بأن نظم العدالة الوطنية يمكن أن ينتابها ضعف كبير في حالات النزاع وما بعد انتهاء النزاع،,وإذ يشير إلى مسؤوليات الدول عن إنهاء الإفلات من العقاب ومحاكمة المسؤولين عن أعمال الإبادة الجماعية والجرائم ضد الإنسانية وجرائم الحرب وغيرها من الجرائم الشنيعة المرتكبة ضد المدنيين، وإذ يلاحظ في هذا الصدد مع القلق أنه لم يتم تقديم سوى أعداد محدودة من مرتكبي أعمال العنف الجنسي إلى العدالة، مع الاعتراف بأن أنظمة العدالة الوطنية في حالات النزاع وما بعد النزاع قد تضعف بشكل كبير.,1.0,0.6545454545454545,0.9755589962005616,0.6445012787723785,5,5,4,3,1,1,success
2010/s/prst/2010/25/613:1,en_ar_DEEP,TIER1_CLEAN_A,Total Omission,الأخرى,[OMITTED],exact,وإذ يشير إلى مسؤوليات الدول عن وضع حد للإفلات من العقاب ومحاكمة المسؤولين عن الإبادة الجماعية والجرائم ضد الإنسانية وجرائم الحرب والجرائم الشنيعة الأخرى المرتكبة ضد المدنيين، وإذ يلاحظ مع القلق، في هذا الصدد، أن عددا محدودا فقط من مرتكبي أعمال العنف الجنسي قد قدموا إلى العدالة، مع التسليم في الوقت نفسه بأن نظم العدالة الوطنية يمكن أن ينتابها ضعف كبير في حالات النزاع وما بعد انتهاء النزاع،,وإذ يشير إلى مسؤوليات الدول عن إنهاء الإفلات من العقاب ومحاكمة المسؤولين عن أعمال الإبادة الجماعية والجرائم ضد الإنسانية وجرائم الحرب وغيرها من الجرائم الشنيعة المرتكبة ضد المدنيين، وإذ يلاحظ في هذا الصدد مع القلق أنه لم يتم تقديم سوى أعداد محدودة من مرتكبي أعمال العنف الجنسي إلى العدالة، مع الاعتراف بأن أنظمة العدالة الوطنية في حالات النزاع وما بعد النزاع قد تضعف بشكل كبير.,1.0,0.6545454545454545,0.9755589962005616,0.6445012787723785,5,5,4,3,1,1,success
2010/s/prst/2010/25/613:1,en_ar_DEEP,TIER1_CLEAN_A,Total Omission,الأخرى,[OMITTED],exact,وإذ يشير إلى مسؤوليات الدول عن وضع حد للإفلات من العقاب ومحاكمة المسؤولين عن الإبادة الجماعية والجرائم ضد الإنسانية وجرائم الحرب والجرائم الشنيعة الأخرى المرتكبة ضد المدنيين، وإذ يلاحظ مع القلق، في هذا الصدد، أن عددا محدودا فقط من مرتكبي أعمال العنف الجنسي قد قدموا إلى العدالة، مع التسليم في الوقت نفسه بأن نظم العدالة الوطنية يمكن أن ينتابها ضعف كبير في حالات النزاع وما بعد انتهاء النزاع،,وإذ يشير إلى مسؤوليات الدول عن إنهاء الإفلات من العقاب ومحاكمة المسؤولين عن أعمال الإبادة الجماعية والجرائم ضد الإنسانية وجرائم الحرب وغيرها من الجرائم الشنيعة المرتكبة ضد المدنيين، وإذ يلاحظ في هذا الصدد مع القلق أنه لم يتم تقديم سوى أعداد محدودة من مرتكبي أعمال العنف الجنسي إلى العدالة، مع الاعتراف بأن أنظمة العدالة الوطنية في حالات النزاع وما بعد النزاع قد تضعف بشكل كبير.,1.0,0.6545454545454545,0.9755589962005616,0.6445012787723785,5,5,4,3,1,1,success
2010/s/prst/2010/25/847:1,en_ar_DEEP,TIER1_CLEAN_A,Definiteness Shift,سلام,السلام,prefix_ال,وإذ يرحب بإدماج المرأة في بعثات حفظ السلام لتتولى وظائف مدنية وعسكرية ووظائف الشرطة، وإذ يدرك بأن النساء والأطفال المتضررين من النزاع المسلح قد يشعرون بأمان أكثر إذا عملوا مع نساء في بعثات حفظ السلام وأبلغوهن بالانتهاكات، وبأن وجود حفظة سلام من النساء قد يشجع النساء المحليات على المشاركة في القوات المسلحة وقوات الأمن الوطنية، بما يسهم في بناء قطاع أمني يتاح الوصول إليه ويستجيب للجميع، ولا سيما النساء.,وإذ نرحب بإدراج المرأة في بعثات حفظ السلام في المهام المدنية والعسكرية ومهام الشرطة، والاعتراف بأن النساء والأطفال المتأثرين بالنزاعات المسلحة قد يشعرون بمزيد من الأمان عند العمل مع النساء والإبلاغ عن الانتهاكات في بعثات حفظ السلام، وأن وجود حفظة السلام من النساء قد يشجع للمرأة المحلية للمشاركة في القوات المسلحة وقوات الأمن الوطنية، مما يساعد على بناء قطاع أمني يسهل الوصول إليه ويستجيب للجميع، وخاصة النساء.,1.0,0.7004950495049505,0.9729838371276855,0.7097560975609756,5,5,4,3,1,1,success
2010/s/prst/2010/25/888:1,en_ar_DEEP,TIER1_CLEAN_A,Register Mismatch,ملائم,مناسب,suffix_ة,يطالب جميع الأطراف في النزاعات المسلحة بأن تتخذ على الفور تدابير ملائمة لحماية المدنيين، بما في ذلك النساء والأطفال، من جميع أشكال العنف الجنسي، تشمل تدابير مثل إنفاذ التدابير التأديبية العسكرية المناسبة والتقيد بمبدأ مسؤولية القيادة، وتدريب القوات على حظر جميع أشكال العنف الجنسي المرتكبة ضد المدنيين حظرا مطلقا، وفضح الأفكار الخاطئة التي تؤجج العنف الجنسي، والتحري عن المرشحين للالتحاق بالقوات العسكرية والأمنية الوطنية لضمان استبعاد من له صلة منهم بانتهاكات جسيمة للقانون الإنساني الدولي والقانون الدولي لحقوق الإنسان، بما في ذلك العنف الجنسي.,يطالب جميع أطراف النزاع المسلح باتخاذ التدابير المناسبة فوراً لحماية المدنيين، بمن فيهم النساء والأطفال، من جميع أشكال العنف الجنسي، بما في ذلك تدابير مثل، في جملة أمور، إنفاذ التدابير التأديبية العسكرية المناسبة والتمسك بمبدأ مسؤولية القيادة، وتدريب القوات. بشأن الحظر القاطع لجميع أشكال العنف الجنسي ضد المدنيين، وفضح الأساطير التي تغذي العنف الجنسي، وفحص المرشحين للجيوش الوطنية وقوات الأمن لضمان استبعاد أولئك المرتبطين بالانتهاكات الجسيمة للقانون الإنساني الدولي والقانون الدولي لحقوق الإنسان، بما في ذلك العنف الجنسي.,1.0,0.7042513863216266,0.9780166149139404,0.6978021978021978,5,5,4,3,1,1,success
2010/s/prst/2010/29/8:1,en_ar_DEEP,TIER1_CLEAN_A,Total Omission,حالة,[OMITTED],exact,"""ويطلب مجلس الأمن من الأمين العام أن يقدم قبل نهاية مرحلة تصفية بعثة الأمم المتحدة في جمهورية أفريقيا الوسطى وتشاد في 30 نيسان/أبريل 2011 تقريرا عن التقدم المحرز في شرق تشاد بشأن حماية المدنيين، وخصوصا النساء والأطفال، بما في ذلك '1` حالة اللاجئين والمشردين داخليا والحلول الدائمة لتشردهم، '2` وصول المساعدات الإنسانية بلا عوائق وبشكل آمن وفي الوقت اللازم، بما في ذلك حركة وأمن الأفراد العاملين في المجال الإنساني وإيصال المعونة الإنسانية، '3` بشأن التدابير المتخذة استجابة لانتهاكات القانون الإنساني وقانون حقوق الإنسان وقانون اللاجئين، و '4` الحالة الأمنية العامة في حدود تأثيرها على الوضع الإنساني.","""ويطلب مجلس الأمن إلى الأمين العام أن يقدم تقريرا، بحلول نهاية مرحلة تصفية البعثة في 30 نيسان/أبريل 2011، عن التقدم المحرز في شرق تشاد بشأن حماية المدنيين، ولا سيما النساء والأطفال، بما في ذلك (ط) وضع اللاجئين واللاجئين داخليا النازحين والحلول الدائمة لنزوحهم، (2) وصول المساعدات الإنسانية دون عوائق وبشكل آمن وفي الوقت المناسب، بما في ذلك حركة وأمن العاملين في المجال الإنساني وتوصيل المساعدات الإنسانية، (3) بشأن التدابير المتخذة للرد على انتهاكات الحقوق الإنسانية والإنسانية. حقوق الإنسان وقانون اللاجئين، و(4) الوضع الأمني ​​العام لأنه يؤثر على الوضع الإنساني.",1.0,0.7202680067001674,0.9605004787445068,0.7204658901830283,5,5,4,2,1,1,success
2010/s/pv_6353/165:1,en_ar_DEEP,TIER1_CLEAN_A,Register Mismatch,ترمي إلى,تهدف إلى,exact_seq,ويرى وفدي أنه للحيلولة دون اندلاع أعمال عنف جديدة ولإشاعة الاستقرار في شمال كوسوفو، لا يزال من الجوهري أن تقترن عملية المصالحة بسياسات ترمي إلى ضمان الاستقرار الاجتماعي والاقتصادي لدى الطوائف بطريقة غير تمييزية.,وفي رأي وفدي، ومن أجل منع اندلاع موجات جديدة من العنف وعدم الاستقرار في شمال كوسوفو، يظل من الضروري أن تكون عملية المصالحة مصحوبة بسياسات تهدف إلى ضمان الاستقرار الاجتماعي والاقتصادي للمجتمعات بطريقة غير تمييزية.,1.0,0.6862745098039216,0.9364514350891112,0.6839622641509434,5,5,5,2,1,1,success
2011/s/2011/10/24:1,en_ar_DEEP,TIER1_CLEAN_A,Total Omission,حالة,[OMITTED],prefix_ال,21 - الحالة بين إريتريا وإثيوبيا (26 حزيران/يونيه 1998؛ 30 تموز/ يوليه 2008).,21. الوضع بين إريتريا وإثيوبيا (26 حزيران/يونيه 1998؛ 30 تموز/يوليه 2008).,1.0,0.9189189189189187,0.9854389429092408,0.9090909090909092,5,5,5,1,1,1,success
2011/s/2011/10/5:1,en_ar_DEEP,TIER1_CLEAN_A,Total Omission,حالة,[OMITTED],prefix_ال,2 - الحالة في الشرق الأوسط (18 تموز/يوليه 1960؛ 22 كانون الأول/ ديسمبر 2010).,2. الوضع في الشرق الأوسط (18 يوليو 1960؛ 22 ديسمبر 2010).,1.0,0.6712328767123288,0.9674021005630492,0.6753246753246753,5,5,5,1,1,1,success
2011/s/2011/10/add_30/6:1,en_ar_DEEP,TIER1_CLEAN_A,Total Omission,حالة,[OMITTED],prefix_ال,2 - الحالة في الشرق الأوسط (18 تموز/يوليه 1960؛ 30 حزيران/ يونيه 2011).,2. الوضع في الشرق الأوسط (18 يوليو 1960؛ 30 يونيو 2011).,1.0,0.7014925373134329,0.965651273727417,0.704225352112676,1,5,5,1,1,1,success
2011/s/2011/10/add_30/7:1,en_ar_DEEP,TIER1_CLEAN_A,Total Omission,حالة,[OMITTED],prefix_ال,3 - الحالة في قبرص (27 كانون الأول/ديسمبر 1963؛ 13 حزيران/ يونيه 2011).,3. الوضع في قبرص (27 كانون الأول/ديسمبر 1963؛ 13 حزيران/يونيه 2011).,1.0,0.9117647058823528,0.9768078327178956,0.9014084507042254,5,5,5,1,1,1,success
2011/s/2011/10/add_44/6:1,en_ar_DEEP,TIER1_CLEAN_A,Total Omission,حالة,[OMITTED],prefix_ال,2 - الحالة في الشرق الأوسط (18 تموز/يوليه 1960؛ 21 تشرين الأول/أكتوبر 2011).,2. الوضع في الشرق الأوسط (18 يوليو 1960؛ 21 أكتوبر 2011).,1.0,0.6805555555555556,0.9682638049125672,0.6842105263157895,5,5,5,1,1,1,success
2011/s/2011/125/34:4,en_ar_DEEP,TIER1_CLEAN_A,Total Omission,تابع,[OMITTED],both_ال_ين,وفي حين يوجد الجزء الأكبر من الموظفين الدوليين التابعين للأمم المتحدة في الشمال، فإن ما يقرب من 30 في المائة منهم يتمركزون في وسط الصومال وجنوبه.,وبينما يبقى الجزء الأكبر من موظفي الأمم المتحدة الدوليين في الشمال، فإن نحو 30 في المائة منهم يتمركزون في وسط الصومال وجنوبه.,1.0,0.7092198581560284,0.9932050704956056,0.6965517241379311,5,5,5,2,1,1,success
2011/s/2011/223/62:1,en_ar_DEEP,TIER1_CLEAN_A,Total Omission,تابع,[OMITTED],both_ال_ة,13 - ستواصل المديرية التنفيذية تعزيز دورها في تيسير المساعدة التقنية من أجل تنفيذ القرار 1373 (2001) سعيا وراء زيادة قدرات الدول الأعضاء والمناطق على مكافحة الإرهاب، وذلك عن طريق تلبية احتياجاتها في هذا الميدان، بالتعاون الوثيق مع فرقة العمل المعنية بالتنفيذ في مجال مكافحة الإرهاب والهيئات الأخرى التابعة للأمم المتحدة ومانحي المساعدات الثنائية والمتعددة الأطراف، وستواصل اعتماد نهج مركّز وإقليمي في هذا العمل.,13 - وستواصل المديرية التنفيذية للجنة مكافحة الإرهاب تعزيز دورها في تيسير تقديم المساعدة التقنية لتنفيذ القرار 1373 (2001) بهدف زيادة قدرات الدول الأعضاء والمناطق في مجال مكافحة الإرهاب عن طريق تلبية احتياجاتها في مجال مكافحة الإرهاب. ، بالتعاون الوثيق مع فرقة العمل المعنية بالتنفيذ في مجال مكافحة الإرهاب، وهيئات الأمم المتحدة الأخرى ومقدمي المساعدة الثنائية والمتعددة الأطراف، وسوف نواصل اعتماد نهج مركز وإقليمي في هذا العمل.,1.0,0.7663551401869159,0.9740809202194214,0.7593457943925234,1,5,4,2,1,1,success
2011/s/2011/223/62:1,en_ar_DEEP,TIER1_CLEAN_A,Total Omission,تابع,[OMITTED],both_ال_ة,13 - ستواصل المديرية التنفيذية تعزيز دورها في تيسير المساعدة التقنية من أجل تنفيذ القرار 1373 (2001) سعيا وراء زيادة قدرات الدول الأعضاء والمناطق على مكافحة الإرهاب، وذلك عن طريق تلبية احتياجاتها في هذا الميدان، بالتعاون الوثيق مع فرقة العمل المعنية بالتنفيذ في مجال مكافحة الإرهاب والهيئات الأخرى التابعة للأمم المتحدة ومانحي المساعدات الثنائية والمتعددة الأطراف، وستواصل اعتماد نهج مركّز وإقليمي في هذا العمل.,13 - وستواصل المديرية التنفيذية للجنة مكافحة الإرهاب تعزيز دورها في تيسير تقديم المساعدة التقنية لتنفيذ القرار 1373 (2001) بهدف زيادة قدرات الدول الأعضاء والمناطق في مجال مكافحة الإرهاب عن طريق تلبية احتياجاتها في مجال مكافحة الإرهاب. ، بالتعاون الوثيق مع فرقة العمل المعنية بالتنفيذ في مجال مكافحة الإرهاب، وهيئات الأمم المتحدة الأخرى ومقدمي المساعدة الثنائية والمتعددة الأطراف، وسوف نواصل اعتماد نهج مركز وإقليمي في هذا العمل.,1.0,0.7663551401869159,0.9740809202194214,0.7593457943925234,1,5,4,2,1,1,success
2011/s/2011/223/62:1,en_ar_DEEP,TIER1_CLEAN_A,Total Omission,تابع,[OMITTED],both_ال_ة,13 - ستواصل المديرية التنفيذية تعزيز دورها في تيسير المساعدة التقنية من أجل تنفيذ القرار 1373 (2001) سعيا وراء زيادة قدرات الدول الأعضاء والمناطق على مكافحة الإرهاب، وذلك عن طريق تلبية احتياجاتها في هذا الميدان، بالتعاون الوثيق مع فرقة العمل المعنية بالتنفيذ في مجال مكافحة الإرهاب والهيئات الأخرى التابعة للأمم المتحدة ومانحي المساعدات الثنائية والمتعددة الأطراف، وستواصل اعتماد نهج مركّز وإقليمي في هذا العمل.,13 - وستواصل المديرية التنفيذية للجنة مكافحة الإرهاب تعزيز دورها في تيسير تقديم المساعدة التقنية لتنفيذ القرار 1373 (2001) بهدف زيادة قدرات الدول الأعضاء والمناطق في مجال مكافحة الإرهاب عن طريق تلبية احتياجاتها في مجال مكافحة الإرهاب. ، بالتعاون الوثيق مع فرقة العمل المعنية بالتنفيذ في مجال مكافحة الإرهاب، وهيئات الأمم المتحدة الأخرى ومقدمي المساعدة الثنائية والمتعددة الأطراف، وسوف نواصل اعتماد نهج مركز وإقليمي في هذا العمل.,1.0,0.7663551401869159,0.9740809202194214,0.7593457943925234,1,5,4,2,1,1,success
2011/s/2011/223/62:1,en_ar_DEEP,TIER1_CLEAN_A,Total Omission,تابع,[OMITTED],both_ال_ة,13 - ستواصل المديرية التنفيذية تعزيز دورها في تيسير المساعدة التقنية من أجل تنفيذ القرار 1373 (2001) سعيا وراء زيادة قدرات الدول الأعضاء والمناطق على مكافحة الإرهاب، وذلك عن طريق تلبية احتياجاتها في هذا الميدان، بالتعاون الوثيق مع فرقة العمل المعنية بالتنفيذ في مجال مكافحة الإرهاب والهيئات الأخرى التابعة للأمم المتحدة ومانحي المساعدات الثنائية والمتعددة الأطراف، وستواصل اعتماد نهج مركّز وإقليمي في هذا العمل.,13 - وستواصل المديرية التنفيذية للجنة مكافحة الإرهاب تعزيز دورها في تيسير تقديم المساعدة التقنية لتنفيذ القرار 1373 (2001) بهدف زيادة قدرات الدول الأعضاء والمناطق في مجال مكافحة الإرهاب عن طريق تلبية احتياجاتها في مجال مكافحة الإرهاب. ، بالتعاون الوثيق مع فرقة العمل المعنية بالتنفيذ في مجال مكافحة الإرهاب، وهيئات الأمم المتحدة الأخرى ومقدمي المساعدة الثنائية والمتعددة الأطراف، وسوف نواصل اعتماد نهج مركز وإقليمي في هذا العمل.,1.0,0.7663551401869159,0.9740809202194214,0.7593457943925234,1,5,4,2,1,1,success
2011/s/2011/245/118:1,en_ar_DEEPL,TIER1_CLEAN_A,Total Omission,أخرى,[OMITTED],exact,59 - ويتسم حظر السفر بفعالية خاصة ضد ممولي تنظيم القاعدة وحركة الطالبان، الذين قد يجدون صعوبة في استخدام هوية مزورة أو التملص بطرق أخرى من القيود المفروضة على تحركاتهم.,59. وينطوي حظر السفر على إمكانات خاصة ضد ممولي تنظيم القاعدة وحركة طالبان، الذين قد يجدون صعوبة في استخدام هوية مزورة أو التهرب من القيود المفروضة على تحركاتهم.,1.0,0.8414634146341463,0.8905864953994751,0.8214285714285714,5,5,4,2,1,1,success
2011/s/2011/245/9:1,en_ar_DEEP,TIER1_CLEAN_A,Tanween Omission,عملاً,عملا,exact,يتشرف فريق الدعم التحليلي ورصد تنفيذ الجزاءات المنشأ عملاً بقرار مجلس الأمن 1526 (2004) والذي مُدّدت ولايته بموجب قرار مجلس الأمن 1904 (2009) المتعلق بتنظيم القاعدة وحركة الطالبان وما يرتبط بهما من أفراد وكيانات، بأن يحيل تقريره الحادي عشر، وفقاً للقرار 1904 (2009).,يتشرف فريق الدعم التحليلي ورصد الجزاءات، المنشأ عملا بقرار مجلس الأمن 1526 (2004) والممدَّد بموجب قرار مجلس الأمن 1904 (2009) بشأن تنظيم القاعدة وحركة الطالبان وما يرتبط بهما من أفراد وكيانات، بأن يحيل تقريره الحادي عشر، وفقا للقرار 1904 (2009).,1.0,0.8888888888888888,0.9753671884536744,0.887218045112782,5,5,4,2,1,1,success
2011/s/2011/298/51:1,en_ar_DEEP,TIER1_CLEAN_A,Total Omission,تابع,[OMITTED],suffix_ة,37 - وفي إطار خطة تحقيق الاستقرار وإعادة البناء واستراتيجية الدعم، تم تسليم ثمانية مرافق تابعة للدولة إلى السلطات الوطنية، شملت مرافق للشرطة والإدارة في إقليمي ماسيسي وروتشورو في كيفو الشمالية؛ ومرافق للشرطة والإدارة والقضاء في إقليم والونغو في كيفو الجنوبية؛ ومركز تدريب بحري لشرطة الحدود في مقاطعة إيتوري.,37. وفي إطار خطة الاستقرار وإعادة الإعمار واستراتيجية الدعم، تم تسليم ثمانية مرافق حكومية إلى السلطات الوطنية. وشملت هذه المرافق مرافق للشرطة والإدارية في إقليمي ماسيسي وروتشورو في شمال كيفو؛ ومرافق للشرطة والإدارية والقضائية في والونجو، جنوب كيفو؛ ومركز تدريب بحري لشرطة الحدود في منطقة إيتوري.,1.0,0.7623762376237624,0.9680160284042358,0.752442996742671,5,5,4,2,1,1,success
2011/s/2011/298/6:3,en_ar_DEEP,TIER1_CLEAN_A,Total Omission,تابع,[OMITTED],suffix_ة,ويتواصل شن هجمات ضد المدنيين، بما في ذلك أعمال العنف الجنسي على أيدي الجماعات المسلحة الأجنبية والكنغولية وعناصر تابعة للقوات المسلحة لجمهورية الكونغو الديمقراطية.,واستمرت الهجمات ضد المدنيين، بما في ذلك أعمال العنف الجنسي، على أيدي الجماعات المسلحة الأجنبية والكونغولية وبعض عناصر القوات المسلحة لجمهورية الكونغو الديمقراطية.,1.0,0.8888888888888888,0.9585723280906676,0.8711656441717791,5,5,5,2,1,1,success
2011/s/2011/317/127:1,en_ar_DEEPL,TIER1_CLEAN_A,Hyponym for Hypernym,حركة,تنقل,exact,(د) تجهيز السجلات الإدارية ومسحها إلكترونيا - تعثرت عمليات فرز السجلات الإدارية وتجهيزها ومسحها إلكترونيا وإدخال بياناتها بسبب حركة الموظفين داخل الوحدة.,(د) تجهيز السجلات الإدارية ومسحها ضوئيا. أعيقت عمليات فرز السجلات الإدارية وتجهيزها ومسحها ضوئيا وإدخال البيانات فيها بسبب تنقلات الموظفين داخل الوحدة.,1.0,0.8389261744966443,0.9087029695510864,0.8169934640522876,4,4,4,2,1,1,success
2011/s/2011/354/9:1,en_ar_DEEP,TIER1_CLEAN_A,Total Omission,بموجب,[OMITTED],exact,وإذ يتصرف بموجب المادة 41 من الفصل السابع من ميثاق الأمم المتحدة،,وبناء على المادة 41 من الفصل السابع من ميثاق الأمم المتحدة،,1.0,0.85,0.9525717496871948,0.8,4,4,5,1,1,1,success
2011/s/2011/463/142:1,en_ar_DEEP,TIER1_CLEAN_A,Progressive to Perfective,التي ترتكب,المرتكبة,exact_seq,66 - وسعيا إلى مكافحة ازدياد معدلات الجرائم التي ترتكب في البحر، تعمل المنظمة البحرية لغرب ووسط أفريقيا، بمساعدة المنظمة البحرية العالمية، على تعزيز التعاون فيما بين وكالات إنفاذ القانون عن طريق إنشاء شبكة من وحدات خفر السواحل.,66 - وفي محاولة لمواجهة تزايد الجرائم المرتكبة في البحر، تعمل المنظمة البحرية لغرب ووسط أفريقيا، بمساعدة المنظمة البحرية الدولية، على تعزيز التعاون بين وكالات إنفاذ القانون من خلال إنشاء شبكة من وحدات خفر السواحل.,1.0,0.8387096774193549,0.9908276200294496,0.8237885462555066,5,5,5,2,1,1,success
2011/s/2011/463/184:9,en_ar_DEEP,TIER1_CLEAN_A,Total Omission,بموجب,[OMITTED],exact,وسنّت جميع الدول قوانين لمراقبة صُنع الأسلحة الصغيرة والذخائر وحيازتها واقتنائها وبيعها وتحويلها ونقلها وتوريدها، ولكن هذه القوانين لا تتضمن أحكاما واضحة بشأن سمسرة السلاح أو نقل الأسلحة أو حظر توريد السلاح المفروض بموجب قرارات مجلس الأمن.,وقد سنت جميع الدول قوانين لمراقبة تصنيع الأسلحة الصغيرة والذخائر وحيازتها وحيازتها وبيعها ونقلها ونقلها وتوريدها، لكن هذه القوانين لا تتضمن أحكاما واضحة بشأن السمسرة في الأسلحة أو نقل الأسلحة أو عمليات حظر الأسلحة التي يفرضها مجلس الأمن.,1.0,0.7974683544303798,0.9672671556472778,0.7782426778242678,5,5,4,3,1,1,success
2011/s/2011/463/186:11,en_ar_DEEP,TIER1_CLEAN_A,Total Omission,خاص,[OMITTED],both_ال_ة,ومع ذلك لا تقدم المعلومات المتاحة صورة واضحة لحالة تنفيذ التدابير الخاصة بأمن الطيران أو الملاحة البحرية أو الشحنات، أو الضوابط المفروضة على الحدود أو برامج التنفيذ المضطلع بها لكفالة ألاّ تقع الأسلحة الصغيرة في أيدي أشخاص غير مرخص لهم بذلك.,ومع ذلك، فإن المعلومات المتاحة لا تقدم صورة واضحة عن تنفيذ تدابير أمن الطيران أو النقل البحري أو أمن البضائع أو مراقبة الحدود أو برامج الإنفاذ المعمول بها لضمان عدم وقوع الأسلحة الصغيرة في أيدي أفراد غير مرخص لهم.,1.0,0.6554621848739496,0.956484854221344,0.6473029045643153,5,5,4,3,1,1,success
2011/s/2011/463/186:11,en_ar_DEEP,TIER1_CLEAN_A,Total Omission,خاص,[OMITTED],both_ال_ة,ومع ذلك لا تقدم المعلومات المتاحة صورة واضحة لحالة تنفيذ التدابير الخاصة بأمن الطيران أو الملاحة البحرية أو الشحنات، أو الضوابط المفروضة على الحدود أو برامج التنفيذ المضطلع بها لكفالة ألاّ تقع الأسلحة الصغيرة في أيدي أشخاص غير مرخص لهم بذلك.,ومع ذلك، فإن المعلومات المتاحة لا تقدم صورة واضحة عن تنفيذ تدابير أمن الطيران أو النقل البحري أو أمن البضائع أو مراقبة الحدود أو برامج الإنفاذ المعمول بها لضمان عدم وقوع الأسلحة الصغيرة في أيدي أفراد غير مرخص لهم.,1.0,0.6554621848739496,0.956484854221344,0.6473029045643153,5,5,4,3,1,1,success
2011/s/2011/463/291:7,en_ar_TRANSFORMERS,TIER1_CLEAN_A,Terminology Substitution,العابرة,عبر الوطنية,exact,ويشهد التعاون في المنطقة دون الإقليمية تحسناً مستمراً، ولكن ينبغي تعزيزه بقدر أكبر لا سيما في المناطق الحدودية وذلك من أجل تعزيز الضوابط للحماية من أي توغل إرهابي محتمل وانتشار الجريمة العابرة للحدود.,والتعاون في المنطقة دون الإقليمية آخذ في التحسن باستمرار، ولكن ينبغي زيادة تعزيزه، لا سيما في المناطق الحدودية، من أجل تعزيز الضوابط ضد احتمال وقوع غارة إرهابية وانتشار الجريمة عبر الوطنية.,1.0,0.6528497409326425,0.9555227756500244,0.65,5,5,4,2,1,1,success
2011/s/2011/463/302:4,en_ar_TRANSFORMERS,TIER1_CLEAN_A,Terminology Substitution,العابرة,عبر الوطنية,exact,كما تم تعزيز جهود إنفاذ القانون لمكافحة الجريمة العابرة للحدود، ويمكن تكييف هذه الجهود لمكافحة الإرهاب حسب الاقتضاء.,وقد زادت جهود إنفاذ القوانين لمكافحة الجريمة عبر الوطنية ويمكن تكييفها مع مكافحة الإرهاب حسب الاقتضاء.,1.0,0.7247706422018348,0.8952333331108093,0.7241379310344828,5,5,4,2,1,1,success
2011/s/2011/463/341:4,en_ar_DEEP,TIER1_CLEAN_A,Total Omission,وثمة,[OMITTED],exact,وثمة حاجة إلى زيادة فعالية تنفيذ القرار 1624 (2005)، الذي يشجع على الحوار والتفاهم بين الأديان والثقافات بغية التصدي للتحريض على الأعمال الإرهابية بدافع التطرف والتعصب.,هناك حاجة إلى تنفيذ أكثر فعالية للقرار 1624 (2005)، الذي يشجع الحوار والتفاهم بين الأديان والثقافات من أجل مكافحة التحريض على الأعمال الإرهابية بدافع التطرف والتعصب.,1.0,0.7757575757575758,0.9836539030075072,0.7797619047619048,5,5,5,2,1,1,success
2011/s/2011/463/370:4,en_ar_TRANSFORMERS,TIER1_CLEAN_A,Total Omission,خاص,[OMITTED],prefix_ال,ولكل من أستراليا والدانمرك وفرنسا والمملكة المتحدة لبريطانيا العظمى وأيرلندا الشمالية والنرويج ونيوزيلندا وهولندا والولايات المتحدة الأمريكية إدارات أو أقاليم تابعة أو أقاليم ما وراء البحار، لكل منها درجة مختلفة من الاستقلالية والقدرة على تحديد إطارها التشريعي الخاص لمكافحة الإرهاب.,ولدى كل من أستراليا والدانمرك وفرنسا والمملكة المتحدة والنرويج ونيوزيلندا وهولندا والولايات المتحدة إدارات و/أو أقاليم تابعة و/أو أقاليم فيما وراء البحار، ولكل منها درجة متفاوتة من الاستقلالية والقدرة على تحديد إطاره التشريعي لمكافحة الإرهاب.,1.0,0.7714285714285715,0.9666906595230104,0.7632508833922261,5,5,4,2,1,1,success
2011/s/2011/463/370:4,en_ar_TRANSFORMERS,TIER1_CLEAN_A,Total Omission,خاص,[OMITTED],prefix_ال,ولكل من أستراليا والدانمرك وفرنسا والمملكة المتحدة لبريطانيا العظمى وأيرلندا الشمالية والنرويج ونيوزيلندا وهولندا والولايات المتحدة الأمريكية إدارات أو أقاليم تابعة أو أقاليم ما وراء البحار، لكل منها درجة مختلفة من الاستقلالية والقدرة على تحديد إطارها التشريعي الخاص لمكافحة الإرهاب.,ولدى كل من أستراليا والدانمرك وفرنسا والمملكة المتحدة والنرويج ونيوزيلندا وهولندا والولايات المتحدة إدارات و/أو أقاليم تابعة و/أو أقاليم فيما وراء البحار، ولكل منها درجة متفاوتة من الاستقلالية والقدرة على تحديد إطاره التشريعي لمكافحة الإرهاب.,1.0,0.7714285714285715,0.9666906595230104,0.7632508833922261,5,5,4,2,1,1,success
2011/s/2011/463/445:1,en_ar_DEEP,TIER1_CLEAN_A,Total Omission,بموجب,[OMITTED],exact,258 - ويُطلب إلى الدول، بموجب القرار 1373 (2001)، منع حركة الإرهابيين والجماعات الإرهابية عبر الحدود وذلك من خلال فرض الضوابط على إصدار وثائق مأمونة وصحيحة للهوية والسفر.,259. يطلب القرار 1373 (2001) من الدول منع تحركات الإرهابيين والجماعات الإرهابية عبر الحدود من خلال فرض ضوابط على إصدار وثائق هوية وسفر آمنة وصالحة.,1.0,0.6727272727272727,0.9568942189216614,0.6529411764705882,5,5,4,2,1,1,success
2011/s/2011/463/445:1,en_ar_DEEP,TIER1_CLEAN_A,Total Omission,بموجب,[OMITTED],exact,258 - ويُطلب إلى الدول، بموجب القرار 1373 (2001)، منع حركة الإرهابيين والجماعات الإرهابية عبر الحدود وذلك من خلال فرض الضوابط على إصدار وثائق مأمونة وصحيحة للهوية والسفر.,259. يطلب القرار 1373 (2001) من الدول منع تحركات الإرهابيين والجماعات الإرهابية عبر الحدود من خلال فرض ضوابط على إصدار وثائق هوية وسفر آمنة وصالحة.,1.0,0.6727272727272727,0.9568942189216614,0.6529411764705882,5,5,4,2,1,1,success
2011/s/2011/463/447:4,en_ar_DEEP,TIER1_CLEAN_A,Total Omission,وثمة,[OMITTED],exact,وثمة مواد توجيهية متاحة للمساعدة في تنفيذ الممارسات الفعالة. وتجدر الإشارة في هذا الصدد إلى الورقة التي وضعتها فرقة العمل المعنية بالإجراءات المالية المتعلقة بغسل الأموال بشأن أفضل الممارسات في مجال كشف ومنع النقل غير المشروع عبر الحدود للنقدية والصكوك القابلة للتداول والدفع لحاملها والمبادئ التوجيهية التي وضعتها منظمة الجمارك العالمية بشأن إنفاذ تدابير مكافحة غسل الأموال وتمويل الإرهاب.,المواد التوجيهية متاحة للمساعدة في تنفيذ الممارسات الفعالة. ومن الجدير بالذكر في هذا الصدد ورقة فرقة العمل المعنية بالإجراءات المالية بشأن أفضل الممارسات في مجال غسل الأموال بشأن كشف ومنع النقل غير المشروع عبر الحدود للنقد والأدوات القابلة للتداول لحاملها، والمبادئ التوجيهية للإنفاذ الصادرة عن منظمة الجمارك العالمية بشأن مكافحة غسل الأموال وتمويل الإرهاب.,1.0,0.7046632124352332,0.9689515829086304,0.7,5,5,4,3,1,1,success
2011/s/2011/525/18:2,en_ar_DEEPL,TIER1_CLEAN_A,Total Omission,حالة,[OMITTED],prefix_وال,وأعرب العديد من أعضاء المجلس عن أسفهم الشديد لسحب بعثة الأمم المتحدة في السودان في اللحظة التي تستلزم بشدة قدرات البعثة المؤكدة على تخفيف حدة التطورات، لا سيما فيما يختص بالقتال في جنوب كردفان والحالة في منطقة النيل الأزرق.,وقد أعرب العديد من أعضاء المجلس عن أسفهم العميق لسحب بعثة الأمم المتحدة في السودان في نفس اللحظة التي كانت هناك حاجة ماسة لقدراتها المثبتة على تخفيف حدة التوترات، خاصة فيما يتعلق بالقتال في جنوب كردفان والوضع في النيل الأزرق.,1.0,0.7511111111111111,0.9620837569236756,0.7422222222222222,5,5,4,2,1,1,success
2011/s/2011/525/35:1,en_ar_DEEPL,TIER1_CLEAN_A,Total Omission,حالة,[OMITTED],prefix_ال,بعد مضي نحو سنتين على آخر إحاطة بشأن الحالة في منطقة البحيرات الكبرى (المناطق المتضررة من أنشطة جيش الرب للمقاومة)، عقد المجلس جلسة خاصة في 21 تموز/ يوليه 2011 لمناقشة التهديد المستمر الذي يمثله ذلك الجيش للأمن الإقليمي.,وبعد مرور عامين تقريباً على آخر إحاطة بشأن الوضع في منطقة البحيرات الكبرى (المناطق المتضررة من جيش الرب للمقاومة)، عقد المجلس اجتماعاً خاصاً في 21 تموز/يوليو 2011 لمناقشة التهديد المستمر الذي يشكله جيش الرب للمقاومة على الأمن الإقليمي.,1.0,0.7659574468085106,0.9815837740898132,0.7617021276595745,5,5,5,2,1,1,success
2011/s/2011/525/36:1,en_ar_DEEPL,TIER1_CLEAN_A,Total Omission,حالة,[OMITTED],prefix_وال,وأفاد الأمين العام المساعد للشؤون السياسية بازدياد هجمات جيش الرب للمقاومة عام 2011، وشدد على خطورة تأثير ذلك على المدنيين والحالة الإنسانية.,وقد أفاد الأمين العام المساعد للشؤون السياسية بتزايد الهجمات التي شنها جيش الرب للمقاومة في عام 2011 وشدد على الأثر الخطير على المدنيين والوضع الإنساني.,1.0,0.743421052631579,0.983392059803009,0.736842105263158,5,5,5,2,1,1,success
2011/s/2011/689/28:1,en_ar_DEEP,TIER1_CLEAN_A,Total Omission,خاص,[OMITTED],suffix_ة,11 - تشدد على أن المنظمات الدولية والإقليمية المتخصصة تضطلع بدور هام في بناء تفهم لخطر الإرهاب، وفي تيسير التعاون الدولي في ميدان مكافحة الإرهاب، خاصة من خلال توفير المساعدة التقنية والمساعدة ذات الصلة، حسب الطلب.,11 - يؤكد أن المنظمات الدولية والإقليمية المتخصصة لها دور مهم تؤديه في بناء فهم للتهديد الإرهابي، وفي تيسير التعاون الدولي في مجال مكافحة الإرهاب، لا سيما من خلال تقديم المساعدة التقنية وما يتصل بها من مساعدة، حسب الطلب.,1.0,0.7272727272727273,0.9840206503868104,0.7318181818181818,5,5,4,2,1,1,success
2011/s/2011/95/83:1,en_ar_DEEP,TIER1_CLEAN_A,Total Omission,تابع,[OMITTED],prefix_ال,رئيس مكتب الاتصال التابع للجان الثورية.,رئيس مكتب الاتصال باللجان الثورية.,1.0,0.9142857142857144,0.968487024307251,0.8461538461538461,5,5,5,1,1,1,success
2011/s/2013/467/143:2,en_ar_DEEP,TIER1_CLEAN_A,Total Omission,تابع,[OMITTED],both_ال_ة,ويعكف الفريق بالفعل على إقامة الاتصال بالمكاتب الإقليمية التابعة لمكتب شؤون نزع السلاح لتحسين تبادل المعلومات (ولا سيما ما يتعلق منها بإدارة مخزونات الذخائر، التي ثبت أنها مشكلة في حالة ليبيا).,ويقوم الفريق بالفعل بإجراء اتصالات مع المكاتب الإقليمية لمكتب شؤون نزع السلاح لتحسين تبادل المعلومات (لا سيما بشأن إدارة مخزونات الذخائر، التي ثبت أنها تمثل مشكلة في الحالة الليبية).,1.0,0.7619047619047619,0.9758551120758056,0.7461139896373057,5,5,5,2,1,1,success
2011/s/2013/467/71:1,en_ar_DEEP,TIER1_CLEAN_A,Total Omission,خاص,[OMITTED],exact,8 - ويشكل استمرار جهود جماعة أنصار الشريعة في شرق ليبيا مصدر قلق خاص (وهي جماعة غير مدرجة في القائمة وتختلف عن جماعة أنصار الشريعة المنتسبة إلى تنظيم القاعدة في جزيرة العرب). وهناك اتصالات في مجال العمليات بين أنصار الشريعة والتنظيمات المنتسبة إلى القاعدة في منطقة الساحل والمغرب العربي والشرق الأوسط وجنوب آسيا؛ وما فتئ العديد من المقاتلين الأجانب يسافرون إلى معسكرات التدريب في ليبيا قبل التوجه إلى أماكن أخرى للمحاربة.,8. في المقام الأول في شرق ليبيا، فإن الجهود المستمرة التي تبذلها أنصار الشريعة (غير مدرجة في القائمة وليست متطابقة مع جماعة أنصار الشريعة التابعة لتنظيم القاعدة في جزيرة العرب) تثير القلق. وهناك اتصالات تنفيذية بين أنصار الشريعة والجماعات التابعة لتنظيم القاعدة في منطقة الساحل والمغرب العربي والشرق الأوسط وجنوب آسيا. ويسافر العديد من المقاتلين الأجانب إلى معسكرات التدريب في ليبيا قبل التوجه إلى أماكن أخرى للقتال.,1.0,0.6602870813397129,0.9560821056365968,0.6603325415676959,5,5,4,3,1,1,success
2011/s/agenda/6504/4:1,en_ar_DEEP,TIER1_CLEAN_A,Total Omission,حالة,[OMITTED],prefix_ال,2 - الحالة في سيراليون,2. الوضع في سيراليون,1.0,0.75,0.9644758701324464,0.7272727272727273,5,5,5,1,1,1,success
2011/s/agenda/6593/5:1,en_ar_DEEP,TIER1_CLEAN_A,Total Omission,حالة,[OMITTED],prefix_ال,تقرير الأمين العام عن الحالة في أبيي (S/2011/451).,تقرير الأمين العام عن الوضع في أبيي (S/2011/451).,1.0,0.9387755102040816,0.9890131950378418,0.92,5,5,5,1,1,1,success
2011/s/inf/65/456:1,en_ar_DEEP,TIER1_CLEAN_A,Total Omission,حالة,[OMITTED],prefix_ال,الحالة بين العراق والكويت(),الوضع بين العراق والكويت,1.0,0.7916666666666666,0.931051790714264,0.7777777777777778,5,5,5,1,1,1,success
2011/s/inf/65/749:1,en_ar_DEEP,TIER1_CLEAN_A,Total Omission,حالة,[OMITTED],prefix_بال,البنود المتعلقة بالحالة في يوغوسلافيا السابقة,البنود المتعلقة بالوضع في يوغوسلافيا السابقة,1.0,0.931818181818182,0.9554203152656556,0.9111111111111112,5,5,5,1,1,1,success
2011/s/pv_6490/42:1,en_ar_DEEPL,TIER1_CLEAN_A,Total Omission,حالة,[OMITTED],prefix_ال,إننا جميعا نشعر بالقلق البالغ إزاء تدهور الحالة الأمنية في كوت ديفوار، كما قد يكون المجلس قد شهد في البيان الذي أدليت به في وقت سابق اليوم.,إننا جميعا نشعر بقلق بالغ إزاء تدهور الوضع الأمني في كوت ديفوار، كما رأى المجلس ربما في البيان الذي أدليت به في وقت سابق اليوم.,1.0,0.8444444444444444,0.9905771613121032,0.841726618705036,1,5,5,2,1,1,success
2011/s/pv_6495/55:2,en_ar_TRANSFORMERS,TIER1_CLEAN_A,Total Omission,خاص,[OMITTED],both_و_ة,غير أن العملية بينت أيضا حجم التحديات التي مازال قطاع الأمن في ليبريا يواجهها، وخاصة فيما يتعلق باللوجستيات والاتصالات وقدرات الشرطة ودائرة الهجرة على التنقل.,غير أن العملية بينت أيضا مدى أهمية التحديات التي لا تزال تواجه قطاع الأمن في ليبريا، ولا سيما فيما يتعلق بقدرات اللوجستيات والاتصالات والتنقل للشرطة ودائرة الهجرة.,1.0,0.6809815950920246,0.9766759872436525,0.6748466257668712,5,5,4,3,1,1,success
2011/s/pv_6495/59:1,en_ar_DEEP,TIER1_CLEAN_A,Total Omission,حالة,[OMITTED],prefix_ال,وإلى جانب التحديات الإنسانية، فإن الحالة تثير شواغل أمنية.,وبالإضافة إلى التحديات الإنسانية، فإن الوضع يثير مخاوف أمنية.,1.0,0.6885245901639344,0.9705641269683838,0.6721311475409837,1,5,5,2,1,1,success
2011/s/pv_6544/50:1,en_ar_DEEP,TIER1_CLEAN_A,Total Omission,حالة,[OMITTED],exact,"""ويعرب مجلس الأمن عن عميق القلق إزاء حالة التوتر السائدة في ولايتي النيل الأزرق وجنوب كردفان.","""ويعرب مجلس الأمن عن بالغ القلق إزاء التوترات في ولايتي النيل الأزرق وجنوب كردفان.",1.0,0.8651685393258427,0.9839141368865968,0.8279569892473118,5,5,5,2,1,1,success
2011/s/pv_6609/112:2,en_ar_DEEP,TIER1_CLEAN_A,Hypernym for Hyponym,جماعات,مجموعات,exact,وقد تم التنديد بهذا الحادث السياسي بشكل قوي عبر بيان صحفي صدر عن مكتب الرئيس إرنست باي كروما، وكذلك من قبل العديد من البيانات الصحفية الصادرة عن جماعات المصلحة السياسية، بما فيها حزبا المؤتمر الشعبي العام، والحركة الشعبية من أجل التغيير الديمقراطي، واللجنة المستقلة لوسائط الإعلام، ولجنة تسجيل الأحزاب السياسية، وحملة الحكم الرشيد.,تمت إدانة هذا الحادث السياسي القبيح بشدة في بيان صحفي صدر مباشرة بعد الحادث عن مكتب الرئيس إرنست باي كوروما، وفي العديد من البيانات الصحفية اللاحقة الصادرة عن مجموعات المصالح السياسية الأخرى، بما في ذلك حزبا المؤتمر الشعبي العام والحركة الشعبية للتغيير الديمقراطي، ولجنة الإعلام المستقلة، لجنة تسجيل الأحزاب السياسية (PPRC) والحملة من أجل الحكم الرشيد.,1.0,0.6521739130434783,0.940782070159912,0.6534090909090908,5,5,4,2,1,1,success
2011/s/pv_6656/109:1,en_ar_DEEP,TIER1_CLEAN_A,Total Omission,حالة,[OMITTED],prefix_ال,إن جمهورية جنوب السودان يساورها قلق شديد إزاء الحالة الأمنية المتدهورة في المناطق الحدودية في كل من جمهورية السودان وجمهورية جنوب السودان.,تشعر جمهورية جنوب السودان بقلق بالغ إزاء تدهور الوضع الأمني ​​في المناطق الحدودية لكل من جمهورية السودان وجمهورية جنوب السودان.,1.0,0.7238805970149254,0.98947411775589,0.7246376811594203,5,5,5,2,1,1,success
2011/s/pv_6662/65:1,en_ar_DEEP,TIER1_CLEAN_A,Total Omission,حالة,[OMITTED],prefix_ال,لا تزال الحالة على طول الحدود اللبنانية مع سوريا مقلقة.,ولا يزال الوضع على طول الحدود اللبنانية مع سوريا يثير القلق أيضاً.,1.0,0.7272727272727273,0.9708231687545776,0.7121212121212122,5,5,5,2,1,1,success
2011/s/res/1988_2011_/17:1,en_ar_DEEP,TIER1_CLEAN_A,Total Omission,حالة,[OMITTED],exact,وإذ يرحب بنتائج اجتماع مجلس السلام الاستشاري المنعقد في 6 حزيران/يونيه 2010، والذي قام فيه 600 1 من المندوبين الأفغان، الذين يمثلون شريحة واسعة من كل الجماعات العرقية والدينية الأفغانية والمسؤولين الحكوميين وعلماء الدين وزعماء القبائل والمجتمع المدني واللاجئين الأفغان المقيمين في إيران وباكستان بمناقشة إنهاء حالة انعدام الأمن ووضع خطة لتحقيق سلام دائم في البلد،,وإذ نرحب بنتائج مجلس السلام التشاوري الذي عقد في 6 حزيران/يونيه 2010، والذي شارك فيه 1600 مندوب أفغاني، يمثلون شريحة واسعة من جميع الجماعات العرقية والدينية الأفغانية، والمسؤولين الحكوميين، وعلماء الدين، وزعماء القبائل، والمجتمع المدني، واللاجئين الأفغان المقيمين. وناقشا في إيران وباكستان وضع حد لانعدام الأمن ووضعا خطة للسلام الدائم في البلاد.,1.0,0.7883008356545961,0.9348840713500975,0.7823691460055097,5,5,4,3,1,1,success
2011/s/res/1988_2011_/17:1,en_ar_DEEP,TIER1_CLEAN_A,Total Omission,حالة,[OMITTED],exact,وإذ يرحب بنتائج اجتماع مجلس السلام الاستشاري المنعقد في 6 حزيران/يونيه 2010، والذي قام فيه 600 1 من المندوبين الأفغان، الذين يمثلون شريحة واسعة من كل الجماعات العرقية والدينية الأفغانية والمسؤولين الحكوميين وعلماء الدين وزعماء القبائل والمجتمع المدني واللاجئين الأفغان المقيمين في إيران وباكستان بمناقشة إنهاء حالة انعدام الأمن ووضع خطة لتحقيق سلام دائم في البلد،,وإذ نرحب بنتائج مجلس السلام التشاوري الذي عقد في 6 حزيران/يونيه 2010، والذي شارك فيه 1600 مندوب أفغاني، يمثلون شريحة واسعة من جميع الجماعات العرقية والدينية الأفغانية، والمسؤولين الحكوميين، وعلماء الدين، وزعماء القبائل، والمجتمع المدني، واللاجئين الأفغان المقيمين. وناقشا في إيران وباكستان وضع حد لانعدام الأمن ووضعا خطة للسلام الدائم في البلاد.,1.0,0.7883008356545961,0.9348840713500975,0.7823691460055097,5,5,4,3,1,1,success
2011/s/res/1988_2011_/26:1,en_ar_DEEP,TIER1_CLEAN_A,Total Omission,بموجب,[OMITTED],exact,"1 - يقرر أن تتخذ جميع الدول التدابير التالية فيما يخص الأفراد والكيانات الذين جرى إدراجهم من قبل تحت اسم حركة الطالبان، وسائر المرتبطين بهم من جماعات ومؤسسات وكيانات وأفراد، على النحو المحدد في الفرع ألف (""الأفراد المرتبطون بحركة الطالبان"")، والفرع باء (""الكيانات والجماعات والمؤسسات الأخرى المرتبطة بحركة الطالبان"") من القائمة الموحدة للجنة المنشأة عملا بالقرار 1267 (1999) والقرار 1333 (2000)، وذلك اعتبارا من تاريخ اتخاذ هذا القرار، وكذلك سائر الأفراد والجماعات والمؤسسات والكيانات الذين يشتركون مع حركة الطالبان في تشكيل تهديد للسلام والاستقرار والأمن في أفغانستان وفقا لما تقرره اللجنة المنشأة بموجب الفقرة 30 (يشار إليها فيما بعد باسم ""القائمة""):","1 - يقرر أن تتخذ جميع الدول التدابير التالية فيما يتعلق بالأفراد والكيانات الذين تم تحديدهم قبل هذا التاريخ باسم حركة الطالبان، وغيرهم من الأفراد والجماعات والمؤسسات والكيانات المرتبطة بهم، على النحو المحدد في القسم ألف (""الأفراد المرتبطون بحركة طالبان""). طالبان"") والقسم باء (""الكيانات والجماعات الأخرى والمؤسسات المرتبطة بحركة الطالبان"") من القائمة الموحدة للجنة المنشأة عملا بالقرارين 1267 (1999) و 1333 (2000) اعتبارا من تاريخ اتخاذ هذا القرار، وكذلك الأفراد والجماعات والمؤسسات والكيانات الأخرى المرتبطة بحركة الطالبان والتي تشكل تهديداً للسلام والاستقرار والأمن في أفغانستان على النحو الذي حددته اللجنة المنشأة في الفقرة 30 (المعروفة فيما بعد باسم ""القائمة""):",1.0,0.7669172932330828,0.975277543067932,0.762406015037594,5,5,4,2,1,1,success
2011/s/res/1988_2011_/26:1,en_ar_DEEP,TIER1_CLEAN_A,Total Omission,بموجب,[OMITTED],exact,"1 - يقرر أن تتخذ جميع الدول التدابير التالية فيما يخص الأفراد والكيانات الذين جرى إدراجهم من قبل تحت اسم حركة الطالبان، وسائر المرتبطين بهم من جماعات ومؤسسات وكيانات وأفراد، على النحو المحدد في الفرع ألف (""الأفراد المرتبطون بحركة الطالبان"")، والفرع باء (""الكيانات والجماعات والمؤسسات الأخرى المرتبطة بحركة الطالبان"") من القائمة الموحدة للجنة المنشأة عملا بالقرار 1267 (1999) والقرار 1333 (2000)، وذلك اعتبارا من تاريخ اتخاذ هذا القرار، وكذلك سائر الأفراد والجماعات والمؤسسات والكيانات الذين يشتركون مع حركة الطالبان في تشكيل تهديد للسلام والاستقرار والأمن في أفغانستان وفقا لما تقرره اللجنة المنشأة بموجب الفقرة 30 (يشار إليها فيما بعد باسم ""القائمة""):","1 - يقرر أن تتخذ جميع الدول التدابير التالية فيما يتعلق بالأفراد والكيانات الذين تم تحديدهم قبل هذا التاريخ باسم حركة الطالبان، وغيرهم من الأفراد والجماعات والمؤسسات والكيانات المرتبطة بهم، على النحو المحدد في القسم ألف (""الأفراد المرتبطون بحركة طالبان""). طالبان"") والقسم باء (""الكيانات والجماعات الأخرى والمؤسسات المرتبطة بحركة الطالبان"") من القائمة الموحدة للجنة المنشأة عملا بالقرارين 1267 (1999) و 1333 (2000) اعتبارا من تاريخ اتخاذ هذا القرار، وكذلك الأفراد والجماعات والمؤسسات والكيانات الأخرى المرتبطة بحركة الطالبان والتي تشكل تهديداً للسلام والاستقرار والأمن في أفغانستان على النحو الذي حددته اللجنة المنشأة في الفقرة 30 (المعروفة فيما بعد باسم ""القائمة""):",1.0,0.7669172932330828,0.975277543067932,0.762406015037594,5,5,4,2,1,1,success
2011/s/res/1988_2011_/26:1,en_ar_DEEP,TIER1_CLEAN_A,Total Omission,بموجب,[OMITTED],exact,"1 - يقرر أن تتخذ جميع الدول التدابير التالية فيما يخص الأفراد والكيانات الذين جرى إدراجهم من قبل تحت اسم حركة الطالبان، وسائر المرتبطين بهم من جماعات ومؤسسات وكيانات وأفراد، على النحو المحدد في الفرع ألف (""الأفراد المرتبطون بحركة الطالبان"")، والفرع باء (""الكيانات والجماعات والمؤسسات الأخرى المرتبطة بحركة الطالبان"") من القائمة الموحدة للجنة المنشأة عملا بالقرار 1267 (1999) والقرار 1333 (2000)، وذلك اعتبارا من تاريخ اتخاذ هذا القرار، وكذلك سائر الأفراد والجماعات والمؤسسات والكيانات الذين يشتركون مع حركة الطالبان في تشكيل تهديد للسلام والاستقرار والأمن في أفغانستان وفقا لما تقرره اللجنة المنشأة بموجب الفقرة 30 (يشار إليها فيما بعد باسم ""القائمة""):","1 - يقرر أن تتخذ جميع الدول التدابير التالية فيما يتعلق بالأفراد والكيانات الذين تم تحديدهم قبل هذا التاريخ باسم حركة الطالبان، وغيرهم من الأفراد والجماعات والمؤسسات والكيانات المرتبطة بهم، على النحو المحدد في القسم ألف (""الأفراد المرتبطون بحركة طالبان""). طالبان"") والقسم باء (""الكيانات والجماعات الأخرى والمؤسسات المرتبطة بحركة الطالبان"") من القائمة الموحدة للجنة المنشأة عملا بالقرارين 1267 (1999) و 1333 (2000) اعتبارا من تاريخ اتخاذ هذا القرار، وكذلك الأفراد والجماعات والمؤسسات والكيانات الأخرى المرتبطة بحركة الطالبان والتي تشكل تهديداً للسلام والاستقرار والأمن في أفغانستان على النحو الذي حددته اللجنة المنشأة في الفقرة 30 (المعروفة فيما بعد باسم ""القائمة""):",1.0,0.7669172932330828,0.975277543067932,0.762406015037594,5,5,4,2,1,1,success
2011/s/res/1988_2011_/26:1,en_ar_DEEP,TIER1_CLEAN_A,Total Omission,بموجب,[OMITTED],exact,"1 - يقرر أن تتخذ جميع الدول التدابير التالية فيما يخص الأفراد والكيانات الذين جرى إدراجهم من قبل تحت اسم حركة الطالبان، وسائر المرتبطين بهم من جماعات ومؤسسات وكيانات وأفراد، على النحو المحدد في الفرع ألف (""الأفراد المرتبطون بحركة الطالبان"")، والفرع باء (""الكيانات والجماعات والمؤسسات الأخرى المرتبطة بحركة الطالبان"") من القائمة الموحدة للجنة المنشأة عملا بالقرار 1267 (1999) والقرار 1333 (2000)، وذلك اعتبارا من تاريخ اتخاذ هذا القرار، وكذلك سائر الأفراد والجماعات والمؤسسات والكيانات الذين يشتركون مع حركة الطالبان في تشكيل تهديد للسلام والاستقرار والأمن في أفغانستان وفقا لما تقرره اللجنة المنشأة بموجب الفقرة 30 (يشار إليها فيما بعد باسم ""القائمة""):","1 - يقرر أن تتخذ جميع الدول التدابير التالية فيما يتعلق بالأفراد والكيانات الذين تم تحديدهم قبل هذا التاريخ باسم حركة الطالبان، وغيرهم من الأفراد والجماعات والمؤسسات والكيانات المرتبطة بهم، على النحو المحدد في القسم ألف (""الأفراد المرتبطون بحركة طالبان""). طالبان"") والقسم باء (""الكيانات والجماعات الأخرى والمؤسسات المرتبطة بحركة الطالبان"") من القائمة الموحدة للجنة المنشأة عملا بالقرارين 1267 (1999) و 1333 (2000) اعتبارا من تاريخ اتخاذ هذا القرار، وكذلك الأفراد والجماعات والمؤسسات والكيانات الأخرى المرتبطة بحركة الطالبان والتي تشكل تهديداً للسلام والاستقرار والأمن في أفغانستان على النحو الذي حددته اللجنة المنشأة في الفقرة 30 (المعروفة فيما بعد باسم ""القائمة""):",1.0,0.7669172932330828,0.975277543067932,0.762406015037594,5,5,4,2,1,1,success
2011/s/res/1988_2011_/26:1,en_ar_DEEP,TIER1_CLEAN_A,Total Omission,بموجب,[OMITTED],exact,"1 - يقرر أن تتخذ جميع الدول التدابير التالية فيما يخص الأفراد والكيانات الذين جرى إدراجهم من قبل تحت اسم حركة الطالبان، وسائر المرتبطين بهم من جماعات ومؤسسات وكيانات وأفراد، على النحو المحدد في الفرع ألف (""الأفراد المرتبطون بحركة الطالبان"")، والفرع باء (""الكيانات والجماعات والمؤسسات الأخرى المرتبطة بحركة الطالبان"") من القائمة الموحدة للجنة المنشأة عملا بالقرار 1267 (1999) والقرار 1333 (2000)، وذلك اعتبارا من تاريخ اتخاذ هذا القرار، وكذلك سائر الأفراد والجماعات والمؤسسات والكيانات الذين يشتركون مع حركة الطالبان في تشكيل تهديد للسلام والاستقرار والأمن في أفغانستان وفقا لما تقرره اللجنة المنشأة بموجب الفقرة 30 (يشار إليها فيما بعد باسم ""القائمة""):","1 - يقرر أن تتخذ جميع الدول التدابير التالية فيما يتعلق بالأفراد والكيانات الذين تم تحديدهم قبل هذا التاريخ باسم حركة الطالبان، وغيرهم من الأفراد والجماعات والمؤسسات والكيانات المرتبطة بهم، على النحو المحدد في القسم ألف (""الأفراد المرتبطون بحركة طالبان""). طالبان"") والقسم باء (""الكيانات والجماعات الأخرى والمؤسسات المرتبطة بحركة الطالبان"") من القائمة الموحدة للجنة المنشأة عملا بالقرارين 1267 (1999) و 1333 (2000) اعتبارا من تاريخ اتخاذ هذا القرار، وكذلك الأفراد والجماعات والمؤسسات والكيانات الأخرى المرتبطة بحركة الطالبان والتي تشكل تهديداً للسلام والاستقرار والأمن في أفغانستان على النحو الذي حددته اللجنة المنشأة في الفقرة 30 (المعروفة فيما بعد باسم ""القائمة""):",1.0,0.7669172932330828,0.975277543067932,0.762406015037594,5,5,4,2,1,1,success
2011/s/res/1989_2011_/107:1,en_ar_DEEP,TIER1_CLEAN_A,Register Mismatch,على نحو فعال,بنشاط,exact_seq,(ح) المشاركة على نحو فعال في جميع الأنشطة المضطلع بها في إطار تنفيذ استراتيجية الأمم المتحدة العالمية لمكافحة الإرهاب وتقديم الدعم لها، بما في ذلك ضمن فرقة العمل المعنية بالتنفيذ في مجال مكافحة الإرهاب، التي أنشئت لضمان التنسيق والاتساق الشاملين في جهود مكافحة الإرهاب التي تبذلها منظومة الأمم المتحدة، ولا سيما من خلال أفرقتها العاملة المعنية؛,(ح) المشاركة بنشاط في جميع الأنشطة ذات الصلة ودعمها في إطار استراتيجية الأمم المتحدة العالمية لمكافحة الإرهاب، بما في ذلك في إطار فرقة العمل المعنية بالتنفيذ في مجال مكافحة الإرهاب، المنشأة لضمان التنسيق والاتساق الشاملين في جهود مكافحة الإرهاب التي تبذلها منظومة الأمم المتحدة، ولا سيما من خلال مجموعات العمل ذات الصلة؛,1.0,0.8102409638554217,0.977616548538208,0.7877906976744187,4,4,5,2,1,1,success
2012/s/2012/10/add_11/8:1,en_ar_DEEP,TIER1_CLEAN_A,Total Omission,حالة,[OMITTED],prefix_ال,الحالة في الشرق الأوسط (18 تموز/يوليه 1960؛ 12 آذار/مارس 2012),الوضع في الشرق الأوسط (18 يوليو 1960؛ 12 مارس 2012),1.0,0.7586206896551724,0.97855544090271,0.7580645161290323,5,5,5,1,1,1,success
2012/s/2012/10/add_22/52:1,en_ar_DEEP,TIER1_CLEAN_A,Total Omission,حالة,[OMITTED],prefix_ال,48 - الحالة في تشاد وجمهورية أفريقيا الوسطى والمنطقة دون الإقليمية (27 آب/أغسطس 2007؛ 20 كانون الأول/ديسمبر 2010).,48. الوضع في تشاد وجمهورية أفريقيا الوسطى والمنطقة الفرعية (27 آب/أغسطس 2007؛ 20 كانون الأول/ديسمبر 2010).,1.0,0.8727272727272728,0.9794518947601318,0.868421052631579,5,5,5,1,1,1,success
2012/s/2012/10/add_5/18:1,en_ar_DEEP,TIER1_CLEAN_A,Total Omission,حالة,[OMITTED],prefix_ال,14 - الحالة في سيراليون (27 تشرين الثاني/نوفمبر 1995؛ 14 أيلول/ سبتمبر 2011).,14. الوضع في سيراليون (27 تشرين الثاني/نوفمبر 1995؛ 14 أيلول/سبتمبر 2011).,1.0,0.9189189189189187,0.9737765789031982,0.9090909090909092,5,5,5,1,1,1,success
2012/s/2012/10/add_9/23:1,en_ar_DEEP,TIER1_CLEAN_A,Total Omission,حالة,[OMITTED],prefix_ال,19 - الحالة في جمهورية أفريقيا الوسطى (6 آب/أغسطس 1997؛ 21 كانون الأول/ديسمبر 2011).,19. الوضع في جمهورية أفريقيا الوسطى (6 آب/أغسطس 1997؛ 21 كانون الأول/ديسمبر 2011).,1.0,0.9390243902439024,0.9754693508148192,0.9285714285714286,5,5,5,1,1,1,success
2012/s/2012/16/141:3,en_ar_DEEPL,TIER1_CLEAN_A,Total Omission,تابع,[OMITTED],both_ال_ة,وأعربت آليات حقوق الإنسان التابعة للأمم المتحدة عن قلقها، على سبيل المثال، إزاء التدابير التي اتخذتها بعض الدول لتقييد أنشطة بعض الجماعات الدينية أو أعضائها، أو لتجريمها في بعض الحالات.,وقد أعربت آليات الأمم المتحدة لحقوق الإنسان عن قلقها، على سبيل المثال، إزاء الخطوات التي اتخذتها بعض الدول للحد من أنشطة بعض الجماعات الدينية أو أعضائها، وفي بعض الحالات تجريمها.,1.0,0.6906077348066298,0.987740397453308,0.6918918918918919,5,5,5,2,1,1,success
2012/s/2012/16/163:5,en_ar_DEEP,TIER1_CLEAN_A,Total Omission,أخرى,[OMITTED],exact,وعلاوة على ذلك، لا بد من إجراء مزيد من البحث لإثبات أن هذه البرامج تؤدي إلى نتائج إيجابية حقيقية فيما يخص احتمال أن يقوم هؤلاء الأفراد مستقبلا بارتكاب أعمال إرهاب أخرى أو بتحريض الآخرين على ارتكاب هذه الأفعال.,علاوة على ذلك، هناك حاجة إلى مزيد من البحث لإظهار أن مثل هذه البرامج تؤدي إلى نتائج حقيقية وإيجابية فيما يتعلق باحتمال قيام هؤلاء الأفراد بارتكاب المزيد من أعمال الإرهاب أو تحريض الآخرين على ارتكاب مثل هذه الأعمال.,1.0,0.7009345794392523,0.9562699794769288,0.6822429906542056,5,5,4,3,1,1,success
2012/s/2012/16/163:5,en_ar_DEEP,TIER1_CLEAN_A,Total Omission,أخرى,[OMITTED],exact,وعلاوة على ذلك، لا بد من إجراء مزيد من البحث لإثبات أن هذه البرامج تؤدي إلى نتائج إيجابية حقيقية فيما يخص احتمال أن يقوم هؤلاء الأفراد مستقبلا بارتكاب أعمال إرهاب أخرى أو بتحريض الآخرين على ارتكاب هذه الأفعال.,علاوة على ذلك، هناك حاجة إلى مزيد من البحث لإظهار أن مثل هذه البرامج تؤدي إلى نتائج حقيقية وإيجابية فيما يتعلق باحتمال قيام هؤلاء الأفراد بارتكاب المزيد من أعمال الإرهاب أو تحريض الآخرين على ارتكاب مثل هذه الأعمال.,1.0,0.7009345794392523,0.9562699794769288,0.6822429906542056,5,5,4,3,1,1,success
2012/s/2012/16/49:4,en_ar_DEEPL,TIER1_CLEAN_A,Total Omission,خاص,[OMITTED],both_و_ة,كما أحرز تقدم في مجال تبادل المعلومات بشأن هؤلاء الأفراد - وخاصة عن طريق المنظمة الدولية للشرطة الجنائية (الإنتربول) - وفي التعاون في مجال أمن الحدود.,كما تم إحراز تقدم في تبادل المعلومات المتعلقة بهؤلاء الأفراد - لا سيما من خلال المنظمة الدولية للشرطة الجنائية (الإنتربول) - وكذلك في التعاون في مجال أمن الحدود.,1.0,0.7763975155279503,0.9925327301025392,0.7763975155279503,5,5,5,2,1,1,success
2012/s/2012/16/76:3,en_ar_DEEP,TIER1_CLEAN_A,Total Omission,تابع,[OMITTED],both_ال_ة,وأشارت دولة أخرى إلى أن المسؤولية الرئيسية للمنع مناطة بالجيش الوطني وإدارة الاستخبارات التابعة له، وأشارت إلى أن وجود مخيمات للاجئين على أراضيها يشكل تحديا كبيرا.,وأشارت دولة أخرى إلى أن المسؤولية الرئيسية عن المنع تقع على عاتق الجيش الوطني ومديرية استخباراته، وأشارت إلى أن وجود مخيمات اللاجئين على أراضيها يشكل تحدياً خاصاً.,1.0,0.7914110429447853,0.9604213237762452,0.7668711656441718,5,5,5,2,1,1,success
2012/s/2012/160/37:1,en_ar_DEEP,TIER1_CLEAN_A,Register Mismatch,في أعقاب,بعد,exact_seq,24 - أُنجز استعراض منتصف المدة لاستراتيجية الرؤية المشتركة في أيلول/سبتمبر 2011، في أعقاب مشاورات مع الحكومة. وأبرز الاستعراض مساهمة أسرة الأمم المتحدة في تنفيذ خطة التغيير التي وضعتها الحكومة، ووفر توجيها نحو نهج برنامجي يتيح مزيدا من التآزر ومزيدا من المرونة في أنشطة الأمم المتحدة.,24 - تم الانتهاء من استعراض منتصف المدة لاستراتيجية الرؤية المشتركة في سبتمبر 2011، بعد مشاورات مع الحكومة. وسلط الاستعراض الضوء على مساهمة الأمم المتحدة في تنفيذ برنامج التغيير الذي وضعته الحكومة ووفر التوجيه نحو اتباع نهج برنامجي من شأنه أن يسمح بمزيد من التآزر ومزيد من المرونة في تدخلات الأمم المتحدة.,1.0,0.7483443708609272,0.974315106868744,0.7278688524590164,5,5,4,2,1,1,success
2012/s/2012/166/66:1,en_ar_DEEP,TIER1_CLEAN_A,Total Omission,الأخرى,[OMITTED],exact,30 - وتشمل الأخطار المحتمل أن تنشأ عن عملية جلب الأطراف غير الموقعة إلى طاولة المفاوضات إصرار الأطراف على شروط مسبقة غير واقعية لإجراء المفاوضات. وثمة خطر آخر هو تعنت الأطراف إزاء المفاوضات وفي أثنائها. ويمكن التخفيف من حدة هذه الأخطار بتوحيد مواقف المجتمع الدولي إزاء عملية السلام، والمداومة على الحوار الوثيق مع الأطراف. ومن الأخطار الأخرى إرساء مبادرات تخص عمليات سلام موازية من جانب شركاء إقليميين و/أو دوليين، من شأنها أن تقوض هذا العنصر من عناصر الإطار.,30 - وتشمل المخاطر المحتملة التي قد تعترض جلب الأطراف غير الموقعة إلى طاولة المفاوضات إصرار الأطراف على فرض شروط مسبقة غير واقعية للمفاوضات. وهناك خطر آخر يتمثل في تعنت الأطراف تجاه المفاوضات وأثناء المفاوضات. ويمكن التخفيف من هذه المخاطر من خلال اتخاذ مواقف موحدة في صفوف المجتمع الدولي فيما يتعلق بعملية السلام والحفاظ على حوار وثيق مع الأطراف. وهناك خطر آخر يتمثل في إنشاء مبادرات موازية لعملية السلام من قبل الشركاء الإقليميين و/أو الدوليين، مما يؤدي إلى تقويض هذا العنصر من الإطار.,1.0,0.6502057613168724,0.9710456728935242,0.6502057613168724,5,5,4,2,1,1,success
2012/s/2012/24/13:7,en_ar_DEEPL,TIER1_CLEAN_A,Total Omission,تابع,[OMITTED],prefix_ال,وأشار بعض الأعضاء الآخرين إلى مبادرة حكومة السودان بالتحقيق في الادعاءات من خلال آليتها الوطنية ودعوا إلى تسوية النزاعات عن طريق المفاوضات بإشراف فريق التنفيذ الرفيع المستوى المعني بالسودان التابع للاتحاد الأفريقي بقيادة رئيس جنوب أفريقيا السابق، ثابو امبيكي، والمبعوث الخاص للأمين العام إلى السودان وجنوب السودان، هايلي مينكيريوس.,وأشار أعضاء آخرون إلى مبادرة حكومة السودان للتحقيق في الادعاءات من خلال آليتها الوطنية ودعوا إلى حل النزاعات من خلال المفاوضات تحت رعاية فريق الاتحاد الأفريقي الرفيع المستوى المعني بالسودان بقيادة رئيس جنوب أفريقيا السابق، ثابو مبيكي، والمبعوث الخاص للأمين العام للأمم المتحدة للسودان وجنوب السودان، هايلي منكريوس.,1.0,0.7737003058103975,0.9718655347824096,0.7643504531722054,5,5,4,2,1,1,success
2012/s/2012/24/41:1,en_ar_DEEP,TIER1_CLEAN_A,Total Omission,بعثة,[OMITTED],exact,وفي 23 آب/أغسطس، وفي إطار إحاطة مقدمة من إدارة الشؤون السياسية، قال وكيل الأمين العام للشؤون السياسية إن موظفي مكتب تنسيق الشؤون الإنسانية يجرون بعثة تقييم في الجمهورية العربية السورية، وأشار إلى بيان الأمين العام الذي أفاد بأن الرئيس الأسد لم يضع حدا لاستعمال العنف ضد المدنيين على الرغم من تعهده بذلك.,في 23 آب/أغسطس، وفي إطار الإحاطة التي قدمتها إدارة الشؤون السياسية، قال وكيل الأمين العام للشؤون السياسية إن موظفي مكتب تنسيق الشؤون الإنسانية يقومون بمهمة تقييم في الجمهورية العربية السورية وأحالوا إلى بيان الأمين العام الذي جاء فيه أن الرئيس الأسد، على الرغم من تعهده، لم يتوقف عن استخدام القوة ضد المدنيين.,1.0,0.7346278317152104,0.9594230651855468,0.7411003236245954,5,5,4,2,1,1,success
2012/s/2012/24/66:5,en_ar_DEEP,TIER1_CLEAN_A,Register Mismatch,وجهات نظر,آراء,exact_seq,واعتمد المجلس أيضا بيانا رئاسيا (S/PRST/2011/17) شدد فيه على الحاجة إلى تحسين الاتصال بين مجلس الأمن والبلدان المساهمة بقوات وبأفراد شرطة والأمانة العامة للأمم المتحدة وغيرها من أصحاب المصلحة من أجل تعزيز روح الشراكة والثقة والتعاون والثقة المتبادلة، وضمان انتفاع مجلس الأمن من وجهات نظر أولئك الذين يعملون في الميدان عند اتخاذ قراراته بشأن ولايات حفظ السلام.,واعتمد المجلس أيضا بيانا رئاسيا (S/PRST/2011/17)، أكد فيه ضرورة تحسين الاتصالات بين المجلس والبلدان المساهمة بقوات عسكرية وأفراد شرطة والأمانة العامة للأمم المتحدة وأصحاب المصلحة الآخرين من أجل تعزيز روح التعاون. الشراكة والتعاون والثقة المتبادلة ولضمان استفادة المجلس من آراء العاملين في الميدان عند اتخاذ قراراته بشأن ولايات حفظ السلام.,1.0,0.7514285714285714,0.960352897644043,0.7353760445682451,5,5,4,2,1,1,success
2012/s/2012/244/21:2,en_ar_TRANSFORMERS,TIER1_CLEAN_A,Hyponym for Hypernym,حركة,تنقل,exact,وحرية حركة قوة الأمم المتحدة وأمن موظفيها وسلامتهم جزء لا يتجزأ من التنفيذ الفعّال لولاية القوة.,وتشكل حرية تنقل القوة وأمن أفرادها وسلامتهم جزءا لا يتجزأ من التنفيذ الفعال لولاية القوة.,1.0,0.75,0.9159220457077026,0.75,5,5,5,2,1,1,success
2012/s/2012/244/30:2,en_ar_DEEPL,TIER1_CLEAN_A,Total Omission,خاص,[OMITTED],suffix_ة,وخلال زيارتي إلى لبنان في كانون الثاني/يناير، صرحت لمحاوري اللبنانيين، خلال لقاءات خاصة وعامة على السواء، بالمخاطر الجسيمة التي يشكلها استمرار وجود هذه الميليشيات في البلد بالنسبة لاستقرار البلد والسلام الداخلي.,وخلال زيارتي إلى لبنان في كانون الثاني/يناير، أوضحتُ لمحاوريّ اللبنانيين في السر والعلن على حد سواء المخاطر الجدية التي يشكلها استمرار وجود هذه الميليشيات في البلاد على استقرار البلاد والسلام الداخلي.,1.0,0.8221153846153846,0.952546775341034,0.8151658767772512,5,5,4,3,1,1,success
2012/s/2012/244/57:1,en_ar_DEEPL,TIER1_CLEAN_A,Total Omission,خاص,[OMITTED],suffix_ة,51 - وأظل ملتزما التزاما راسخا بتنفيذ القرار 1559 (2004) من أجل إحلال السلام والاستقرار في المنطقة، في فترة تشهد صعوبات وتحديات كبيرة بصفة خاصة.,51. وما زلت ملتزما التزاما راسخا بتنفيذ القرار 1559 (2004) من أجل السلام والاستقرار الإقليميين، في وقت صعب وصعب للغاية.,1.0,0.6524822695035462,0.9451017379760742,0.6458333333333333,5,5,4,2,1,1,success
2012/s/2012/245/18:1,en_ar_DEEP,TIER1_CLEAN_A,Terminology Substitution,المعنية,ذات الصلة,exact,4 - يدعو جماعات المعارضة السورية المسلحة والعناصر المعنية إلى أن تحترم الأحكام ذات الصلة الواردة في الاتفاق الأولي؛,4 - يدعو جماعات المعارضة السورية المسلحة والعناصر ذات الصلة إلى احترام الأحكام ذات الصلة من التفاهم الأولي؛,1.0,0.8333333333333334,0.981574773788452,0.782608695652174,5,5,5,2,1,1,success
2012/s/2012/359/113:1,en_ar_DEEP,TIER1_CLEAN_A,Tanween Omission,عملاً,عملا,exact,في 21 كانون الأول/ديسمبر، استمع المجلس في جلسة علنية إلى إحاطة من رئيس اللجنة المنشأة عملاً بالقرار 1737 (2006) والممثل الدائم لكولومبيا، نيستور أوسوريو، عن عمل اللجنة في الفترة من 1 أيلول/سبتمبر إلى 18 كانون الأول/ديسمبر 2011.,في 21 كانون الأول/ديسمبر، استمع المجلس، في جلسة علنية، إلى إحاطة قدمها رئيس اللجنة المنشأة عملا بالقرار 1737 (2006) والممثل الدائم لكولومبيا، نيستور أوسوريو، عن عمل اللجنة في الفترة من 1 أيلول/سبتمبر إلى 18 كانون الأول/ديسمبر 2011.,1.0,0.973568281938326,0.990656554698944,0.9696969696969696,5,5,5,2,1,1,success
2012/s/2012/373/412:1,en_ar_DEEP,TIER1_CLEAN_A,Total Omission,بموجب,[OMITTED],exact,ويجوز للمحكمة، بموجب المادة 19 من نظامها الأساسي، أن تأمر بمصادرة العائدات المحصلة بصورة غير مشروعة، وتحكم بإعادتها إلى أصحابها الشرعيين أو إلى الدولة.,وتسمح المادة 19 من النظام الأساسي للمحكمة للمحكمة أن تأمر بمصادرة العائدات المكتسبة بطريقة غير مشروعة وتنص على إعادتها إلى أصحابها الشرعيين أو إلى الدولة.,1.0,0.6883116883116883,0.9443482160568236,0.6558441558441559,5,5,4,3,1,1,success
2012/s/2012/373/46:1,en_ar_DEEP,TIER1_CLEAN_A,Terminology Substitution,المعنية,ذات الصلة,exact,وأشير أيضا إلى أنه نظرا لافتقار المحكمة الجنائية الدولية إلى آليات الإنفاذ، فمن المهم أن يواصل المجلس انخراطه في الحالات التي يحيلها إلى المحكمة وأن يتخذ التدابير اللازمة لتعزيز تعاون الأطراف المعنية مع المحكمة.,وأشار المشاركون أيضاً إلى أنه نظراً لافتقار المحكمة الجنائية الدولية إلى آليات التنفيذ، فمن المهم أن يظل المجلس منخرطاً في الحالات التي يحيلها إلى المحكمة وأن يتخذ التدابير اللازمة لتعزيز تعاون الأطراف ذات الصلة مع المحكمة.,1.0,0.897196261682243,0.9494377374649048,0.8699551569506727,5,5,5,2,1,1,success
2012/s/2012/373/521:1,en_ar_DEEP,TIER1_CLEAN_A,Total Omission,عندئذ,[OMITTED],exact,غير أنه من المؤسف أن ثمة أيضا العديد من الأمثلة التي تبيّن ما كانت ستسهم به آليات تقصي الحقائق في كشف الحقيقة وضمان المساءلة ومنع حدوث مزيد من الانتهاكات لحقوق الإنسان، لكن المجلس لم يتخذ عندئذ إجراءات فعالة لاعتبارات سياسية.,ولسوء الحظ، هناك أيضًا العديد من الأمثلة حيث كان من الممكن لآليات تقصي الحقائق أن تساهم في كشف الحقيقة، وضمان المساءلة ومنع المزيد من انتهاكات حقوق الإنسان، ولكن فشل المجلس في اتخاذ إجراءات فعالة لاعتبارات سياسية.,1.0,0.6863636363636363,0.9353278875350952,0.6755555555555556,5,5,4,3,1,1,success
2012/s/2012/373/564:4,en_ar_TRANSFORMERS,TIER1_CLEAN_A,Total Omission,الأخرى,[OMITTED],exact,وفي أعقاب التوصية التي قدمتها لجنة التحقيق الدولية المعنية بكوت ديفوار هذا العام، أنشأ مجلس حقوق الإنسان ولايةً لخبير مستقل معني بالحالة في كوت ديفوار أنيطت به مسؤولية مساعدة الحكومة والجهات الفاعلة الأخرى ذات الصلة في تنفيذ توصيات اللجنة.,وبناء على توصية اللجنة الدولية للتحقيق في كوت ديفوار هذا العام، أنشأ مجلس حقوق الإنسان ولاية خبير مستقل معني بالحالة في كوت ديفوار يتولى مسؤولية مساعدة الحكومة وغيرها من الجهات الفاعلة ذات الصلة في تنفيذ توصيات اللجنة.,1.0,0.7682403433476395,0.962446928024292,0.7489539748953975,5,5,5,2,1,1,success
2012/s/2012/373/564:4,en_ar_TRANSFORMERS,TIER1_CLEAN_A,Total Omission,الأخرى,[OMITTED],exact,وفي أعقاب التوصية التي قدمتها لجنة التحقيق الدولية المعنية بكوت ديفوار هذا العام، أنشأ مجلس حقوق الإنسان ولايةً لخبير مستقل معني بالحالة في كوت ديفوار أنيطت به مسؤولية مساعدة الحكومة والجهات الفاعلة الأخرى ذات الصلة في تنفيذ توصيات اللجنة.,وبناء على توصية اللجنة الدولية للتحقيق في كوت ديفوار هذا العام، أنشأ مجلس حقوق الإنسان ولاية خبير مستقل معني بالحالة في كوت ديفوار يتولى مسؤولية مساعدة الحكومة وغيرها من الجهات الفاعلة ذات الصلة في تنفيذ توصيات اللجنة.,1.0,0.7682403433476395,0.962446928024292,0.7489539748953975,5,5,5,2,1,1,success
2012/s/2012/373/564:4,en_ar_TRANSFORMERS,TIER1_CLEAN_A,Total Omission,الأخرى,[OMITTED],exact,وفي أعقاب التوصية التي قدمتها لجنة التحقيق الدولية المعنية بكوت ديفوار هذا العام، أنشأ مجلس حقوق الإنسان ولايةً لخبير مستقل معني بالحالة في كوت ديفوار أنيطت به مسؤولية مساعدة الحكومة والجهات الفاعلة الأخرى ذات الصلة في تنفيذ توصيات اللجنة.,وبناء على توصية اللجنة الدولية للتحقيق في كوت ديفوار هذا العام، أنشأ مجلس حقوق الإنسان ولاية خبير مستقل معني بالحالة في كوت ديفوار يتولى مسؤولية مساعدة الحكومة وغيرها من الجهات الفاعلة ذات الصلة في تنفيذ توصيات اللجنة.,1.0,0.7682403433476395,0.962446928024292,0.7489539748953975,5,5,5,2,1,1,success
2012/s/2012/373/564:4,en_ar_TRANSFORMERS,TIER1_CLEAN_A,Total Omission,الأخرى,[OMITTED],exact,وفي أعقاب التوصية التي قدمتها لجنة التحقيق الدولية المعنية بكوت ديفوار هذا العام، أنشأ مجلس حقوق الإنسان ولايةً لخبير مستقل معني بالحالة في كوت ديفوار أنيطت به مسؤولية مساعدة الحكومة والجهات الفاعلة الأخرى ذات الصلة في تنفيذ توصيات اللجنة.,وبناء على توصية اللجنة الدولية للتحقيق في كوت ديفوار هذا العام، أنشأ مجلس حقوق الإنسان ولاية خبير مستقل معني بالحالة في كوت ديفوار يتولى مسؤولية مساعدة الحكومة وغيرها من الجهات الفاعلة ذات الصلة في تنفيذ توصيات اللجنة.,1.0,0.7682403433476395,0.962446928024292,0.7489539748953975,5,5,5,2,1,1,success
2012/s/2012/373/577:2,en_ar_DEEP,TIER1_CLEAN_A,Total Omission,خاص,[OMITTED],exact,فمن بين نظم جزاءات مجلس الأمن وعددها 12 نظاماً، هناك 5 نظم تطبق معايير للإدراج في القائمة تتعلق بانتهاكات للقانون الدولي لحقوق الإنسان والقانون الإنساني الدولي، تشمل بوجه خاص انتهاكات لحقوق الأطفال والنساء في حالات النزاع.,ومن بين أنظمة الجزاءات الـ 12 التي فرضها مجلس الأمن، تتضمن 5 معايير إدراج تتعلق بانتهاكات القانون الدولي لحقوق الإنسان والقانون الإنساني الدولي، ولا سيما تلك المتعلقة بانتهاكات حقوق الأطفال والنساء في حالات النزاع.,1.0,0.6621004566210046,0.9455379247665404,0.6666666666666667,5,5,4,3,1,1,success
2012/s/2012/373/683:2,en_ar_DEEP,TIER1_CLEAN_A,Total Omission,حالة,[OMITTED],exact,وبالإضافة إلى ذلك، تنص المادة 75 (3) على أنه قبل إصدار أي أمر بالجبر يجوز للمحكمة أن تدعو إلى تقديم بيانات حالة من الشخص المُدان أو من المجني عليهم أو من سواهم من الأشخاص المعنيين أو الدول المعنية أو ممن ينوب عنهم، وتضع المحكمة هذه البيانات في اعتبارها.,وبالإضافة إلى ذلك، تنص المادة 75 (3) على أنه قبل إصدار أمر التعويض، يجوز للمحكمة أن تدعو إلى تقديم بيانات من الشخص المدان أو الضحايا أو غيرهم من الأشخاص المعنيين أو الدول المعنية أو نيابة عنهم، ويجب عليها أن تأخذ في الاعتبار هذه البيانات.,1.0,0.7349397590361446,0.9630794525146484,0.7233201581027668,5,5,4,3,1,1,success
2012/s/2012/395/255:3,en_ar_DEEP,TIER1_CLEAN_A,Total Omission,حالة,[OMITTED],exact,"وتشير الفاتورة الصادرة عن مرسل الشحنة التي جرت مصادرتها في حالة كيليس (تركيا)، وهو شركة ساد للاستيراد والتصدير، أن الشحنة تتعلق بشحنات بحرية سابقة متجهة إلى ""ميناء اللاذقية أو ميناء طرطوس"".","وتشير الفاتورة الصادرة عن مرسل الشحنة المضبوطة في قضية كلس (تركيا)، شركة ساد للاستيراد والتصدير، إلى أن الإرسالية كانت مرتبطة بشحنات بحرية سابقة إلى ""ميناء اللاذقية أو طرطوس"".",1.0,0.7081081081081081,0.964751958847046,0.7142857142857143,5,5,4,3,1,1,success
2012/s/2012/79/22:1,en_ar_DEEP,TIER1_CLEAN_A,Total Omission,تابع,[OMITTED],suffix_ة,10 - وتغطي التدابير التي اتخذتها الدول الأنشطة المحظورة التي تقوم بها جهات غير تابعة لدول على النحو المبين في الفقرة 2 من القرار 1540 (2004)فيما يتعلق بالأسلحة النووية والكيميائية والبيولوجية ووسائل إيصالها، والضوابط المفروضة على المواد المتصلة بها، وفقا للفقرة 3 من القرار().,10 - تشمل التدابير التي اتخذتها الدول الأنشطة المحظورة التي تقوم بها الجهات من غير الدول، على النحو الوارد في الفقرة 2 من القرار 1540 (2004) فيما يتعلق بالأسلحة النووية والكيميائية والبيولوجية ووسائل إيصالها، والضوابط المفروضة على المواد ذات الصلة، وفقا للفقرة 3 من القرار.,1.0,0.8974358974358975,0.9878809452056884,0.8876811594202898,5,5,4,2,1,1,success
2012/s/2012/79/39:1,en_ar_DEEP,TIER1_CLEAN_A,Terminology Substitution,المعنية,ذات الصلة,exact,24 - يساهم التفاعل مع المنظمات الدولية والإقليمية ودون الإقليمية المعنية وغيرها من المؤسسات والترتيبات الحكومية الدولية، ولا سيما مع التي لديها خبرة في مجال عدم الانتشار، في التنفيذ الفعال للقرار 1540 (2004) بتعزيز التعاون من خلال تبادل المعلومات، وتبادل خبرات التنفيذ والدروس المستفادة والتنسيق في مجال تيسير المساعدة إلى الدول الأعضاء.,24. إن التفاعل مع المنظمات الدولية والإقليمية ودون الإقليمية ذات الصلة وغيرها من المؤسسات والترتيبات الحكومية الدولية، وخاصة تلك التي تمتلك الخبرة في مجال منع الانتشار، يساهم في التنفيذ الفعال للقرار 1540 (2004) من خلال تعزيز التعاون من خلال تبادل المعلومات، وتقاسم خبرات التنفيذ والدروس المستفادة، والتنسيق في تيسير تقديم المساعدة للدول الأعضاء.,1.0,0.8338278931750742,0.9866760969161988,0.8179190751445087,5,5,4,3,1,1,success
2012/s/2012/79/52:1,en_ar_DEEP,TIER1_CLEAN_A,Terminology Substitution,المعنية,ذات الصلة,exact,34 - الشفافية مبدأ أساسي يوجه أعمال وأنشطة اللجنة، ويساعد في تعزيز الثقة، والتشجيع على زيادة التعاون، وتوعية الدول والمنظمات الدولية والإقليمية ودون الإقليمية المعنية والمجتمع المدني والقطاع الخاص بالمسائل ذات الصلة بالقرار 1540 (2004)، مما ييسر تنفيذ القرار من جانب الدول. 35 - والشفافية والاتصال الإعلامي مترابطان بشكل وثيق.,34 - الشفافية مبدأ أساسي يوجه عمل اللجنة وأنشطتها، مما يساعد على تعزيز الثقة وتعزيز التعاون وزيادة وعي الدول والمنظمات الدولية والإقليمية ودون الإقليمية ذات الصلة والمجتمع المدني والقطاع الخاص فيما يتعلق بالقضايا ذات الصلة بالحل. 1540 (2004)، مما يسهل تنفيذ القرار من قبل الدول. 35 - هناك ترابط وثيق بين الشفافية والتواصل مع وسائل الإعلام.,1.0,0.6727272727272727,0.9655686020851136,0.6607669616519174,5,5,4,3,1,1,success
2012/s/2012/796/5:1,en_ar_DEEP,TIER1_CLEAN_A,Total Omission,بموجب,[OMITTED],exact,وستواصل تركيا ممارسة حقوقها المكفولة بموجب القانون الدولي، في إطار من الامتثال التام للقواعد والأنظمة المرعية، كي تحمي مواطنيها وحدودها الوطنية.,وستواصل تركيا ممارسة حقوقها المنبثقة عن القانون الدولي مع الالتزام الكامل بالقواعد والأنظمة المعمول بها، من أجل حماية مواطنيها وحدودها الوطنية.,1.0,0.7272727272727273,0.9832459688186646,0.7083333333333333,5,5,5,2,1,1,success
2012/s/2012/797/45:1,en_ar_DEEP,TIER1_CLEAN_A,Total Omission,أخرى,[OMITTED],exact,2 - رسم بياني يبين خليج لاأونيون وجزيرة كونيخو، التي هي جزء ملحق بقطاع غواسكوران، الذي تم التأكيد على أنه خاضع لسيادة هندوراس بمقتضى حكم محكمة العدل الدولية الصادر في 11 أيلول/سبتمبر 1992، الذي أكده مرة أخرى الحكم الصادر في 18 كانون الأول/ديسمبر 2003، الذي قضي بعدم قبول ملتمس إعادة النظر المقدم من السلفادور بشأن قطاع غواسكوران.,2. شكل يوضح خليج لا يونيون وجزيرة كونيجو، الملحقة بقطاع غواسكاران والتي تم تأكيد خضوعها للسيادة الهندوراسية بموجب حكم محكمة العدل الدولية الصادر في 11 أيلول/سبتمبر 1992، كما تم تأكيد ذلك بموجب الحكم الصادر في 18 كانون الأول/ديسمبر 2003 إعلان عدم قبول طلب المراجعة الذي قدمته السلفادور بشأن قطاع غواسكاران.,1.0,0.7015384615384616,0.9113204479217528,0.7021276595744681,5,5,4,3,1,1,success
2012/s/2012/825/13:1,en_ar_DEEP,TIER1_CLEAN_A,Total Omission,حالة,[OMITTED],prefix_ال,بيان عن الحالة في مالي,بيان بشأن الوضع في مالي,1.0,0.7391304347826086,0.971952259540558,0.6956521739130435,5,5,5,1,1,1,success
2012/s/2012/947/921:1,en_ar_DEEP,TIER1_CLEAN_A,Total Omission,خاص,[OMITTED],both_ال_ة,يمكن أن تصدَّر معدات البند 13 باعتبارها جزءا من طائرة مأهولة أو من أحد السواتل أو بكميات ملائمة لقطع الغيار الخاصة بالطائرات المأهولة.,يجوز تصدير معدات البند 13 كجزء من طائرة مأهولة أو قمر صناعي أو بكميات مناسبة لقطع غيار الطائرات المأهولة.,1.0,0.6870229007633588,0.9277418851852416,0.6716417910447761,5,5,5,2,1,1,success
2012/s/2012/947/921:1,en_ar_DEEP,TIER1_CLEAN_A,Total Omission,خاص,[OMITTED],both_ال_ة,يمكن أن تصدَّر معدات البند 13 باعتبارها جزءا من طائرة مأهولة أو من أحد السواتل أو بكميات ملائمة لقطع الغيار الخاصة بالطائرات المأهولة.,يجوز تصدير معدات البند 13 كجزء من طائرة مأهولة أو قمر صناعي أو بكميات مناسبة لقطع غيار الطائرات المأهولة.,1.0,0.6870229007633588,0.9277418851852416,0.6716417910447761,5,5,5,2,1,1,success
2012/s/agenda/6743/4:1,en_ar_DEEP,TIER1_CLEAN_A,Total Omission,حالة,[OMITTED],prefix_ال,2 - الحالة في غينيا - بيساو.,2. الوضع في غينيا بيساو.,1.0,0.7083333333333333,0.9542107582092284,0.7142857142857143,5,5,5,1,1,1,success
2012/s/agenda/6744/4:1,en_ar_DEEP,TIER1_CLEAN_A,Total Omission,حالة,[OMITTED],prefix_ال,2 - الحالة في الشرق الأوسط.,2. الوضع في الشرق الأوسط.,1.0,0.8,0.974561095237732,0.7777777777777778,5,5,5,1,1,1,success
2012/s/agenda/6791/4:1,en_ar_DEEP,TIER1_CLEAN_A,Total Omission,حالة,[OMITTED],prefix_ال,2 - الحالة في الشرق الأوسط,2. الوضع في الشرق الأوسط,1.0,0.7916666666666666,0.9726656675338744,0.7692307692307692,5,5,5,1,1,1,success
2012/s/agenda/6876/4:1,en_ar_DEEP,TIER1_CLEAN_A,Total Omission,حالة,[OMITTED],prefix_ال,2 - الحالة في سيراليون.,2. الوضع في سيراليون.,1.0,0.7619047619047619,0.9609196782112122,0.7391304347826086,5,5,5,1,1,1,success
2012/s/inf/66/1631:1,en_ar_DEEP,TIER1_CLEAN_A,Total Omission,حالة,[OMITTED],prefix_ال,الحالة المتعلقة بجمهورية الكونغو الديمقراطية(),الوضع المتعلق بجمهورية الكونغو الديمقراطية,1.0,0.8571428571428572,0.8976501226425171,0.8478260869565217,5,5,5,1,1,1,success
2012/s/prst/2012/17/15:3,en_ar_DEEP,TIER1_CLEAN_A,Total Omission,خاص,[OMITTED],both_و_ة,كما يرحب مجلس الأمن بأوجه التحسن التي طرأت مؤخرا على إجراءات اللجنة المنشأة عملا بالقرارين 1267 (1999) و 1989 (2011)، وخاصة فيما يتعلق بالعمل الفعال والقيم الذي يضطلع به مكتب أمين المظالم المنشأ عملا بالقرار 1904 (2009).,ويرحب مجلس الأمن أيضا بالتحسينات التي أدخلت مؤخرا على إجراءات اللجنة المنشأة عملا بالقرارين 1267 (1999) و 1989 (2011)، ولا سيما فيما يتعلق بالعمل الفعال والقيم الذي يقوم به مكتب أمين المظالم المنشأ عملا بالقرار 1904 (2009). .,1.0,0.8711111111111112,0.9876118302345276,0.8755555555555555,5,5,4,2,1,1,success
2012/s/prst/2012/23/21:2,en_ar_TRANSFORMERS,TIER1_CLEAN_A,Total Omission,بقوة,[OMITTED],exact,ويؤكد المجلس من جديد عزمه على أن يواصل بقوة مكافحة الإفلات من العقاب ودعم المساءلة بالسبل المناسبة.,ويكرر المجلس تأكيد اعتزامه مواصلة مكافحة الإفلات من العقاب ودعم المساءلة بالوسائل المناسبة.,1.0,0.7578947368421053,0.962658703327179,0.7373737373737373,5,5,5,2,1,1,success
2012/s/prst/2012/23/21:2,en_ar_TRANSFORMERS,TIER1_CLEAN_A,Total Omission,بقوة,[OMITTED],exact,ويؤكد المجلس من جديد عزمه على أن يواصل بقوة مكافحة الإفلات من العقاب ودعم المساءلة بالسبل المناسبة.,ويكرر المجلس تأكيد اعتزامه مواصلة مكافحة الإفلات من العقاب ودعم المساءلة بالوسائل المناسبة.,1.0,0.7578947368421053,0.962658703327179,0.7373737373737373,5,5,5,2,1,1,success
2012/s/prst/2012/23/9:1,en_ar_DEEP,TIER1_CLEAN_A,Register Mismatch,ملائم,مناسب,both_ال_ة,"""ويسلّم مجلسُ الأمن بالحاجة إلى إيلاء مزيد من الاهتمام المنهجي لتنفيذ الالتزاماتِ المتعلقة بالمرأة والسلام والأمن فيما يقوم به المجلس من أعمال، وذلك لضمان تعزيز مشاركة المرأة في منع نشوب النزاعات وتسويتها وفي جهود بناء السلام ومواصلة إدماج المنظورات الجنسانية الملائمة في ولايات بعثات الأمم المتحدة لحفظ السلام المعنية وفي مجالات مواضيعية أخرى ذات صلة بالسلام والأمن.","""ويسلم مجلس الأمن بالحاجة إلى إيلاء المزيد من الاهتمام المنهجي لتنفيذ التزامات المرأة في مجالي السلام والأمن في عمله لضمان تعزيز مشاركة المرأة في منع الصراعات وحلها وبناء السلام ومواصلة إدماج المنظور الجنساني المناسب في ولايات المجلس. وبعثات الأمم المتحدة لحفظ السلام ذات الصلة وكذلك في المجالات المواضيعية الأخرى ذات الصلة بالسلام والأمن.",1.0,0.7237569060773481,0.9796847105026244,0.7193460490463215,5,5,4,3,1,1,success
2012/s/prst/2012/23/9:1,en_ar_DEEP,TIER1_CLEAN_A,Terminology Substitution,المعنية,ذات الصلة,exact,"""ويسلّم مجلسُ الأمن بالحاجة إلى إيلاء مزيد من الاهتمام المنهجي لتنفيذ الالتزاماتِ المتعلقة بالمرأة والسلام والأمن فيما يقوم به المجلس من أعمال، وذلك لضمان تعزيز مشاركة المرأة في منع نشوب النزاعات وتسويتها وفي جهود بناء السلام ومواصلة إدماج المنظورات الجنسانية الملائمة في ولايات بعثات الأمم المتحدة لحفظ السلام المعنية وفي مجالات مواضيعية أخرى ذات صلة بالسلام والأمن.","""ويسلم مجلس الأمن بالحاجة إلى إيلاء المزيد من الاهتمام المنهجي لتنفيذ التزامات المرأة في مجالي السلام والأمن في عمله لضمان تعزيز مشاركة المرأة في منع الصراعات وحلها وبناء السلام ومواصلة إدماج المنظور الجنساني المناسب في ولايات المجلس. وبعثات الأمم المتحدة لحفظ السلام ذات الصلة وكذلك في المجالات المواضيعية الأخرى ذات الصلة بالسلام والأمن.",1.0,0.7333333333333334,0.9796847105026244,0.7193460490463215,5,5,4,3,1,1,success
2012/s/prst/2012/24/16:1,en_ar_DEEP,TIER1_CLEAN_A,Total Omission,تابع,[OMITTED],both_ال_تين,"""ويشيد مجلس الأمن بالجهود المبذولة في إطار عملية أتالانتا للاتحاد الأوروبي، وعمليتي تحالف الحماية (Allied Protector) ودرع المحيط (Ocean Shield) التابعتين لمنظمة حلف شمال الأطلسي، بقيادة الدول الأعضاء في المنظمة، وفرقة العمل المشتركة 151 التابعة للقوات البحرية المشتركة، بقيادة باكستان وتايلند وتركيا وجمهورية كوريا والدانمرك وسنغافورة ونيوزيلندا والولايات المتحدة، وبجهود الدول الأخرى التي تتصرف بصفتها الوطنية بالتعاون مع السلطات الصومالية وفيما بينها لقمع القرصنة وحماية السفن المعرضة للخطر التي تعبر المياه الواقعة قبالة سواحل الصومال، ويعرب عن تقديره للجهود التي تبذلها الدول الأعضاء، ومن بينها الاتحاد الروسي وجمهورية كوريا والصين وماليزيا والهند واليابان، التي نشرت سفناً و/أو طائرات في المنطقة، حسبما ورد في تقرير الأمين العام (S/2012/783).","""ويشيد مجلس الأمن بالجهود التي تبذلها عملية الاتحاد الأوروبي أتلانتا، وعمليات منظمة حلف شمال الأطلسي Allied Protector، و Ocean Shield بقيادة الدول الأعضاء في منظمة حلف شمال الأطلسي، وفرقة العمل المشتركة 151 للقوات البحرية بقيادة باكستان، وجمهورية كوريا، والدانمرك، ونيوزيلندا، وتعرب سنغافورة وتركيا وتايلند والولايات المتحدة، والدول الأخرى، التي تتصرف بصفتها الوطنية وبالتعاون مع السلطات الصومالية ومع بعضها البعض، عن قمع القرصنة وحماية السفن المعرضة للخطر التي تمر عبر المياه قبالة سواحل الصومال، وتقدر الجهود التي تبذلها الدول الأعضاء، بما فيها الاتحاد الروسي، وجمهورية كوريا، والصين، والهند، وماليزيا، واليابان، التي نشرت سفن و/أو طائرات في المنطقة، على النحو المذكور في تقرير الأمين العام (S/2012/783).",1.0,0.6702557200538358,0.9797671437263488,0.6680053547523427,5,5,3,3,1,1,success
2012/s/prst/2012/24/7:1,en_ar_DEEP,TIER1_CLEAN_A,Total Omission,الأخرى,[OMITTED],exact,"""ويدعو مجلس الأمن جميع الدول والمنظمة البحرية الدولية ومنظمة العمل الدولية والمنظمات والوكالات الدولية الأخرى ذات الصلة أن تتخذ، حسب الاقتضاء، التدابير اللازمة لمنع الاختطاف، والتدابير اللازمة لحماية مصلحة ورفاه البحارة الذين يقعون ضحية للقراصنة، أو توصي باتخاذ مثل هذه التدابير، وذلك سواء في أثناء الأسر، بتوفير المساعدات الطبية وغيرها من المساعدات الإنسانية، أو بعد إطلاق سراحهم من الأسر، بما في ذلك الرعاية بعد الحادث وإعادة إدماجهم في المجتمع، ويحيط المجلس علما في هذا الصدد بالمقترحات المتعلقة ببرنامج لدعم الرهائن وضعته الأمم المتحدة - مكتب الأمم المتحدة لخدمات المشاريع والمكتب المعني بالمخدرات والجريمة.","""ويدعو مجلس الأمن جميع الدول والمنظمة البحرية الدولية ومنظمة العمل الدولية وغيرها من المنظمات والوكالات الدولية ذات الصلة إلى اعتماد أو التوصية، حسب الاقتضاء، بتدابير لمنع عمليات الاختطاف، وتدابير لحماية مصالح ورفاهية البحارة الذين يقعون ضحايا القراصنة، سواء أثناء أسرهم من خلال تقديم المساعدة الطبية وغيرها من المساعدات الإنسانية، وكذلك بعد إطلاق سراحهم من الأسر، بما في ذلك توفير الرعاية لهم بعد وقوع الحادث وإعادة إدماجهم في المجتمع، وتحيط علما في هذا الصدد بالمقترحات المتعلقة ببرنامج لدعم الرهائن التي وضعتها الأمم المتحدة - مكتب الأمم المتحدة السياسي للصومال ومكتب الأمم المتحدة المعني بالمخدرات والجريمة.",1.0,0.7217675941080197,0.977224588394165,0.7152209492635024,5,5,4,2,1,1,success
2012/s/prst/2012/24/7:1,en_ar_DEEP,TIER1_CLEAN_A,Total Omission,الأخرى,[OMITTED],exact,"""ويدعو مجلس الأمن جميع الدول والمنظمة البحرية الدولية ومنظمة العمل الدولية والمنظمات والوكالات الدولية الأخرى ذات الصلة أن تتخذ، حسب الاقتضاء، التدابير اللازمة لمنع الاختطاف، والتدابير اللازمة لحماية مصلحة ورفاه البحارة الذين يقعون ضحية للقراصنة، أو توصي باتخاذ مثل هذه التدابير، وذلك سواء في أثناء الأسر، بتوفير المساعدات الطبية وغيرها من المساعدات الإنسانية، أو بعد إطلاق سراحهم من الأسر، بما في ذلك الرعاية بعد الحادث وإعادة إدماجهم في المجتمع، ويحيط المجلس علما في هذا الصدد بالمقترحات المتعلقة ببرنامج لدعم الرهائن وضعته الأمم المتحدة - مكتب الأمم المتحدة لخدمات المشاريع والمكتب المعني بالمخدرات والجريمة.","""ويدعو مجلس الأمن جميع الدول والمنظمة البحرية الدولية ومنظمة العمل الدولية وغيرها من المنظمات والوكالات الدولية ذات الصلة إلى اعتماد أو التوصية، حسب الاقتضاء، بتدابير لمنع عمليات الاختطاف، وتدابير لحماية مصالح ورفاهية البحارة الذين يقعون ضحايا القراصنة، سواء أثناء أسرهم من خلال تقديم المساعدة الطبية وغيرها من المساعدات الإنسانية، وكذلك بعد إطلاق سراحهم من الأسر، بما في ذلك توفير الرعاية لهم بعد وقوع الحادث وإعادة إدماجهم في المجتمع، وتحيط علما في هذا الصدد بالمقترحات المتعلقة ببرنامج لدعم الرهائن التي وضعتها الأمم المتحدة - مكتب الأمم المتحدة السياسي للصومال ومكتب الأمم المتحدة المعني بالمخدرات والجريمة.",1.0,0.7217675941080197,0.977224588394165,0.7152209492635024,5,5,4,2,1,1,success
2012/s/prst/2012/24/7:1,en_ar_DEEP,TIER1_CLEAN_A,Total Omission,الأخرى,[OMITTED],exact,"""ويدعو مجلس الأمن جميع الدول والمنظمة البحرية الدولية ومنظمة العمل الدولية والمنظمات والوكالات الدولية الأخرى ذات الصلة أن تتخذ، حسب الاقتضاء، التدابير اللازمة لمنع الاختطاف، والتدابير اللازمة لحماية مصلحة ورفاه البحارة الذين يقعون ضحية للقراصنة، أو توصي باتخاذ مثل هذه التدابير، وذلك سواء في أثناء الأسر، بتوفير المساعدات الطبية وغيرها من المساعدات الإنسانية، أو بعد إطلاق سراحهم من الأسر، بما في ذلك الرعاية بعد الحادث وإعادة إدماجهم في المجتمع، ويحيط المجلس علما في هذا الصدد بالمقترحات المتعلقة ببرنامج لدعم الرهائن وضعته الأمم المتحدة - مكتب الأمم المتحدة لخدمات المشاريع والمكتب المعني بالمخدرات والجريمة.","""ويدعو مجلس الأمن جميع الدول والمنظمة البحرية الدولية ومنظمة العمل الدولية وغيرها من المنظمات والوكالات الدولية ذات الصلة إلى اعتماد أو التوصية، حسب الاقتضاء، بتدابير لمنع عمليات الاختطاف، وتدابير لحماية مصالح ورفاهية البحارة الذين يقعون ضحايا القراصنة، سواء أثناء أسرهم من خلال تقديم المساعدة الطبية وغيرها من المساعدات الإنسانية، وكذلك بعد إطلاق سراحهم من الأسر، بما في ذلك توفير الرعاية لهم بعد وقوع الحادث وإعادة إدماجهم في المجتمع، وتحيط علما في هذا الصدد بالمقترحات المتعلقة ببرنامج لدعم الرهائن التي وضعتها الأمم المتحدة - مكتب الأمم المتحدة السياسي للصومال ومكتب الأمم المتحدة المعني بالمخدرات والجريمة.",1.0,0.7217675941080197,0.977224588394165,0.7152209492635024,5,5,4,2,1,1,success
2012/s/prst/2012/26/13:1,en_ar_DEEPL,TIER1_CLEAN_A,Total Omission,تابع,[OMITTED],both_ال_ة,"""وفي هذا الصدد، يؤكد مجلس الأمن مجدداً الحاجة الملحة إلى التعاون والتنسيق المعززين الشاملين فيما بين دول منطقتي الساحل والمغرب العربي، وفيما بين دول كل واحدة من المنطقتين، بالتعاون مع الكيانات ذات الصلة التابعة للأمم المتحدة، والشركاء الإقليميين والدوليين، من أجل مكافحة أنشطة تنظيم القاعدة في بلاد المغرب الإسلامي ومنع زيادة تقدم عناصر هذا التنظيم والجماعات المرتبطة به في منطقتي الساحل والمغرب العربي وخارجهما، وكذلك للتصدي لانتشار الأسلحة بجميع أنواعها، وأنشطة الجريمة المنظمة عبر الوطنية، بما في ذلك الأنشطة غير المشروعة مثل الاتجار بالمخدرات.","""ويؤكد مجلس الأمن مجددا، في هذا الصدد، الحاجة الملحة إلى تعزيز التعاون والتنسيق الشاملين والشاملين بين دول منطقة الساحل والمغرب العربي، وفيما بين بعضها البعض، بالتعاون مع كيانات الأمم المتحدة ذات الصلة والشركاء الإقليميين والدوليين، من أجل مكافحة أنشطة تنظيم القاعدة في بلاد المغرب الإسلامي ومنع المزيد من تقدم عناصر التنظيم والجماعات المرتبطة به في منطقتي الساحل والمغرب العربي وخارجهما، وكذلك التصدي لانتشار جميع الأسلحة والجريمة المنظمة العابرة للحدود الوطنية، بما في ذلك الأنشطة غير المشروعة مثل الاتجار بالمخدرات.",1.0,0.7495395948434622,0.9895371794700624,0.7513711151736746,5,5,4,2,1,1,success
2012/s/prst/2012/28/12:1,en_ar_DEEP,TIER1_CLEAN_A,Terminology Substitution,يهيب,يدعو,prefix_و,"""ويشير مجلس الأمن إلى أنه لا يزال يتعين تنفيذ أوامر الاعتقال الصادرة عن المحكمة الجنائية الدولية بحق جوزيف كوني، وأوكوت أوديامبو، ودومينيك أونغوين، بتهم تشمل، فيما تشمل، ارتكاب جرائم حرب وجرائم ضد الإنسانية، بما في ذلك أعمال القتل والاغتصاب وتجنيد الأطفال عن طريق الاختطاف، ويهيب بجميع الدول أن تتعاون مع السلطات الأوغندية والمحكمة الجنائية الدولية على تنفيذ تلك الأوامر، وتقديم المسؤولين عن ارتكاب هذه الفظائع إلى العدالة.","""ويشير مجلس الأمن إلى أن أوامر الاعتقال التي أصدرتها المحكمة الجنائية الدولية بحق جوزيف كوني، وأوكوت أوديامبو، ودومينيك أونغوين بتهم منها جرائم حرب وجرائم ضد الإنسانية، بما في ذلك القتل والاغتصاب وتجنيد الأطفال عن طريق الاختطاف، لم تصدر بعد حتى الآن وينبغي إنفاذها، ويدعو جميع الدول إلى التعاون مع السلطات الأوغندية والمحكمة الجنائية الدولية من أجل تنفيذ تلك الأوامر وتقديم المسؤولين عن الفظائع إلى العدالة.",1.0,0.7183770883054892,0.9748585224151612,0.7163120567375887,5,5,4,3,1,1,success
2012/s/prst/2012/28/5:6,en_ar_DEEP,TIER1_CLEAN_A,Wrong Word Order,القانون الدولي الإنساني,القانون الإنساني الدولي,exact_seq,ويشدد المجلس على ضرورة التقيد فـي جميع الأعمال العسكرية ضد جيش الرب للمقاومة بالقانون الدولي الواجب التطبيق، بما في ذلك القانون الدولي الإنساني والقانون الدولي لحقوق الإنسان والقانون الدولي للاجئين، وعلى ضرورة التقليل إلى أدنى حد من خطر إلحاق الأذى بالمدنيين في تلك المناطق.,ويؤكد المجلس على ضرورة أن تتم جميع العمليات العسكرية ضد جيش الرب للمقاومة في إطار الامتثال للقانون الدولي المعمول به، بما في ذلك القانون الإنساني الدولي وقانون حقوق الإنسان وقانون اللاجئين، والحد من خطر إلحاق الأذى بالمدنيين في تلك المناطق.,1.0,0.6613545816733069,0.9587792158126832,0.6532846715328466,5,5,4,2,1,1,success
2012/s/prst/2012/29/10:1,en_ar_DEEPL,TIER1_CLEAN_A,Terminology Substitution,يؤكد المجلس,يكرر المجلس,seq_prefix_و,"""ويذكِّر المجلس بقراره 1645 (2005) ويسلِّم بالدور الهام الذي تضطلع به لجنة بناء السلام في تعزيز ودعم اتباع نهج متكامل ومتسق لبناء السلام، بما في ذلك التشجيع على تحسين الاتساق والتواؤم بين سياسات الشركاء بشأن الاستراتيجيات والأولويات الوطنية في مجال بناء السلام.ويكرر مجلس الأمن تأكيد دعمه لعمل لجنة بناء السلام، ويعرب عن استعداده المستمر للاستفادة من الدور الاستشاري الذي تضطلع به اللجنة ومن دورها في مجالي الدعوة وحشد الموارد، بعدة سبل منها الاستعانة بمشورة محددة الهدف بشأن الالتزام الدولي والوطني بأهداف بناء السلام على المدى الطويل في البلدان المدرجة في جدول أعمال اللجنة.ويؤكد المجلس كذلك أهمية دور لجنة بناء السلام في دعم الانتقال السلس للبعثات التي صدر بها تكليف في البلدان المدرجة في جدول أعمالها، ولا سيما من خلال تعبئة الدعم الدولي المستدام للاحتياجات من القدرات ذات الأهمية الحيوية على الصعيد الوطني.","""ويشير مجلس الأمن إلى قراره 1645 (2005) ويسلم بالدور الهام الذي تضطلع به لجنة بناء السلام في تعزيز ودعم اتباع نهج متكامل ومتسق لبناء السلام، بما في ذلك تعزيز اتساق ومواءمة سياسات الشركاء حول الاستراتيجيات والأولويات الوطنية لبناء السلام. ويكرر المجلس تأكيد دعمه لعمل اللجنة ويعرب عن استعداده المستمر للاستفادة من دورها الاستشاري والدعوة وتعبئة الموارد، بما في ذلك من خلال إسداء المشورة المحددة الأهداف بشأن الالتزام الدولي والوطني بأهداف بناء السلام الطويلة الأجل في البلدان المدرجة في جدول أعمال اللجنة. ويشدد المجلس كذلك على دور لجنة بناء السلام في دعم الانتقال السلس للبعثات التي صدر بها تكليف في البلدان المدرجة في جدول أعمالها، ولا سيما من خلال تعبئة الدعم الدولي المستمر للاحتياجات الوطنية الحاسمة من القدرات.",1.0,0.7324999999999999,0.9828457832336426,0.7546239210850801,5,5,5,2,1,1,success
2012/s/prst/2012/29/16:1,en_ar_DEEP,TIER1_CLEAN_A,Terminology Substitution,المعنية,ذات الصلة,exact,"""ويسلِّم مجلس الأمن بأهمية الدور الذي تضطلع به المرأة في منع نشوب النـزاعات وتسويتها وفي بناء السلام، ويشدد على الدور الأساسي لحكومات البلدان المتضررة من النـزاعات المسلحة، لتعزيز مشاركة المرأة في منع نشوب النـزاعات وتسويتها وفي بناء السلام في إطار برنامج المرأة والسلام والأمن، بما في ذلك عن طريق استشارة المنظمات النسائية المعنية منذ المراحل المبكرة لأعمال التخطيط وتحديد الأولويات.","""ويعترف مجلس الأمن بالدور المهم للمرأة في منع النزاعات وحلها وفي بناء السلام، ويؤكد على الدور الأساسي للحكومات الوطنية المتضررة من النزاعات المسلحة في تعزيز مشاركة المرأة في منع النزاعات وحلها وفي بناء السلام في إطار أجندة المرأة والسلام والأمن، بما في ذلك من خلال التشاور مع المنظمات النسائية ذات الصلة منذ المراحل الأولى للتخطيط وتحديد الأولويات.",1.0,0.7745358090185677,0.9479414820671082,0.7604166666666666,5,5,4,3,1,1,success
2012/s/pv_6709/128:4,en_ar_DEEP,TIER1_CLEAN_A,Total Omission,حالة,[OMITTED],prefix_لل,وسوف يتنامى الأثر السلبي للحالة الليبية، الأمر الذي يشكل تهديدا لاستمرار السلام والاستقرار في المنطقة. وتعرب الصين عن بالغ قلقها في هذا الصدد.,وسيستمر التأثير السلبي للوضع الليبي في التزايد، مما يشكل تهديدا مستمرا للسلام والاستقرار في المنطقة. وتعرب الصين عن قلقها البالغ في هذا الصدد.,1.0,0.7253521126760563,0.9596807956695556,0.7183098591549295,5,5,5,2,1,1,success
2012/s/pv_6709/154:1,en_ar_DEEP,TIER1_CLEAN_A,Total Omission,حالة,[OMITTED],exact,إن استمرار حالة انعدام الاستقرار في منطقة الساحل له آثار تتجاوز البلدان الأكثر تضررا بشكل مباشر.,إن استمرار عدم الاستقرار في منطقة الساحل له آثار تتجاوز بكثير البلدان الأكثر تأثراً بشكل مباشر.,1.0,0.8631578947368421,0.9749890565872192,0.8229166666666666,5,5,5,2,1,1,success
2012/s/pv_6709/188:3,en_ar_DEEP,TIER1_CLEAN_A,Total Omission,حالة,[OMITTED],prefix_ال,وبينما اتخذ قادة المنطقة تدابير جريئة لمكافحة هذه الآفة، نشبت الأزمة الليبية وأدت إلى تفاقم الحالة.,وبينما اتخذ زعماء المنطقة إجراءات جريئة لمكافحة تلك الآفة، نشأت الأزمة الليبية وأدت إلى تفاقم الوضع.,1.0,0.8200000000000001,0.9874386787414552,0.81,1,5,5,2,1,1,success
2012/s/pv_6709/225:2,en_ar_DEEP,TIER1_CLEAN_A,Total Omission,حالة,[OMITTED],prefix_ال,ومع ذلك، لا تزال الحالة تشكل مصدر قلق، نظرا لطول الحدود التي تفصل بين بلدينا، والتي يصعب ممارسة السيطرة عليها.,ومع ذلك، لا يزال الوضع مثيرا للقلق نظرا للحدود الطويلة التي تفصل بين بلدينا، والتي يصعب ممارسة السيطرة عليها.,1.0,0.8073394495412844,0.9730991125106812,0.7727272727272727,5,5,5,2,1,1,success
2012/s/pv_6722__resumption_1_/404:1,en_ar_DEEP,TIER1_CLEAN_A,Register Mismatch,ملائم,مناسب,prefix_ال,السيد موساييف (أذربيجان) (تكلم بالإنكليزية): بادئ ذي بدء، أود أن أعتذر عن طلب الكلمة مرة أخرى، إذ رأينا أنه سيكون من غير الملائم وغير المثمر تجاهل التعليقات التي أدلى بها ممثل أرمينيا ومحاولته تضليل مجلس الأمن ليسكت عنها.,السيد موساييف (أذربيجان) (تكلم بالإنكليزية): بادئ ذي بدء، أود أن أعتذر عن طلب الكلمة مرة أخرى. لقد رأينا أنه سيكون من غير المناسب وغير المجدي تجاهل التعليقات التي أدلى بها ممثل أرمينيا ومحاولته تضليل مجلس الأمن في صمت.,1.0,0.9305555555555556,0.9805012941360474,0.918552036199095,5,5,5,2,1,1,success
2012/s/pv_6729/324:1,en_ar_DEEPL,TIER1_CLEAN_A,Total Omission,حالة,[OMITTED],prefix_ال,وما فتئت الحالة الإنسانية في الصومال مصدر قلق رئيسي.,لا يزال الوضع الإنساني في الصومال مصدر قلق كبير.,1.0,0.7083333333333333,0.9297220706939696,0.7115384615384616,5,5,5,1,1,1,success
2012/s/pv_6729/340:2,en_ar_DEEP,TIER1_CLEAN_A,Total Omission,حالة,[OMITTED],exact,ومع ذلك، ما زالت هناك مخاوف في ما يتعلق بـ 2.3 مليون شخص لا يزالون يعيشون في حالة متأزمة.,ومع ذلك، لا تزال المخاوف قائمة فيما يتعلق بـ 2.3 مليون شخص ما زالوا يعانون من الأزمة.,1.0,0.7176470588235294,0.9678502082824708,0.7078651685393258,5,5,5,2,1,1,success
2012/s/pv_6729/345:3,en_ar_DEEP,TIER1_CLEAN_A,Total Omission,بموجب,[OMITTED],exact,وفي الوقت نفسه، لا بد من أن يعمل جميع أصحاب المصلحة الصوماليين، وخصوصا المؤسسات الاتحادية الانتقالية، بموجب وعودهم بالتصدي للتحديات السياسية والاقتصادية والأمنية الهائلة التي تواجههم.,وفي الوقت نفسه، من الضروري أن يفي جميع أصحاب المصلحة الصوماليين، وخاصة المؤسسات الاتحادية الانتقالية، بوعودهم لحل التحديات السياسية والاقتصادية والأمنية الهائلة التي تواجههم.,1.0,0.8707865168539326,0.9647120237350464,0.8524590163934427,5,5,5,2,1,1,success
2012/s/pv_6734/291:1,en_ar_DEEP,TIER1_CLEAN_A,Total Omission,حالة,[OMITTED],prefix_ال,في الختام، في سياق السلام في العالم والشرق الأوسط، أود أن أشدد على أنه بينما نفهم جميع الاحتياجات الناشئة والمتعلقة بالأمن، فمن الأجدر لتلك المنطقة والعالم بأسره إذا ما تم وقف الحالة في إيران من المضي نحو الصراع لأنه سيكون ذلك النوع من الصراع الذي قد يكون له تأثير مؤسف للغاية على العالم، إذ سيكون بمثابة القشة الأخيرة التي ستقصم ظهر البعير فيما يتعلق بالسلام العالمي.,وفي الختام، وفي سياق السلام العالمي والشرق الأوسط، أود أن أؤكد على أنه في حين أننا نتفهم كافة أنواع الاحتياجات التي تنشأ فيما يتصل بالأمن، فمن الأفضل لهذه المنطقة والعالم أجمع أن يتم وقف الوضع في إيران من التحول نحو الصراع، لأن هذا النوع من الصراع قد يكون له تأثير مؤسف للغاية على العالم وقد يكون القشة الأخيرة التي تكسر ظهر البعير فيما يتصل بالسلام العالمي.,1.0,0.7335164835164836,0.9612573385238647,0.7336956521739131,5,5,4,2,1,1,success
2012/s/pv_6734/34:1,en_ar_DEEP,TIER1_CLEAN_A,Total Omission,حالة,[OMITTED],prefix_ال,الحالة في الشرق الأوسط,الوضع في الشرق الأوسط,1.0,0.8571428571428572,0.976276159286499,0.8181818181818181,5,5,5,1,1,1,success
2012/s/pv_6735/158:1,en_ar_DEEP,TIER1_CLEAN_A,Total Omission,حالة,[OMITTED],prefix_ال,المسألة الأولى هي الحالة المتعلقة بالمخدرات في أفغانستان، التي تشكل تحديا خطيرا ومتزايدا ليس على أفغانستان فحسب بل على سائر بلدان العالم أيضا.,الأول هو وضع المخدرات في أفغانستان، والذي يشكل تحدياً خطيراً ومتزايداً ليس لأفغانستان فحسب، بل أيضاً لبقية العالم.,1.0,0.6521739130434783,0.952848255634308,0.6338028169014085,5,5,4,2,1,1,success
2012/s/res/2082__2012_/80:1,en_ar_DEEP,TIER1_CLEAN_A,Total Omission,تابع,[OMITTED],prefix_ال,35 - يقرر، بهدف مساعدة اللجنة في الوفاء بولايتها، أن يقوم فريق الرصد التابع للجنة المنشأة عملا بالقرار 1267، المنشأ عملا بالفقرة 7 من القرار 1526 (2004)، بتقديم الدعم أيضا لهذه اللجنة لفترة 36 شهرا، وترد ولاية الفريق في المرفق ألف بهذا القرار، ويطلب إلى الأمين العام بذل جميع الترتيبات اللازمة لتحقيق ذلك؛,35 - يقرر، من أجل مساعدة اللجنة في الاضطلاع بولايتها، أن يقوم فريق الرصد المنشأة بموجب القرار 1267، المنشأ عملا بالفقرة 7 من القرار 1526 (2004)، بدعم اللجنة أيضا لمدة ثلاثين شهرا، وفقا للولاية المنصوص عليها. في مرفق هذا القرار، ويطلب إلى الأمين العام أن يتخذ أي ترتيبات ضرورية لهذا الغرض؛,1.0,0.6843853820598007,0.9467567801475524,0.6754098360655738,5,5,4,3,1,1,success
2013/s/2013/10/add_27/81:1,en_ar_DEEP,TIER1_CLEAN_A,Total Omission,حالة,[OMITTED],prefix_ال,73 - الحالة في جورجيا (8 تشرين الأول/أكتوبر 1992؛ 15 حزيران/ يونيه 2009).,73. الوضع في جورجيا (8 تشرين الأول/أكتوبر 1992؛ 15 حزيران/يونيه 2009).,1.0,0.9142857142857144,0.9804813861846924,0.904109589041096,5,5,5,1,1,1,success
2013/s/2013/10/add_40/7:1,en_ar_DEEP,TIER1_CLEAN_A,Total Omission,حالة,[OMITTED],prefix_ال,3 - الحالة في قبرص (27 كانون الأول/ديسمبر 1963؛ 30 تموز/يوليه 2013).,3. الوضع في قبرص (27 كانون الأول/ديسمبر 1963؛ 30 تموز/يوليه 2013).,1.0,0.9242424242424242,0.9783594608306884,0.9117647058823528,5,5,5,1,1,1,success
2013/s/2013/10/add_49/7:1,en_ar_DEEP,TIER1_CLEAN_A,Total Omission,حالة,[OMITTED],prefix_ال,3 - الحالة في قبرص (27 كانون الأول/ديسمبر 1963؛ 30 تموز/ يوليه 2013).,3. الوضع في قبرص (27 كانون الأول/ديسمبر 1963؛ 30 تموز/يوليه 2013).,1.0,0.9090909090909092,0.9783594608306884,0.8985507246376812,5,5,5,1,1,1,success
2013/s/2013/10/add_5/11:1,en_ar_DEEP,TIER1_CLEAN_A,Total Omission,حالة,[OMITTED],prefix_ال,7 - الحالة في ليبريا (22 كانون الثاني/يناير 1991؛ 12 كانون الأول/ديسمبر 2012).,7. الوضع في ليبيريا (22 كانون الثاني/يناير 1991؛ 12 كانون الأول/ديسمبر 2012).,1.0,0.922077922077922,0.9715366363525392,0.9102564102564102,5,5,5,1,1,1,success
2013/s/2013/159/17:5,en_ar_DEEP,TIER1_CLEAN_A,Total Omission,خاص,[OMITTED],both_ال_ة,كما أطلع المدعي العام سيرج براميرتس الفريق العامل على آخر المستجدات الحاصلة في المحاكمات الثلاث الرئيسية (كرادزيتش وملاديتش وهادزيتش) والتوقعات الخاصة بجداولها زمنية.,وقد أطلع المدعي العام سيرج براميرتز فريق العمل على آخر المستجدات بشأن المحاكمات الثلاث الكبرى (كاراديتش، وملاديتش، وهادزيتش) والتوقعات بشأن الجداول الزمنية.,1.0,0.7852760736196319,0.9627806544303894,0.7771084337349398,5,5,5,2,1,1,success
2013/s/2013/307/39:2,en_ar_DEEP,TIER1_CLEAN_A,Total Omission,أخرى,[OMITTED],exact,بالإضافة إلى ذلك، كانت إيران تلقم على نحو متقطع سادس فلوريد اليورانيوم الطبيعي في الطاردات المركزية طراز IR-6s على أساس فردي وداخل الطرادات من طراز IR-1، وطراز IR-2m، وطراز IR-4، وطراز IR-6، أحياناً على أساس فردي وأحياناً أخرى داخل سلاسل تعاقبية من أحجام مختلفة().,وبالإضافة إلى ذلك، تقوم إيران بشكل متقطع بتلقيم سادس فلوريد اليورانيوم الطبيعي في الطاردات المركزية من طراز IR-6s كآلات منفردة وفي الطاردات المركزية من طراز IR-1 وIR-2m وIR-4 وIR-6، وأحياناً في آلات فردية وأحياناً في سلاسل تعاقبية ذات أحجام مختلفة.,1.0,0.676923076923077,0.9494978189468384,0.6666666666666667,5,5,4,2,1,1,success
2013/s/2013/432/2:1,en_ar_DEEP,TIER1_CLEAN_A,Tanween Omission,عملاً,عملا,exact,عملاً بالمادة 15 من النظام الداخلي المؤقت لمجلس الأمن، يود الأمين العام الإبلاغ بأنه تلقى رسالة مؤرخة 15 تموز/يوليه 2013 من الممثل الدائم للمملكة المتحدة لبريطانيا العظمى وأيرلندا الشمالية لدى الأمم المتحدة، تفيد بتعيين السيد كريستوفر هانتر ممثلاً مناوباً للمملكة المتحدة في مجلس الأمن.,عملا بالمادة 15 من النظام الداخلي المؤقت لمجلس الأمن، يود الأمين العام الإبلاغ بأنه تلقى رسالة مؤرخة 15 تموز/يوليه 2013 من الممثل الدائم للمملكة المتحدة لبريطانيا العظمى وأيرلندا الشمالية لدى الأمم المتحدة تفيد بتعيين السيد كريستوفر هنتر ممثلاً مناوباً للمملكة المتحدة في مجلس الأمن.,1.0,0.99288256227758,0.9945656061172484,0.9895104895104896,5,5,5,1,1,1,success
2013/s/2013/447/22:4,en_ar_DEEP,TIER1_CLEAN_A,Register Mismatch,ترمي إلى,تهدف إلى,exact_seq,وينبغي أن تمتنع الدول عن إعاقة الجهات الفاعلة في المجال الإنساني في جهودها الرامية إلى إشراك الجماعات المسلحة من غير الدول في الأغراض الإنسانية، بما في ذلك الاضطلاع بأنشطة ترمي إلى تعزيز احترام القانون الإنساني الدولي.,وينبغي للدول أن تمتنع عن تثبيط الجهات الفاعلة الإنسانية في جهودها الرامية إلى إشراك الجماعات المسلحة من غير الدول لأغراض إنسانية، بما في ذلك القيام بأنشطة تهدف إلى تعزيز احترام القانون الإنساني الدولي.,1.0,0.8142857142857143,0.9873034358024596,0.8073394495412844,5,5,5,2,1,1,success
2013/s/2013/769/332:1,en_ar_DEEP,TIER1_CLEAN_A,Total Omission,تابع,[OMITTED],prefix_ال,الفريق المعني بأخلاقيات البيولوجيا المتعلقة بالاستخدام المزدوج، التابع لمؤسسة ولكوم الاستئمانية بجامعة برادفورد بالمملكة المتحدة، بالاشتراك مع الأكاديمية الوطنية للعلوم في الولايات المتحدة 2-4 أيلول/سبتمبر,مجموعة ويلكوم ترست للأخلاقيات البيولوجية ذات الاستخدام المزدوج في جامعة برادفورد، المملكة المتحدة، مع الأكاديمية الوطنية للعلوم في الولايات المتحدة، 2-4 أيلول/سبتمبر,1.0,0.6666666666666667,0.9308353662490844,0.6536585365853659,5,5,4,3,1,1,success
2013/s/2013/792/37:1,en_ar_DEEP,TIER1_CLEAN_A,Total Omission,بموجب,[OMITTED],exact,21 - قام رئيس اللجنة، بالتعاون مع رئيس لجنة مجلس الأمن المنشأة عملا بالقرار 1373 (2001) بشأن مكافحة الإرهاب، ولجنة مجلس الأمن المنشأة بموجب القرار 1540 (2004)، بتقديم إحاطتين مشتركتين إلى المجلس في عام 2013.,21 - قدم الرئيس، إلى جانب رئيسي لجنة مجلس الأمن المنشأة عملا بالقرار 1373 (2001) بشأن مكافحة الإرهاب ولجنة مجلس الأمن المنشأة عملا بالقرار 1540 (2004)، إحاطتين مشتركتين إلى المجلس في عام 2013.,1.0,0.8366336633663366,0.9589675664901732,0.8405797101449275,5,5,4,2,1,1,success
2013/s/ac_44/2013/26/367:1,en_ar_DEEP,TIER1_CLEAN_A,Total Omission,بموجب,[OMITTED],suffix_ه,:: يُراقب بموجبه استيراد وتخزين نباتات وآفات نباتية معينة يمكن أن تكون حاملة لمسببات الأمراض ولكائنات حية أخرى قد تؤثر على صحة النبات.,:: التحكم في استيراد وتخزين بعض النباتات والآفات النباتية التي يمكن أن تشمل مسببات الأمراض والكائنات الحية الأخرى التي يمكن أن تؤثر على صحة النبات.,1.0,0.6734693877551021,0.9332306385040284,0.653061224489796,5,5,4,2,1,1,success
2013/s/agenda/6949/4:1,en_ar_DEEP,TIER1_CLEAN_A,Total Omission,حالة,[OMITTED],prefix_ال,2 - الحالة في الشرق الأوسط.,2. الوضع في الشرق الأوسط.,1.0,0.8,0.974561095237732,0.7777777777777778,5,5,5,1,1,1,success
2013/s/agenda/6963/4:1,en_ar_DEEP,TIER1_CLEAN_A,Total Omission,حالة,[OMITTED],prefix_ال,2 - الحالة في غينيا - بيساو,2. الوضع في غينيا بيساو,1.0,0.6956521739130435,0.9447632431983948,0.7037037037037037,5,5,5,1,1,1,success
2013/s/agenda/6991/4:1,en_ar_DEEP,TIER1_CLEAN_A,Total Omission,حالة,[OMITTED],prefix_ال,2 - الحالة في الشرق الأوسط,2. الوضع في الشرق الأوسط,1.0,0.7916666666666666,0.9726656675338744,0.7692307692307692,5,5,5,1,1,1,success
2013/s/agenda/7037/4:1,en_ar_DEEP,TIER1_CLEAN_A,Total Omission,حالة,[OMITTED],prefix_ال,2 - الحالة في الشرق الأوسط.,2. الوضع في الشرق الأوسط.,1.0,0.8,0.974561095237732,0.7777777777777778,5,5,5,1,1,1,success
2013/s/prst/2013/1/30:1,en_ar_DEEP,TIER1_CLEAN_A,Total Omission,تابع,[OMITTED],both_ال_ة,"""ويكرر مجلس الأمن تأكيد ضرورة زيادة التعاون الجاري فيما بين اللجان المسندة لها ولايات مكافحة الإرهاب المنشأة عملا بالقرارات 1267 (1999) و 1989 (2011) و 1988 (2011) و 1373 (2001) و 1540 (2004) وأفرقة الخبراء التابعة لكل منها.","""ويكرر مجلس الأمن تأكيد ضرورة زيادة التعاون المستمر بين اللجان المكلفة بولايات مكافحة الإرهاب المنشأة عملا بالقرارات 1267 (1999) و 1989 (2011) و 1988 (2011) و 1373 (2001) و 1540 (2004) ومجموعاتها من الخبراء.",1.0,0.8363636363636364,0.9749902486801147,0.8214285714285714,5,5,4,2,1,1,success
2013/s/prst/2013/10/3:1,en_ar_DEEPL,TIER1_CLEAN_A,Total Omission,حالة,[OMITTED],prefix_ال,"""يؤكد مجلس الأمن من جديد قلقه إزاء الحالة المثيرة للجزع في منطقة الساحل والتزامه بالتصدي للتحديات الأمنية والسياسية المعقدة القائمة في هذه المنطقة والمترابطة مع المسائل الإنسانية والإنمائية، فضلا عن الآثار الضارة للتغيرات المناخية والبيئية.","""يؤكد مجلس الأمن من جديد قلقه إزاء الوضع المقلق في منطقة الساحل والتزامه بالتصدي للتحديات الأمنية والسياسية المعقدة في هذه المنطقة والمترابطة مع القضايا الإنسانية والتنموية وكذلك الآثار السلبية للتغيرات المناخية والبيئية.",1.0,0.8347457627118644,0.9896785020828248,0.8333333333333334,5,5,5,2,1,1,success
2013/s/prst/2013/11/11:2,en_ar_DEEP,TIER1_CLEAN_A,Terminology Substitution,المعنية,ذات الصلة,exact,ويلاحظ مجلس الأمن مع التقدير الخطوات الأولية العاجلة التي اتخذتها حكومة رواندا لمعالجة هذه الحالة ويشجع حكومة رواندا على أن تواصل تعاونها مع الأمم المتحدة والمنظمات الدولية المعنية لكفالة تسريح هؤلاء المقاتلين بشكل دائم والتعامل معهم وفقا للقانون الدولي ذي الصلة، مع إيلاء عناية خاصة للأطفال والنساء من بينهم.,ويلاحظ مجلس الأمن مع التقدير الخطوات الأولية التي اتخذتها حكومة رواندا بسرعة لمعالجة هذه الحالة، ويشجع حكومة رواندا على مواصلة التعاون مع الأمم المتحدة والمنظمات الدولية ذات الصلة لضمان تسريح هؤلاء المقاتلين بشكل دائم والتعامل معهم. وفقاً للقانون الدولي ذي الصلة، مع إيلاء اهتمام خاص للأطفال والنساء بينهم.,1.0,0.8675496688741722,0.9897897243499756,0.8478964401294499,5,5,4,2,1,1,success
2013/s/prst/2013/11/4:1,en_ar_DEEP,TIER1_CLEAN_A,Total Omission,تابع,[OMITTED],both_ال_ة,"""ويرحب مجلس الأمن في هذا الصدد بالإجراءات التي اتخذتها حتى الآن الأطراف الموقعة لإطار السلام والأمن والتعاون والجهات الضامنة له، بما في ذلك عقد اجتماع الـ ""11+4"" الأول لآلية الرقابة الإقليمية التابعة لإطار السلام والأمن والتعاون في أديس أبابا في 26 أيار/مايو 2013 والاجتماعين الأولين للجنة الدعم التقني في نيروبي في 24 حزيران/يونيه و 22 تموز/يوليه 2013، وهي اجتماعات كانت تهدف إلى إحراز تقدم في وضع نقاط مرجعية لتقييم تنفيذ إطار السلام والأمن والتعاون من جانب جميع الأطراف الموقعة.","""ويرحب مجلس الأمن في هذا الصدد بالإجراءات التي اتخذتها حتى الآن الأطراف الموقعة على إطار السلام والأمن والتعاون والضامنة له، بما في ذلك عقد الاجتماع الأول ""11+4"" لآلية الإشراف الإقليمية لإطار السلام والأمن والتعاون في أديس أبابا في 26 أيار/مايو 2013 والاجتماعان الأولان للجنة الدعم الفني في نيروبي في 24 يونيو و22 يوليو 2013، واللذان كانا يهدفان إلى إحراز تقدم في وضع معايير لتقييم تنفيذ إطار السلام والأمن والتعاون من قبل جميع الموقعين.",1.0,0.8218029350104822,0.983393371105194,0.814968814968815,5,5,4,3,1,1,success
2013/s/prst/2013/11/4:3,en_ar_DEEP,TIER1_CLEAN_A,Total Omission,الأخرى,[OMITTED],exact,ويشجع مجلس الأمن الدولي الأمم المتحدة والاتحاد الأفريقي والمؤتمر الدولي المعني بمنطقة البحيرات الكبرى والجماعة الإنمائية للجنوب الأفريقي والمنظمات الدولية والإقليمية المعنية الأخرى على أن تواصل العمل معا، في ظل التزام ودعم متواصلين من المجتمع الدولي، من أجل تنفيذ إطار السلام والأمن والتعاون.,ويشجع مجلس الأمن الأمم المتحدة والاتحاد الأفريقي والمؤتمر الدولي لمنطقة البحيرات الكبرى والجماعة الإنمائية للجنوب الأفريقي وغيرها من المنظمات الدولية والإقليمية ذات الصلة على مواصلة العمل معا، بمشاركة ودعم مستمرين من المجتمع الدولي، من أجل تنفيذ إطار السلام والأمن والتعاون.,1.0,0.8181818181818181,0.9910024404525756,0.8116438356164384,1,5,4,2,1,1,success
2013/s/prst/2013/11/4:3,en_ar_DEEP,TIER1_CLEAN_A,Total Omission,الأخرى,[OMITTED],exact,ويشجع مجلس الأمن الدولي الأمم المتحدة والاتحاد الأفريقي والمؤتمر الدولي المعني بمنطقة البحيرات الكبرى والجماعة الإنمائية للجنوب الأفريقي والمنظمات الدولية والإقليمية المعنية الأخرى على أن تواصل العمل معا، في ظل التزام ودعم متواصلين من المجتمع الدولي، من أجل تنفيذ إطار السلام والأمن والتعاون.,ويشجع مجلس الأمن الأمم المتحدة والاتحاد الأفريقي والمؤتمر الدولي لمنطقة البحيرات الكبرى والجماعة الإنمائية للجنوب الأفريقي وغيرها من المنظمات الدولية والإقليمية ذات الصلة على مواصلة العمل معا، بمشاركة ودعم مستمرين من المجتمع الدولي، من أجل تنفيذ إطار السلام والأمن والتعاون.,1.0,0.8181818181818181,0.9910024404525756,0.8116438356164384,1,5,4,2,1,1,success
2013/s/prst/2013/11/4:3,en_ar_DEEP,TIER1_CLEAN_A,Total Omission,الأخرى,[OMITTED],exact,ويشجع مجلس الأمن الدولي الأمم المتحدة والاتحاد الأفريقي والمؤتمر الدولي المعني بمنطقة البحيرات الكبرى والجماعة الإنمائية للجنوب الأفريقي والمنظمات الدولية والإقليمية المعنية الأخرى على أن تواصل العمل معا، في ظل التزام ودعم متواصلين من المجتمع الدولي، من أجل تنفيذ إطار السلام والأمن والتعاون.,ويشجع مجلس الأمن الأمم المتحدة والاتحاد الأفريقي والمؤتمر الدولي لمنطقة البحيرات الكبرى والجماعة الإنمائية للجنوب الأفريقي وغيرها من المنظمات الدولية والإقليمية ذات الصلة على مواصلة العمل معا، بمشاركة ودعم مستمرين من المجتمع الدولي، من أجل تنفيذ إطار السلام والأمن والتعاون.,1.0,0.8181818181818181,0.9910024404525756,0.8116438356164384,1,5,4,2,1,1,success
2013/s/prst/2013/11/4:3,en_ar_DEEP,TIER1_CLEAN_A,Total Omission,الأخرى,[OMITTED],exact,ويشجع مجلس الأمن الدولي الأمم المتحدة والاتحاد الأفريقي والمؤتمر الدولي المعني بمنطقة البحيرات الكبرى والجماعة الإنمائية للجنوب الأفريقي والمنظمات الدولية والإقليمية المعنية الأخرى على أن تواصل العمل معا، في ظل التزام ودعم متواصلين من المجتمع الدولي، من أجل تنفيذ إطار السلام والأمن والتعاون.,ويشجع مجلس الأمن الأمم المتحدة والاتحاد الأفريقي والمؤتمر الدولي لمنطقة البحيرات الكبرى والجماعة الإنمائية للجنوب الأفريقي وغيرها من المنظمات الدولية والإقليمية ذات الصلة على مواصلة العمل معا، بمشاركة ودعم مستمرين من المجتمع الدولي، من أجل تنفيذ إطار السلام والأمن والتعاون.,1.0,0.8181818181818181,0.9910024404525756,0.8116438356164384,1,5,4,2,1,1,success
2013/s/prst/2013/12/21:1,en_ar_DEEP,TIER1_CLEAN_A,Definiteness Shift,سلام,السلام,prefix_ال,"""ويعيد مجلس الأمن تأكيد الدور الحيوي للمرأة في منع نشوب النـزاعات وتسويتها، وفي مفاوضات السلام وبناء السلام وحفظ السلام والاستجابة الإنسانية والتعمير بعــد انتهاء النــزاع، ويعيد كذلك تأكيد أهمية منع العنف الجنسي والحماية منه في النـزاعات المسلحة وحالات ما بعد النـزاع، ويؤكد ضــرورة أن تعمل الأمم المتحدة والمنظمات الإقليمية ودون الإقليمية على كفالــة إشــــراك المرأة على نحـــو كامل وإدماج المنظورات الجنسانيـــة بشكل تام في جميع الجهود التي تبذلها الأمم المتحدة والمنظمات الإقليمية ودون الإقليمية من أجل إحلال السلام والأمن، بسبل منها بناء القدرات اللازمة.","""ويؤكد مجلس الأمن من جديد الدور الحيوي الذي تؤديه المرأة في منع نشوب الصراعات وحلها، وفي مفاوضات السلام، وبناء السلام، وحفظ السلام، والاستجابة الإنسانية، وإعادة الإعمار بعد انتهاء الصراع، ويؤكد من جديد كذلك أهمية منع العنف الجنسي والحماية منه في الصراعات المسلحة و في حالات ما بعد الصراع، ويشدد على ضرورة أن تعمل الأمم المتحدة والمنظمات الإقليمية ودون الإقليمية على ضمان إدماج المرأة والمنظورات الجنسانية إدماجا كاملا في جميع جهود السلام والأمن التي تبذلها الأمم المتحدة والمنظمات الإقليمية ودون الإقليمية، بما في ذلك عن طريق بناء القدرة اللازمة.",1.0,0.6942446043165468,0.968777060508728,0.6982142857142857,5,5,4,2,1,1,success
2013/s/prst/2013/13/20:1,en_ar_DEEP,TIER1_CLEAN_A,Terminology Substitution,المعنية,ذات الصلة,exact,"""ويطلب مجلس الأمن إلى الأمين العام دعم الجهود الرامية إلى تعبئة الموارد اللازمة من أجل تنفيذ نتائج مؤتمر قمة ياوندي، وإلى تعزيز القدرات الوطنية والإقليمية، بالتشاور الوثيق مع دول خليج غينيا والمنظمات الإقليمية المعنية وغير ذلك من كيانات الأمم المتحدة.","""ويطلب مجلس الأمن إلى الأمين العام أن يدعم الجهود الرامية إلى تعبئة الموارد اللازمة لتنفيذ نتائج مؤتمر قمة ياوندي، وتعزيز القدرات الوطنية والإقليمية، بالتشاور الوثيق مع دول خليج غينيا والمنظمات الإقليمية ذات الصلة والجهات الأخرى كيانات الأمم المتحدة.",1.0,0.8975409836065573,0.9939719438552856,0.8725099601593626,5,5,4,2,1,1,success
2013/s/prst/2013/18/8:1,en_ar_DEEP,TIER1_CLEAN_A,Total Omission,حالة,[OMITTED],exact,"""ويعرب مجلس الأمن عن قلقه البالغ لأن استمرار حالة عدم الاستقرار وتفاقم حالة الفراغ الأمني في جمهورية أفريقيا الوسطى ما زالا يؤثران سلبا على العمليات المنفذة ضد جيش الرب للمقاومة ويسهمان في تعزيز مركز ذلك الجيش في البلد.","""ويعرب مجلس الأمن عن بالغ قلقه من أن استمرار عدم الاستقرار وزيادة الفراغ الأمني ​​في جمهورية أفريقيا الوسطى لا يزال يؤثر سلبا على عمليات مكافحة جيش الرب للمقاومة ويسهم في تعزيز جيش الرب للمقاومة في البلد.",1.0,0.7534883720930232,0.9585663080215454,0.7397260273972603,5,5,4,2,1,1,success
2013/s/prst/2013/19/15:2,en_ar_DEEPL,TIER1_CLEAN_A,Total Omission,بعثة,[OMITTED],prefix_ل,ويهيب مجلس الأمن بالجماعة الاقتصادية لدول غرب أفريقيا ودولها الأعضاء وكذلك شركائها في المجتمع الدولي تقديم المزيد من الدعم لبعثة الجماعة الاقتصادية لدول غرب أفريقيا في غينيا - بيساو في هذا الصدد، ومواصلة تنسيق المزيد من الجهود الدولية الرامية إلى دعم السلام والاستقرار وسيادة القانون ومكافحة الإفلات من العقاب في غينيا - بيساو.,ويدعو مجلس الأمن الجماعة الاقتصادية لدول غرب أفريقيا والدول الأعضاء فيها وكذلك شركاءها الدوليين إلى تقديم المزيد من الدعم للجماعة الاقتصادية لدول غرب أفريقيا في هذا الصدد ومواصلة تنسيق المزيد من الجهود الدولية لدعم السلام والاستقرار وسيادة القانون ومكافحة الإفلات من العقاب في غينيا - بيساو.,1.0,0.8173374613003096,0.9788941144943236,0.8073394495412844,5,5,4,2,1,1,success
2013/s/prst/2013/19/15:2,en_ar_DEEPL,TIER1_CLEAN_A,Total Omission,بعثة,[OMITTED],prefix_ل,ويهيب مجلس الأمن بالجماعة الاقتصادية لدول غرب أفريقيا ودولها الأعضاء وكذلك شركائها في المجتمع الدولي تقديم المزيد من الدعم لبعثة الجماعة الاقتصادية لدول غرب أفريقيا في غينيا - بيساو في هذا الصدد، ومواصلة تنسيق المزيد من الجهود الدولية الرامية إلى دعم السلام والاستقرار وسيادة القانون ومكافحة الإفلات من العقاب في غينيا - بيساو.,ويدعو مجلس الأمن الجماعة الاقتصادية لدول غرب أفريقيا والدول الأعضاء فيها وكذلك شركاءها الدوليين إلى تقديم المزيد من الدعم للجماعة الاقتصادية لدول غرب أفريقيا في هذا الصدد ومواصلة تنسيق المزيد من الجهود الدولية لدعم السلام والاستقرار وسيادة القانون ومكافحة الإفلات من العقاب في غينيا - بيساو.,1.0,0.8173374613003096,0.9788941144943236,0.8073394495412844,5,5,4,2,1,1,success
2013/s/prst/2013/19/20:1,en_ar_DEEPL,TIER1_CLEAN_A,Terminology Substitution,العابرة,عبر الوطنية,exact,"""ويرحب مجلس الأمن بالأعمال التي يقوم بها مكتب الأمم المتحدة المتكامل لبناء السلام في غينيا - بيساو وإدارة الشؤون السياسية في الأمم المتحدة للمساهمة في مكافحة الاتجار بالمخدرات في غينيا - بيساو، ويشجع المكتب على الاستمرار في مساعدة السلطات الوطنية على مكافحة الاتجار بالمخدرات والجريمة المنظمة العابرة للحدود الوطنية في إطار من التعاون الوثيق مع مكتب الأمم المتحدة المعني بالمخدرات والجريمة ويكرر في هذا الصدد تأكيد دعوته إلى تقديم الدعم الدولي لهذه الأنشطة.","""ويرحب مجلس الأمن بالإجراءات التي اتخذها مكتب الأمم المتحدة المتكامل لبناء السلام في غينيا - بيساو وإدارة الشؤون السياسية التابعة للأمم المتحدة للمساهمة في مكافحة الاتجار بالمخدرات في غينيا - بيساو، ويشجع مكتب الأمم المتحدة المتكامل على مواصلة مساعدة السلطات الوطنية على مكافحة الاتجار بالمخدرات والجريمة المنظمة عبر الوطنية بالتعاون الوثيق مع مكتب الأمم المتحدة المعني بالمخدرات والجريمة، ويكرر في هذا الصدد دعوته إلى تقديم الدعم الدولي لهذه الأنشطة.",1.0,0.8222222222222222,0.975748896598816,0.8336980306345734,5,5,4,2,1,1,success
2013/s/prst/2013/2/23:1,en_ar_DEEP,TIER1_CLEAN_A,Terminology Substitution,يهيب,يدعو,prefix_و,"""ويهيب المجلس كذلك بجميع الجهات الفاعلة اتخاذ التدابير الكافية واللازمة لضمان احترام مبادئ حماية اللاجئين والالتزامات الواقعة بموجب قانون اللاجئين، بما في ذلك الطابع المدني والإنساني لمخيمات اللاجئين.",وعلاوة على ذلك، يدعو مجلس الأمن جميع الجهات الفاعلة إلى اتخاذ التدابير الكافية والضرورية لضمان احترام مبادئ حماية اللاجئين والالتزامات بموجب قانون اللاجئين، بما في ذلك الطابع المدني والإنساني لمخيمات اللاجئين.,1.0,0.8195121951219513,0.946109652519226,0.8038277511961722,5,5,5,2,1,1,success
2013/s/prst/2013/21/7:2,en_ar_DEEP,TIER1_CLEAN_A,Total Omission,تابع,[OMITTED],both_ال_ة,وإذ يحيط المجلس علماً بانسحاب بعض الجماعات المسلحة من طرابلس بوصفه تطورا إيجابيا، فإنه يدعو إلى إحراز تقدم عاجل صوب تبني نهج وطني شامل لنزع السلاح والتسريح وإعادة الإدماج في الحياة المدنية أو الإدماج في المؤسسات العسكرية والأمنية التابعة للدولة.,وبينما يحيط المجلس علما بانسحاب بعض الجماعات المسلحة من طرابلس باعتباره تطورا إيجابيا، فإنه يدعو إلى إحراز تقدم عاجل نحو اتباع نهج وطني شامل لنزع السلاح والتسريح وإعادة الإدماج في الحياة المدنية أو الاندماج في المؤسسات العسكرية والأمنية للدولة.,1.0,0.9016393442622952,0.9903526902198792,0.8857142857142857,5,5,5,2,1,1,success
2013/s/prst/2013/22/12:3,en_ar_DEEP,TIER1_CLEAN_A,Total Omission,الأخرى,[OMITTED],exact,ويؤكد المجلس على ضرورة تعزيز التعاون عبر الحدود الوطنية بين وكالات إنفاذ القانون، بسبل منها إدراج الأمن البحري في إصلاحات القطاع الأمني واعتماد الاتفاقات الثنائية والإقليمية لتسهيل الإجراءات، وفقا للقانون الدولي، لمكافحة الاتجار بالمخدرات عن طريق البحر، ولملاحقة المشتبه في ضلوعهم في ذلك الاتجار، عقب عمليات الاعتراض البحري في أعالي البحار. ويدعو إلى مواصلة الدعم المقدم من مكتب الأمم المتحدة المعني بالمخدرات والجريمة والمنظمات الدولية والإقليمية الأخرى المعنية بهذه المسألة.,ويشدد المجلس على ضرورة تعزيز التعاون عبر الوطني بين وكالات إنفاذ القانون، بما في ذلك من خلال إدراج الأمن البحري في إصلاحات قطاع الأمن ومن خلال اعتماد اتفاقات ثنائية وإقليمية لتيسير التدابير، وفقا للقانون الدولي، لمكافحة الاتجار بالمخدرات عن طريق البحر. ولمحاكمة المشتبه فيهم المتورطين في هذا الاتجار، بعد عمليات الاعتراض البحري في أعالي البحار. ويدعو إلى مواصلة الدعم من مكتب الأمم المتحدة المعني بالمخدرات والجريمة وغيره من المنظمات الدولية والإقليمية ذات الصلة.,1.0,0.7936170212765957,0.9780691862106324,0.7836134453781513,5,5,4,2,1,1,success
2013/s/prst/2013/22/12:3,en_ar_DEEP,TIER1_CLEAN_A,Total Omission,الأخرى,[OMITTED],exact,ويؤكد المجلس على ضرورة تعزيز التعاون عبر الحدود الوطنية بين وكالات إنفاذ القانون، بسبل منها إدراج الأمن البحري في إصلاحات القطاع الأمني واعتماد الاتفاقات الثنائية والإقليمية لتسهيل الإجراءات، وفقا للقانون الدولي، لمكافحة الاتجار بالمخدرات عن طريق البحر، ولملاحقة المشتبه في ضلوعهم في ذلك الاتجار، عقب عمليات الاعتراض البحري في أعالي البحار. ويدعو إلى مواصلة الدعم المقدم من مكتب الأمم المتحدة المعني بالمخدرات والجريمة والمنظمات الدولية والإقليمية الأخرى المعنية بهذه المسألة.,ويشدد المجلس على ضرورة تعزيز التعاون عبر الوطني بين وكالات إنفاذ القانون، بما في ذلك من خلال إدراج الأمن البحري في إصلاحات قطاع الأمن ومن خلال اعتماد اتفاقات ثنائية وإقليمية لتيسير التدابير، وفقا للقانون الدولي، لمكافحة الاتجار بالمخدرات عن طريق البحر. ولمحاكمة المشتبه فيهم المتورطين في هذا الاتجار، بعد عمليات الاعتراض البحري في أعالي البحار. ويدعو إلى مواصلة الدعم من مكتب الأمم المتحدة المعني بالمخدرات والجريمة وغيره من المنظمات الدولية والإقليمية ذات الصلة.,1.0,0.7936170212765957,0.9780691862106324,0.7836134453781513,5,5,4,2,1,1,success
2013/s/prst/2013/22/12:3,en_ar_DEEP,TIER1_CLEAN_A,Total Omission,الأخرى,[OMITTED],exact,ويؤكد المجلس على ضرورة تعزيز التعاون عبر الحدود الوطنية بين وكالات إنفاذ القانون، بسبل منها إدراج الأمن البحري في إصلاحات القطاع الأمني واعتماد الاتفاقات الثنائية والإقليمية لتسهيل الإجراءات، وفقا للقانون الدولي، لمكافحة الاتجار بالمخدرات عن طريق البحر، ولملاحقة المشتبه في ضلوعهم في ذلك الاتجار، عقب عمليات الاعتراض البحري في أعالي البحار. ويدعو إلى مواصلة الدعم المقدم من مكتب الأمم المتحدة المعني بالمخدرات والجريمة والمنظمات الدولية والإقليمية الأخرى المعنية بهذه المسألة.,ويشدد المجلس على ضرورة تعزيز التعاون عبر الوطني بين وكالات إنفاذ القانون، بما في ذلك من خلال إدراج الأمن البحري في إصلاحات قطاع الأمن ومن خلال اعتماد اتفاقات ثنائية وإقليمية لتيسير التدابير، وفقا للقانون الدولي، لمكافحة الاتجار بالمخدرات عن طريق البحر. ولمحاكمة المشتبه فيهم المتورطين في هذا الاتجار، بعد عمليات الاعتراض البحري في أعالي البحار. ويدعو إلى مواصلة الدعم من مكتب الأمم المتحدة المعني بالمخدرات والجريمة وغيره من المنظمات الدولية والإقليمية ذات الصلة.,1.0,0.7936170212765957,0.9780691862106324,0.7836134453781513,5,5,4,2,1,1,success
2013/s/prst/2013/22/18:2,en_ar_GOOGLE,TIER1_CLEAN_A,Terminology Substitution,يهيب,يدعو,prefix_و,ويهيب المجلس بالدول الأعضاء أن تكثف تعاونها الدولي والإقليمي، على أساس مبدأ المسؤولية العامة والمشتركة، وكذلك تعاونها مع مكتب الأمم المتحدة المعني بالمخدرات والجريمة والهيئة الدولية لمراقبة المخدرات، من أجل مكافحة الإنتاج غير المشروع والطلب على المخدرات والاتجار بها، وتحديد الاتجاهات الناشئة في مجال الاتجار بالمخدرات.,ويدعو المجلس الدول الأعضاء إلى زيادة التعاون الدولي والإقليمي، على أساس المسؤولية العامة والمشتركة، وكذلك تعاونها مع مكتب الأمم المتحدة المعني بالمخدرات والجريمة والهيئة الدولية لمراقبة المخدرات، من أجل مكافحة المخدرات. إنتاج المخدرات والطلب عليها والاتجار بها بصورة غير مشروعة، وتحديد الاتجاهات الناشئة في الاتجار بالمخدرات.,1.0,0.8006230529595015,0.9720355272293092,0.7938461538461539,5,5,4,3,1,1,success
2013/s/res/2112__2013_/29:1,en_ar_DEEP,TIER1_CLEAN_A,Total Omission,بعثة,[OMITTED],exact,6 - يقرر أن تشمل ولاية بعثة الأمم المتحدة في كوت ديفوار ما يلي:,6 - يقرر أن تكون ولاية عملية الأمم المتحدة في كوت ديفوار على النحو التالي:,1.0,0.7297297297297297,0.9080982208251952,0.7432432432432432,5,5,5,2,1,1,success
2013/s/res/2129__2013_/49:1,en_ar_TRANSFORMERS,TIER1_CLEAN_A,Total Omission,الأخرى,[OMITTED],exact,14 - يلاحظ تطور الصلة بين الإرهاب وتكنولوجيات المعلومات والاتصالات، ولا سيما شبكة الإنترنت، واستخدام هذه التكنولوجيات في ارتكاب أعمال إرهابية وتسهيل ارتكابها من خلال استعمالها في التحريض على الأعمال الإرهابية أو التجنيد لها أو تمويلها أو تخطيطها، ويوجه المديرية التنفيذية إلى مواصلة التصدي لهذه المسألة بالتشاور مع الدول الأعضاء والمنظمات الدولية والإقليمية ودون الإقليمية والقطاع الخاص والمجتمع المدني وإلى إسداء المشورة للجنة عن النُهُج الأخرى الممكنة؛,14 - يلاحظ العلاقة المتنامية بين الإرهاب وتكنولوجيات المعلومات والاتصالات، ولا سيما الإنترنت، واستخدام هذه التكنولوجيات في ارتكاب أعمال إرهابية، وتيسير هذه الأعمال من خلال استخدامها للتحريض على الأعمال الإرهابية أو تجنيدها أو تمويلها أو التخطيط لها، ويوعز إلى المديرية التنفيذية أن تواصل معالجة هذه المسألة، بالتشاور مع الدول الأعضاء والمنظمات الدولية والإقليمية ودون الإقليمية والقطاع الخاص والمجتمع المدني، وأن تسدي المشورة إلى لجنة مكافحة الإرهاب بشأن اتباع مزيد من النهج؛,1.0,0.7810526315789473,0.9795836806297302,0.7810526315789473,5,5,4,2,1,1,success
2013/s/res/2129__2013_/49:1,en_ar_TRANSFORMERS,TIER1_CLEAN_A,Total Omission,الأخرى,[OMITTED],exact,14 - يلاحظ تطور الصلة بين الإرهاب وتكنولوجيات المعلومات والاتصالات، ولا سيما شبكة الإنترنت، واستخدام هذه التكنولوجيات في ارتكاب أعمال إرهابية وتسهيل ارتكابها من خلال استعمالها في التحريض على الأعمال الإرهابية أو التجنيد لها أو تمويلها أو تخطيطها، ويوجه المديرية التنفيذية إلى مواصلة التصدي لهذه المسألة بالتشاور مع الدول الأعضاء والمنظمات الدولية والإقليمية ودون الإقليمية والقطاع الخاص والمجتمع المدني وإلى إسداء المشورة للجنة عن النُهُج الأخرى الممكنة؛,14 - يلاحظ العلاقة المتنامية بين الإرهاب وتكنولوجيات المعلومات والاتصالات، ولا سيما الإنترنت، واستخدام هذه التكنولوجيات في ارتكاب أعمال إرهابية، وتيسير هذه الأعمال من خلال استخدامها للتحريض على الأعمال الإرهابية أو تجنيدها أو تمويلها أو التخطيط لها، ويوعز إلى المديرية التنفيذية أن تواصل معالجة هذه المسألة، بالتشاور مع الدول الأعضاء والمنظمات الدولية والإقليمية ودون الإقليمية والقطاع الخاص والمجتمع المدني، وأن تسدي المشورة إلى لجنة مكافحة الإرهاب بشأن اتباع مزيد من النهج؛,1.0,0.7810526315789473,0.9795836806297302,0.7810526315789473,5,5,4,2,1,1,success
2013/s/res/2129__2013_/5:1,en_ar_TRANSFORMERS,TIER1_CLEAN_A,Progressive to Perfective,التي ترتكب,المرتكبة,exact_seq,وإذ يلاحظ مع القلق أن الإرهاب لا يزال يشكلُ تهديدا خطيرا للسلام والأمن الدوليين والتمتعِ بحقوق الإنسان والتنميةِ الاجتماعية والاقتصادية لجميع الدول الأعضاء ويقوضُ الاستقرار والرخاء العالميين، وأن هذا التهديد قد أصبح أكثر انتشارا حيث ازدادت الأعمال الإرهابية في مختلف مناطق العالم، بما فيها الأعمال التي ترتكب بدافع من التعصب أو التطرف، وإذ يعرب عن تصميمه على التصدي لهذا التهديد وإذ يشدد على ضرورة كفالة أن تظل مكافحة الإرهاب أولوية من أولويات برنامج العمل الدولي،,وإذ تلاحظ مع القلق أن الإرهاب لا يزال يشكل تهديدا خطيرا للسلام والأمن الدوليين، وللتمتع بحقوق الإنسان، وللتنمية الاجتماعية والاقتصادية لجميع الدول الأعضاء، ويقوض الاستقرار والرخاء العالميين، وأن هذا الخطر قد أصبح أكثر انتشارا، مع تزايد الأعمال الإرهابية في مختلف مناطق العالم، بما فيها الأعمال الإرهابية المرتكبة بدافع من التعصب أو التطرف، وإذ تعرب عن تصميمها على مكافحة هذا الخطر، وإذ تؤكد ضرورة كفالة أن تظل مكافحة الإرهاب أولوية في جدول الأعمال الدولي،,1.0,0.8436123348017621,0.9898583889007568,0.8469827586206897,5,5,4,2,1,1,success
2014/s/2014/10/62:1,en_ar_DEEP,TIER1_CLEAN_A,Total Omission,حالة,[OMITTED],prefix_ال,58 - الحالة في شبه القارة الهندية الباكستانية (4 كانون الأول/ديسمبر 1971؛ 27 كانون الأول/ديسمبر 1971).,58. الوضع في شبه القارة الهندية/الباكستانية (4 كانون الأول/ديسمبر 1971؛ 27 كانون الأول/ديسمبر 1971).,1.0,0.94,0.9777743220329284,0.931372549019608,5,5,5,1,1,1,success
2014/s/2014/10/add_26/12:1,en_ar_DEEP,TIER1_CLEAN_A,Total Omission,حالة,[OMITTED],prefix_ال,الحالة في كوت ديفوار (20 كانون الأول/ديسمبر 2002؛ 25 حزيران/يونيه 2014),الوضع في كوت ديفوار (20 كانون الأول/ديسمبر 2002; 25 حزيران/يونيه 2014),1.0,0.9428571428571428,0.9779244065284728,0.9295774647887324,1,5,5,1,1,1,success
2014/s/2014/10/add_32/15:1,en_ar_DEEP,TIER1_CLEAN_A,Total Omission,حالة,[OMITTED],prefix_ال,الحالة في بوروندي (25 تشرين الأول/أكتوبر 1993؛ 6 آب/أغسطس ٢٠١٤),الوضع في بوروندي (25 تشرين الأول/أكتوبر 1993؛ 6 آب/أغسطس 2014),1.0,0.8870967741935484,0.9730145931243896,0.873015873015873,5,5,5,1,1,1,success
2014/s/2014/10/add_9/93:1,en_ar_DEEP,TIER1_CLEAN_A,Total Omission,حالة,[OMITTED],prefix_ال,الحالة في الشرق الأوسط (18 تموز/يوليه 1960؛ 26 شباط/فبراير 2014),الوضع في الشرق الأوسط (18 يوليو 1960؛ 26 فبراير 2014),1.0,0.7666666666666666,0.9770526885986328,0.765625,5,5,5,1,1,1,success
2014/s/2014/258/121:4,en_ar_DEEPL,TIER1_CLEAN_A,Total Omission,خاص,[OMITTED],exact,وأرجو من المجتمع الدولي، وبوجه خاص الدول المجاورة، وأعضاء فريق الأصدقاء، تقديم الدعم لهذا المسعى.,وأطلب من المجتمع الدولي، ولا سيما الدول المجاورة وأعضاء مجموعة الأصدقاء، تقديم الدعم لهذا المسعى.,1.0,0.8247422680412371,0.9667682647705078,0.8247422680412371,5,5,5,2,1,1,success
2014/s/2014/276/108:1,en_ar_DEEP,TIER1_CLEAN_A,Total Omission,حالة,[OMITTED],exact,50- وحتى عندما كانت حالة المجاعة الشاملة على أشدها، أعاقت الدولة إيصال المعونة الغذائية عبر فرض شروط لا تستند إلى اعتبارات إنسانية.,50- وحتى خلال أسوأ فترات المجاعة الجماعية، أعاقت الدولة إيصال المعونة الغذائية بفرض شروط لا تستند إلى اعتبارات إنسانية.,1.0,0.7637795275590551,0.945659875869751,0.7709923664122138,5,5,5,2,1,1,success
2014/s/2014/276/179:1,en_ar_DEEP,TIER1_CLEAN_A,Total Omission,الأخرى,[OMITTED],exact,92- وتوصي لجنة التحقيق بأن تشجع الدولتان ومنظمات المجتمع المدني فرص الحوار والتواصل بين الشعبين في مجالات الثقافة والعمل والرياضة والحوكمة الرشيدة والتنمية الاقتصادية التي توفر لمواطني جمهورية كوريا الشعبية الديمقراطية فرص تبادل المعلومات والوقوف على خبرات البلدان الأخرى.,92 - توصي لجنة التحقيق الدول ومنظمات المجتمع المدني بتعزيز فرص الحوار والتواصل بين الشعوب في مجالات مثل الثقافة والعلوم والرياضة والحكم الرشيد والتنمية الاقتصادية التي توفر لمواطني جمهورية كوريا الشعبية الديمقراطية فرص لتبادل المعلومات والتعرض للتجارب خارج وطنهم.,1.0,0.7969924812030076,0.9471029043197632,0.7867647058823529,5,5,4,3,1,1,success
2014/s/2014/276/179:1,en_ar_DEEP,TIER1_CLEAN_A,Total Omission,الأخرى,[OMITTED],exact,92- وتوصي لجنة التحقيق بأن تشجع الدولتان ومنظمات المجتمع المدني فرص الحوار والتواصل بين الشعبين في مجالات الثقافة والعمل والرياضة والحوكمة الرشيدة والتنمية الاقتصادية التي توفر لمواطني جمهورية كوريا الشعبية الديمقراطية فرص تبادل المعلومات والوقوف على خبرات البلدان الأخرى.,92 - توصي لجنة التحقيق الدول ومنظمات المجتمع المدني بتعزيز فرص الحوار والتواصل بين الشعوب في مجالات مثل الثقافة والعلوم والرياضة والحكم الرشيد والتنمية الاقتصادية التي توفر لمواطني جمهورية كوريا الشعبية الديمقراطية فرص لتبادل المعلومات والتعرض للتجارب خارج وطنهم.,1.0,0.7969924812030076,0.9471029043197632,0.7867647058823529,5,5,4,3,1,1,success
2014/s/2014/369/37:1,en_ar_DEEP,TIER1_CLEAN_A,Register Mismatch,على صعيد,على مستوى,exact_seq,(أ) الاستمرار في تعزيز تعاونها مع المنظمات الدولية والإقليمية ودون الإقليمية وتطوير طرائق للعمل مع تلك المنظمات على أساس كل حالة على حدة، على نحو يعكس التباين في قدرة وولاية كل منظمة، ويشمل ذلك عمليات التبادل على صعيد العمل، والإحاطات التي تقدمها اللجنة والتي تتلقاها، وتعزيز الترتيبات المتعلقة بتبادل المعلومات؛,(أ) مواصلة تعزيز تعاونها مع المنظمات الدولية والإقليمية ودون الإقليمية وتطوير سبل العمل مع تلك المنظمات على أساس كل حالة على حدة، بما يعكس التباين في قدرة كل منظمة وولايتها، بما في ذلك تبادل الآراء على مستوى العمل، والإحاطات من وإلى اللجنة وتعزيز ترتيبات تبادل المعلومات؛,1.0,0.700657894736842,0.971855401992798,0.6923076923076923,5,5,5,2,1,1,success
2014/s/2014/41/116:4,en_ar_DEEP,TIER1_CLEAN_A,Invalid Pattern,معدات,أعتدة,exact,"ونظرا لأن تنظيم القاعدة والمرتبطين به لا يتورعون عن استخدام أي نوع متاح من المتفجرات لشن الهجمات، فإن الفريق يوصي اللجنة بأن تشجع الدول الأعضاء، في إطار حظر توريد الأسلحة المفروض على تنظيم القاعدة، على أن تطبق المفهوم الوارد في عبارة ""الأسلحة وما يتصل بها من معدات بجميع أنواعها"" على جميع أنواع المتفجرات، سواء كانت عسكرية أو مدنية أو متفجرات مرتجلة، وكذلك على المواد الأولية والمكونات التي يمكن أن تستخدم في صنع الأجهزة المتفجرة المرتجلة أو الأسلحة غير التقليدية، بما في ذلك (على سبيل المثال لا الحصر) المكونات الكيمائية وأنابيب التفجير والأسمدة والسموم.","وبما أن تنظيم القاعدة والمرتبطين به سيستخدمون أي أنواع متاحة من المتفجرات لشن الهجمات، يوصي الفريق بأن تشجع اللجنة الدول الأعضاء على تطبيق مصطلح ""الأسلحة والأعتدة ذات الصلة بجميع أنواعها"" في إطار حظر توريد الأسلحة الذي يفرضه تنظيم القاعدة على الجميع. أنواع المتفجرات، سواء كانت عسكرية أو مدنية أو متفجرات مرتجلة، ولكن أيضًا للمواد الخام والمكونات التي يمكن استخدامها لتصنيع العبوات الناسفة أو الأسلحة غير التقليدية، بما في ذلك على سبيل المثال لا الحصر المكونات الكيميائية وأسلاك التفجير والأسمدة والسموم.",1.0,0.6618181818181819,0.9571126103401184,0.6558558558558558,5,5,4,2,1,1,success
2014/s/2014/428/146:1,en_ar_DEEP,TIER1_CLEAN_A,Total Omission,تابع,[OMITTED],suffix_ة,32 - واستنادا إلى ملاحظات الفريق في المواقع التي كانت في السابق تضم مخيمات تابعة لتحالف القوى الديمقراطية، وإلى تحليل الوثائق، يبدو أن تحالف القوى الديمقراطية كان منظماً في إدارات مختلفة (انظر المرفق 9).,32 - واستنادا إلى ملاحظات الفريق في معسكرات تحالف القوى الديمقراطية السابقة وتحليل الوثائق، يبدو أن تحالف القوى الديمقراطية كان منظما في إدارات مختلفة (انظر المرفق 9).,1.0,0.7688442211055276,0.9600006937980652,0.7536945812807881,5,5,4,3,1,1,success
2014/s/2014/430/50:1,en_ar_DEEP,TIER1_CLEAN_A,Total Omission,بعثة,[OMITTED],exact,19 - يقرر أن تشمل ولاية بعثة الأمم المتحدة في كوت ديفوار ما يلي:,19 - يقرر أن تكون ولاية عملية الأمم المتحدة في كوت ديفوار كما يلي:,1.0,0.8636363636363636,0.9182302355766296,0.8787878787878788,5,5,5,2,1,1,success
2014/s/2014/648/17:1,en_ar_DEEP,TIER1_CLEAN_A,Total Omission,تابع,[OMITTED],both_ال_ة,عملا على تعزيز مشاركة الأمم المتحدة في هذا الميدان، ينبغي للمجلس أن يطلب إلى هيئات مكافحة الإرهاب الرئيسية التابعة له - المديرية التنفيذية للجنة مكافحة الإرهاب وفريق الدعم التحليلي ورصد تنفيذ الجزاءات - أن تركز على التهديد الذي يشكله المقاتلون الإرهابيون الأجانب، بعدة سبل منها تقييم الجهود الوطنية المبذولة لتطبيق الالتزامات القانونية الدولية القائمة لمكافحة هذا التهديد.,ولتعميق مشاركة الأمم المتحدة في هذا المجال، ينبغي للمجلس أن يطلب من هيئاته الرئيسية لمكافحة الإرهاب - المديرية التنفيذية للجنة مكافحة الإرهاب وفريق الدعم التحليلي ورصد الجزاءات - التركيز على التهديد الذي يشكله المقاتلون الإرهابيون الأجانب، بما في ذلك عن طريق تقييم الجهود الوطنية لتطبيق الالتزامات القانونية الدولية القائمة ضد هذا التهديد.,1.0,0.782608695652174,0.9717382788658142,0.7849462365591398,5,5,4,2,1,1,success
2014/s/2014/73/76:5,en_ar_DEEP,TIER1_CLEAN_A,Total Omission,بموجب,[OMITTED],exact,وهذه هي الآلية الوحيدة المنشأة بموجب القرار التي يمكن من خلالها الكشف عن بعض المعلومات والنتائج الواقعية في قضية معينة خارج نطاق مكتب أمينة المظالم واللجنة.,وهذه هي الآلية الوحيدة التي أنشأها القرار والتي قد يكون من الممكن من خلالها الكشف عن بعض المعلومات الوقائعية والنتائج في قضية خارج نطاق مكتب أمين المظالم واللجنة.,1.0,0.7530864197530864,0.9527279138565063,0.7283950617283951,5,5,4,2,1,1,success
2014/s/2014/73/95:2,en_ar_DEEP,TIER1_CLEAN_A,Hyponym for Hypernym,حركة,تنقل,prefix_وال,ومن شأن مواصلة التطبيق غير السليم لتدابير الجزاءات التي فرضها مجلس الأمن أن يقيد الحقوق الأساسية في الملكية والحركة دون أي أساس أو مبرِّر قانوني.,إن التطبيق غير السليم والمستمر لتدابير الجزاءات التي فرضها مجلس الأمن يقيد الحقوق الأساسية في الملكية والتنقل دون أي أساس أو مبرر قانوني.,1.0,0.8085106382978724,0.9449262619018556,0.7862068965517242,5,5,5,2,1,1,success
2014/s/2014/730/11:3,en_ar_DEEP,TIER1_CLEAN_A,Total Omission,حالة,[OMITTED],exact,وخلال الفترة الممتدة من 1 إلى 10 تشرين الأول/أكتوبر 2014، أبلغ عن 20 حالة انتهاك لوقف إطلاق النار على طول خط المراقبة و 22 حالة انتهاك على طول خط الحدود المعمول به، ما أدى إلى سقوط 12 مدنيا، وجرح 52 مدنيا وإصابة 9 من الأفراد العسكريين على الجانب الباكستاني.,وخلال الفترة من 1 إلى 10 تشرين الأول/أكتوبر 2014، أُبلغ عن 20 انتهاكا لوقف إطلاق النار على طول خط السيطرة و 22 انتهاكا على طول حدود العمل، مما أدى إلى سقوط 12 ضحية من المدنيين، وإصابة 52 مدنيا، و 9 جرحى من العسكريين على الجانب الباكستاني.,1.0,0.7470355731225297,0.9791527986526488,0.7354085603112841,5,5,4,3,1,1,success
2014/s/2014/731/14:3,en_ar_DEEPL,TIER1_CLEAN_A,Register Mismatch,جراء أعمال العنف,بالعنف,exact_seq,وتأثرت النساء والأطفال، ولا سيما الفتيات، جراء أعمال العنف والنزاعات المستجدة التي نجمت عن انتشار الميليشيات والجماعات المسلحة المرتبطة في بعض الحالات بالتطرف العنيف، في حين لا يزال العديد من النزاعات التي طال أمدها ينتظر تسويتها.,وقد تأثرت النساء والأطفال، ولا سيما الفتيات، بالعنف والنزاعات الناشئة حديثاً والمرتبطة بانتشار الميليشيات والجماعات المسلحة، والتي ترتبط في بعض الحالات بالتطرف العنيف، في حين لا تزال العديد من النزاعات التي طال أمدها دون حل.,1.0,0.8073394495412844,0.9772768020629884,0.7695652173913043,4,4,5,2,1,1,success
2014/s/2014/731/14:3,en_ar_DEEP,TIER1_CLEAN_A,Register Mismatch,جراء أعمال العنف,من أعمال العنف,exact_seq,وتأثرت النساء والأطفال، ولا سيما الفتيات، جراء أعمال العنف والنزاعات المستجدة التي نجمت عن انتشار الميليشيات والجماعات المسلحة المرتبطة في بعض الحالات بالتطرف العنيف، في حين لا يزال العديد من النزاعات التي طال أمدها ينتظر تسويتها.,وقد تأثرت النساء والأطفال، وخاصة الفتيات، من أعمال العنف والصراعات الناشئة حديثا والمرتبطة بانتشار الميليشيات والجماعات المسلحة، والتي ترتبط في بعض الحالات بالتطرف العنيف، في حين لا تزال العديد من الصراعات التي طال أمدها دون حل.,1.0,0.7616822429906542,0.9775823354721068,0.7608695652173914,4,4,4,2,1,1,success
2014/s/2014/74/24:5,en_ar_DEEP,TIER1_CLEAN_A,Total Omission,تابع,[OMITTED],suffix_ة,ومن المهم بنفس القدر ألا يقوض عمل البعثة مع جهات فاعلة تابعة للأمم المتحدة وغيرها من الجهات الفاعلة في مجال المساعدة الإنسانية استقلال وحياد هذه الجهات الفاعلة، وكذلك صورتها المنظورة.,ومن المهم بنفس القدر ألا يؤدي تعامل البعثة مع الأمم المتحدة وغيرها من الجهات الفاعلة الإنسانية إلى تقويض استقلال وحياد هذه الجهات الفاعلة والتصور السائد عنها.,1.0,0.7094972067039106,0.9232470989227296,0.6939890710382514,5,5,4,3,1,1,success
2014/s/2014/740/28:1,en_ar_DEEP,TIER1_CLEAN_A,Hypernym for Hyponym,جماعات,مجموعات,prefix_وال,21 - وقدم الفريق العامل الثالث، برئاسة جمهورية كوريا، دعمه لجهود الدول والقطاع البحري والجماعات العمالية الرامية إلى حماية السفن من القرصنة قبالة سواحل الصومال.,21 - ودعم الفريق العامل 3، برئاسة جمهورية كوريا، الجهود التي تبذلها الدول والصناعة البحرية والمجموعات العمالية لحماية السفن من القرصنة قبالة سواحل الصومال.,1.0,0.7532467532467533,0.9669262170791626,0.75,5,5,4,2,1,1,success
2014/s/2014/740/51:5,en_ar_DEEP,TIER1_CLEAN_A,Total Omission,خاص,[OMITTED],both_ال_ة,وألحق المهاجمون أضرارا جسيمة ببوابة السجن الرئيسية، وجزء من الجدران الخارجية المحيطة بالسجن، والأسلاك الشائكة على الجدران المحيطة به، وشاحنة السجن الوحيدة الخاصة بنقل السجناء.,وألحق المهاجمون أضرارا جسيمة ببوابة المدخل الرئيسية، وجزء من الجدار الخارجي المحيط بالسجن، والأسلاك الشائكة على الجدار المحيط، وشاحنة نقل السجناء الوحيدة في السجن.,1.0,0.8255813953488372,0.9654747843742372,0.8114285714285714,5,5,4,3,1,1,success
2014/s/2014/740/81:1,en_ar_DEEP,TIER1_CLEAN_A,Hyponym for Hypernym,الملاحين,البحارة,exact,٦٧ - وأجدد دعوتي إلى الإفراج الفوري وغير المشروط عن جميع الملاحين الأبرياء المحتجزين كرهائن في الصومال، لكي يتمكنوا من الانضمام إلى أسرهم.,67. وأجدد دعوتي إلى الإفراج الفوري وغير المشروط عن جميع البحارة الأبرياء المحتجزين كرهائن في الصومال حتى يتمكنوا من الانضمام إلى أسرهم.,1.0,0.9384615384615383,0.97434663772583,0.9057971014492754,5,5,5,1,1,1,success
2014/s/2014/740/82:1,en_ar_DEEP,TIER1_CLEAN_A,Total Omission,بعثة,[OMITTED],prefix_ب,٦٨ - وقد كان قتل خبيرين من اللجنة المعنية بالمخدرات والجريمة في 7 نيسان/ أبريل 2014، أثناء قيامهما ببعثة لمكافحة القرصنة في الصومال، تذكيرا رصينا بالمخاطر التي تواجه الأمم المتحدة في عملها على تحسين حياة الآخرين.,٦٨ - وكان مقتل خبيرين تابعين لمكتب الأمم المتحدة المعني بالمخدرات والجريمة في 7 نيسان/أبريل 2014، أثناء قيامهما بمهمة لمكافحة القرصنة في الصومال، بمثابة تذكير مثير للقلق بالمخاطر التي يواجهها موظفو الأمم المتحدة في عملهم من أجل تحسين حياة الآخرين.,1.0,0.7449392712550607,0.9558058977127076,0.7489878542510122,5,5,5,2,1,1,success
2014/s/2014/869/32:5,en_ar_DEEP,TIER1_CLEAN_A,Total Omission,خاص,[OMITTED],suffix_ة,ففي ظل تحقيق مهربي الوقود أرباحا تزيد على نسبة 100 في المائة، أضحى لشبكات التهريب هذه مصلحة خاصة في إطالة أمد النزاع.,ومع حصول مهربي الوقود على أرباح تزيد عن 100 في المائة، فإن لشبكات التهريب مصلحة راسخة في إطالة أمد الصراع.,1.0,0.6929824561403508,0.9189133644104004,0.7094017094017093,1,5,5,2,1,1,success
2014/s/2014/869/34:3,en_ar_DEEP,TIER1_CLEAN_A,Total Omission,حالة,[OMITTED],exact,فالجماعات الإرهابية وغيرها من الجماعات المسلحة غير التابعة للدول التي لديها إمكانية الوصول إلى أسواق الجريمة العابرة للحدود قد يضعف الحافز لديها للخروج من حالة النزاع والدخول في تسوية سياسية().,وقد تكون لدى الجماعات الإرهابية وغيرها من الجماعات المسلحة من غير الدول التي يمكنها الوصول إلى الأسواق الإجرامية عبر الحدود حوافز أضعف للخروج من النزاع والدخول في تسوية سياسية.,1.0,0.671957671957672,0.921760320663452,0.6580310880829016,5,5,4,2,1,1,success
2014/s/2014/869/34:3,en_ar_DEEP,TIER1_CLEAN_A,Total Omission,حالة,[OMITTED],exact,فالجماعات الإرهابية وغيرها من الجماعات المسلحة غير التابعة للدول التي لديها إمكانية الوصول إلى أسواق الجريمة العابرة للحدود قد يضعف الحافز لديها للخروج من حالة النزاع والدخول في تسوية سياسية().,وقد تكون لدى الجماعات الإرهابية وغيرها من الجماعات المسلحة من غير الدول التي يمكنها الوصول إلى الأسواق الإجرامية عبر الحدود حوافز أضعف للخروج من النزاع والدخول في تسوية سياسية.,1.0,0.671957671957672,0.921760320663452,0.6580310880829016,5,5,4,2,1,1,success
2014/s/2014/869/41:4,en_ar_DEEP,TIER1_CLEAN_A,Total Omission,تابع,[OMITTED],both_ال_ة,"وقد عدَّلت عمليات السلام التابعة للأمم المتحدة موقفها تبعا لذلك، وهي بذلك تُظهر نزعة متزايدة إلى ""التحصين بغرض الاحتماء""، مما يحد من قدرة كل من الأفراد النظاميين والموظفين المدنيين على التعامل مع السكان المحليين، وكسب قلوبهم وعقولهم، والقيام بالوساطة في المنازعات المحلية، وجمع المعلومات - وهي أعمال تكتسي أهمية بالغة من أجل تنفيذ اتفاقات السلام والجهود المبذولة لتسوية النزاعات.","وقد عدلت عمليات الأمم المتحدة لحفظ السلام وضعها وفقا لذلك، وأظهرت ميلا متزايدا إلى ""الاحتماء والاحتماء""، مما يحد من قدرة الأفراد النظاميين والموظفين المدنيين على التعامل مع السكان المحليين، وكسب القلوب والعقول، والتوسط في النزاعات المحلية، جمع المعلومات - العمل الحاسم لتنفيذ اتفاقيات السلام والجهود المبذولة لحل الصراع.",1.0,0.696,0.9499245285987854,0.6992084432717678,5,5,4,3,1,1,success
2014/s/2014/869/50:1,en_ar_TRANSFORMERS,TIER1_CLEAN_A,Total Omission,تابع,[OMITTED],both_ال_ة,36 - وفي حالات أخرى، قامت البعثات السياسية الخاصة التابعة للمجلس بدور هام في مساعدة الدول على تقليص الحيز الاستراتيجي المتاح للجماعات الإرهابية من خلال الانخراط في الجريمة العابرة للحدود.,36 - وفي حالات أخرى، أدت بعثات المجلس السياسية الخاصة دورا هاما في مساعدة الدول على تقليص الحيز الاستراتيجي المتاح للجماعات الإرهابية من خلال المشاركة في الجريمة العابرة للحدود.,1.0,0.8360655737704918,0.9884233474731444,0.8288770053475936,5,5,5,2,1,1,success
2014/s/2014/9/105:3,en_ar_DEEPL,TIER1_CLEAN_A,Terminology Substitution,العابرة,عبر الوطنية,exact,ومع أن هذه المبادرة أتت استجابة لنمو الاتجار بالمخدرات والجريمة المنظمة العابرة للحدود الوطنية في غرب أفريقيا، فإن وحدات مكافحة الجريمة العابرة للحدود الوطنية ستعمل بوصفها مراكز إنفاذ القانون تدعم القدرات التقنية والتحليلية على الصعيدين الوطني والإقليمي من أجل الاستجابة للتهديدات العابرة للحدود الوطنية.,وفي حين أن المبادرة جاءت استجابةً لنمو الاتجار بالمخدرات والجريمة المنظمة عبر الوطنية في غرب أفريقيا، ستعمل وحدات مكافحة الجريمة عبر الوطنية كمراكز دمج لإنفاذ القانون لدعم القدرات التحليلية والتقنية الوطنية والإقليمية على التصدي للتهديدات عبر الوطنية.,1.0,0.6565656565656566,0.9650639891624452,0.6776315789473684,4,4,4,2,1,1,success
2014/s/2014/9/138:2,en_ar_TRANSFORMERS,TIER1_CLEAN_A,Register Mismatch,آنذاك,في ذلك الوقت,exact,ومع أن عددا قليلا جدا من البلدان في أفريقيا كان قد صدق في أوائل عام 2003 على ما لا يقل عن أربعة من الصكوك القانونية الدولية الـ 12 القائمة آنذاك لمكافحة الإرهاب، فإن معظم البلدان قد صدقت الآن على غالبيتها.,وفي حين أن عددا قليلا جدا من البلدان في أفريقيا قد صدق في أوائل عام 2003 على ما لا يقل عن 4 من الصكوك القانونية الدولية الـ 12 القائمة في ذلك الوقت لمكافحة الإرهاب، فإن معظم البلدان قد صدقت الآن على أغلبية هذه الصكوك.,1.0,0.8682926829268293,0.9857527017593384,0.8294930875576036,5,5,5,2,1,1,success
2014/s/2014/9/153:3,en_ar_DEEP,TIER1_CLEAN_A,Total Omission,تابع,[OMITTED],prefix_ال,ومن الأعمال البالغة الأهمية ما تضطلع به منظمات مثل اليونسكو والبرنامج الإنمائي وتحالف الحضارات التابع للأمم المتحدة، التي تركز على منع نشوب النزاعات وبناء ثقافة السلام والقضاء على الفقر وتعزيز التنمية المستدامة والإدماج الاجتماعي من خلال التعليم والثقافة والاتصالات في أفريقيا.,إن عمل منظمات مثل اليونسكو وبرنامج الأمم المتحدة الإنمائي وتحالف الأمم المتحدة للحضارات، التي تركز على منع نشوب الصراعات، وبناء ثقافة السلام، والقضاء على الفقر، وتعزيز التنمية المستدامة والإدماج الاجتماعي من خلال التعليم والثقافة والاتصال في أفريقيا، أصبح بالغ الأهمية.,1.0,0.6666666666666667,0.9636287689208984,0.6642599277978339,5,5,4,2,1,1,success
2014/s/2014/9/34:1,en_ar_DEEPL,TIER1_CLEAN_A,Total Omission,تابع,[OMITTED],prefix_ال,26 - وضع تحالف الحضارات التابع للأمم المتحدة برامج في أفريقيا لمنع زرع التطرف. ويركز أحد هذه البرامج على المجتمعات المحلية في نيجيريا ويستهدف الشباب والنساء وقادة المجتمعات المحلية لتيسير الحوار والتفاعل فيما بين أعضاء المجموعات المختلفة.,26. وضع تحالف الأمم المتحدة للحضارات برامج في أفريقيا لمنع التطرف. ويركز أحد هذه البرامج على المجتمعات المحلية النيجيرية ويستهدف الشباب والنساء وقادة المجتمعات المحلية لتيسير الحوار والمشاركة بين أفراد مختلف الجماعات.,1.0,0.7692307692307692,0.9847798347473145,0.76890756302521,5,5,4,3,1,1,success
2014/s/2014/9/68:1,en_ar_DEEP,TIER1_CLEAN_A,Total Omission,حالة,[OMITTED],prefix_ال,50 - قام المقرر الخاص المعني بتعزيز حقوق الإنسان والحريات الأساسية وحمايتها في سياق مكافحة الإرهاب بزيارة رسمية إلى بوركينا فاسو من 8 إلى 12 نيسان/أبريل 2013 بدعوة من الحكومة، لجمع معلومات عن الحالة الراهنة في بوركينا فاسو، تمهيدا لمساعدة الحكومة في جهودها الرامية إلى مكافحة الإرهاب مع احترام حقوق الإنسان وتعزيز تطبيق الصكوك الدولية.,50 - أجرى المقرر الخاص المعني بتعزيز وحماية حقوق الإنسان والحريات الأساسية في سياق مكافحة الإرهاب زيارة رسمية إلى بوركينا فاسو في الفترة من 8 إلى 12 نيسان/أبريل 2013، بدعوة من الحكومة، لجمع معلومات عن الوضع الحالي في بوركينا فاسو. ومن ثم مساعدة الحكومة في جهودها الرامية إلى مكافحة الإرهاب مع احترام حقوق الإنسان وتعزيز تنفيذ الصكوك الدولية.,1.0,0.8563049853372434,0.9902825355529784,0.8533724340175953,1,5,5,2,1,1,success
2014/s/2014/901/2:1,en_ar_DEEPL,TIER1_CLEAN_A,Total Omission,تابع,[OMITTED],both_ال_ة,أكتب إليكم بصفتي رئيس مجموعة سفراء منظمة التعاون الإسلامي في نيويورك لأعرب عن إدانة منظمة التعاون الإسلامي، بأشد العبارات، جريمة قتل الوزير زياد أبو عين، رئيس هيئة مقاومة الجدار الفاصل التابعة للسلطة الفلسطينية على أيدي قوات الاحتلال الإسرائيلي أثناء مشاركته في مظاهرة سلمية ضد المستوطنات ومصادرة الأراضي في 10 كانون الأول/ديسمبر 2014.,أكتب إليكم بصفتي رئيس مجموعة سفراء منظمة التعاون الإسلامي في نيويورك لأعرب لكم عن إدانة منظمة التعاون الإسلامي بأشد العبارات لجريمة قتل الوزير زياد أبو عين، رئيس لجنة السلطة الفلسطينية لمناهضة الجدار الفاصل، على يد قوات الاحتلال الإسرائيلي أثناء مشاركته في مظاهرة سلمية ضد الاستيطان ومصادرة الأراضي في 10 كانون الأول/ديسمبر 2014.,1.0,0.8580060422960725,0.9910885095596312,0.853731343283582,5,5,4,2,1,1,success
2014/s/2014/902/124:1,en_ar_DEEPL,TIER1_CLEAN_A,Hypernym for Hyponym,محطات توليد الطاقة,محطات الطاقة,exact_seq,محطات المياه في 23 تشرين الثاني/نوفمبر 2014، فجّر تنظيم الدولة الإسلامية سيارة مفخخة بالقرب من محطة لتنقية المياه في قرية ميدان بالحسكة مما أدى إلى إلحاق أضرار كبيرة بالمحطة. محطات توليد الطاقة,محطات المياه o في 23 نوفمبر 2014، قام تنظيم داعش بتفجير سيارة مفخخة بالقرب من محطة تنقية المياه في قرية الميدان في الحسكة، مما ألحق أضرارًا جسيمة بالمحطة. محطات الطاقة,1.0,0.6971428571428571,0.9376159906387328,0.694300518134715,5,5,4,2,1,1,success
2014/s/2014/902/142:1,en_ar_DEEP,TIER1_CLEAN_A,Total Omission,تابع,[OMITTED],both_ال_ة,سميرة أحمد السهلي، ممرضة عمرها 53 عاما من مخيم اليرموك اعتقلتها قوات النظام السوري في 11 حزيران/يونيه 2014 بسبب عملها الطبي. وعلمت أسرتها أنها توفيت تحت التعذيب داخل أحد مراكز الاحتجاز التابعة للنظام في 8 تشرين الثاني/نوفمبر 2014., سميرة أحمد السهلي، ممرضة من مخيم اليرموك، 53 عاماً، اعتقلتها قوات النظام السوري بتاريخ 11 حزيران/يونيو 2014 بسبب عملها الطبي. وعلمت عائلتها أنها تعرضت للتعذيب حتى الموت داخل معتقلات النظام في 8 تشرين الثاني/نوفمبر 2014.,1.0,0.6991150442477876,0.9830400943756104,0.6956521739130435,5,5,4,2,1,1,success
2014/s/2014/902/160:6,en_ar_DEEP,TIER1_CLEAN_A,Hypernym for Hyponym,جماعات,مجموعات,prefix_وال,ولم تتمكن الشبكة من توثيق هذه الحالات توثيقا كاملا لأنها محظورة وملاحقة من قبل قوات النظام والجماعات المتطرفة.,ولم تتمكن الشبكة السورية لحقوق الإنسان من توثيق هذه الحالات بشكل كامل، حيث أنها محظورة وملاحقة من قبل قوات النظام والمجموعات المتطرفة.,1.0,0.7401574803149606,0.9048861265182496,0.7388059701492538,4,4,5,2,1,1,success
2014/s/2014/902/162:2,en_ar_DEEP,TIER1_CLEAN_A,Hypernym for Hyponym,جماعات,مجموعات,prefix_ال,وقتلت قوات النظام 231 شخصا وقتل المتطرفون ثلاثة أشخاص وقتلت الجماعات المسلحة شخصين.,قتلت قوات النظام 231 شخصاً، وقتل المتطرفون 3، والمجموعات المسلحة 2.,1.0,0.6883116883116883,0.9383233785629272,0.6867469879518072,5,5,4,2,1,1,success
2014/s/2014/902/61:1,en_ar_DEEPL,TIER1_CLEAN_A,Total Omission,تابع,[OMITTED],both_ال_ة,وفي 18 تشرين الثاني/نوفمبر 2014، ألقت الطائرات العمودية التابعة للنظامبرميلين متفجرين على مدينة معر شمارين فقتلتستة مدنيين من بينهم أربعة أطفال وامرأتان.,o في 18 تشرين الثاني/نوفمبر 2014، ألقت مروحيات النظام برميلين متفجرين على معر شمارين مما أسفر عن مقتل 6 مدنيين، من بينهم 4 أطفال وامرأتان.,1.0,0.6845637583892618,0.8782033920288086,0.673202614379085,5,5,4,2,1,1,success
2014/s/2014/902/70:1,en_ar_DEEP,TIER1_CLEAN_A,Total Omission,تابع,[OMITTED],exact,- وفي 12 كانون الأول/ديسمبر 2014، طوق 200 جندي تابع لقوات النظام حي الفيض بمدينة جبلة، ولم يسمح لأي شخص بدخول الحي أو الخروج منه.,- بتاريخ 12 كانون الأول 2014، حاصر 200 عنصر من قوات النظام حي الفيض في مدينة جبلة. ولم يسمح لأحد بالدخول أو الخروج من الحي.,1.0,0.656,0.9556924700737,0.6511627906976745,5,5,5,2,1,1,success
2014/s/2014/902/70:4,en_ar_DEEPL,TIER1_CLEAN_A,Register Mismatch,زهاء,حوالي,exact,واعتقل النظام زهاء 47 فردا يُعتقد أنهم جُندوا قسرا في قوات النظام.,اعتقل النظام حوالي 47 شخصاً يُعتقد أنه تم تجنيدهم قسراً للانضمام إلى قوات النظام.,1.0,0.6710526315789473,0.9457452297210692,0.6419753086419753,5,5,5,2,1,1,success
2014/s/2014/902/70:4,en_ar_DEEP,TIER1_CLEAN_A,Register Mismatch,زهاء,ما يقارب,exact,واعتقل النظام زهاء 47 فردا يُعتقد أنهم جُندوا قسرا في قوات النظام.,واعتقل النظام ما يقارب 47 شخصاً يعتقد أنهم تم تجنيدهم قسراً للانضمام إلى قوات النظام.,1.0,0.6623376623376623,0.9425917863845824,0.611764705882353,5,5,5,2,1,1,success
2014/s/2014/902/92:1,en_ar_DEEPL,TIER1_CLEAN_A,Total Omission,تابع,[OMITTED],both_ال_ة,وفي 15 تشرين الثاني/نوفمبر 2014، ألقت الطائرات العمودية التابعة للنظامبرميلا متفجرا على مسجد عمر بن الخطاب في حلب فألحقت به أضرارا شديدة.,o في 15 تشرين الثاني/نوفمبر 2014، ألقت مروحيات النظام برميلاً متفجراً على مسجد عمر بن الخطاب في حلب، مما ألحق أضراراً جسيمة بالمسجد.,1.0,0.6691729323308271,0.950971782207489,0.656934306569343,5,5,5,2,1,1,success
2014/s/2014/914/48:2,en_ar_DEEP,TIER1_CLEAN_A,Register Mismatch,ترمي إلى,تهدف إلى,exact_seq,وقالت إن الشراكة ترمي إلى وضع استراتيجية لتعميم مراعاة حماية الطفل في أنشطة الاتحاد الأفريقي، وإضفاء الطابع المؤسسي على السياسات والإجراءات المتعلقة بحماية الطفل وفقا للمعايير الإقليمية والدولية.,وذكرت أن الشراكة تهدف إلى وضع استراتيجية لتعميم حماية الطفل في أنشطة الاتحاد الأفريقي وإضفاء الطابع المؤسسي على السياسات والإجراءات المتعلقة بحماية الطفل وفقا للمعايير الإقليمية والدولية.,1.0,0.9358288770053476,0.993000328540802,0.9230769230769232,5,5,5,1,1,1,success
2014/s/2014/921/27:1,en_ar_TRANSFORMERS,TIER1_CLEAN_A,Total Omission,الأخرى,[OMITTED],exact,١٦ - وترد حالات الإعفاء من حظر توريد الأسلحة في الفقرة 54 من القرار 2127 (2013) ويجوز منح الإعفاء من أجل ما يلي: الإمدادات المخصصة حصرا لدعم أو استخدام بعثة توطيد السلام في جمهورية أفريقيا الوسطى، وبعثة الدعم الدولية بقيادة أفريقية في جمهورية أفريقيا الوسطى، ومكتب الأمم المتحدة المتكامل لبناء السلام في جمهورية أفريقيا الوسطى ووحدة الحراسة التابعة له، وفرقة العمل الإقليمية التابعة للاتحاد الأفريقي، والقوات الفرنسية المنشورة في جمهورية أفريقيا الوسطى (الفقرة 54 (أ))()؛ أو إمدادات المعدات العسكرية غير الفتاكة المقصود استخدامها حصراً في الأغراض الإنسانية والوقائية، وما يتصل بذلك من مساعدة أو تدريب تقنيين (الفقرة 54 (ب))؛ أو الملابس الواقية، بما فيها السترات الواقية من الرصاص والخوذات العسكرية التي يجلبها بصفة مؤقتة إلى جمهورية أفريقيا الوسطى أفراد الأمم المتحدة وممثلو وسائط الإعلام والعاملون في مجالي الشؤون الإنسانية والإنمائية والأفراد المرتبطون بهم، لاستخدامهم الشخصي فقط (الفقرة 54 (ج))؛ أو إمدادات الأسلحة الصغيرة والمعدات الأخرى ذات الصلة المخصصة حصرا للاستخدام في دوريات دولية توفر الأمن في منطقة نهر سانغا المحمية التي تتشاطرها ثلاثة بلدان لحمايتها من الصيد غير المشروع وتهريب العاج والأسلحة، وغيرها من الأنشطة المخالفة للقوانين الوطنية لجمهورية أفريقيا الوسطى أو للالتزامات القانونية الدولية لجمهورية أفريقيا الوسطى (الفقرة 54 (د))؛ أو إمدادات الأسلحة والمعدات الفتاكة المتصلة بها لقوات أمن جمهورية أفريقيا الوسطى، المقصود بها حصرا دعم عملية إصلاح قطاع الأمن في جمهورية أفريقيا الوسطى واستعمالها فيها، حسبما وافقت عليه اللجنة مسبقا (الفقرة 54 (هـ))؛ أو مبيعات الأسلحة الأخرى وما يتصل بها من أعتدة أو توريدها أو توفير المساعدة أو الأفراد بأي شكل آخر (الفقرة 54 (و)).,جمهورية أفريقيا الوسطى ووحدة الحراسة التابعة لها، وفرقة العمل الإقليمية التابعة للاتحاد الأفريقي، والقوات الفرنسية المنتشرة في جمهورية أفريقيا الوسطى (الفقرة 54 (أ))؛ وإمدادات المعدات العسكرية غير الفتاكة المخصصة حصرا للاستخدامات الإنسانية أو الوقائية، وما يتصل بذلك من مساعدة أو تدريب تقنيين (الفقرة 54 (ب))؛ والملابس الواقية، بما في ذلك سترات الشظايا والخوذات العسكرية، التي يصدرها مؤقتا إلى جمهورية أفريقيا الوسطى موظفو الأمم المتحدة وممثلو وسائط الإعلام والعاملون في المجالين الإنساني والإنمائي والأفراد المرتبطون بهم، لاستعمالهم الشخصي فقط (الفقرة 54 (ج))؛ وإمدادات الأسلحة الصغيرة وغيرها من المعدات ذات الصلة المخصصة حصرا للاستخدام في الدوريات الدولية التي توفر الأمن في منطقة نهر سانغا المشمولة بحماية ثلاثية للدفاع ضد الصيد غير المشروع وتهريب الأعرج والأسلحة، وغير ذلك من الأنشطة التي تتعارض مع القوانين الوطنية لجمهورية أفريقيا الوسطى أو مع الالتزامات القانونية الدولية لجمهورية أفريقيا الوسطى (الفقرة 54 (د))؛ وإمدادات الأسلحة وغيرها من المعدات الفتاكة ذات الصلة لقوات الأمن في جمهورية أفريقيا الوسطى، المقصود بها حصرا دعم عملية إصلاح قطاع الأمن في جمهورية أفريقيا الوسطى أو استخدامها فيها، على النحو الذي وافقت عليه اللجنة مسبقا (الفقرة 54 (هـ))؛ أو غير ذلك من مبيعات الأسلحة والأعتدة ذات الصلة أو توريدها، أو تقديم المساعدة أو الأفراد (الفقرة 54 (الفقرة 54)).,1.0,0.6526984126984128,0.9144195318222046,0.6521189120809614,5,5,4,3,1,1,success
2014/s/2014/921/27:1,en_ar_TRANSFORMERS,TIER1_CLEAN_A,Total Omission,الأخرى,[OMITTED],exact,١٦ - وترد حالات الإعفاء من حظر توريد الأسلحة في الفقرة 54 من القرار 2127 (2013) ويجوز منح الإعفاء من أجل ما يلي: الإمدادات المخصصة حصرا لدعم أو استخدام بعثة توطيد السلام في جمهورية أفريقيا الوسطى، وبعثة الدعم الدولية بقيادة أفريقية في جمهورية أفريقيا الوسطى، ومكتب الأمم المتحدة المتكامل لبناء السلام في جمهورية أفريقيا الوسطى ووحدة الحراسة التابعة له، وفرقة العمل الإقليمية التابعة للاتحاد الأفريقي، والقوات الفرنسية المنشورة في جمهورية أفريقيا الوسطى (الفقرة 54 (أ))()؛ أو إمدادات المعدات العسكرية غير الفتاكة المقصود استخدامها حصراً في الأغراض الإنسانية والوقائية، وما يتصل بذلك من مساعدة أو تدريب تقنيين (الفقرة 54 (ب))؛ أو الملابس الواقية، بما فيها السترات الواقية من الرصاص والخوذات العسكرية التي يجلبها بصفة مؤقتة إلى جمهورية أفريقيا الوسطى أفراد الأمم المتحدة وممثلو وسائط الإعلام والعاملون في مجالي الشؤون الإنسانية والإنمائية والأفراد المرتبطون بهم، لاستخدامهم الشخصي فقط (الفقرة 54 (ج))؛ أو إمدادات الأسلحة الصغيرة والمعدات الأخرى ذات الصلة المخصصة حصرا للاستخدام في دوريات دولية توفر الأمن في منطقة نهر سانغا المحمية التي تتشاطرها ثلاثة بلدان لحمايتها من الصيد غير المشروع وتهريب العاج والأسلحة، وغيرها من الأنشطة المخالفة للقوانين الوطنية لجمهورية أفريقيا الوسطى أو للالتزامات القانونية الدولية لجمهورية أفريقيا الوسطى (الفقرة 54 (د))؛ أو إمدادات الأسلحة والمعدات الفتاكة المتصلة بها لقوات أمن جمهورية أفريقيا الوسطى، المقصود بها حصرا دعم عملية إصلاح قطاع الأمن في جمهورية أفريقيا الوسطى واستعمالها فيها، حسبما وافقت عليه اللجنة مسبقا (الفقرة 54 (هـ))؛ أو مبيعات الأسلحة الأخرى وما يتصل بها من أعتدة أو توريدها أو توفير المساعدة أو الأفراد بأي شكل آخر (الفقرة 54 (و)).,جمهورية أفريقيا الوسطى ووحدة الحراسة التابعة لها، وفرقة العمل الإقليمية التابعة للاتحاد الأفريقي، والقوات الفرنسية المنتشرة في جمهورية أفريقيا الوسطى (الفقرة 54 (أ))؛ وإمدادات المعدات العسكرية غير الفتاكة المخصصة حصرا للاستخدامات الإنسانية أو الوقائية، وما يتصل بذلك من مساعدة أو تدريب تقنيين (الفقرة 54 (ب))؛ والملابس الواقية، بما في ذلك سترات الشظايا والخوذات العسكرية، التي يصدرها مؤقتا إلى جمهورية أفريقيا الوسطى موظفو الأمم المتحدة وممثلو وسائط الإعلام والعاملون في المجالين الإنساني والإنمائي والأفراد المرتبطون بهم، لاستعمالهم الشخصي فقط (الفقرة 54 (ج))؛ وإمدادات الأسلحة الصغيرة وغيرها من المعدات ذات الصلة المخصصة حصرا للاستخدام في الدوريات الدولية التي توفر الأمن في منطقة نهر سانغا المشمولة بحماية ثلاثية للدفاع ضد الصيد غير المشروع وتهريب الأعرج والأسلحة، وغير ذلك من الأنشطة التي تتعارض مع القوانين الوطنية لجمهورية أفريقيا الوسطى أو مع الالتزامات القانونية الدولية لجمهورية أفريقيا الوسطى (الفقرة 54 (د))؛ وإمدادات الأسلحة وغيرها من المعدات الفتاكة ذات الصلة لقوات الأمن في جمهورية أفريقيا الوسطى، المقصود بها حصرا دعم عملية إصلاح قطاع الأمن في جمهورية أفريقيا الوسطى أو استخدامها فيها، على النحو الذي وافقت عليه اللجنة مسبقا (الفقرة 54 (هـ))؛ أو غير ذلك من مبيعات الأسلحة والأعتدة ذات الصلة أو توريدها، أو تقديم المساعدة أو الأفراد (الفقرة 54 (الفقرة 54)).,1.0,0.6526984126984128,0.9144195318222046,0.6521189120809614,5,5,4,3,1,1,success
2014/s/2014/921/27:1,en_ar_TRANSFORMERS,TIER1_CLEAN_A,Total Omission,الأخرى,[OMITTED],exact,١٦ - وترد حالات الإعفاء من حظر توريد الأسلحة في الفقرة 54 من القرار 2127 (2013) ويجوز منح الإعفاء من أجل ما يلي: الإمدادات المخصصة حصرا لدعم أو استخدام بعثة توطيد السلام في جمهورية أفريقيا الوسطى، وبعثة الدعم الدولية بقيادة أفريقية في جمهورية أفريقيا الوسطى، ومكتب الأمم المتحدة المتكامل لبناء السلام في جمهورية أفريقيا الوسطى ووحدة الحراسة التابعة له، وفرقة العمل الإقليمية التابعة للاتحاد الأفريقي، والقوات الفرنسية المنشورة في جمهورية أفريقيا الوسطى (الفقرة 54 (أ))()؛ أو إمدادات المعدات العسكرية غير الفتاكة المقصود استخدامها حصراً في الأغراض الإنسانية والوقائية، وما يتصل بذلك من مساعدة أو تدريب تقنيين (الفقرة 54 (ب))؛ أو الملابس الواقية، بما فيها السترات الواقية من الرصاص والخوذات العسكرية التي يجلبها بصفة مؤقتة إلى جمهورية أفريقيا الوسطى أفراد الأمم المتحدة وممثلو وسائط الإعلام والعاملون في مجالي الشؤون الإنسانية والإنمائية والأفراد المرتبطون بهم، لاستخدامهم الشخصي فقط (الفقرة 54 (ج))؛ أو إمدادات الأسلحة الصغيرة والمعدات الأخرى ذات الصلة المخصصة حصرا للاستخدام في دوريات دولية توفر الأمن في منطقة نهر سانغا المحمية التي تتشاطرها ثلاثة بلدان لحمايتها من الصيد غير المشروع وتهريب العاج والأسلحة، وغيرها من الأنشطة المخالفة للقوانين الوطنية لجمهورية أفريقيا الوسطى أو للالتزامات القانونية الدولية لجمهورية أفريقيا الوسطى (الفقرة 54 (د))؛ أو إمدادات الأسلحة والمعدات الفتاكة المتصلة بها لقوات أمن جمهورية أفريقيا الوسطى، المقصود بها حصرا دعم عملية إصلاح قطاع الأمن في جمهورية أفريقيا الوسطى واستعمالها فيها، حسبما وافقت عليه اللجنة مسبقا (الفقرة 54 (هـ))؛ أو مبيعات الأسلحة الأخرى وما يتصل بها من أعتدة أو توريدها أو توفير المساعدة أو الأفراد بأي شكل آخر (الفقرة 54 (و)).,جمهورية أفريقيا الوسطى ووحدة الحراسة التابعة لها، وفرقة العمل الإقليمية التابعة للاتحاد الأفريقي، والقوات الفرنسية المنتشرة في جمهورية أفريقيا الوسطى (الفقرة 54 (أ))؛ وإمدادات المعدات العسكرية غير الفتاكة المخصصة حصرا للاستخدامات الإنسانية أو الوقائية، وما يتصل بذلك من مساعدة أو تدريب تقنيين (الفقرة 54 (ب))؛ والملابس الواقية، بما في ذلك سترات الشظايا والخوذات العسكرية، التي يصدرها مؤقتا إلى جمهورية أفريقيا الوسطى موظفو الأمم المتحدة وممثلو وسائط الإعلام والعاملون في المجالين الإنساني والإنمائي والأفراد المرتبطون بهم، لاستعمالهم الشخصي فقط (الفقرة 54 (ج))؛ وإمدادات الأسلحة الصغيرة وغيرها من المعدات ذات الصلة المخصصة حصرا للاستخدام في الدوريات الدولية التي توفر الأمن في منطقة نهر سانغا المشمولة بحماية ثلاثية للدفاع ضد الصيد غير المشروع وتهريب الأعرج والأسلحة، وغير ذلك من الأنشطة التي تتعارض مع القوانين الوطنية لجمهورية أفريقيا الوسطى أو مع الالتزامات القانونية الدولية لجمهورية أفريقيا الوسطى (الفقرة 54 (د))؛ وإمدادات الأسلحة وغيرها من المعدات الفتاكة ذات الصلة لقوات الأمن في جمهورية أفريقيا الوسطى، المقصود بها حصرا دعم عملية إصلاح قطاع الأمن في جمهورية أفريقيا الوسطى أو استخدامها فيها، على النحو الذي وافقت عليه اللجنة مسبقا (الفقرة 54 (هـ))؛ أو غير ذلك من مبيعات الأسلحة والأعتدة ذات الصلة أو توريدها، أو تقديم المساعدة أو الأفراد (الفقرة 54 (الفقرة 54)).,1.0,0.6526984126984128,0.9144195318222046,0.6521189120809614,5,5,4,3,1,1,success
2014/s/2014/929/52:2,en_ar_DEEP,TIER1_CLEAN_A,Total Omission,تابع,[OMITTED],both_ال_ين,ورحبوا بشجاعة البلدان المساهمة بقوات وأفراد شرطة وبالتزامها تجاه البعثة المتكاملة، ودعوا إلى مواصلة تقديم الدعم الثنائي لتدريب وتجهيز القوات وأفراد الشرطة التابعين للبعثة المتكاملة.,ورحبوا بشجاعة والتزام البلدان المساهمة بقوات عسكرية وقوات شرطة تجاه البعثة المتكاملة، ودعوا إلى مواصلة الدعم الثنائي لتدريب وتجهيز قوات وشرطة البعثة المتكاملة.,1.0,0.7401129943502824,0.976035475730896,0.7237569060773481,5,5,4,2,1,1,success
2014/s/2014/93/50:1,en_ar_DEEP,TIER1_CLEAN_A,Wrong Word Order,القانون الدولي الإنساني,القانون الإنساني الدولي,exact_seq,19 - يطلب إلى فريق الخبراء أن يواصل تنسيق أنشطته، حسب الاقتضاء، مع أنشطة العملية المختلطة للاتحاد الأفريقي والأمم المتحدة في دارفور ومع الجهود الدولية الرامية إلى تعزيز العملية السياسية في دارفور، وأن يقدم في تقريريه المرحلي والنهائي تقييما للتقدم المحــرز نحو الحد من انتهاكات جميع الأطراف للتدابير المفروضة بمقتضى الفقرتين 7 و 8 من القرار 1556 (2005)، والفقرة 7 من القرار 1591 (2005)، والفقرة 10 من القرار 1945 (2010)، وللتقدم المحرز نحو إزالة العقبات التي تعيق العملية السياسية، والتهديدات التي تواجه الاستقرار في دارفور وفي المنطقة، وانتهاكات القانون الدولي الإنساني أو الانتهاكات أو التجاوزات في مجال حقــوق الإنســان، بما في ذلك الاعتداءات على السكان المدنيين، والعنــف الجنســي والجنساني، والانتهاكات والتجاوزات الجسيمة الأخرى المرتكبة في حق الأطفال، وسائــر انتهاكات القــرارات المذكــورة أعلاه، وأن يـــزود اللجنـــة بمعلومات عـــن الكيانــات والأفراد الذين يستوفون معايــير الإدراج فــي القائمـــة الــواردة فــي الفقــرة 3 (ج) من القرار 1591؛,19 - يطلب إلى فريق الخبراء أن يواصل تنسيق أنشطته، حسب الاقتضاء، مع عمليات العملية المختلطة للأمم المتحدة والاتحاد الأفريقي في دارفور ومع الجهود الدولية الرامية إلى تعزيز العملية السياسية في دارفور، وإجراء تقييم في مراحلها المؤقتة. والتقارير النهائية عن التقدم المحرز نحو الحد من انتهاكات جميع الأطراف للتدابير المفروضة بموجب الفقرتين 7 و 8 من القرار 1556 (2005)، والفقرة 7 من القرار 1591 (2005)، والفقرة 10 من القرار 1945 (2010)، والتقدم المحرز نحو إزالة العوائق أمام العملية السياسية والتهديدات التي يتعرض لها الاستقرار في دارفور والمنطقة؛ انتهاكات القانون الإنساني الدولي أو انتهاكات أو تجاوزات حقوق الإنسان، بما في ذلك الهجمات على السكان المدنيين، والعنف الجنسي والجنساني، والانتهاكات والاعتداءات الجسيمة ضد الأطفال، وغيرها من انتهاكات القرارات المذكورة أعلاه، وتزويد اللجنة مع معلومات عن الأفراد والكيانات الذين يستوفون معايير الإدراج في الفقرة 3 (ج) من القرار 1591؛,1.0,0.7655913978494624,0.9703388214111328,0.7607555089192025,5,5,4,3,1,1,success
2014/s/2014/93/50:1,en_ar_DEEP,TIER1_CLEAN_A,Wrong Word Order,القانون الدولي الإنساني,القانون الإنساني الدولي,exact_seq,19 - يطلب إلى فريق الخبراء أن يواصل تنسيق أنشطته، حسب الاقتضاء، مع أنشطة العملية المختلطة للاتحاد الأفريقي والأمم المتحدة في دارفور ومع الجهود الدولية الرامية إلى تعزيز العملية السياسية في دارفور، وأن يقدم في تقريريه المرحلي والنهائي تقييما للتقدم المحــرز نحو الحد من انتهاكات جميع الأطراف للتدابير المفروضة بمقتضى الفقرتين 7 و 8 من القرار 1556 (2005)، والفقرة 7 من القرار 1591 (2005)، والفقرة 10 من القرار 1945 (2010)، وللتقدم المحرز نحو إزالة العقبات التي تعيق العملية السياسية، والتهديدات التي تواجه الاستقرار في دارفور وفي المنطقة، وانتهاكات القانون الدولي الإنساني أو الانتهاكات أو التجاوزات في مجال حقــوق الإنســان، بما في ذلك الاعتداءات على السكان المدنيين، والعنــف الجنســي والجنساني، والانتهاكات والتجاوزات الجسيمة الأخرى المرتكبة في حق الأطفال، وسائــر انتهاكات القــرارات المذكــورة أعلاه، وأن يـــزود اللجنـــة بمعلومات عـــن الكيانــات والأفراد الذين يستوفون معايــير الإدراج فــي القائمـــة الــواردة فــي الفقــرة 3 (ج) من القرار 1591؛,19 - يطلب إلى فريق الخبراء أن يواصل تنسيق أنشطته، حسب الاقتضاء، مع عمليات العملية المختلطة للأمم المتحدة والاتحاد الأفريقي في دارفور ومع الجهود الدولية الرامية إلى تعزيز العملية السياسية في دارفور، وإجراء تقييم في مراحلها المؤقتة. والتقارير النهائية عن التقدم المحرز نحو الحد من انتهاكات جميع الأطراف للتدابير المفروضة بموجب الفقرتين 7 و 8 من القرار 1556 (2005)، والفقرة 7 من القرار 1591 (2005)، والفقرة 10 من القرار 1945 (2010)، والتقدم المحرز نحو إزالة العوائق أمام العملية السياسية والتهديدات التي يتعرض لها الاستقرار في دارفور والمنطقة؛ انتهاكات القانون الإنساني الدولي أو انتهاكات أو تجاوزات حقوق الإنسان، بما في ذلك الهجمات على السكان المدنيين، والعنف الجنسي والجنساني، والانتهاكات والاعتداءات الجسيمة ضد الأطفال، وغيرها من انتهاكات القرارات المذكورة أعلاه، وتزويد اللجنة مع معلومات عن الأفراد والكيانات الذين يستوفون معايير الإدراج في الفقرة 3 (ج) من القرار 1591؛,1.0,0.7655913978494624,0.9703388214111328,0.7607555089192025,5,5,4,3,1,1,success
2014/s/2014/93/50:1,en_ar_DEEP,TIER1_CLEAN_A,Wrong Word Order,القانون الدولي الإنساني,القانون الإنساني الدولي,exact_seq,19 - يطلب إلى فريق الخبراء أن يواصل تنسيق أنشطته، حسب الاقتضاء، مع أنشطة العملية المختلطة للاتحاد الأفريقي والأمم المتحدة في دارفور ومع الجهود الدولية الرامية إلى تعزيز العملية السياسية في دارفور، وأن يقدم في تقريريه المرحلي والنهائي تقييما للتقدم المحــرز نحو الحد من انتهاكات جميع الأطراف للتدابير المفروضة بمقتضى الفقرتين 7 و 8 من القرار 1556 (2005)، والفقرة 7 من القرار 1591 (2005)، والفقرة 10 من القرار 1945 (2010)، وللتقدم المحرز نحو إزالة العقبات التي تعيق العملية السياسية، والتهديدات التي تواجه الاستقرار في دارفور وفي المنطقة، وانتهاكات القانون الدولي الإنساني أو الانتهاكات أو التجاوزات في مجال حقــوق الإنســان، بما في ذلك الاعتداءات على السكان المدنيين، والعنــف الجنســي والجنساني، والانتهاكات والتجاوزات الجسيمة الأخرى المرتكبة في حق الأطفال، وسائــر انتهاكات القــرارات المذكــورة أعلاه، وأن يـــزود اللجنـــة بمعلومات عـــن الكيانــات والأفراد الذين يستوفون معايــير الإدراج فــي القائمـــة الــواردة فــي الفقــرة 3 (ج) من القرار 1591؛,19 - يطلب إلى فريق الخبراء أن يواصل تنسيق أنشطته، حسب الاقتضاء، مع عمليات العملية المختلطة للأمم المتحدة والاتحاد الأفريقي في دارفور ومع الجهود الدولية الرامية إلى تعزيز العملية السياسية في دارفور، وإجراء تقييم في مراحلها المؤقتة. والتقارير النهائية عن التقدم المحرز نحو الحد من انتهاكات جميع الأطراف للتدابير المفروضة بموجب الفقرتين 7 و 8 من القرار 1556 (2005)، والفقرة 7 من القرار 1591 (2005)، والفقرة 10 من القرار 1945 (2010)، والتقدم المحرز نحو إزالة العوائق أمام العملية السياسية والتهديدات التي يتعرض لها الاستقرار في دارفور والمنطقة؛ انتهاكات القانون الإنساني الدولي أو انتهاكات أو تجاوزات حقوق الإنسان، بما في ذلك الهجمات على السكان المدنيين، والعنف الجنسي والجنساني، والانتهاكات والاعتداءات الجسيمة ضد الأطفال، وغيرها من انتهاكات القرارات المذكورة أعلاه، وتزويد اللجنة مع معلومات عن الأفراد والكيانات الذين يستوفون معايير الإدراج في الفقرة 3 (ج) من القرار 1591؛,1.0,0.7655913978494624,0.9703388214111328,0.7607555089192025,5,5,4,3,1,1,success
2014/s/2014/93/50:1,en_ar_DEEP,TIER1_CLEAN_A,Wrong Word Order,القانون الدولي الإنساني,القانون الإنساني الدولي,exact_seq,19 - يطلب إلى فريق الخبراء أن يواصل تنسيق أنشطته، حسب الاقتضاء، مع أنشطة العملية المختلطة للاتحاد الأفريقي والأمم المتحدة في دارفور ومع الجهود الدولية الرامية إلى تعزيز العملية السياسية في دارفور، وأن يقدم في تقريريه المرحلي والنهائي تقييما للتقدم المحــرز نحو الحد من انتهاكات جميع الأطراف للتدابير المفروضة بمقتضى الفقرتين 7 و 8 من القرار 1556 (2005)، والفقرة 7 من القرار 1591 (2005)، والفقرة 10 من القرار 1945 (2010)، وللتقدم المحرز نحو إزالة العقبات التي تعيق العملية السياسية، والتهديدات التي تواجه الاستقرار في دارفور وفي المنطقة، وانتهاكات القانون الدولي الإنساني أو الانتهاكات أو التجاوزات في مجال حقــوق الإنســان، بما في ذلك الاعتداءات على السكان المدنيين، والعنــف الجنســي والجنساني، والانتهاكات والتجاوزات الجسيمة الأخرى المرتكبة في حق الأطفال، وسائــر انتهاكات القــرارات المذكــورة أعلاه، وأن يـــزود اللجنـــة بمعلومات عـــن الكيانــات والأفراد الذين يستوفون معايــير الإدراج فــي القائمـــة الــواردة فــي الفقــرة 3 (ج) من القرار 1591؛,19 - يطلب إلى فريق الخبراء أن يواصل تنسيق أنشطته، حسب الاقتضاء، مع عمليات العملية المختلطة للأمم المتحدة والاتحاد الأفريقي في دارفور ومع الجهود الدولية الرامية إلى تعزيز العملية السياسية في دارفور، وإجراء تقييم في مراحلها المؤقتة. والتقارير النهائية عن التقدم المحرز نحو الحد من انتهاكات جميع الأطراف للتدابير المفروضة بموجب الفقرتين 7 و 8 من القرار 1556 (2005)، والفقرة 7 من القرار 1591 (2005)، والفقرة 10 من القرار 1945 (2010)، والتقدم المحرز نحو إزالة العوائق أمام العملية السياسية والتهديدات التي يتعرض لها الاستقرار في دارفور والمنطقة؛ انتهاكات القانون الإنساني الدولي أو انتهاكات أو تجاوزات حقوق الإنسان، بما في ذلك الهجمات على السكان المدنيين، والعنف الجنسي والجنساني، والانتهاكات والاعتداءات الجسيمة ضد الأطفال، وغيرها من انتهاكات القرارات المذكورة أعلاه، وتزويد اللجنة مع معلومات عن الأفراد والكيانات الذين يستوفون معايير الإدراج في الفقرة 3 (ج) من القرار 1591؛,1.0,0.7655913978494624,0.9703388214111328,0.7607555089192025,5,5,4,3,1,1,success
2014/s/2014/932/27:2,en_ar_DEEPL,TIER1_CLEAN_A,Total Omission,تابع,[OMITTED],suffix_ة,وواصلت اللجنة النظر في ثلاثة طلبات إعفاء أخرى، أولها يتعلق باقتراح وكالة متخصصة تابعة للأمم المتحدة تقديمَ المساعدة التقنية إلى جمهورية إيران الإسلامية؛ والثاني يتعلق بطلب تلقته إحدى الدول من مركز جمهورية إيران الإسلامية لمكافحة الألغام، اقتُرح فيه التعاون مع تلك الدولة في مجال الإجراءات المتعلقة بالألغام؛ أما الطلب الثالث فيتعلق بطلب تلقته دولة عضو من جمهورية إيران الإسلامية لتدريب قواتها المسلحة.,وواصلت اللجنة النظر في ثلاثة طلبات للإعفاءات: الأول يتعلق بطلب من إحدى وكالات الأمم المتحدة المتخصصة لتقديم المساعدة التقنية إلى جمهورية إيران الإسلامية؛ والثاني يتعلق بطلب تلقته إحدى الدول من مركز جمهورية إيران الإسلامية للأعمال المتعلقة بالألغام اقتُرح فيه التعاون مع تلك الدولة في مجال الأعمال المتعلقة بالألغام؛ والثالث يتعلق بطلب تلقته إحدى الدول من جمهورية إيران الإسلامية للحصول على تدريب تقني للقوات المسلحة الإيرانية.,1.0,0.744131455399061,0.9600634574890136,0.7370892018779343,5,5,4,3,1,1,success
2014/s/2014/932/9:1,en_ar_DEEP,TIER1_CLEAN_A,Tanween Omission,عملاً,عملا,exact,١ - يغطي هذا التقرير الذي أعدته لجنة مجلس الأمن المنشأة عملاً بالقرار 1737 (2006) الفترة من 1 كانون الثاني/يناير إلى 31 كانون الأول/ديسمبر 2014.,١ - يغطي هذا التقرير الصادر عن لجنة مجلس الأمن المنشأة عملا بالقرار 1737 (2006) الفترة من 1 كانون الثاني/يناير إلى 31 كانون الأول/ديسمبر 2014.,1.0,0.9424460431654677,0.9903274178504944,0.9375,5,5,5,1,1,1,success
2014/s/2014/933/12:2,en_ar_DEEP,TIER1_CLEAN_A,Total Omission,حالة,[OMITTED],prefix_ال,وإننا نغتنم هذه الفرصة للنظر في الحالة السياسية والأمنية في منطقة الساحل والصحراء، فضلا عن الجهود الرامية إلى التغلب على التحديات القائمة وتعزيز السلام والأمن والاستقرار على نحو مستدام.,اغتنمنا هذه الفرصة للنظر في الوضع السياسي والأمني ​​في منطقة الساحل والصحراء، فضلا عن الجهود الرامية إلى التغلب على التحديات المطروحة وتعزيز السلام والأمن والاستقرار الدائمين.,1.0,0.8232044198895028,0.9798415303230286,0.8216216216216217,5,5,4,2,1,1,success
2014/s/2014/935/150:4,en_ar_DEEP,TIER1_CLEAN_A,Definiteness Shift,سلام,السلام,prefix_ال,وأضاف الفريق دوس سانتوس كروز أن مبادئ حفظ السلام التي تعمل بها الأمم المتحدة، وهي موافقة الأطراف والحياد وعدم استخدام القوة إلا في حالتي الدفاع عن النفس والدفاع عن الولاية، قد لا تنطبق دائما على الجماعات الإجرامية المسلحة في البعثات المعاصرة، وأنه يمكن استعراض تطبيقها وتعديله حسب التهديدات الراهنة وسياق العنف الذي يواجهه المدنيون الأبرياء وأفراد حفظ السلام في مناطق النـزاع.,وأضاف أن مبادئ الأمم المتحدة لحفظ السلام، وهي موافقة الأطراف والحياد وعدم استخدام القوة إلا في حالة الدفاع عن النفس والدفاع عن الولاية، قد لا تنطبق دائما على الجماعات الإجرامية المسلحة في البعثات المعاصرة، و وأن تطبيقها يمكن مراجعته وتعديله ليتناسب مع التهديدات المعاصرة وسياق العنف الذي يواجهه المدنيون الأبرياء وأفراد حفظ السلام في مناطق الصراع.,1.0,0.7661290322580645,0.9016085267066956,0.7712765957446809,5,5,4,3,1,1,success
2014/s/2014/935/54:3,en_ar_DEEPL,TIER1_CLEAN_A,Total Omission,تابع,[OMITTED],both_ال_ة,وفي هذا الصدد، اعتبرت أنه من الأهمية بمكان إتمام نشر القوة الإضافية التابعة لبعثة الأمم المتحدة في جنوب السودان.,وفي هذا الصدد، اعتبرت أنه من المهم أن يتم الانتهاء من نشر القوة الإضافية لبعثة الأمم المتحدة في جنوب السودان.,1.0,0.8348623853211009,0.987700343132019,0.8035714285714286,5,5,4,2,1,1,success
2014/s/2014/935/66:3,en_ar_DEEP,TIER1_CLEAN_A,Total Omission,حالة,[OMITTED],prefix_ال,واختتم اللواء موغيس عرضه محذرا من أن اقتراب موسم الجفاف يزيد من مخاطر تجدد الأعمال العدائية، ولهذا السبب زادت قوة الأمم المتحدة الأمنية المؤقتة لأبيي من عدد الدوريات المسيّرة، ولكنه شدد على أنه إذا لم يكن هناك حوار فلن يكون ممكنا منع تدهور الحالة في مرحلة ما.,واختتم الجنرال موجيس عرضه بالتحذير من أنه مع حلول موسم الجفاف، زاد خطر تجدد الأعمال العدائية، ولهذا السبب زادت قوة الأمم المتحدة الأمنية المؤقتة في أبيي من دورياتها، لكنه أكد أنه بدون الحوار لن يكون من الممكن منع تدهور الوضع في مرحلة ما.,1.0,0.7098039215686274,0.9609768986701964,0.7104247104247104,5,5,4,2,1,1,success
2014/s/2014/935/72:3,en_ar_DEEP,TIER1_CLEAN_A,Total Omission,المساعي,[OMITTED],exact,وأوضح أنه أجرى العديد من المناقشات مع الحكومة المغربية التي طلبت أولا، قبل قبول استئناف المساعي الدبلوماسية المكوكية، عقد اجتماع من أجل توضيح شواغلها بشأن التقرير الأخير للأمين العام (S/2014/258)، مؤكدة أن المغرب يرى أن ذلك سيسمح للعملية بالتقدم على نحو أمثل.,وقد أجرى العديد من الاتصالات مع الحكومة المغربية، التي طلبت، قبل قبول استئناف الدبلوماسية المكوكية، عقد اجتماع لتوضيح مخاوفها بشأن التقرير الأخير للأمين العام (S/2014/258)، موضحا أن المغرب يعتبر أن وهذا من شأنه أن يسمح للعملية بالمضي قدمًا بأفضل طريقة ممكنة.,1.0,0.7209302325581395,0.9353881478309632,0.6949806949806949,5,5,4,2,1,1,success
2014/s/2014/936/13:4,en_ar_DEEP,TIER1_CLEAN_A,Total Omission,بموجب,[OMITTED],suffix_ه,"وفي القرار نفسه، أدرج المجلس أيضا بعض الاستثناءات من التدابير الموجهة. وفي 5 كانون الأول/ديسمبر 2011، اتخذ مجلس الأمن القرار 2023 (2011)، الذي وسع بموجبه نطاق التدابير التقييدية المتعلقة بإريتريا في مجالات ""ضرائب الشتات""، وقطاع التعدين الإريتري والخدمات المالية.","وفي القرار نفسه، قدم المجلس أيضًا استثناءات معينة للتدابير المستهدفة. في 5 كانون الأول/ديسمبر 2011، اتخذ مجلس الأمن القرار 2023 (2011)، الذي وسع نطاق التدابير التقييدية المتعلقة بإريتريا في مجالات ""ضرائب الشتات""، وقطاع التعدين الإريتري والخدمات المالية.",1.0,0.9182879377431906,0.986096739768982,0.900763358778626,5,5,4,2,1,1,success
2014/s/2014/943/18:4,en_ar_DEEP,TIER1_CLEAN_A,Total Omission,بعثة,[OMITTED],exact,وخلال الفترة المشمولة بالتقرير، تم تعديل تشكيل الفريق المشترك للرصد والتحقق في غاو بحيث أصبح يشمل كافة الجماعات المسلحة الأعضاء في مجلس التنسيق وائتلاف الخطة التمهيدية وكذلك ممثلين من تشاد والجزائر وموريتانيا والنيجر. وفي الفترة من 19 إلى 22 تشرين الثاني/نوفمبر، أوفد فريق غاو بعثة لتقصي الحقائق إلى ديدي على جانبي نهر النيجر.,خلال الفترة المشمولة بالتقرير، تم تعديل تشكيل فريق المراقبة والتحقق المشترك في غاو ليشمل جميع أعضاء الجماعات المسلحة في التنسيق والمنصة، بالإضافة إلى ممثلين من الجزائر وتشاد وموريتانيا والنيجر. وفي الفترة من 19 إلى 22 نوفمبر/تشرين الثاني، أجرى فريق غاو مهمة لتقصي الحقائق في ديدي، على ضفتي نهر النيجر.,1.0,0.65527950310559,0.9710002541542052,0.6625766871165644,5,5,4,2,1,1,success
2014/s/2014/943/18:4,en_ar_DEEP,TIER1_CLEAN_A,Total Omission,بعثة,[OMITTED],exact,وخلال الفترة المشمولة بالتقرير، تم تعديل تشكيل الفريق المشترك للرصد والتحقق في غاو بحيث أصبح يشمل كافة الجماعات المسلحة الأعضاء في مجلس التنسيق وائتلاف الخطة التمهيدية وكذلك ممثلين من تشاد والجزائر وموريتانيا والنيجر. وفي الفترة من 19 إلى 22 تشرين الثاني/نوفمبر، أوفد فريق غاو بعثة لتقصي الحقائق إلى ديدي على جانبي نهر النيجر.,خلال الفترة المشمولة بالتقرير، تم تعديل تشكيل فريق المراقبة والتحقق المشترك في غاو ليشمل جميع أعضاء الجماعات المسلحة في التنسيق والمنصة، بالإضافة إلى ممثلين من الجزائر وتشاد وموريتانيا والنيجر. وفي الفترة من 19 إلى 22 نوفمبر/تشرين الثاني، أجرى فريق غاو مهمة لتقصي الحقائق في ديدي، على ضفتي نهر النيجر.,1.0,0.65527950310559,0.9710002541542052,0.6625766871165644,5,5,4,2,1,1,success
2014/s/2014/943/35:3,en_ar_DEEP,TIER1_CLEAN_A,Wrong Word Order,القانون الدولي الإنساني,القانون الإنساني الدولي,exact_seq,ويمكن اعتبار هذه الممارسة ضربا من ضروب الاختفاء القسري، وتمثل انتهاكا لالتزامات الجماعات المسلحة بموجب القانون الدولي الإنساني العرفي.,ويمكن اعتبار هذه الممارسة بمثابة اختفاء قسري، مما يشكل انتهاكًا لالتزامات الجماعات المسلحة بموجب القانون الإنساني الدولي العرفي.,1.0,0.8018018018018018,0.9678592085838318,0.7611940298507462,5,5,5,2,1,1,success
2014/s/2014/945/34:1,en_ar_TRANSFORMERS,TIER1_CLEAN_A,Total Omission,حالة,[OMITTED],prefix_ب,٢٧ - على الرغم من أن توقعات الاقتصاد الكلي لغرب أفريقيا في عام 2014 ظلت إيجابية بوجه عام، فقد أضر تفشي فيروس إيبولا بالاقتصادات المحلية، وبالمبادلات التجارية عبر الحدود، والأنشطة الزراعية، والصناعات الإنتاجية في البلدان المتضررة من تفشي المرض. وزاد معدل البطالة أيضا في قطاع التعدين والصناعات الاستخراجية. وفي 11 أيلول/سبتمبر، أعلن وزير المالية في ليبريا أن البلد يمر عمليا بحالة ركود ويعاني من انخفاض الإيرادات الحكومية بنسبة 20 في المائة.,27 - وفي حين ظلت الإسقاطات العامة للاقتصاد الكلي في غرب أفريقيا في عام 2014 إيجابية بوجه عام، كان لتفشي فيروس إيبولا أثر سلبي على الاقتصادات المحلية، والتجارة عبر الحدود، والأنشطة الزراعية، والصناعات الإنتاجية في البلدان المتضررة، كما ارتفعت البطالة في قطاعي التعدين والصناعات الاستخراجية، وفي 11 أيلول/سبتمبر، ذكر وزير المالية في ليبريا أن البلد يعاني من ركود من الناحية التقنية ويعاني من انخفاض بنسبة 20 في المائة في إيرادات الحكومة.,1.0,0.6536697247706422,0.962993860244751,0.6568181818181817,5,5,4,2,1,1,success
2014/s/2014/945/74:1,en_ar_DEEPL,TIER1_CLEAN_A,Terminology Substitution,العابرة,عبر الوطنية,exact,الاتجار بالمخدرات والجريمة المنظمة العابرة للحدود الوطنية,الاتجار بالمخدرات والجريمة المنظمة عبر الوطنية,1.0,0.7,0.9694818258285522,0.8070175438596492,5,5,5,1,1,1,success
2014/s/2014/957/26:2,en_ar_DEEP,TIER1_CLEAN_A,Total Omission,حالة,[OMITTED],prefix_ال,ووفقاً لما تظهره بوضوح الحالة في منطقة بيني، فإن الجهود التي تبذل لشل نشاط الجماعات المسلحة المنتشرة والمتمتعة بدعم الشبكات الإجرامية المحلية وعناصر من القوات المسلحة لجمهورية الكونغو الديمقراطية تستغرق بعض الوقت لكي تتجسد في نتائج ملموسة.,وكما يوضح الوضع في منطقة بيني، فإن الجهود المبذولة لتحييد الجماعات المسلحة المنتشرة والتي تتمتع بدعم الشبكات الإجرامية المحلية وعناصر القوات المسلحة لجمهورية الكونغو الديمقراطية تستغرق بعض الوقت لتترجم إلى نتائج ملموسة.,1.0,0.7957446808510639,0.9622456431388856,0.7949790794979079,5,5,5,2,1,1,success
2014/s/2014/957/60:2,en_ar_DEEP,TIER1_CLEAN_A,Total Omission,حالة,[OMITTED],prefix_ال,وهذا ما يؤثر على قدرة البعثة على نقل الأفراد النظاميين بسرعة لحماية المدنيين المعرضين للخطر في الغرب، إذ اقتضت الحالة ذلك، وكذلك دعم أنشطة الفريق القطري بشكل أعم.,ويؤثر هذا على قدرة البعثة على إعادة نشر الأفراد النظاميين بسرعة لحماية المدنيين المعرضين للتهديد في الغرب، إذا تطلب الوضع ذلك، فضلا عن دعم الأنشطة الأوسع نطاقا للفريق القطري.,1.0,0.6609195402298851,0.9089356660842896,0.6551724137931034,5,5,5,2,1,1,success
2014/s/2014/957/98:2,en_ar_DEEP,TIER1_CLEAN_A,Total Omission,حالة,[OMITTED],exact,وينبغي أن يكون خروجها تدريجيا وعلى مراحل بغرض الحفاظ على المكاسب والاستثمارات التي تحققت حتى الآن، وتجنب انتكاسة كبيرة تعيد البلد إلى حالة عدم الاستقرار أو النزاع.,ويجب أن يكون خروجها تدريجيًا وتدريجيًا للحفاظ على المكاسب والاستثمارات التي تحققت حتى الآن وتجنب الانتكاس الكبير إلى عدم الاستقرار أو الصراع.,1.0,0.7547169811320755,0.9478832483291626,0.7361963190184049,5,5,4,2,1,1,success
2014/s/2014/96/35:1,en_ar_DEEP,TIER1_CLEAN_A,Terminology Substitution,يهيب,يدعو,exact,12 - يهيب بحكومة بوروندي أن تواصل بذل جهودها لضمان تعزيز وحماية حقوق الإنسان وأن تقوم، جنبا إلى جنب مع شركائها الدوليين، بدعم وتعزيز قدرات اللجنة الوطنية المستقلة لحقوق الإنسان ومكتب أمين المظالم، وفقا لقرار الجمعية العامة A/RES/48/134 المتعلق بالمؤسسات الوطنية لتعزيز وحماية حقوق الإنسان، ويهيب كذلك بالحكومة أن تواصل محاربتها للإفلات من العقاب وأن تتخذ التدابير اللازمة لضمان التمتع الكامل بالحقوق المدنية والسياسية والاجتماعية والاقتصادية والثقافية، على النحو المكرس في دستور بوروندي ووفقا للالتزامات الواقعة عليها بموجب القانون الدولي؛,12 - يهيب بحكومة بوروندي أن تواصل جهودها الرامية إلى ضمان تعزيز حقوق الإنسان وحمايتها وأن تقوم، بالتعاون مع شركائها الدوليين، بدعم وتعزيز قدرات اللجنة الوطنية المستقلة لحقوق الإنسان ومكتب أمين المظالم وفقا لما يلي: مع قرار الجمعية العامة A/RES/48/134 بشأن المؤسسات الوطنية لتعزيز وحماية حقوق الإنسان، ويدعو الحكومة كذلك إلى مواصلة كفاحها ضد الإفلات من العقاب واتخاذ التدابير اللازمة لضمان التمتع الكامل بالحقوق المدنية والسياسية والحقوق الاجتماعية والاقتصادية والثقافية على النحو المنصوص عليه في دستور بوروندي ووفقا لالتزاماتها بموجب القانون الدولي؛,1.0,0.7669724770642201,0.9856064915657043,0.7759562841530054,5,5,4,3,1,1,success
2014/s/agenda/7116/4:1,en_ar_DEEP,TIER1_CLEAN_A,Total Omission,حالة,[OMITTED],prefix_ال,2 - الحالة في الشرق الأوسط.,2. الوضع في الشرق الأوسط.,1.0,0.8,0.974561095237732,0.7777777777777778,5,5,5,1,1,1,success
2014/s/inf/68/1915:1,en_ar_DEEP,TIER1_CLEAN_A,Total Omission,حالة,[OMITTED],prefix_ال,"""الحالة في جمهورية أفريقيا الوسطى","""الوضع في جمهورية أفريقيا الوسطى",1.0,0.90625,0.9837498664855956,0.8787878787878788,5,5,5,1,1,1,success
2014/s/inf/68/2672:1,en_ar_TRANSFORMERS,TIER1_CLEAN_A,Total Omission,تابع,[OMITTED],both_ال_ة,"ونظر المجلس، في جلسته 6881، المعقودة في 7 كانون الأول/ديسمبر 2012، في البند المعنون ""إحاطات إعلامية يقدمها رؤساء الهيئات الفرعية التابعة لمجلس الأمن"".","ونظر المجلس، في جلسته 6881، المعقودة في 7 كانون الأول/ديسمبر 2012، في البند المعنون "" إحاطات مقدمة من رؤساء الهيئات الفرعية لمجلس الأمن"".",1.0,0.8972602739726028,0.9525115489959716,0.8733333333333333,5,5,5,2,1,1,success
2014/s/nc/2013/1/61:1,en_ar_DEEP,TIER1_CLEAN_A,Total Omission,حالة,[OMITTED],prefix_ال,الحالة في جمهورية أفريقيا الوسطى,الوضع في جمهورية أفريقيا الوسطى,1.0,0.9032258064516128,0.9730166792869568,0.875,5,5,5,1,1,1,success
2014/s/prst/2014/23/36:1,en_ar_DEEP,TIER1_CLEAN_A,Invalid Pattern,معدات,أعتدة,prefix_وال,''ويعرب مجلس الأمن عن قلقه من أن الطائرات أو وسائل النقل الأخرى التي تنطلق من الأراضي التي يسيطر عليها تنظيم الدولة الإسلامية في العراق والشام وجبهة النصرة يمكن استغلالها لنقل الذهب أو الأصناف الثمينة الأخرى والموارد الاقتصادية لتُباع في الأسواق الدولية، أو لنقل الأسلحة والمعدات ليستخدمها تنظيم الدولة الإسلامية في العراق والشام وجبهة النصرة، ويشير إلى أن من يشارك في هذه الأنشطة من الأفراد أو الكيانات قد يحق عليهم الإدراج في قائمة الجزاءات من قبل اللجنة المنبثقة عن القرارين 1267 و 1989؛ ويعرب عن قلقه مما تتناقله التقارير من أن أصنافا ذات أهمية أركيولوجية وتاريخية وثقافية ودينية تُنقل بطرق غير قانونية إلى خارج الأراضي التي يسيطر عليها تنظيم الدولة الإسلامية في العراق والشام وجبهة النصرة، وهو ما قد تجني منه الجماعتان إيرادات، ويدعو الدول الأعضاء إلى اتخاذ التدابير الملائمة لمنع هذا النشاط التجاري غير القانوني؛ ويذكر في هذا الصدد جميع الدول أنها مطالبة بأن تعمل كي لا تُتاح أي أموال أو أصول مالية أو موارد اقتصادية، بصورة مباشرة أو غير مباشرة، لمصلحة تنظيم الدولة الإسلامية في العراق والشام وجبهة النصرة وسائر الأفراد والجماعات والمؤسسات والكيانات المرتبطة بتنظيم القاعدة؛ ويتطلع إلى أن تنظر اللجنة المعنية بالجزاءات المفروضة على تنظيم القاعدة نظرة متعمقة في التوصيات ذات الصلة المتعلقة بالتدابير الجديدة الكفيلة بتثبيط هذه الأنشطة كما وردت في التقرير الذي أعده فريق الدعم التحليلي ورصد تنفيذ الجزاءات المفروضة على تنظيم القاعدة عملا بالقرار 2170، وذلك بهدف مواصلة تثبيط الأنشطة التي تقوم بها تلك الجماعات.,"""ويعرب مجلس الأمن عن قلقه من احتمال استخدام الطائرات أو وسائل النقل الأخرى المغادرة من الأراضي التي يسيطر عليها تنظيم الدولة الإسلامية وجبهة النصرة لنقل الذهب أو غيره من الأصناف الثمينة والموارد الاقتصادية لبيعها في الأسواق الدولية، أو لنقل الأسلحة والأعتدة ليستخدمها تنظيم الدولة الإسلامية في العراق والشام وجبهة النصرة. ANF، ويلاحظ أن الأفراد أو الكيانات المشاركة في هذه الأنشطة قد يكونون مؤهلين لإدراجهم في القائمة من قبل اللجنة المنشأة عملاً بالقرار 1267/1989، ويعرب عن قلقه إزاء التقارير التي تفيد بأن العناصر ذات الأهمية الأثرية والتاريخية والثقافية والدينية يتم نقلها بشكل غير قانوني من الأراضي التي يسيطر عليها تنظيم الدولة الإسلامية؛ وجبهة النصرة التي قد تدر دخلا لهذه المجموعات، ويدعو الدول الأعضاء إلى اتخاذ التدابير المناسبة لمنع مثل هذا الاتجار غير المشروع، وفي هذا الصدد، يذكر جميع الدول بأنها مطالبة بضمان عدم وجود أموال أو أصول مالية أو موارد اقتصادية؛ وإتاحتها، بشكل مباشر أو غير مباشر، لصالح تنظيم داعش وجبهة النصرة وجميع الأفراد والجماعات والمؤسسات والكيانات الأخرى المرتبطة بتنظيم القاعدة؛ ويتطلع إلى أن تنظر لجنة تنظيم القاعدة بشكل شامل في التوصيات ذات الصلة المتعلقة بالتدابير الجديدة لتعطيل هذه الأنشطة الواردة في تقرير فريق الدعم التحليلي ورصد الجزاءات التابع لتنظيم القاعدة عملا بالقرار 2170، بهدف مواصلة تعطيل هذه الأنشطة. أنشطة تلك المجموعات.",1.0,0.6593328601845281,0.9691890478134156,0.6577086280056577,5,5,4,3,1,1,success
2014/s/prst/2014/23/36:1,en_ar_DEEP,TIER1_CLEAN_A,Invalid Pattern,معدات,أعتدة,prefix_وال,''ويعرب مجلس الأمن عن قلقه من أن الطائرات أو وسائل النقل الأخرى التي تنطلق من الأراضي التي يسيطر عليها تنظيم الدولة الإسلامية في العراق والشام وجبهة النصرة يمكن استغلالها لنقل الذهب أو الأصناف الثمينة الأخرى والموارد الاقتصادية لتُباع في الأسواق الدولية، أو لنقل الأسلحة والمعدات ليستخدمها تنظيم الدولة الإسلامية في العراق والشام وجبهة النصرة، ويشير إلى أن من يشارك في هذه الأنشطة من الأفراد أو الكيانات قد يحق عليهم الإدراج في قائمة الجزاءات من قبل اللجنة المنبثقة عن القرارين 1267 و 1989؛ ويعرب عن قلقه مما تتناقله التقارير من أن أصنافا ذات أهمية أركيولوجية وتاريخية وثقافية ودينية تُنقل بطرق غير قانونية إلى خارج الأراضي التي يسيطر عليها تنظيم الدولة الإسلامية في العراق والشام وجبهة النصرة، وهو ما قد تجني منه الجماعتان إيرادات، ويدعو الدول الأعضاء إلى اتخاذ التدابير الملائمة لمنع هذا النشاط التجاري غير القانوني؛ ويذكر في هذا الصدد جميع الدول أنها مطالبة بأن تعمل كي لا تُتاح أي أموال أو أصول مالية أو موارد اقتصادية، بصورة مباشرة أو غير مباشرة، لمصلحة تنظيم الدولة الإسلامية في العراق والشام وجبهة النصرة وسائر الأفراد والجماعات والمؤسسات والكيانات المرتبطة بتنظيم القاعدة؛ ويتطلع إلى أن تنظر اللجنة المعنية بالجزاءات المفروضة على تنظيم القاعدة نظرة متعمقة في التوصيات ذات الصلة المتعلقة بالتدابير الجديدة الكفيلة بتثبيط هذه الأنشطة كما وردت في التقرير الذي أعده فريق الدعم التحليلي ورصد تنفيذ الجزاءات المفروضة على تنظيم القاعدة عملا بالقرار 2170، وذلك بهدف مواصلة تثبيط الأنشطة التي تقوم بها تلك الجماعات.,"""ويعرب مجلس الأمن عن قلقه من احتمال استخدام الطائرات أو وسائل النقل الأخرى المغادرة من الأراضي التي يسيطر عليها تنظيم الدولة الإسلامية وجبهة النصرة لنقل الذهب أو غيره من الأصناف الثمينة والموارد الاقتصادية لبيعها في الأسواق الدولية، أو لنقل الأسلحة والأعتدة ليستخدمها تنظيم الدولة الإسلامية في العراق والشام وجبهة النصرة. ANF، ويلاحظ أن الأفراد أو الكيانات المشاركة في هذه الأنشطة قد يكونون مؤهلين لإدراجهم في القائمة من قبل اللجنة المنشأة عملاً بالقرار 1267/1989، ويعرب عن قلقه إزاء التقارير التي تفيد بأن العناصر ذات الأهمية الأثرية والتاريخية والثقافية والدينية يتم نقلها بشكل غير قانوني من الأراضي التي يسيطر عليها تنظيم الدولة الإسلامية؛ وجبهة النصرة التي قد تدر دخلا لهذه المجموعات، ويدعو الدول الأعضاء إلى اتخاذ التدابير المناسبة لمنع مثل هذا الاتجار غير المشروع، وفي هذا الصدد، يذكر جميع الدول بأنها مطالبة بضمان عدم وجود أموال أو أصول مالية أو موارد اقتصادية؛ وإتاحتها، بشكل مباشر أو غير مباشر، لصالح تنظيم داعش وجبهة النصرة وجميع الأفراد والجماعات والمؤسسات والكيانات الأخرى المرتبطة بتنظيم القاعدة؛ ويتطلع إلى أن تنظر لجنة تنظيم القاعدة بشكل شامل في التوصيات ذات الصلة المتعلقة بالتدابير الجديدة لتعطيل هذه الأنشطة الواردة في تقرير فريق الدعم التحليلي ورصد الجزاءات التابع لتنظيم القاعدة عملا بالقرار 2170، بهدف مواصلة تعطيل هذه الأنشطة. أنشطة تلك المجموعات.",1.0,0.6593328601845281,0.9691890478134156,0.6577086280056577,5,5,4,3,1,1,success
2014/s/prst/2014/23/36:1,en_ar_DEEP,TIER1_CLEAN_A,Invalid Pattern,معدات,أعتدة,prefix_وال,''ويعرب مجلس الأمن عن قلقه من أن الطائرات أو وسائل النقل الأخرى التي تنطلق من الأراضي التي يسيطر عليها تنظيم الدولة الإسلامية في العراق والشام وجبهة النصرة يمكن استغلالها لنقل الذهب أو الأصناف الثمينة الأخرى والموارد الاقتصادية لتُباع في الأسواق الدولية، أو لنقل الأسلحة والمعدات ليستخدمها تنظيم الدولة الإسلامية في العراق والشام وجبهة النصرة، ويشير إلى أن من يشارك في هذه الأنشطة من الأفراد أو الكيانات قد يحق عليهم الإدراج في قائمة الجزاءات من قبل اللجنة المنبثقة عن القرارين 1267 و 1989؛ ويعرب عن قلقه مما تتناقله التقارير من أن أصنافا ذات أهمية أركيولوجية وتاريخية وثقافية ودينية تُنقل بطرق غير قانونية إلى خارج الأراضي التي يسيطر عليها تنظيم الدولة الإسلامية في العراق والشام وجبهة النصرة، وهو ما قد تجني منه الجماعتان إيرادات، ويدعو الدول الأعضاء إلى اتخاذ التدابير الملائمة لمنع هذا النشاط التجاري غير القانوني؛ ويذكر في هذا الصدد جميع الدول أنها مطالبة بأن تعمل كي لا تُتاح أي أموال أو أصول مالية أو موارد اقتصادية، بصورة مباشرة أو غير مباشرة، لمصلحة تنظيم الدولة الإسلامية في العراق والشام وجبهة النصرة وسائر الأفراد والجماعات والمؤسسات والكيانات المرتبطة بتنظيم القاعدة؛ ويتطلع إلى أن تنظر اللجنة المعنية بالجزاءات المفروضة على تنظيم القاعدة نظرة متعمقة في التوصيات ذات الصلة المتعلقة بالتدابير الجديدة الكفيلة بتثبيط هذه الأنشطة كما وردت في التقرير الذي أعده فريق الدعم التحليلي ورصد تنفيذ الجزاءات المفروضة على تنظيم القاعدة عملا بالقرار 2170، وذلك بهدف مواصلة تثبيط الأنشطة التي تقوم بها تلك الجماعات.,"""ويعرب مجلس الأمن عن قلقه من احتمال استخدام الطائرات أو وسائل النقل الأخرى المغادرة من الأراضي التي يسيطر عليها تنظيم الدولة الإسلامية وجبهة النصرة لنقل الذهب أو غيره من الأصناف الثمينة والموارد الاقتصادية لبيعها في الأسواق الدولية، أو لنقل الأسلحة والأعتدة ليستخدمها تنظيم الدولة الإسلامية في العراق والشام وجبهة النصرة. ANF، ويلاحظ أن الأفراد أو الكيانات المشاركة في هذه الأنشطة قد يكونون مؤهلين لإدراجهم في القائمة من قبل اللجنة المنشأة عملاً بالقرار 1267/1989، ويعرب عن قلقه إزاء التقارير التي تفيد بأن العناصر ذات الأهمية الأثرية والتاريخية والثقافية والدينية يتم نقلها بشكل غير قانوني من الأراضي التي يسيطر عليها تنظيم الدولة الإسلامية؛ وجبهة النصرة التي قد تدر دخلا لهذه المجموعات، ويدعو الدول الأعضاء إلى اتخاذ التدابير المناسبة لمنع مثل هذا الاتجار غير المشروع، وفي هذا الصدد، يذكر جميع الدول بأنها مطالبة بضمان عدم وجود أموال أو أصول مالية أو موارد اقتصادية؛ وإتاحتها، بشكل مباشر أو غير مباشر، لصالح تنظيم داعش وجبهة النصرة وجميع الأفراد والجماعات والمؤسسات والكيانات الأخرى المرتبطة بتنظيم القاعدة؛ ويتطلع إلى أن تنظر لجنة تنظيم القاعدة بشكل شامل في التوصيات ذات الصلة المتعلقة بالتدابير الجديدة لتعطيل هذه الأنشطة الواردة في تقرير فريق الدعم التحليلي ورصد الجزاءات التابع لتنظيم القاعدة عملا بالقرار 2170، بهدف مواصلة تعطيل هذه الأنشطة. أنشطة تلك المجموعات.",1.0,0.6593328601845281,0.9691890478134156,0.6577086280056577,5,5,4,3,1,1,success
2014/s/prst/2014/23/36:1,en_ar_DEEP,TIER1_CLEAN_A,Invalid Pattern,معدات,أعتدة,prefix_وال,''ويعرب مجلس الأمن عن قلقه من أن الطائرات أو وسائل النقل الأخرى التي تنطلق من الأراضي التي يسيطر عليها تنظيم الدولة الإسلامية في العراق والشام وجبهة النصرة يمكن استغلالها لنقل الذهب أو الأصناف الثمينة الأخرى والموارد الاقتصادية لتُباع في الأسواق الدولية، أو لنقل الأسلحة والمعدات ليستخدمها تنظيم الدولة الإسلامية في العراق والشام وجبهة النصرة، ويشير إلى أن من يشارك في هذه الأنشطة من الأفراد أو الكيانات قد يحق عليهم الإدراج في قائمة الجزاءات من قبل اللجنة المنبثقة عن القرارين 1267 و 1989؛ ويعرب عن قلقه مما تتناقله التقارير من أن أصنافا ذات أهمية أركيولوجية وتاريخية وثقافية ودينية تُنقل بطرق غير قانونية إلى خارج الأراضي التي يسيطر عليها تنظيم الدولة الإسلامية في العراق والشام وجبهة النصرة، وهو ما قد تجني منه الجماعتان إيرادات، ويدعو الدول الأعضاء إلى اتخاذ التدابير الملائمة لمنع هذا النشاط التجاري غير القانوني؛ ويذكر في هذا الصدد جميع الدول أنها مطالبة بأن تعمل كي لا تُتاح أي أموال أو أصول مالية أو موارد اقتصادية، بصورة مباشرة أو غير مباشرة، لمصلحة تنظيم الدولة الإسلامية في العراق والشام وجبهة النصرة وسائر الأفراد والجماعات والمؤسسات والكيانات المرتبطة بتنظيم القاعدة؛ ويتطلع إلى أن تنظر اللجنة المعنية بالجزاءات المفروضة على تنظيم القاعدة نظرة متعمقة في التوصيات ذات الصلة المتعلقة بالتدابير الجديدة الكفيلة بتثبيط هذه الأنشطة كما وردت في التقرير الذي أعده فريق الدعم التحليلي ورصد تنفيذ الجزاءات المفروضة على تنظيم القاعدة عملا بالقرار 2170، وذلك بهدف مواصلة تثبيط الأنشطة التي تقوم بها تلك الجماعات.,"""ويعرب مجلس الأمن عن قلقه من احتمال استخدام الطائرات أو وسائل النقل الأخرى المغادرة من الأراضي التي يسيطر عليها تنظيم الدولة الإسلامية وجبهة النصرة لنقل الذهب أو غيره من الأصناف الثمينة والموارد الاقتصادية لبيعها في الأسواق الدولية، أو لنقل الأسلحة والأعتدة ليستخدمها تنظيم الدولة الإسلامية في العراق والشام وجبهة النصرة. ANF، ويلاحظ أن الأفراد أو الكيانات المشاركة في هذه الأنشطة قد يكونون مؤهلين لإدراجهم في القائمة من قبل اللجنة المنشأة عملاً بالقرار 1267/1989، ويعرب عن قلقه إزاء التقارير التي تفيد بأن العناصر ذات الأهمية الأثرية والتاريخية والثقافية والدينية يتم نقلها بشكل غير قانوني من الأراضي التي يسيطر عليها تنظيم الدولة الإسلامية؛ وجبهة النصرة التي قد تدر دخلا لهذه المجموعات، ويدعو الدول الأعضاء إلى اتخاذ التدابير المناسبة لمنع مثل هذا الاتجار غير المشروع، وفي هذا الصدد، يذكر جميع الدول بأنها مطالبة بضمان عدم وجود أموال أو أصول مالية أو موارد اقتصادية؛ وإتاحتها، بشكل مباشر أو غير مباشر، لصالح تنظيم داعش وجبهة النصرة وجميع الأفراد والجماعات والمؤسسات والكيانات الأخرى المرتبطة بتنظيم القاعدة؛ ويتطلع إلى أن تنظر لجنة تنظيم القاعدة بشكل شامل في التوصيات ذات الصلة المتعلقة بالتدابير الجديدة لتعطيل هذه الأنشطة الواردة في تقرير فريق الدعم التحليلي ورصد الجزاءات التابع لتنظيم القاعدة عملا بالقرار 2170، بهدف مواصلة تعطيل هذه الأنشطة. أنشطة تلك المجموعات.",1.0,0.6593328601845281,0.9691890478134156,0.6577086280056577,5,5,4,3,1,1,success
2014/s/prst/2014/3/1038:1,en_ar_DEEP,TIER1_CLEAN_A,Terminology Substitution,يهيب,يدعو,exact,يعرب عن بالغ القلق إزاء تمادي بعض الأطراف في ارتكاب الانتهاكات والتجاوزات ضد الأطفال في حالات النـزاع المسلح، في تجاهل سافر لقراراته بشأن هذه المسألة، وفي هذا الصدد: (أ) يهيب بالدول الأعضاء المعنية محاكمة المسؤولين عن ارتكاب هذه الانتهاكات عن طريق نظم العدالة الوطنية وآليات العدالة الدولية، حيثما ينطبق ذلك؛ و (ب) يكرر تأكيد استعداده لاتخاذ تدابير محددة الهدف وتدريجية ضد من يتمادى في ارتكاب الانتهاكات، آخذا في اعتباره الأحكام ذات الصلة من قراراته 1539 (2004) و 1612 (2005) و 1882 (2009) و 1998 (2011)؛,يعرب عن بالغ القلق من استمرار بعض الجناة في ارتكاب الانتهاكات والاعتداءات ضد الأطفال في حالات النزاع المسلح في تجاهل صارخ لقراراته بشأن هذه المسألة، وفي هذا الصدد: (أ) يدعو الدول الأعضاء المعنية إلى تقديم المسؤولين عن هذه الانتهاكات إلى العدالة الانتهاكات من خلال أنظمة العدالة الوطنية، وآليات العدالة الدولية حيثما ينطبق ذلك؛ (ب) يكرر استعداده لاعتماد تدابير محددة الهدف ومتدرجة ضد من يتمادى في ارتكاب الجرائم، مع مراعاة الأحكام ذات الصلة من قراراته 1539 (2004) و 1612 (2005) و 1882 (2009) و 1998 (2011)؛,1.0,0.812375249500998,0.9739536046981812,0.807920792079208,5,5,4,3,1,1,success
2014/s/prst/2014/3/1042:1,en_ar_DEEP,TIER1_CLEAN_A,Total Omission,أخرى,[OMITTED],exact,يطالب بأن تمنع كل الجماعات المسلحة، وخاصة عناصر [الجماعة المسلحة المحددة]، تجنيدَ الأطفال واستغلالهم، ويطالب كذلك بأن توفر الأطراف كافة الحمايةَ للأطفال الذين أطلق سراحهم أو فُصلوا بأي طريقة أخرى عن القوات المسلحة والجماعات المسلحة وأن تعتبرهم ضحايا، ويشدد على ضرورة إيلاء عناية خاصة إلى حماية جميع الأطفال المرتبطين بالجماعات المسلحة وإطلاق سراحهم وإعادة إدماجهم؛,يطالب جميع الجماعات المسلحة، ولا سيما عناصر [جماعة مسلحة محددة] بمنع تجنيد الأطفال واستخدامهم، ويطالب كذلك جميع الأطراف بحماية الأطفال الذين أطلق سراحهم أو فصلوا عن القوات المسلحة والجماعات المسلحة واعتبارهم ضحايا، ويؤكد الحاجة إلى إيلاء اهتمام خاص لحماية جميع الأطفال المرتبطين بالجماعات المسلحة وإطلاق سراحهم وإعادة إدماجهم؛,1.0,0.7638888888888888,0.971853256225586,0.7554945054945055,5,5,4,2,1,1,success
2014/s/prst/2014/3/1083:1,en_ar_DEEP,TIER1_CLEAN_A,Terminology Substitution,يهيب,يدعو,prefix_و,يشير إلى الاستنتاجات التي أقرها الفريق العامل التابع لمجلس الأمن المعني بالأطفال والنـزاع المسلح في [البلد المعني] ...، ويهيب بجميع الأطراف أن تكف عن الانتهاكات والاعتداءات الخطيرة في حق الأطفال في [البلد المعني]، ويحث الحكومة ... على إعداد وتنفيذ خطة عمل ملموسة وعملية ومحدودة زمنيا لوقف تجنيد الأطفال واستخدامهم، ويطلب إلى الأمين العام أن يواصل إجراء حوار مع الحكومة ... في هذا الصدد، ويكرر تأكيد طلبه إلى الأمين العام تعزيز عنصر حماية الأطفال في [البعثة] وكفالة مواصلة رصد حالة الأطفال في [البلد المعني] والإبلاغ عنها؛,يشير إلى الاستنتاجات التي أقرها الفريق العامل التابع لمجلس الأمن المعني بالأطفال والنزاع المسلح في [البلد المتضرر] ...، ويدعو جميع الأطراف إلى وضع حد للانتهاكات والتجاوزات الجسيمة المرتكبة ضد الأطفال في [البلد المتضرر]، ويحث ... على الحكومة وضع وتنفيذ خطة عمل محددة ومحددة زمنيا لوقف تجنيد الأطفال واستخدامهم، ويطلب إلى الأمين العام أن يواصل حواره مع ... الحكومة في هذا الصدد، ويكرر طلبه إلى الأمين العام أن: تعزيز عنصر حماية الطفل في [البعثة] وضمان استمرار الرصد والإبلاغ عن حالة الأطفال في [البلد المتضرر]؛,1.0,0.7350096711798839,0.983733057975769,0.7312859884836852,5,5,4,3,1,1,success
2014/s/prst/2014/3/1192:1,en_ar_DEEP,TIER1_CLEAN_A,Register Mismatch,ملائم,مناسب,both_ال_ة,يطالب جميع أطراف النـزاع بأن تتخذ على الفور التدابير الملائمة لحماية المدنيين، بما يشمل النساء والأطفال، من جميع أشكال العنف الجنسي، تمشياً مع القرار 1820 (2008)؛,يطالب أطراف النزاع باتخاذ التدابير المناسبة فوراً لحماية المدنيين، بمن فيهم النساء والأطفال، من جميع أشكال العنف الجنسي، تماشياً مع القرار 1820 (2008).,1.0,0.802547770700637,0.9594337940216064,0.7839506172839507,5,5,5,2,1,1,success
2014/s/prst/2014/3/11:1,en_ar_DEEP,TIER1_CLEAN_A,Definiteness Shift,سلام,السلام,prefix_ال,"""ويشير مجلس الأمن إلى تصميمه على الارتقاء بالإشراف الاستراتيجي الذي تقوم به عمليات حفظ السلام إدراكاً منه للدور الهام الذي تؤديه عمليات حفظ السلام لحماية المدنيين ويؤكد من جديد دعمه للجهود التي يبذلها الأمين العام من أجل استعراض عمليات حفظ السلام وتوفير تخطيط ودعم معززيْن لها، ويجدد تشجيعه على تعميق هذه الجهود، في شراكة مع البلدان المساهِمة بقوات وبأفراد شرطة وغيرها من أصحاب المصلحة المعنيين.","""ويشير مجلس الأمن إلى تصميمه على رفع مستوى الرقابة الاستراتيجية على عمليات حفظ السلام، مع مراعاة الدور الهام الذي تؤديه عمليات حفظ السلام في حماية المدنيين، ويؤكد من جديد دعمه للجهود التي يبذلها الأمين العام لاستعراض عمليات حفظ السلام وتوفير التخطيط المعزز ويدعم ويجدد تشجيعه لتعميق هذه الجهود، بالشراكة مع البلدان المساهمة بقوات عسكرية وشرطة وغيرها من أصحاب المصلحة المعنيين.",1.0,0.7979539641943734,0.98125958442688,0.8025316455696203,5,5,4,3,1,1,success
2014/s/prst/2014/3/1253:1,en_ar_DEEP,TIER1_CLEAN_A,Terminology Substitution,المعنية,ذات الصلة,exact,يقرر سريان التدابير المشار إليها في الفقرة [المعنية] أعلاه [تدابير حظر السفر وتجميد الأصول] على الأفراد التالين، وعلى الكيانات التالية، حسب الاقتضاء، ووفقاً لما تحدده اللجنة: ... (هـ) الأفراد أو الكيانات العاملون في [البلد المعني] الذين يرتكبون انتهاكات جسيمة تنطوي على استهداف الأطفال أو النساء في حالات النـزاع المسلح، بما في ذلك القتل والتشويه والعنف الجنسي والاختطاف والتشريد القسري؛,يقرر أن التدابير المشار إليها في الفقرة [ذات الصلة] ... أعلاه [حظر السفر وتجميد الأصول] تنطبق على الأفراد التاليين، وحسب الاقتضاء، الكيانات، على النحو الذي حددته اللجنة: ... (هـ) الأفراد أو الكيانات العاملة في [البلد المتضرر] وترتكب انتهاكات خطيرة تنطوي على استهداف ... النساء في حالات النزاع المسلح، بما في ذلك القتل والتشويه والعنف الجنسي والاختطاف والتشريد القسري؛,1.0,0.7763157894736842,0.9539834856987,0.7622739018087855,5,5,4,3,1,1,success
2014/s/prst/2014/3/1270:1,en_ar_DEEP,TIER1_CLEAN_A,Terminology Substitution,المعنية,ذات الصلة,exact,وإذ يعرب عن قلقه من التقارير المتواصلة عن الإساءات المرتكبة في مجال حقوق الإنسان وانتهاكات القانون الإنساني الدولي، بما في ذلك ما يرتكب منها في حق النساء والأطفال، فضلا عن التقارير الواردة عن ازدياد حوادث العنف الجنسي لا سيما التي يرتكبها رجال مسلحون، وإذ يشدد على أهمية التحقيق في هذه الانتهاكات والإساءات المزعوم ارتكابها من قبل جميع الأطراف، بغض النظر عن مركزها أو انتمائها السياسي، ويشمل ذلك الانتهاكات التي وقعت أثناء الأزمة [المعنية]، بما في ذلك ...، وإذ يجدد التأكيد على وجوب مساءلة المسؤولين عن تلك الانتهاكات، وإذ يلاحظ التزامات [الكيان المعني] في هذا الصدد،,وإذ يعرب عن قلقه إزاء التقارير المستمرة عن انتهاكات حقوق الإنسان وانتهاكات القانون الإنساني الدولي، بما في ذلك ضد النساء والأطفال، بما في ذلك التقارير عن زيادة حوادث العنف الجنسي، ولا سيما تلك المنسوبة إلى رجال مسلحين، مشددا على أهمية التحقيق في هذه الانتهاكات والتجاوزات المزعومة التي ارتكبتها جميع الأطراف، بغض النظر عن وضعها أو انتماءاتها السياسية، بما في ذلك تلك التي حدثت طوال الأزمة [ذات الصلة]، بما في ذلك ... التأكيد من جديد على وجوب محاسبة المسؤولين عن هذه الانتهاكات والإشارة إلى التزامات [الكيان المعني] في هذا الصدد،,1.0,0.7035714285714285,0.983489990234375,0.6948853615520283,5,5,4,2,1,1,success
2014/s/prst/2014/3/1278:1,en_ar_DEEP,TIER1_CLEAN_A,Total Omission,خاص,[OMITTED],exact,وإذ يدين بوجه خاص العنف الجنسي الذي ترتكبه [الميليشيات والجماعات المسلحة وكذلك عناصر من القوات المسلحة والشرطة الوطنية] ودوائر الأمن والاستخبارات الأخرى، ويؤكد الحاجة الملحة إلى قيام [الدولة المعنية]، بالتعاون مع [بعثة حفظ السلام] والجهات الفاعلة الأخرى ذات الصلة، بوضع حد لهذا العنف ومحاكمة مرتكبيه وكبار القادة الذين يعمل هؤلاء المجرمون تحت إمرتهم، وإذ يهيب بالدول الأعضاء تقديم المساعدة في هذا المجال ومواصلة تقديم المساعدة الطبية والإنسانية وغيرها من أشكال المساعدة إلى الضحايا،,وإذ يدين على وجه الخصوص العنف الجنسي الذي ترتكبه [الميليشيات والجماعات المسلحة وكذلك عناصر القوات المسلحة وقوات الشرطة الوطنية] وغيرها من أجهزة الأمن والاستخبارات، ويشدد على الحاجة الملحة إلى قيام [الدولة المتضررة]، بالتعاون مع [بعثة حفظ السلام] والجهات الفاعلة الأخرى ذات الصلة، إلى إنهاء هذا العنف وتقديم مرتكبيه، وكذلك كبار القادة الذين يعملون تحت إمرتهم، إلى العدالة، وإذ يدعو الدول الأعضاء إلى المساعدة في هذا الصدد ومواصلة تقديم المساعدة الطبية والإنسانية وغيرها من أشكال المساعدة إلى الضحايا.,1.0,0.7875751503006012,0.9776646494865416,0.7915831663326653,1,5,4,2,1,1,success
2014/s/prst/2014/3/1278:1,en_ar_DEEP,TIER1_CLEAN_A,Total Omission,خاص,[OMITTED],exact,وإذ يدين بوجه خاص العنف الجنسي الذي ترتكبه [الميليشيات والجماعات المسلحة وكذلك عناصر من القوات المسلحة والشرطة الوطنية] ودوائر الأمن والاستخبارات الأخرى، ويؤكد الحاجة الملحة إلى قيام [الدولة المعنية]، بالتعاون مع [بعثة حفظ السلام] والجهات الفاعلة الأخرى ذات الصلة، بوضع حد لهذا العنف ومحاكمة مرتكبيه وكبار القادة الذين يعمل هؤلاء المجرمون تحت إمرتهم، وإذ يهيب بالدول الأعضاء تقديم المساعدة في هذا المجال ومواصلة تقديم المساعدة الطبية والإنسانية وغيرها من أشكال المساعدة إلى الضحايا،,وإذ يدين على وجه الخصوص العنف الجنسي الذي ترتكبه [الميليشيات والجماعات المسلحة وكذلك عناصر القوات المسلحة وقوات الشرطة الوطنية] وغيرها من أجهزة الأمن والاستخبارات، ويشدد على الحاجة الملحة إلى قيام [الدولة المتضررة]، بالتعاون مع [بعثة حفظ السلام] والجهات الفاعلة الأخرى ذات الصلة، إلى إنهاء هذا العنف وتقديم مرتكبيه، وكذلك كبار القادة الذين يعملون تحت إمرتهم، إلى العدالة، وإذ يدعو الدول الأعضاء إلى المساعدة في هذا الصدد ومواصلة تقديم المساعدة الطبية والإنسانية وغيرها من أشكال المساعدة إلى الضحايا.,1.0,0.7875751503006012,0.9776646494865416,0.7915831663326653,1,5,4,2,1,1,success
2014/s/prst/2014/3/1278:1,en_ar_DEEP,TIER1_CLEAN_A,Total Omission,خاص,[OMITTED],exact,وإذ يدين بوجه خاص العنف الجنسي الذي ترتكبه [الميليشيات والجماعات المسلحة وكذلك عناصر من القوات المسلحة والشرطة الوطنية] ودوائر الأمن والاستخبارات الأخرى، ويؤكد الحاجة الملحة إلى قيام [الدولة المعنية]، بالتعاون مع [بعثة حفظ السلام] والجهات الفاعلة الأخرى ذات الصلة، بوضع حد لهذا العنف ومحاكمة مرتكبيه وكبار القادة الذين يعمل هؤلاء المجرمون تحت إمرتهم، وإذ يهيب بالدول الأعضاء تقديم المساعدة في هذا المجال ومواصلة تقديم المساعدة الطبية والإنسانية وغيرها من أشكال المساعدة إلى الضحايا،,وإذ يدين على وجه الخصوص العنف الجنسي الذي ترتكبه [الميليشيات والجماعات المسلحة وكذلك عناصر القوات المسلحة وقوات الشرطة الوطنية] وغيرها من أجهزة الأمن والاستخبارات، ويشدد على الحاجة الملحة إلى قيام [الدولة المتضررة]، بالتعاون مع [بعثة حفظ السلام] والجهات الفاعلة الأخرى ذات الصلة، إلى إنهاء هذا العنف وتقديم مرتكبيه، وكذلك كبار القادة الذين يعملون تحت إمرتهم، إلى العدالة، وإذ يدعو الدول الأعضاء إلى المساعدة في هذا الصدد ومواصلة تقديم المساعدة الطبية والإنسانية وغيرها من أشكال المساعدة إلى الضحايا.,1.0,0.7875751503006012,0.9776646494865416,0.7915831663326653,1,5,4,2,1,1,success
2014/s/prst/2014/3/1278:1,en_ar_DEEP,TIER1_CLEAN_A,Total Omission,خاص,[OMITTED],exact,وإذ يدين بوجه خاص العنف الجنسي الذي ترتكبه [الميليشيات والجماعات المسلحة وكذلك عناصر من القوات المسلحة والشرطة الوطنية] ودوائر الأمن والاستخبارات الأخرى، ويؤكد الحاجة الملحة إلى قيام [الدولة المعنية]، بالتعاون مع [بعثة حفظ السلام] والجهات الفاعلة الأخرى ذات الصلة، بوضع حد لهذا العنف ومحاكمة مرتكبيه وكبار القادة الذين يعمل هؤلاء المجرمون تحت إمرتهم، وإذ يهيب بالدول الأعضاء تقديم المساعدة في هذا المجال ومواصلة تقديم المساعدة الطبية والإنسانية وغيرها من أشكال المساعدة إلى الضحايا،,وإذ يدين على وجه الخصوص العنف الجنسي الذي ترتكبه [الميليشيات والجماعات المسلحة وكذلك عناصر القوات المسلحة وقوات الشرطة الوطنية] وغيرها من أجهزة الأمن والاستخبارات، ويشدد على الحاجة الملحة إلى قيام [الدولة المتضررة]، بالتعاون مع [بعثة حفظ السلام] والجهات الفاعلة الأخرى ذات الصلة، إلى إنهاء هذا العنف وتقديم مرتكبيه، وكذلك كبار القادة الذين يعملون تحت إمرتهم، إلى العدالة، وإذ يدعو الدول الأعضاء إلى المساعدة في هذا الصدد ومواصلة تقديم المساعدة الطبية والإنسانية وغيرها من أشكال المساعدة إلى الضحايا.,1.0,0.7875751503006012,0.9776646494865416,0.7915831663326653,1,5,4,2,1,1,success
2014/s/prst/2014/3/180:1,en_ar_DEEP,TIER1_CLEAN_A,Tanween Omission,عملاً,عملا,exact,:: الطلب إلى البعثة بأن تقوم، بالتعاون مع الكيانات المعنية في فريق الأمم المتحدة القطري، بإنشاء وتنفيذ آلية للرصد والإبلاغ على الصعيد القطري بشأن الانتهاكات الخطيرة المرتكبة ضد الأطفال، عملاً بالقرار 1612 (2005)., مطالبة البعثة، بالتعاون مع الكيانات ذات الصلة في فريق الأمم المتحدة القطري، بإنشاء وتنفيذ آلية للرصد والإبلاغ على المستوى القطري بشأن الانتهاكات الجسيمة المرتكبة ضد الأطفال، عملا بالقرار 1612 (2005).,1.0,0.8405797101449275,0.9697731137275696,0.839622641509434,5,5,4,2,1,1,success
2014/s/prst/2014/3/180:1,en_ar_DEEP,TIER1_CLEAN_A,Tanween Omission,عملاً,عملا,exact,:: الطلب إلى البعثة بأن تقوم، بالتعاون مع الكيانات المعنية في فريق الأمم المتحدة القطري، بإنشاء وتنفيذ آلية للرصد والإبلاغ على الصعيد القطري بشأن الانتهاكات الخطيرة المرتكبة ضد الأطفال، عملاً بالقرار 1612 (2005)., مطالبة البعثة، بالتعاون مع الكيانات ذات الصلة في فريق الأمم المتحدة القطري، بإنشاء وتنفيذ آلية للرصد والإبلاغ على المستوى القطري بشأن الانتهاكات الجسيمة المرتكبة ضد الأطفال، عملا بالقرار 1612 (2005).,1.0,0.8405797101449275,0.9697731137275696,0.839622641509434,5,5,4,2,1,1,success
2014/s/prst/2014/3/29:1,en_ar_DEEPL,TIER1_CLEAN_A,Total Omission,خاص,[OMITTED],suffix_ة,:: حظر الاعتداء على الحياة والأشخاص، خاصة القتل والتشويه والمعاملة القاسية والتعذيب؛ والاختفاءات القسرية؛ والاعتداء على كرامة الأشخاص؛ والاغتصاب، والاسترقاق الجنسي، والإكراه على البغاء، والحمل القسري، والتعقيم القسري، وأي شكل آخر من أشكال العنف الجنسي.,▪ حظر العنف ضد الحياة والشخص، ولا سيما القتل والتشويه والمعاملة القاسية والتعذيب؛ وحالات الاختفاء القسري؛ والاعتداء على الكرامة الشخصية؛ والاغتصاب، والاسترقاق الجنسي، والإكراه على البغاء، والحمل القسري، والتعقيم القسري، وأي شكل آخر من أشكال العنف الجنسي.,1.0,0.8622047244094488,0.9640291929244996,0.8661417322834646,5,5,4,2,1,1,success
2014/s/prst/2014/3/403:1,en_ar_DEEP,TIER1_CLEAN_A,Terminology Substitution,المعنية,ذات الصلة,exact,يشير إلى أن حماية المدنيين تستوجب استجابة منسقة بين جميع العناصر المعنية في البعثة، ويشجع [البعثة] على تعزيز التفاعل، تحت سلطة الممثل الخاص للأمين العام، بين عنصريها المدني والعسكري على جميع المستويات وبين الجهات العاملة في المجال الإنساني، من أجل توحيد الخبرات في مجال حماية المدنيين.,يشير إلى أن حماية المدنيين تتطلب استجابة منسقة من جميع عناصر البعثة ذات الصلة ويشجع [البعثة] على تعزيز التفاعل، تحت سلطة الممثل الخاص للأمين العام، بين عنصريها المدني والعسكري على جميع المستويات والجهات الفاعلة الإنسانية وذلك من أجل تعزيز الخبرات في مجال حماية المدنيين.,1.0,0.8669064748201438,0.982497215270996,0.8526315789473684,5,5,4,2,1,1,success
2014/s/prst/2014/3/435:1,en_ar_TRANSFORMERS,TIER1_CLEAN_A,Terminology Substitution,المعنية,ذات الصلة,exact,ينوه بسياسة التعاون التي تنتهجها الدول المجاورة ومنها [أسماء الدول المعنية] بالإبقاء على حدودها مفتوحة للاجئين ...، ويشجع هذه الدول على مواصلة هذه السياسة والمساهمة في استقرار الوضع كلما أمكن ذلك؛,1 - تعترف بالسياسة التعاونية للدول المجاورة، بما في ذلك [قائمة الدول ذات الصلة] في إبقاء حدودها مفتوحة للاجئين... وتشجع هذه الدول على مواصلة هذه السياسة والإسهام في تحقيق استقرار الحالة حيثما أمكن ذلك؛,1.0,0.65625,0.9375527501106262,0.6368159203980099,5,5,4,3,1,1,success
2014/s/prst/2014/3/470:1,en_ar_DEEPL,TIER1_CLEAN_A,Terminology Substitution,يهيب,يدعو,exact,يهيب بجميع الأطراف المعنية كفالة أن تجري في إطار جميع عمليات السلام، واتفاقات السلام، وعمليات التخطيط للتعافي من آثار النزاعات والإعمار، مراعاة الاحتياجات الخاصة للنساء والأطفال وإدراج تدابير محددة لحماية المدنيين، بما في ذلك ... '3` تهيئة الظروف المواتية للعودة الطوعية الممكن استيعابها للاجئين والمشردين داخليا على نحو يؤمن لهم السلامة ويحفظ كرامتهم ...,يدعو جميع الأطراف المعنية إلى كفالة أن تراعي جميع عمليات السلام واتفاقات السلام والتخطيط للإنعاش والتعمير بعد انتهاء النزاع الاحتياجات الخاصة للنساء والأطفال وأن تشمل تدابير محددة لحماية المدنيين بما في ذلك ... '3` تهيئة الظروف المواتية لعودة اللاجئين والمشردين داخليا بصورة طوعية وآمنة وكريمة ومستدامة ...,1.0,0.6695156695156695,0.9614296555519104,0.6647887323943662,5,5,4,2,1,1,success
2014/s/prst/2014/3/558:1,en_ar_DEEP,TIER1_CLEAN_A,Register Mismatch,ملائم,مناسب,both_ال_ة,يؤكد أهمية توفير السبل الآمنة أمام وصول موظفي تقديم المساعدة الإنسانية إلى المدنيين في النزاع المسلح دون عوائق، ويدعو الأطراف المعنية، بما فيها الدول المجاورة، إلى التعاون الكامل مع منسق الأمم المتحدة للشؤون الإنسانية ووكالات الأمم المتحدة في توفير هذه السبل، ويدعو الدول والأمين العام إلى إطلاعه على المعلومات المتعلقة بالحرمان المتعمد من هذه السبل انتهاكا للقانون الدولي وحيثما قد يشكل هذا الحرمان تهديدا للسلم والأمن الدوليين، ويعرب في هذا الصدد عن استعداده للنظر في تلك المعلومات واتخاذ الخطوات الملائمة عند الاقتضاء.,يؤكد أهمية الوصول الآمن ودون عوائق للعاملين في مجال تقديم المساعدة الإنسانية إلى المدنيين في الصراعات المسلحة، ويهيب بالأطراف المعنية، بما في ذلك الدول المجاورة، أن تتعاون تعاونا كاملا مع منسق الأمم المتحدة للشؤون الإنسانية ووكالات الأمم المتحدة في توفير هذا الوصول، ويدعو الدول والأمين - العام أن يلفت انتباهه إلى المعلومات المتعلقة بالرفض المتعمد للوصول إلى هذه المعلومات انتهاكا للقانون الدولي، حيث يمكن أن يشكل هذا الرفض تهديدا للسلم والأمن الدوليين، ويعرب، في هذا الصدد، عن استعداده للنظر في هذه المعلومات، وعندما اللازمة، لاتخاذ الخطوات المناسبة.,1.0,0.7349177330895795,0.9694293141365052,0.7264492753623188,5,5,4,2,1,1,success
2014/s/prst/2014/3/706:1,en_ar_DEEP,TIER1_CLEAN_A,Total Omission,خاص,[OMITTED],both_ب_ة,يقر بالأثر الضار لانتشار الأسلحة، ولا سيما الأسلحة الصغيرة، في أمن المدنيين من جراء تأجيج النزاع المسلح، ويشجع [البعثة] على مواصلة جهودها في مجال تقديم المساعدة إلى حكومة [المنطقة المتضررة] فيما يتعلق بعملية نزع سلاح المدنيين، بخاصة عن طريق تعزيز قدرة السلطات المحلية على ردع النزاعات بين الطوائف ورصد مبادرات النزع القسري لسلاح المدنيين للحيلولة دون حدوث عمليات نزع للسلاح يمكن أن تؤدي إلى تفاقم حالة انعدام الأمن في [المنطقة المتضررة].,يسلّم بالأثر الضار لانتشار الأسلحة، ولا سيما الأسلحة الصغيرة، على أمن المدنيين من خلال تأجيج النزاع المسلح، ويشجع [البعثة] على مواصلة جهودها في تقديم المساعدة إلى حكومة [المنطقة المتضررة] فيما يتعلق بالصراع المسلح. عملية نزع سلاح المدنيين، لا سيما من خلال تعزيز قدرة السلطات المحلية على ردع النزاعات بين الطوائف ورصد مبادرات نزع سلاح المدنيين القسرية في محاولة لتجنب عمليات نزع السلاح التي يمكن أن تؤدي إلى تفاقم انعدام الأمن في [المنطقة المتضررة].,1.0,0.8191964285714286,0.9811163544654846,0.8191964285714286,5,5,4,3,1,1,success
2014/s/prst/2014/3/706:1,en_ar_DEEP,TIER1_CLEAN_A,Total Omission,خاص,[OMITTED],both_ب_ة,يقر بالأثر الضار لانتشار الأسلحة، ولا سيما الأسلحة الصغيرة، في أمن المدنيين من جراء تأجيج النزاع المسلح، ويشجع [البعثة] على مواصلة جهودها في مجال تقديم المساعدة إلى حكومة [المنطقة المتضررة] فيما يتعلق بعملية نزع سلاح المدنيين، بخاصة عن طريق تعزيز قدرة السلطات المحلية على ردع النزاعات بين الطوائف ورصد مبادرات النزع القسري لسلاح المدنيين للحيلولة دون حدوث عمليات نزع للسلاح يمكن أن تؤدي إلى تفاقم حالة انعدام الأمن في [المنطقة المتضررة].,يسلّم بالأثر الضار لانتشار الأسلحة، ولا سيما الأسلحة الصغيرة، على أمن المدنيين من خلال تأجيج النزاع المسلح، ويشجع [البعثة] على مواصلة جهودها في تقديم المساعدة إلى حكومة [المنطقة المتضررة] فيما يتعلق بالصراع المسلح. عملية نزع سلاح المدنيين، لا سيما من خلال تعزيز قدرة السلطات المحلية على ردع النزاعات بين الطوائف ورصد مبادرات نزع سلاح المدنيين القسرية في محاولة لتجنب عمليات نزع السلاح التي يمكن أن تؤدي إلى تفاقم انعدام الأمن في [المنطقة المتضررة].,1.0,0.8191964285714286,0.9811163544654846,0.8191964285714286,5,5,4,3,1,1,success
2014/s/prst/2014/3/822:1,en_ar_TRANSFORMERS,TIER1_CLEAN_A,Total Omission,الأخرى,[OMITTED],exact,يدعو جميع الأطراف إلى التعاون الكامل مع اللجنة الدولية المستقلة للتحقيق التي أنشأها مجلس حقوق الإنسان في [تاريخ] للتحقيق في الوقائع والظروف المحيطة بادعاءات وقوع اعتداءات وانتهاكات جسيمة لحقوق الإنسان ارتُكبت في [البلد المعني] ...، ويطلب إلى الأمين العام إحالة هذا التقرير إلى مجلس الأمن وإلى الهيئات الدولية المعنية الأخرى,يطلب إلى جميع الأطراف أن تتعاون تعاوناً كاملاً مع لجنة التحقيق الدولية المستقلة التي أنشأها مجلس حقوق الإنسان [التاريخ] للتحقيق في الوقائع والظروف المحيطة بادعاءات ارتكاب انتهاكات وانتهاكات خطيرة لحقوق الإنسان في [البلد المتضرر]...، ويطلب إلى الأمين العام أن يحيل هذا التقرير إلى مجلس الأمن وغيره من الهيئات الدولية ذات الصلة.,1.0,0.7300613496932515,0.9750364422798156,0.7208588957055215,5,5,4,2,1,1,success
2014/s/prst/2014/3/822:1,en_ar_TRANSFORMERS,TIER1_CLEAN_A,Total Omission,الأخرى,[OMITTED],exact,يدعو جميع الأطراف إلى التعاون الكامل مع اللجنة الدولية المستقلة للتحقيق التي أنشأها مجلس حقوق الإنسان في [تاريخ] للتحقيق في الوقائع والظروف المحيطة بادعاءات وقوع اعتداءات وانتهاكات جسيمة لحقوق الإنسان ارتُكبت في [البلد المعني] ...، ويطلب إلى الأمين العام إحالة هذا التقرير إلى مجلس الأمن وإلى الهيئات الدولية المعنية الأخرى,يطلب إلى جميع الأطراف أن تتعاون تعاوناً كاملاً مع لجنة التحقيق الدولية المستقلة التي أنشأها مجلس حقوق الإنسان [التاريخ] للتحقيق في الوقائع والظروف المحيطة بادعاءات ارتكاب انتهاكات وانتهاكات خطيرة لحقوق الإنسان في [البلد المتضرر]...، ويطلب إلى الأمين العام أن يحيل هذا التقرير إلى مجلس الأمن وغيره من الهيئات الدولية ذات الصلة.,1.0,0.7300613496932515,0.9750364422798156,0.7208588957055215,5,5,4,2,1,1,success
2014/s/prst/2014/3/822:1,en_ar_TRANSFORMERS,TIER1_CLEAN_A,Total Omission,الأخرى,[OMITTED],exact,يدعو جميع الأطراف إلى التعاون الكامل مع اللجنة الدولية المستقلة للتحقيق التي أنشأها مجلس حقوق الإنسان في [تاريخ] للتحقيق في الوقائع والظروف المحيطة بادعاءات وقوع اعتداءات وانتهاكات جسيمة لحقوق الإنسان ارتُكبت في [البلد المعني] ...، ويطلب إلى الأمين العام إحالة هذا التقرير إلى مجلس الأمن وإلى الهيئات الدولية المعنية الأخرى,يطلب إلى جميع الأطراف أن تتعاون تعاوناً كاملاً مع لجنة التحقيق الدولية المستقلة التي أنشأها مجلس حقوق الإنسان [التاريخ] للتحقيق في الوقائع والظروف المحيطة بادعاءات ارتكاب انتهاكات وانتهاكات خطيرة لحقوق الإنسان في [البلد المتضرر]...، ويطلب إلى الأمين العام أن يحيل هذا التقرير إلى مجلس الأمن وغيره من الهيئات الدولية ذات الصلة.,1.0,0.7300613496932515,0.9750364422798156,0.7208588957055215,5,5,4,2,1,1,success
2014/s/prst/2014/3/960:1,en_ar_DEEP,TIER1_CLEAN_A,Terminology Substitution,المعنية,ذات الصلة,exact,يدين استخدام [محطة الإذاعة والتلفزيون الوطنية] وغيرها من وسائط الإعلام للتحريض على التمييز والعداء والكراهية والعنف، بما في ذلك ضد [بعثة الأمم المتحدة المعنية]، وكذلك أعمال التخويف والعنف ضد الصحفيين ويدعو إلى رفع جميع القيود المفروضة على ممارسة الحق في حرية التعبير في [البلد المعني]؛,يدين استخدام [القناة التلفزيونية الوطنية] وغيرها من وسائل الإعلام للتحريض على التمييز والعداء والكراهية والعنف، بما في ذلك ضد [بعثة الأمم المتحدة ذات الصلة]، فضلاً عن أعمال الترهيب والعنف ضد الصحفيين، ويدعو إلى رفع جميع القيود المفروضة على ممارسة الحق في حرية التعبير في [البلد المتضرر]؛,1.0,0.8992805755395683,0.9901995658874512,0.8780487804878049,5,5,5,2,1,1,success
2014/s/res/2160__2014_/123:1,en_ar_DEEP,TIER1_CLEAN_A,Terminology Substitution,المعنية,ذات الصلة,exact,(ث) العمل مع المنظمات الدولية والإقليمية المعنية بغرض التوعية بالتدابير والامتثال لها؛,(ث) العمل مع المنظمات الدولية والإقليمية ذات الصلة من أجل تعزيز الوعي بالتدابير والامتثال لها؛,1.0,0.8352941176470589,0.9663896560668944,0.7872340425531915,5,5,5,2,1,1,success
2014/s/res/2161__2014_/151:1,en_ar_DEEP,TIER1_CLEAN_A,Total Omission,تابع,[OMITTED],both_ال_ة,(س) التعاون الوثيق مع هيئات مكافحة الإرهاب المعنية التابعة للأمم المتحدة على تقديم معلومات عن التدابير التي تتخذها الدول الأعضاء بشأن عمليات اختطاف الأشخاص واحتجاز الرهائن طلبا للفدية التي يقوم بها تنظيم القاعدة وغيره ممن يرتبط به من أفراد وجماعات ومؤسسات وكيانات، وبشأن ما يتصل بذلك من اتجاهات وتطورات في هذا المجال؛,(س) التعاون بشكل وثيق مع هيئات الأمم المتحدة المعنية بمكافحة الإرهاب في تقديم معلومات عن التدابير التي تتخذها الدول الأعضاء بشأن عمليات الاختطاف وأخذ الرهائن طلبا للفدية التي يقوم بها تنظيم القاعدة وغيره من الأفراد والجماعات والمؤسسات والكيانات المرتبطة به، والاتجاهات والتطورات ذات الصلة في هذا المجال؛,1.0,0.6900958466453675,0.9830623865127563,0.6876971608832807,5,5,5,2,1,1,success
2014/s/res/2161__2014_/54:1,en_ar_DEEP,TIER1_CLEAN_A,Total Omission,الأخرى,[OMITTED],exact,12 - يطلب إلى الدول أن تتحرك بقوة وحزم من أجل وقف تدفقات الأموال والأصول المالية والموارد الاقتصادية الأخرى إلى الأفراد والكيانات المدرج أسماؤهم على قائمة الجزاءات المفروضة على تنظيم القاعدة، حسب المطلوب في الفقرة 1 (أ)، ومع مراعاة التوصيات الصادرة في هذا الصدد عن فرقة العمل المالية المعنية بغسل الأموال، والمعايير الدولية الموضوعة لمنع إساءة استخدام المنظمات غير الربحية، والنظم البديلة/غير الرسمية المستعملة في تحويل الأموال، والحركة العينية للعملات عبر الحدود، والعمل في الوقت ذاته على تخفيف الأثر الناشئ في الأنشطة المشروعة من خلال هذه الوسائل؛,12 - يهيب بالدول الأعضاء أن تتحرك بقوة وحسم من أجل وقف تدفقات الأموال وغيرها من الأصول المالية والموارد الاقتصادية إلى الأفراد والكيانات المدرجة أسماؤهم في قائمة الجزاءات المفروضة على تنظيم القاعدة، على النحو المطلوب في الفقرة 1 (أ)، ومع مراعاة ما يتصل بذلك من أهمية. توصيات مجموعة العمل المالي والمعايير الدولية المصممة لمنع إساءة استخدام المنظمات غير الربحية وأنظمة التحويلات غير الرسمية/البديلة والحركة المادية للعملة عبر الحدود، مع العمل على تخفيف التأثير على الأنشطة المشروعة من خلال هذه الوسائط؛,1.0,0.7108655616942909,0.9650509357452391,0.7030965391621129,5,5,4,3,1,1,success
2014/s/res/2161__2014_/54:1,en_ar_DEEP,TIER1_CLEAN_A,Total Omission,الأخرى,[OMITTED],exact,12 - يطلب إلى الدول أن تتحرك بقوة وحزم من أجل وقف تدفقات الأموال والأصول المالية والموارد الاقتصادية الأخرى إلى الأفراد والكيانات المدرج أسماؤهم على قائمة الجزاءات المفروضة على تنظيم القاعدة، حسب المطلوب في الفقرة 1 (أ)، ومع مراعاة التوصيات الصادرة في هذا الصدد عن فرقة العمل المالية المعنية بغسل الأموال، والمعايير الدولية الموضوعة لمنع إساءة استخدام المنظمات غير الربحية، والنظم البديلة/غير الرسمية المستعملة في تحويل الأموال، والحركة العينية للعملات عبر الحدود، والعمل في الوقت ذاته على تخفيف الأثر الناشئ في الأنشطة المشروعة من خلال هذه الوسائل؛,12 - يهيب بالدول الأعضاء أن تتحرك بقوة وحسم من أجل وقف تدفقات الأموال وغيرها من الأصول المالية والموارد الاقتصادية إلى الأفراد والكيانات المدرجة أسماؤهم في قائمة الجزاءات المفروضة على تنظيم القاعدة، على النحو المطلوب في الفقرة 1 (أ)، ومع مراعاة ما يتصل بذلك من أهمية. توصيات مجموعة العمل المالي والمعايير الدولية المصممة لمنع إساءة استخدام المنظمات غير الربحية وأنظمة التحويلات غير الرسمية/البديلة والحركة المادية للعملة عبر الحدود، مع العمل على تخفيف التأثير على الأنشطة المشروعة من خلال هذه الوسائط؛,1.0,0.7108655616942909,0.9650509357452391,0.7030965391621129,5,5,4,3,1,1,success
2014/s/res/2161__2014_/54:1,en_ar_DEEP,TIER1_CLEAN_A,Total Omission,الأخرى,[OMITTED],exact,12 - يطلب إلى الدول أن تتحرك بقوة وحزم من أجل وقف تدفقات الأموال والأصول المالية والموارد الاقتصادية الأخرى إلى الأفراد والكيانات المدرج أسماؤهم على قائمة الجزاءات المفروضة على تنظيم القاعدة، حسب المطلوب في الفقرة 1 (أ)، ومع مراعاة التوصيات الصادرة في هذا الصدد عن فرقة العمل المالية المعنية بغسل الأموال، والمعايير الدولية الموضوعة لمنع إساءة استخدام المنظمات غير الربحية، والنظم البديلة/غير الرسمية المستعملة في تحويل الأموال، والحركة العينية للعملات عبر الحدود، والعمل في الوقت ذاته على تخفيف الأثر الناشئ في الأنشطة المشروعة من خلال هذه الوسائل؛,12 - يهيب بالدول الأعضاء أن تتحرك بقوة وحسم من أجل وقف تدفقات الأموال وغيرها من الأصول المالية والموارد الاقتصادية إلى الأفراد والكيانات المدرجة أسماؤهم في قائمة الجزاءات المفروضة على تنظيم القاعدة، على النحو المطلوب في الفقرة 1 (أ)، ومع مراعاة ما يتصل بذلك من أهمية. توصيات مجموعة العمل المالي والمعايير الدولية المصممة لمنع إساءة استخدام المنظمات غير الربحية وأنظمة التحويلات غير الرسمية/البديلة والحركة المادية للعملة عبر الحدود، مع العمل على تخفيف التأثير على الأنشطة المشروعة من خلال هذه الوسائط؛,1.0,0.7108655616942909,0.9650509357452391,0.7030965391621129,5,5,4,3,1,1,success
2014/s/res/2178__2014_/39:1,en_ar_DEEPL,TIER1_CLEAN_A,Total Omission,خاص,[OMITTED],both_ال_ة,١٠ - يؤكد الضرورة الملحة للتنفيذ الكامل والفوري لهذا القرار فيما يتعلق بالمقاتلين الإرهابيين الأجانب، ويشدد على الضرورة الخاصة والملحة لتنفيذ هذا القرار فيما يتعلق بالمقاتلين الإرهابيين الأجانب المرتبطين بتنظيم داعش وجبهة النصرة وغيرهما من خلايا تنظيم القاعدة أو الجماعات المرتبطة به أو المنشقة عنه أو المتفرعة منه، التي حددتها اللجنة، ويعرب عن استعداده للنظر في أن يدرج في القائمة، بموجب القرار 2161 (2014) الأفراد المرتبطين بتنظيم القاعدة الذين يرتكبون الأفعال المحددة في الفقرة 6 أعلاه؛,10. يشدد على الضرورة الملحة لتنفيذ هذا القرار تنفيذا كاملا وفوريا فيما يتعلق بالمقاتلين الإرهابيين الأجانب، ويؤكد الحاجة الملحة والعاجلة إلى تنفيذ هذا القرار فيما يتعلق بالمقاتلين الإرهابيين الأجانب المرتبطين بتنظيم الدولة الإسلامية في العراق والشام وجبهة النصرة وغيرهما من الخلايا أو الجماعات المنتسبة أو الجماعات المنشقة أو المتفرعة عن تنظيم القاعدة، على النحو الذي حددته اللجنة، ويعرب عن استعداده للنظر في أن يدرج في القائمة، بموجب القرار 2161 (2014)، الأفراد المرتبطين بتنظيم القاعدة الذين يرتكبون الأعمال المحددة في الفقرة 6 أعلاه؛,1.0,0.7481343283582089,0.9775871634483336,0.7481343283582089,5,5,4,3,1,1,success
2014/s/res/2178__2014_/55:1,en_ar_TRANSFORMERS,TIER1_CLEAN_A,Terminology Substitution,بيانا أوليا شفويا,معلومات شفوية أولية,exact_seq,23 - يطلب إلى فريق الدعم التحليلي ورصد الجزاءات أن يقدم، بالتعاون الوثيق مع هيئات الأمم المتحدة الأخرى المعنية بمكافحة الإرهاب، تقريرا إلى اللجنة المنشأة عملا بالقرارين 1267 (1999) و 1989 (2011) في غضون 180 يوما، وأن يقدم إلى اللجنة في غضون 60 يوما بيانا أوليا شفويا عن آخر المستجدات المتعلقة بالتهديد الذي يشكله المقاتلون الإرهابيون الأجانب الذين جندهم تنظيم الدولة الإسلامية في العراق والشام وجبهة النصرة وكافة الجماعات والمؤسسات والكيانات المرتبطة بتنظيم القاعدة أو الذين انضموا إلى صفوفها، يتضمن ما يلي:,23 - يطلب إلى فريق الدعم التحليلي ورصد الجزاءات أن يقدم، بالتعاون الوثيق مع هيئات الأمم المتحدة الأخرى المعنية بمكافحة الإرهاب، تقريرا إلى اللجنة المنشأة عملا بالقرارين 1267 (1999) و 1989 (2011) في غضون 180 يوما، وأن يقدم إلى اللجنة في غضون 60 يوما معلومات شفوية أولية مستكملة عن الخطر الذي يشكله المقاتلون الإرهابيون الأجانب المجندون في تنظيم الدولة الإسلامية في العراق والشام وجبهة النصرة وجميع الجماعات والمؤسسات والكيانات المرتبطة بتنظيم القاعدة أو الذين ينضمون إليها، بما في ذلك ما يلي:,1.0,0.8938775510204082,0.9844792485237122,0.8777120315581854,5,5,5,2,1,1,success
2014/s/res/2178__2014_/58:1,en_ar_DEEP,TIER1_CLEAN_A,Total Omission,خاص,[OMITTED],suffix_ة,24 - يطلب إلى لجنة مكافحة الإرهاب أن تقوم، في حدود ولايتها القائمة وبدعم من المديرية التنفيذية لمكافحة الإرهاب، بتحديد الثغرات الرئيسية التي تعتري قدرة الدول الأعضاء على تنفيذ قراري مجلس الأمن 1373 (2001) و 1624 (2005) والتي قد تعيق قدرة الدول على وقف تدفق المقاتلين الإرهابيين الأجانب، وتحديد الممارسات الجيدة في وقف تدفقهم تنفيذا للقرارين 1373 (2001) و 1624 (2005)، وتيسير تقديم المساعدة الفنية، خاصة عن طريق تشجيع التواصل بين الجهات التي تقدم المساعدة في بناء القدرات والجهات التي تتلقاها، ولا سيما الجهات الموجودة في أشد المناطق تضررا، بسبل منها القيام، بناء على طلبها، بوضع استراتيجيات جامعة لمكافحة الإرهاب تشمل مكافحة نشر الفكر المتطرف العنيف وتدفق المقاتلين الإرهابيين الأجانب، مع الإشارة إلى الأدوار التي تؤديها العناصر الفاعلة الأخرى، ومنها المنتدى العالمي لمكافحة الإرهاب؛,24 - يطلب إلى لجنة مكافحة الإرهاب أن تقوم، في إطار ولايتها الحالية وبدعم من المديرية التنفيذية للجنة مكافحة الإرهاب، بتحديد الثغرات الرئيسية في قدرات الدول الأعضاء على تنفيذ قراري مجلس الأمن 1373 (2001) و 1624 (2005) التي قد تعيق قدرة الدول على القيام بما يلي: وقف تدفق المقاتلين الإرهابيين الأجانب، فضلا عن تحديد الممارسات الجيدة لوقف تدفق المقاتلين الإرهابيين الأجانب في تنفيذ القرارين 1373 (2001) و 1624 (2005)، وتيسير المساعدة التقنية، وتحديدا عن طريق تعزيز التعاون بين مقدمي الخدمات المساعدة في مجال بناء القدرات والمستفيدين منها، لا سيما أولئك الموجودين في المناطق الأكثر تضررا، بما في ذلك من خلال وضع استراتيجيات شاملة لمكافحة الإرهاب، بناء على طلبهم، تشمل مكافحة التطرف العنيف وتدفق المقاتلين الإرهابيين الأجانب، مع التذكير بأدوار الجهات الأخرى ذات الصلة الجهات الفاعلة، على سبيل المثال المنتدى العالمي لمكافحة الإرهاب؛,1.0,0.6989117291414753,0.9776501655578612,0.6989117291414753,5,5,4,3,1,1,success
2014/s/res/2195__2014_/12:1,en_ar_DEEPL,TIER1_CLEAN_A,Terminology Substitution,العابرة,عبر الوطنية,exact,وإذ يشدد على أن تطوير نظم منصفة وفعالة للعدالة الجنائية والحفاظ عليها ينبغي أن يكونا ركيزة أساسية لأي استراتيجية لمكافحة الإرهاب والجريمة المنظمة العابرة للحدود الوطنية،,"وإذ تشدد على أن وضع نظم عدالة جنائية منصفة وفعالة والحفاظ عليها ينبغي أن يكونا أساسا لأي استراتيجية لمكافحة الإرهاب والجريمة المنظمة عبر الوطنية,",1.0,0.691358024691358,0.9620120525360109,0.7278106508875739,5,5,4,2,1,1,success
2014/s/res/2195__2014_/17:1,en_ar_DEEPL,TIER1_CLEAN_A,Total Omission,خاص,[OMITTED],both_و_ة,وإذ يساوره بالغ القلق لأن الجماعات الإرهابية التي تستفيد من الجريمة المنظمة العابرة للحدود الوطنية قد تسهم في تقويض الدول المتضررة، وخاصة تقويض أمنها واستقرارها ودعائم الحكم فيها وتنميتها الاجتماعية والاقتصادية،,"وإذ يساورها بالغ القلق من أن الجماعات الإرهابية التي تستفيد من الجريمة المنظمة العابرة للحدود الوطنية قد تسهم في تقويض الدول المتضررة، ولا سيما أمنها واستقرارها وحوكمتها وتنميتها الاجتماعية والاقتصادية,",1.0,0.8846153846153846,0.9814304709434508,0.8815165876777251,5,5,4,2,1,1,success
2014/s/res/2195__2014_/17:1,en_ar_DEEPL,TIER1_CLEAN_A,Total Omission,خاص,[OMITTED],both_و_ة,وإذ يساوره بالغ القلق لأن الجماعات الإرهابية التي تستفيد من الجريمة المنظمة العابرة للحدود الوطنية قد تسهم في تقويض الدول المتضررة، وخاصة تقويض أمنها واستقرارها ودعائم الحكم فيها وتنميتها الاجتماعية والاقتصادية،,"وإذ يساورها بالغ القلق من أن الجماعات الإرهابية التي تستفيد من الجريمة المنظمة العابرة للحدود الوطنية قد تسهم في تقويض الدول المتضررة، ولا سيما أمنها واستقرارها وحوكمتها وتنميتها الاجتماعية والاقتصادية,",1.0,0.8846153846153846,0.9814304709434508,0.8815165876777251,5,5,4,2,1,1,success
2014/s/res/2195__2014_/23:1,en_ar_DEEP,TIER1_CLEAN_A,Terminology Substitution,المعنية,ذات الصلة,exact,وإذ يلاحظ التطورات والمبادرات التي ظهرت مؤخرا على كل من الصعيد الدولي والإقليمي ودون الإقليمي من أجل منع الإرهاب الدولي وقمعه، وإذ ينوه بالعمل الذي يضطلع به المنتدى العالمي لمكافحة الإرهاب، وبخاصة قيامه مؤخرا باعتماد مجموعة شاملة من الممارسات الجيدة بهدف التصدي لظاهرة المقاتلين الإرهابيين الأجانب ونشره لعدّة وثائق إطارية وممارسات جيدة أخرى، في مجالات منها مكافحة التطرف المقترن بالعنف والعدالة الجنائية والسجون وعمليات الاختطاف للحصول على فدية وتوفير الدعم لضحايا الإرهاب والخفارة المجتمعية، وذلك من أجل مساعدة الدول المهتمة فيما يتعلق بالتطبيق العملي لإطار القوانين والسياسات الذي تأخذ به الأمم المتحدة لمكافحة الإرهاب، واستكمال العمل الذي تقوم به في هذه المجالات كيانات الأمم المتحدة المعنية بمكافحة الإرهاب،,وإذ يلاحظ التطورات والمبادرات الأخيرة على المستويات الدولية والإقليمية ودون الإقليمية لمنع الإرهاب الدولي وقمعه، ويلاحظ عمل المنتدى العالمي لمكافحة الإرهاب، ولا سيما اعتماده مؤخراً لمجموعة شاملة من الممارسات الجيدة لمعالجة ظاهرة المقاتلين الإرهابيين الأجانب، ونشره لعدة وثائق إطارية وممارسات جيدة أخرى، بما في ذلك في مجالات مكافحة التطرف العنيف، والعدالة الجنائية، والسجون، والاختطاف من أجل الحصول على فدية، وتقديم الدعم لضحايا الإرهاب، والشرطة الموجهة نحو المجتمع المحلي، لمساعدة الدول المهتمة في التنفيذ العملي للإطار القانوني والسياسي للأمم المتحدة لمكافحة الإرهاب واستكمال عمل كيانات الأمم المتحدة ذات الصلة بمكافحة الإرهاب في هذه المجالات،,1.0,0.6680851063829787,0.9732909202575684,0.6615168539325842,5,5,4,3,1,1,success
2014/s/res/2195__2014_/28:1,en_ar_DEEPL,TIER1_CLEAN_A,Hyponym for Hypernym,حركة,تنقل,exact,وإذ يكرر التزام الدول الأعضاء بمنع حركة الإرهابيين أو الجماعات الإرهابية، وفقا للقانون الدولي الواجب التطبيق، بطرق منها فرض ضوابط حدودية فعالة،,وإذ يكرر التأكيد على التزام الدول الأعضاء بمنع تنقل الإرهابيين أو الجماعات الإرهابية، وفقا للقانون الدولي الساري، بوسائل منها فرض ضوابط فعالة على الحدود،,1.0,0.7315436241610738,0.9629478454589844,0.7124183006535948,5,5,5,2,1,1,success
2014/s/res/2195__2014_/31:1,en_ar_DEEP,TIER1_CLEAN_A,Terminology Substitution,العابرة,عبر الوطنية,exact,3 - يحث على سبيل الأولوية الدول الأعضاء على أن تصدق على الاتفاقيات الدولية ذات الصلة أو تنضم إليها أو تنفذها، من قبيل الاتفاقية الوحيدة للمخدرات لعام 1961، بصيغتها المعدلة ببروتوكول عام 1972، واتفاقية المؤثرات العقلية لعام 1971، واتفاقية الأمم المتحدة لمكافحة الاتجار غير المشروع بالمخدرات والمؤثرات العقلية لعام 1988، واتفاقية الأمم المتحدة لمكافحة الجريمة المنظمة العابرة للحدود الوطنية لعام 2000 وبروتوكولاتها، واتفاقية الأمم المتحدة لمكافحة الفساد لعام 2003، والاتفاقيات والبروتوكولات الدولية لمكافحة الإرهاب؛,3 - تحث الدول الأعضاء، على سبيل الأولوية، على التصديق على الاتفاقيات الدولية ذات الصلة والانضمام إليها وتنفيذها، مثل الاتفاقية الوحيدة للمخدرات لعام 1961 بصيغتها المعدلة ببروتوكول عام 1972، واتفاقية المؤثرات العقلية لعام 1971، واتفاقية المؤثرات العقلية لعام 1971، والأمم المتحدة. اتفاقية الأمم المتحدة لمكافحة الاتجار غير المشروع في المخدرات والمؤثرات العقلية لعام 1988، واتفاقية الأمم المتحدة لمكافحة الجريمة المنظمة عبر الوطنية لعام 2000، والبروتوكولات الملحقة بها، واتفاقية الأمم المتحدة لمكافحة الفساد لعام 2003، والاتفاقيات والبروتوكولات الدولية لمكافحة الإرهاب؛,1.0,0.7733812949640287,0.9799612760543824,0.7848324514991182,5,5,3,3,1,1,success
2014/s/res/2195__2014_/34:1,en_ar_DEEP,TIER1_CLEAN_A,Total Omission,تابع,[OMITTED],both_ال_ين,6 - يشير إلى الالتزامات المذكورة في الفقرة 2 (هـ) من منطوق القرار 1373 (2001)، ويشير على وجه الخصوص إلى ما يتعلق منها بالهجمات الإرهابية ضد موظفي الأمم المتحدة وحفظة السلام التابعين لها ومنشآتها؛,6 - يشير إلى الالتزامات المشار إليها في الفقرة 2 (هـ) من منطوق القرار 1373 (2001)، ويشير إليها بشكل خاص فيما يتعلق بالهجمات الإرهابية ضد موظفي الأمم المتحدة وحفظة السلام ومنشآتها؛,1.0,0.8010471204188482,0.9929698705673218,0.7846153846153846,5,5,5,2,1,1,success
2014/s/res/2195__2014_/53:1,en_ar_DEEPL,TIER1_CLEAN_A,Total Omission,بموجب,[OMITTED],exact,٢2 - يشير إلى الطلب الموجّه، في القرار 2187 (2014)، إلى فريق الدعم التحليلي ورصد الجزاءات بأن يقدم، في تعاون وثيق مع جميع هيئات مكافحة الإرهاب المعنية داخل الأمم المتحدة، تقريرا إلى اللجنة العاملة بموجب القرارين 1267 (1999) و 1989 (2011)، في غضون 180 يوما، بشأن التهديد الذي يشكله المقاتلون الإرهابيون الأجانب المجندون من قِبل تنظيم داعش وجبهة النصرة وكافة الجماعات والمؤسسات والكيانات المرتبطة بتنظيم القاعدة أو المنضمون إليها، ويكرر تأكيد أن هذا التقرير ينبغي أن يركز أيضا على الاتجاهات المتصلة بالمقاتلين الإرهابيين الأجانب المنضمين إلى كافة الجماعات الإرهابية المدرجة في قائمة الجزاءات المفروضة على تنظيم القاعدة والعاملين معها، وأن يتضمن إحاطة شفوية إلى اللجنة ومذكرة مقدمة من اللجنة إلى مجلس الأمن في جلسة الإحاطة الدورية المقبلة حول مكافحة الإرهاب بشأن الجماعات العاملة في أفريقيا.,22. يشير إلى الطلب الوارد في القرار 2178 (2014) إلى فريق الدعم التحليلي ورصد الجزاءات بأن يقدم، بالتعاون الوثيق مع جميع هيئات الأمم المتحدة المعنية بمكافحة الإرهاب، تقريرا إلى اللجنة عملا بالقرارين 1267 (1999) و 1989 (2011) في غضون 180 يوما، عن التهديد الذي يشكله المقاتلون الإرهابيون الأجانب الذين يجندهم أو ينضمون إلى تنظيم الدولة الإسلامية في العراق والشام وجبهة النصرة وجميع الجماعات والمؤسسات والكيانات المرتبطة بتنظيم القاعدة، ويكرر التأكيد على أن هذا التقرير ينبغي أن يركز أيضا على الاتجاهات المتعلقة بالمقاتلين الإرهابيين الأجانب الذين ينضمون إلى جميع الجماعات الإرهابية المدرجة في قائمة الجزاءات المفروضة على تنظيم القاعدة لعام 1267، والعمل معها، وينبغي أن يتضمن إحاطة شفوية إلى اللجنة وإحاطة للجنة في جلسة الإحاطة العادية المقبلة التي ستقدمها اللجنة إلى مجلس الأمن بشأن مكافحة الإرهاب بشأن أولئك الذين يعملون في أفريقيا.,1.0,0.7228915662650602,0.986090898513794,0.7180722891566265,5,5,4,3,1,1,success
