eval_id,Sentence_ID,Sub-Subtype,Keyword,Best_Match,ar,mt_output,en,Severity_Score,TQA_Category,tier,source,Q1_Error_Implemented,Q2_Linguistically_Correct,Q3_Minimal_Pair,Q4_Anchor_Accurate,Q5_Naturalness,Q6_Domain_Appropriate,Notes,Annotator_ID,eval_tier,Technical_Score,Quality_Score,Overall_Score,Status,anchor_validity,phenomenon_clarity,arabic_naturalness,collateral_severity,tier2_seed_recommendation
T2_EVAL_0001,TIER2_Adjective_to_Noun_844b8c4f,Adjective to Noun,المشتركة,شراكة,أوصى الأمين العام بتعزيز الجهود المشتركة لتحقيق الأمن والاستقرار في المنطقة.,أوصى الأمين العام بتعزيز الجهود شراكة لتحقيق الأمن والاستقرار في المنطقة.,The Secretary-General recommended strengthening joint efforts to achieve security and stability in the region.,,,Tier2,LLM_Generated,,,,,,,,,Tier2,0.0,0.3,0.12,REVIEW,5.0,5.0,3.0,1.0,1.0
T2_EVAL_0002,TIER2_Noun_to_Adjective_ae1a066f,Noun to Adjective,الاستقرار,المستقر,يقرر أن الاستقرار في المنطقة يتطلب تعاونا دوليا مكثفا وجهودا مستمرة لتعزيز السلام.,يقرر أن المستقر في المنطقة يتطلب تعاونا دوليا مكثفا وجهودا مستمرة لتعزيز السلام.,It is decided that stability in the region requires intensive international cooperation and ongoing efforts to promote peace.,,,Tier2,LLM_Generated,,,,,,,,,Tier2,0.0,0.3,0.12,REVIEW,5.0,5.0,4.0,1.0,1.0
T2_EVAL_0003,TIER2_Adjective_to_Noun_52e0ae30,Adjective to Noun,القانونية,القانون,قرر المجلس تعزيز التعاون بين الدول الأعضاء لمواجهة التحديات القانونية المتعلقة بالمعاهدة.,قرر المجلس تعزيز التعاون بين الدول الأعضاء لمواجهة التحديات القانون المتعلقة بالمعاهدة.,The council decided to enhance cooperation among member states to address the legal challenges related to the treaty.,,,Tier2,LLM_Generated,,,,,,,,,Tier2,0.0,0.3,0.12,REVIEW,5.0,5.0,3.0,1.0,1.0
T2_EVAL_0004,TIER2_Spelling_Error_752a27f9,Spelling Error,التقييمات,التقيمات,واستذكر الفريق أن التقييمات المستقلة ضرورية لضمان فعالية استراتيجيات المساعدات الإنسانية للنازحين.,واستذكر الفريق أن التقيمات المستقلة ضرورية لضمان فعالية استراتيجيات المساعدات الإنسانية للنازحين.,The team recalled that independent assessments are necessary to ensure the effectiveness of humanitarian aid strategies for the displaced.,,,Tier2,LLM_Generated,,,,,,,,,Tier2,0.0,0.3,0.12,REVIEW,5.0,5.0,5.0,1.0,1.0
T2_EVAL_0005,TIER2_Adjective_to_Noun_2b89f7f2,Adjective to Noun,السلمية,السلام,أوصى المجلس بتكثيف الجهود الدبلوماسية لتحقيق الحلول السلمية في المنطقة.,أوصى المجلس بتكثيف الجهود الدبلوماسية لتحقيق الحلول السلام في المنطقة.,The council recommended intensifying diplomatic efforts to achieve peaceful solutions in the region.,,,Tier2,LLM_Generated,,,,,,,,,Tier2,0.0,0.3,0.12,REVIEW,5.0,5.0,3.0,1.0,1.0
T2_EVAL_0006,TIER2_Name_Entity_Error_93dcd42d,Name Entity Error,المعاهدة الدولية لحقوق الطفل,الاتفاقية الدولية لحقوق الطفل,أعربت اللجنة عن التزامها الكامل بتعزيز المعاهدة الدولية لحقوق الطفل والعمل على تنفيذها في جميع الدول الأعضاء.,أعربت اللجنة عن التزامها الكامل بتعزيز الاتفاقية الدولية لحقوق الطفل والعمل على تنفيذها في جميع الدول الأعضاء.,The committee expressed its full commitment to promoting the International Treaty on the Rights of the Child and working on its implementation in all member states.,,,Tier2,LLM_Generated,,,,,,,,,Tier2,0.0,0.3,0.12,REVIEW,5.0,5.0,5.0,1.0,1.0
T2_EVAL_0007,TIER2_Tense_Shift_Under_Negation_819ad7af,Tense Shift Under Negation,لم نتوصل,لن نتوصل,يؤكد المجلس أن المفاوضات لم نتوصل بعد إلى نتائج ملموسة بشأن تعزيز السلام والأمن في المنطقة المتأثرة بالنزاع.,يؤكد المجلس أن المفاوضات لن نتوصل بعد إلى نتائج ملموسة بشأن تعزيز السلام والأمن في المنطقة المتأثرة بالنزاع.,The Council affirms that the negotiations have not yet reached tangible results regarding the enhancement of peace and security in the conflict-affected region.,,,Tier2,LLM_Generated,,,,,,,,,Tier2,0.0,0.3,0.12,REVIEW,5.0,5.0,5.0,1.0,1.0
T2_EVAL_0008,TIER2_Hyponym_for_Hypernym_1aa04e21,Hyponym for Hypernym,الامتثال,الالتزام,يرحب الأمين العام بالتقدم المحرز في الامتثال للقانون الدولي الإنساني من قبل جميع الأطراف المعنية في النزاع.,يرحب الأمين العام بالتقدم المحرز في الالتزام بالقانون الدولي الإنساني من قبل جميع الأطراف المعنية في النزاع.,The Secretary-General welcomes the progress made in compliance with international humanitarian law by all parties involved in the conflict.,,,Tier2,LLM_Generated,,,,,,,,,Tier2,0.0,0.3,0.12,REVIEW,5.0,5.0,5.0,1.0,1.0
T2_EVAL_0009,TIER2_Terminology_Substitution_2fb32b88,Terminology Substitution,الامتثال لأحكام القانون الدولي,احترام القوانين الدولية,يقرر أن جميع الدول الأعضاء يجب أن تلتزم بدقة بالامتثال لأحكام القانون الدولي لضمان السلام والأمن الدوليين.,يقرر أن جميع الدول الأعضاء يجب أن تلتزم بدقة باحترام القوانين الدولية لضمان السلام والأمن الدوليين.,It is decided that all member states must strictly adhere to compliance with the provisions of international law to ensure international peace and security.,,,Tier2,LLM_Generated,,,,,,,,,Tier2,0.0,0.3,0.12,REVIEW,5.0,5.0,5.0,1.0,1.0
T2_EVAL_0010,TIER2_Name_Entity_Error_eccc5221,Name Entity Error,معاهدة نزع السلاح النووي,معاهدة الحد من انتشار الأسلحة النووية,أشار المندوب إلى أهمية الالتزام بمعاهدة نزع السلاح النووي لتحقيق السلام العالمي.,أشار المندوب إلى أهمية الالتزام بمعاهدة الحد من انتشار الأسلحة النووية لتحقيق السلام العالمي.,The delegate pointed out the importance of adhering to the Nuclear Disarmament Treaty to achieve global peace.,,,Tier2,LLM_Generated,,,,,,,,,Tier2,0.0,0.3,0.12,REVIEW,5.0,5.0,5.0,1.0,1.0
T2_EVAL_0011,TIER2_Hypernym_for_Hyponym_bbcd1b92,Hypernym for Hyponym,تفتيش شامل,تفتيش,حث مجلس الأمن على تنفيذ تفتيش شامل في المواقع المشتبه بها ضمن برنامج نزع السلاح لضمان الالتزام الكامل بالقرارات الدولية.,حث مجلس الأمن على تنفيذ تفتيش في المواقع المشتبه بها ضمن برنامج نزع السلاح لضمان الالتزام الكامل بالقرارات الدولية.,The Security Council urged the implementation of a comprehensive inspection at suspected sites within the disarmament program to ensure full compliance with international resolutions.,,,Tier2,LLM_Generated,,,,,,,,,Tier2,0.0,0.3,0.12,REVIEW,5.0,5.0,5.0,1.0,1.0
T2_EVAL_0012,TIER2_Hypernym_for_Hyponym_f8067004,Hypernym for Hyponym,البعثة الدبلوماسية,البعثة,رحب الأمين العام بتوسيع نطاق البعثة الدبلوماسية في المنطقة لتعزيز التعاون الثنائي بين الدول الأعضاء.,رحب الأمين العام بتوسيع نطاق البعثة في المنطقة لتعزيز التعاون الثنائي بين الدول الأعضاء.,The Secretary-General welcomed the expansion of the diplomatic mission in the region to enhance bilateral cooperation between member states.,,,Tier2,LLM_Generated,,,,,,,,,Tier2,0.0,0.3,0.12,REVIEW,5.0,5.0,5.0,1.0,1.0
T2_EVAL_0013,TIER2_Passive_to_Active_Voice_daa40bc0,Passive to Active Voice,نفذت,تم تنفيذ,وأعرب المجلس عن قلقه بشأن العمليات العسكرية التي نفذت في المنطقة دون تنسيق مسبق.,وأعرب المجلس عن قلقه بشأن العمليات العسكرية التي تم تنفيذها في المنطقة دون تنسيق مسبق.,The Council expressed its concern regarding the military operations carried out in the area without prior coordination.,,,Tier2,LLM_Generated,,,,,,,,,Tier2,0.0,0.3,0.12,REVIEW,5.0,5.0,5.0,1.0,1.0
T2_EVAL_0014,TIER2_Partial_Translation_0618b52c,Partial Translation,مكتب المفوض السامي لحقوق الإنسان,مكتب المفوض السامي,أشار التقرير إلى أن مكتب المفوض السامي لحقوق الإنسان يواصل جهوده في تعزيز الحماية وضمان حقوق الإنسان في المناطق المتضررة.,أشار التقرير إلى أن مكتب المفوض السامي يواصل جهوده في تعزيز الحماية وضمان حقوق الإنسان في المناطق المتضررة.,The report indicated that the Office of the High Commissioner for Human Rights continues its efforts to promote protection and ensure human rights in affected areas.,,,Tier2,LLM_Generated,,,,,,,,,Tier2,0.0,0.3,0.12,REVIEW,5.0,5.0,5.0,1.0,1.0
T2_EVAL_0015,TIER2_Hypernym_for_Hyponym_a57f292a,Hypernym for Hyponym,التنمية المستدامة,التنمية,أيد المجلس تعزيز الحوكمة من خلال تنفيذ برامج التنمية المستدامة لضمان تحقيق السلام والأمن في المنطقة.,أيد المجلس تعزيز الحوكمة من خلال تنفيذ برامج التنمية لضمان تحقيق السلام والأمن في المنطقة.,The council supported enhancing governance through the implementation of sustainable development programs to ensure peace and security in the region.,,,Tier2,LLM_Generated,,,,,,,,,Tier2,0.0,0.3,0.12,REVIEW,5.0,5.0,5.0,1.0,1.0
T2_EVAL_0016,TIER2_Register_Mismatch_b43ad790,Register Mismatch,السفير,المبعوث,رحب الأمين العام بتعيين السفير الجديد لبعثة الأمم المتحدة في الصومال لتعزيز جهود الوساطة في المنطقة.,رحب الأمين العام بتعيين المبعوث الجديد لبعثة الأمم المتحدة في الصومال لتعزيز جهود الوساطة في المنطقة.,The Secretary-General welcomed the appointment of the new ambassador of the United Nations Mission in Somalia to strengthen mediation efforts in the region.,,,Tier2,LLM_Generated,,,,,,,,,Tier2,0.0,0.3,0.12,REVIEW,5.0,5.0,5.0,1.0,1.0
T2_EVAL_0017,TIER2_Partial_Translation_b2f04eb5,Partial Translation,التنسيق المشترك بين الدول الأعضاء,التنسيق بين الدول الأعضاء,رحب المجلس بالتنسيق المشترك بين الدول الأعضاء لتعزيز التعاون في مجالات الأمن الإقليمي.,رحب المجلس بالتنسيق بين الدول الأعضاء لتعزيز التعاون في مجالات الأمن الإقليمي.,The council welcomed the joint coordination between member states to enhance cooperation in regional security fields.,,,Tier2,LLM_Generated,,,,,,,,,Tier2,0.0,0.3,0.12,REVIEW,5.0,5.0,5.0,1.0,1.0
T2_EVAL_0018,TIER2_Wrong_Word_Order_16d4e5e4,Wrong Word Order,السفير الدائم,الدائم السفير,يرحب المجلس بتعيين السفير الدائم الجديد لدى الأمم المتحدة، ويؤكد على أهمية تعزيز العلاقات الدبلوماسية بين الدول الأعضاء.,يرحب المجلس بتعيين الدائم السفير الجديد لدى الأمم المتحدة، ويؤكد على أهمية تعزيز العلاقات الدبلوماسية بين الدول الأعضاء.,The council welcomes the appointment of the new permanent ambassador to the United Nations and underscores the importance of strengthening diplomatic relations among member states.,,,Tier2,LLM_Generated,,,,,,,,,Tier2,0.0,0.3,0.12,REVIEW,5.0,5.0,4.0,1.0,1.0
T2_EVAL_0019,TIER2_Adjective_to_Noun_f94fbb8f,Adjective to Noun,العاجلة,العجلة,طالب المجلس بتقديم المساعدات العاجلة للاجئين لضمان حمايتهم من المخاطر التي يواجهونها.,طالب المجلس بتقديم المساعدات العجلة للاجئين لضمان حمايتهم من المخاطر التي يواجهونها.,The council called for urgent assistance to refugees to ensure their protection from the risks they face.,,,Tier2,LLM_Generated,,,,,,,,,Tier2,0.0,0.3,0.12,REVIEW,5.0,5.0,2.0,1.0,0.0
T2_EVAL_0020,TIER2_Terminology_Substitution_e535e1c7,Terminology Substitution,الممثل الدائم,المندوب الدائم,ناشد الممثل الدائم للأمم المتحدة كافة الدول الأعضاء بالالتزام بالقرارات الدولية المتعلقة بحقوق الإنسان.,ناشد المندوب الدائم للأمم المتحدة كافة الدول الأعضاء بالالتزام بالقرارات الدولية المتعلقة بحقوق الإنسان.,The Permanent Representative to the United Nations urged all member states to adhere to international decisions related to human rights.,,,Tier2,LLM_Generated,,,,,,,,,Tier2,0.0,0.3,0.12,REVIEW,5.0,5.0,5.0,1.0,1.0
T2_EVAL_0021,TIER2_Hypernym_for_Hyponym_a0af89ef,Hypernym for Hyponym,مراكز التغذية,المراكز,أوصى التقرير بزيادة دعم مراكز التغذية في المناطق النائية لتقديم المساعدات الإنسانية الضرورية للأطفال والأمهات.,أوصى التقرير بزيادة دعم المراكز في المناطق النائية لتقديم المساعدات الإنسانية الضرورية للأطفال والأمهات.,The report recommended increasing support for nutrition centers in remote areas to provide essential humanitarian aid for children and mothers.,,,Tier2,LLM_Generated,,,,,,,,,Tier2,0.0,0.3,0.12,REVIEW,5.0,5.0,5.0,1.0,1.0
T2_EVAL_0022,TIER2_Meaning_Shift_621176b2,Meaning Shift,الانتهاكات,الاعتداءات,تؤكد اللجنة ضرورة التحقيق الفوري في الانتهاكات التي ترتكبها الجماعات المسلحة في المنطقة والتأكد من توفر الحماية للمدنيين.,تؤكد اللجنة ضرورة التحقيق الفوري في الاعتداءات التي ترتكبها الجماعات المسلحة في المنطقة والتأكد من توفر الحماية للمدنيين.,The committee emphasizes the urgent need to investigate the violations committed by armed groups in the region and ensure the protection of civilians.,,,Tier2,LLM_Generated,,,,,,,,,Tier2,0.0,0.3,0.12,REVIEW,4.0,4.0,5.0,1.0,1.0
T2_EVAL_0023,TIER2_Adjective_to_Noun_bde13c42,Adjective to Noun,الضرورية,ضرورة,أشار الأمين العام إلى الخطوات الضرورية لتعزيز الأمن والاستقرار في المنطقة.,أشار الأمين العام إلى الخطوات ضرورة لتعزيز الأمن والاستقرار في المنطقة.,The Secretary-General pointed out the necessary steps to enhance security and stability in the region.,,,Tier2,LLM_Generated,,,,,,,,,Tier2,0.0,0.3,0.12,REVIEW,5.0,5.0,2.0,1.0,0.0
T2_EVAL_0024,TIER2_Hyponym_for_Hypernym_da01c9fa,Hyponym for Hypernym,المراقبة الجوية,الرصد الجوي,رحب المجلس بتعزيز المراقبة الجوية على الحدود لضمان الأمن والسلامة في المنطقة.,رحب المجلس بتعزيز الرصد الجوي على الحدود لضمان الأمن والسلامة في المنطقة.,The council welcomed the enhancement of aerial surveillance at the borders to ensure security and safety in the region.,,,Tier2,LLM_Generated,,,,,,,,,Tier2,0.0,0.3,0.12,REVIEW,5.0,5.0,5.0,1.0,1.0
T2_EVAL_0025,TIER2_Passive_to_Active_Voice_000d138b,Passive to Active Voice,أُنجز,تم إنجاز,أعرب المجلس عن تقديره للجهود التي أُنجزت في إطار مكافحة الإرهاب في المنطقة.,أعرب المجلس عن تقديره للجهود التي تم إنجازها في إطار مكافحة الإرهاب في المنطقة.,The Council expressed its appreciation for the efforts accomplished in the framework of combating terrorism in the region.,,,Tier2,LLM_Generated,,,,,,,,,Tier2,0.0,0.3,0.12,REVIEW,5.0,5.0,5.0,1.0,1.0
T2_EVAL_0026,TIER2_Invalid_Pattern_acd016cb,Invalid Pattern,الأمان,الأمن,وأعاد السفير التأكيد على أهمية تحقيق الاستقرار في المنطقة من خلال تعزيز الأمان والتعاون بين الدول الأعضاء في الأمم المتحدة.,وأعاد السفير التأكيد على أهمية تحقيق الاستقرار في المنطقة من خلال تعزيز الأمن والتعاون بين الدول الأعضاء في الأمم المتحدة.,The ambassador reiterated the importance of achieving stability in the region by enhancing safety and cooperation among the member states of the United Nations.,,,Tier2,LLM_Generated,,,,,,,,,Tier2,0.0,0.3,0.12,REVIEW,5.0,5.0,5.0,1.0,1.0
T2_EVAL_0027,TIER2_Progressive_to_Perfective_61e613c5,Progressive to Perfective,كانت تعمل,عملت,حث الأمين العام الدول الأعضاء على تقديم الدعم للبعثة التي كانت تعمل على إزالة الألغام في المناطق المتنازع عليها في الصحراء الغربية.,حث الأمين العام الدول الأعضاء على تقديم الدعم للبعثة التي عملت على إزالة الألغام في المناطق المتنازع عليها في الصحراء الغربية.,The Secretary-General urged Member States to provide support to the mission that was working on demining in the disputed areas of Western Sahara.,,,Tier2,LLM_Generated,,,,,,,,,Tier2,0.0,0.3,0.12,REVIEW,5.0,5.0,5.0,1.0,1.0
T2_EVAL_0028,TIER2_Terminology_Substitution_23430722,Terminology Substitution,أعمال الإغاثة,أعمال الدعم,أوصى التقرير بضرورة تحسين أعمال الإغاثة في المناطق المتأثرة بالنزاعات لتخفيف معاناة المدنيين.,أوصى التقرير بضرورة تحسين أعمال الدعم في المناطق المتأثرة بالنزاعات لتخفيف معاناة المدنيين.,The report recommended improving relief efforts in conflict-affected areas to alleviate the suffering of civilians.,,,Tier2,LLM_Generated,,,,,,,,,Tier2,0.0,0.3,0.12,REVIEW,5.0,5.0,5.0,1.0,1.0
T2_EVAL_0029,TIER2_Terminology_Substitution_4fffaf19,Terminology Substitution,الإغاثة الإنسانية,المساعدات الإنسانية,ناشدت الأمم المتحدة بتقديم الإغاثة الإنسانية العاجلة للمتضررين من الكوارث الطبيعية في المنطقة.,ناشدت الأمم المتحدة بتقديم المساعدات الإنسانية العاجلة للمتضررين من الكوارث الطبيعية في المنطقة.,The United Nations appealed for urgent humanitarian relief for those affected by natural disasters in the region.,,,Tier2,LLM_Generated,,,,,,,,,Tier2,0.0,0.3,0.12,REVIEW,5.0,5.0,5.0,1.0,1.0
T2_EVAL_0030,TIER2_Gender_Disagreement_913b334c,Gender Disagreement,الضحايا,الضحية,واستذكر المجلس بقلق شديد الحالة الإنسانية المتردية في المنطقة، وخاصة وضع الضحايا الذين يعانون من العنف المستمر.,واستذكر المجلس بقلق شديد الحالة الإنسانية المتردية في المنطقة، وخاصة وضع الضحية الذين يعانون من العنف المستمر.,"The Council recalled with grave concern the deteriorating humanitarian situation in the region, especially the condition of the victims suffering from ongoing violence.",,,Tier2,LLM_Generated,,,,,,,,,Tier2,0.0,0.3,0.12,REVIEW,5.0,5.0,3.0,1.0,1.0
T2_EVAL_0031,TIER2_Total_Omission_f1332516,Total Omission,الأسلحة الكيميائية,[OMITTED],وأعاد التقرير التأكيد على ضرورة تدمير الأسلحة الكيميائية وفقًا للمعايير الدولية المعتمدة.,وأعاد التقرير التأكيد على ضرورة تدمير وفقًا للمعايير الدولية المعتمدة.,The report reaffirmed the necessity of destroying chemical weapons according to the approved international standards.,,,Tier2,LLM_Generated,,,,,,,,,Tier2,0.0,0.3,0.12,REVIEW,5.0,5.0,4.0,1.0,1.0
T2_EVAL_0032,TIER2_Hyponym_for_Hypernym_b07b286c,Hyponym for Hypernym,التجمعات,الاجتماعات,دعا المجتمع الدولي إلى تنظيم التجمعات السنوية للبحث في سبل تحسين المساعدات الإنسانية للاجئين وضمان الحماية لهم.,دعا المجتمع الدولي إلى تنظيم الاجتماعات السنوية للبحث في سبل تحسين المساعدات الإنسانية للاجئين وضمان الحماية لهم.,The international community called for organizing annual gatherings to explore ways to improve humanitarian aid for refugees and ensure their protection.,,,Tier2,LLM_Generated,,,,,,,,,Tier2,0.0,0.3,0.12,REVIEW,5.0,5.0,5.0,1.0,1.0
T2_EVAL_0033,TIER2_Literal_Translation_011ca17e,Literal Translation,يد واحدة لا تصفق,يد واحدة لا تفي بالغرض,أعرب المجتمع الدولي عن قلقه، مشيرا إلى أن يد واحدة لا تصفق في مواجهة الأزمة الإنسانية المتفاقمة بين النازحين.,أعرب المجتمع الدولي عن قلقه، مشيرا إلى أن يد واحدة لا تفي بالغرض في مواجهة الأزمة الإنسانية المتفاقمة بين النازحين.,"The international community expressed its concern, noting that one hand is insufficient in facing the escalating humanitarian crisis among the displaced.",,,Tier2,LLM_Generated,,,,,,,,,Tier2,0.0,0.3,0.12,REVIEW,2.0,3.0,4.0,1.0,0.0
T2_EVAL_0034,TIER2_Terminology_Substitution_9b6f8679,Terminology Substitution,التعاون الثنائي,التعاون المشترك,تحث الجمعية الدول الأعضاء على تعزيز التعاون الثنائي في المجالات الاقتصادية والاجتماعية لتحقيق التنمية المستدامة.,تحث الجمعية الدول الأعضاء على تعزيز التعاون المشترك في المجالات الاقتصادية والاجتماعية لتحقيق التنمية المستدامة.,The Assembly urges member states to enhance bilateral cooperation in economic and social fields to achieve sustainable development.,,,Tier2,LLM_Generated,,,,,,,,,Tier2,0.0,0.3,0.12,REVIEW,5.0,5.0,5.0,1.0,1.0
T2_EVAL_0035,TIER2_Total_Omission_c8d7282c,Total Omission,الاستراتيجية الإقليمية,[OMITTED],أوصى الاجتماع بتعزيز الاستراتيجية الإقليمية لدعم السلام والأمن والاستقرار في المنطقة.,أوصى الاجتماع بتعزيز لدعم السلام والأمن والاستقرار في المنطقة.,"The meeting recommended enhancing the regional strategy to support peace, security, and stability in the region.",,,Tier2,LLM_Generated,,,,,,,,,Tier2,0.0,0.3,0.12,REVIEW,5.0,5.0,4.0,1.0,1.0
T2_EVAL_0036,TIER2_Wrong_Word_Order_049a783f,Wrong Word Order,التزامات المعاهدة الدولية,التزامات الدولية المعاهدة,تؤكد اللجنة على ضرورة تنفيذ التزامات المعاهدة الدولية لضمان التعاون بين الدول الأعضاء في معالجة القضايا العالمية.,تؤكد اللجنة على ضرورة تنفيذ التزامات الدولية المعاهدة لضمان التعاون بين الدول الأعضاء في معالجة القضايا العالمية.,The committee emphasizes the necessity of implementing international treaty obligations to ensure cooperation among member states in addressing global issues.,,,Tier2,LLM_Generated,,,,,,,,,Tier2,0.0,0.3,0.12,REVIEW,5.0,5.0,5.0,1.0,1.0
T2_EVAL_0037,TIER2_Wrong_Word_Order_ed6acff4,Wrong Word Order,الحوار السلمي البناء,السلمي الحوار البناء,رحب السفير بجهود الوساطة المبذولة لتعزيز الحوار السلمي البناء بين الأطراف المتنازعة في المنطقة.,رحب السفير بجهود الوساطة المبذولة لتعزيز السلمي الحوار البناء بين الأطراف المتنازعة في المنطقة.,The ambassador welcomed the mediation efforts to promote constructive peaceful dialogue among the conflicting parties in the region.,,,Tier2,LLM_Generated,,,,,,,,,Tier2,0.0,0.3,0.12,REVIEW,5.0,5.0,4.0,1.0,1.0
T2_EVAL_0038,TIER2_Invalid_Pattern_9962cc9a,Invalid Pattern,الانتهاكات,الانتهاك,أوصى مجلس الأمن بضرورة التحقيق في جميع الانتهاكات التي تحدث في مناطق النزاع لضمان محاسبة المسؤولين عنها وتعزيز السلام.,أوصى مجلس الأمن بضرورة التحقيق في جميع الانتهاك التي تحدث في مناطق النزاع لضمان محاسبة المسؤولين عنها وتعزيز السلام.,The Security Council recommended the need to investigate all violations occurring in conflict areas to ensure accountability and promote peace.,,,Tier2,LLM_Generated,,,,,,,,,Tier2,0.0,0.3,0.12,REVIEW,5.0,5.0,4.0,1.0,1.0
T2_EVAL_0039,TIER2_Perfective_to_Progressive_42dec4a6,Perfective to Progressive,أعرب,يعرب,وأعرب الأمين العام عن قلقه إزاء تدهور الوضع الأمني في المنطقة وتأثيره السلبي على الاستقرار الإقليمي.,ويعرب الأمين العام عن قلقه إزاء تدهور الوضع الأمني في المنطقة وتأثيره السلبي على الاستقرار الإقليمي.,The Secretary-General expressed his concern about the deterioration of the security situation in the region and its negative impact on regional stability.,,,Tier2,LLM_Generated,,,,,,,,,Tier2,0.0,0.3,0.12,REVIEW,5.0,5.0,5.0,1.0,1.0
T2_EVAL_0040,TIER2_Adjective_to_Noun_fab33941,Adjective to Noun,الدبلوماسية,الدبلوماسي,أشار التقرير إلى أهمية الجهود الدبلوماسية في حل النزاع الإقليمي لتحقيق الاستقرار والسلام.,أشار التقرير إلى أهمية الجهود الدبلوماسي في حل النزاع الإقليمي لتحقيق الاستقرار والسلام.,The report highlighted the importance of diplomatic efforts in resolving the regional conflict to achieve stability and peace.,,,Tier2,LLM_Generated,,,,,,,,,Tier2,0.0,0.3,0.12,REVIEW,5.0,5.0,3.0,1.0,1.0
T2_EVAL_0041,TIER2_Meaning_Shift_d51573e4,Meaning Shift,السلوك العدواني,السلوك الدفاعي,يرحب مجلس الأمن بالمبادرات الرامية إلى الحد من السلوك العدواني في المنطقة لتعزيز الاستقرار والسلام.,يرحب مجلس الأمن بالمبادرات الرامية إلى الحد من السلوك الدفاعي في المنطقة لتعزيز الاستقرار والسلام.,The Security Council welcomes initiatives aimed at curbing aggressive behavior in the region to enhance stability and peace.,,,Tier2,LLM_Generated,,,,,,,,,Tier2,0.0,0.3,0.12,REVIEW,5.0,5.0,5.0,1.0,1.0
T2_EVAL_0042,TIER2_Active_to_Passive_Voice_1dc23229,Active to Passive Voice,نفذت القرارات,تم تنفيذ القرارات,يقرر أن الحكومة نفذت القرارات المتعلقة بالإلزام القانوني بدقة وشفافية.,يقرر أن تم تنفيذ القرارات المتعلقة بالإلزام القانوني بدقة وشفافية.,It is decided that the government implemented the decisions related to legal compliance with accuracy and transparency.,,,Tier2,LLM_Generated,,,,,,,,,Tier2,0.0,0.3,0.12,REVIEW,5.0,5.0,5.0,1.0,1.0
T2_EVAL_0043,TIER2_Meaning_Shift_9506abf6,Meaning Shift,الاتفاقية,المعاهدة,أعربت الدول الأعضاء عن التزامها بتعزيز التعاون بموجب الاتفاقية الدولية لمكافحة تمويل الإرهاب لضمان السلام والأمن الدوليين.,أعربت الدول الأعضاء عن التزامها بتعزيز التعاون بموجب المعاهدة الدولية لمكافحة تمويل الإرهاب لضمان السلام والأمن الدوليين.,The member states expressed their commitment to enhancing cooperation under the international agreement to combat terrorism financing to ensure international peace and security.,,,Tier2,LLM_Generated,,,,,,,,,Tier2,0.0,0.3,0.12,REVIEW,4.0,4.0,5.0,1.0,1.0
T2_EVAL_0044,TIER2_Active_to_Passive_Voice_28797ef3,Active to Passive Voice,أكدت اللجنة,أُكِّد من قبل اللجنة,وأكدت اللجنة على أهمية تحقيق السلام والاستقرار في المنطقة من خلال الحوار الدبلوماسي.,أُكِّد من قبل اللجنة على أهمية تحقيق السلام والاستقرار في المنطقة من خلال الحوار الدبلوماسي.,The committee emphasized the importance of achieving peace and stability in the region through diplomatic dialogue.,,,Tier2,LLM_Generated,,,,,,,,,Tier2,0.0,0.3,0.12,REVIEW,5.0,5.0,5.0,1.0,1.0
T2_EVAL_0045,TIER2_Wrong_Structure_cbe28fd9,Wrong Structure,الالتزام بتقديم الإغاثة,التزام بتقديم المساعدة,أعربت اللجنة عن قلقها إزاء عدم الالتزام بتقديم الإغاثة الإنسانية الفورية للنازحين في المناطق المتضررة من النزاع.,أعربت اللجنة عن قلقها إزاء عدم التزام بتقديم المساعدة الإنسانية الفورية للنازحين في المناطق المتضررة من النزاع.,The committee expressed concern over the lack of commitment to providing immediate humanitarian relief to the displaced in conflict-affected areas.,,,Tier2,LLM_Generated,,,,,,,,,Tier2,0.0,0.3,0.12,REVIEW,5.0,5.0,5.0,1.0,1.0
T2_EVAL_0046,TIER2_Hypernym_for_Hyponym_7925ae6b,Hypernym for Hyponym,الاستجابة الإنسانية,الاستجابة,أعلن التقرير أن الأزمة الحالية تتطلب الاستجابة الإنسانية السريعة لضمان توفير الاحتياجات الأساسية للاجئين في المنطقة المتضررة.,أعلن التقرير أن الأزمة الحالية تتطلب الاستجابة السريعة لضمان توفير الاحتياجات الأساسية للاجئين في المنطقة المتضررة.,The report announced that the current crisis requires a rapid humanitarian response to ensure the provision of basic needs for refugees in the affected area.,,,Tier2,LLM_Generated,,,,,,,,,Tier2,0.0,0.3,0.12,REVIEW,5.0,5.0,5.0,1.0,1.0
T2_EVAL_0047,TIER2_Wrong_Structure_8756345d,Wrong Structure,السعي لتحقيق الحوكمة الرشيدة,تحقيق الحوكمة الرشيدة,قرر المجلس تعزيز السعي لتحقيق الحوكمة الرشيدة في البلدان المتأثرة بالنزاعات لضمان استدامة السلام والأمن.,قرر المجلس تعزيز تحقيق الحوكمة الرشيدة في البلدان المتأثرة بالنزاعات لضمان استدامة السلام والأمن.,The council decided to enhance efforts for achieving good governance in conflict-affected countries to ensure the sustainability of peace and security.,,,Tier2,LLM_Generated,,,,,,,,,Tier2,0.0,0.3,0.12,REVIEW,5.0,5.0,5.0,1.0,1.0
T2_EVAL_0048,TIER2_Gender_Disagreement_f97c097b,Gender Disagreement,أعضاؤها,أعضائه,تؤكد اللجنة على أهمية تعزيز التعاون بين الدول الأعضاء لضمان الامتثال الكامل لقرارات مجلس الأمن، وتشجيع أعضاؤها على تقديم الدعم اللازم.,تؤكد اللجنة على أهمية تعزيز التعاون بين الدول الأعضاء لضمان الامتثال الكامل لقرارات مجلس الأمن، وتشجيع أعضائه على تقديم الدعم اللازم.,"The committee emphasizes the importance of enhancing cooperation among member states to ensure full compliance with Security Council resolutions, and encourages its members to provide the necessary support.",,,Tier2,LLM_Generated,,,,,,,,,Tier2,0.0,0.3,0.12,REVIEW,5.0,5.0,5.0,1.0,1.0
T2_EVAL_0049,TIER2_Wrong_Structure_6ca9e9be,Wrong Structure,التعاون الاقتصادي الدولي,التنسيق في مجال الاقتصاد العالمي,قرر الاجتماع التركيز على أهمية التعاون الاقتصادي الدولي لتعزيز التنمية المستدامة وتحقيق السلام العالمي.,قرر الاجتماع التركيز على أهمية التنسيق في مجال الاقتصاد العالمي لتعزيز التنمية المستدامة وتحقيق السلام العالمي.,The meeting decided to focus on the importance of international economic cooperation to promote sustainable development and achieve global peace.,,,Tier2,LLM_Generated,,,,,,,,,Tier2,0.0,0.3,0.12,REVIEW,4.0,4.0,5.0,1.0,1.0
T2_EVAL_0050,TIER2_Adjective_to_Noun_b0a0f5f9,Adjective to Noun,القانونية,القانون,حث الأمين العام الدول الأعضاء على الالتزام بالمعايير القانونية المنصوص عليها في الاتفاقية الدولية لحماية الأطفال.,حث الأمين العام الدول الأعضاء على الالتزام بالمعايير القانون المنصوص عليها في الاتفاقية الدولية لحماية الأطفال.,The Secretary-General urged member states to adhere to the legal standards outlined in the international convention on the protection of children.,,,Tier2,LLM_Generated,,,,,,,,,Tier2,0.0,0.3,0.12,REVIEW,5.0,5.0,4.0,1.0,1.0
T2_EVAL_0051,TIER2_Progressive_to_Perfective_48cb1384,Progressive to Perfective,لاحظت اللجنة أن الحماية تزداد,لاحظت اللجنة أن الحماية ازدادت,لاحظت اللجنة أن الحماية تزداد في المناطق المتضررة بسبب الجهود المتواصلة لتحسين الأوضاع الأمنية والإنسانية فيها.,لاحظت اللجنة أن الحماية ازدادت في المناطق المتضررة بسبب الجهود المتواصلة لتحسين الأوضاع الأمنية والإنسانية فيها.,The committee noted that protection is increasing in the affected areas due to ongoing efforts to improve security and humanitarian conditions there.,,,Tier2,LLM_Generated,,,,,,,,,Tier2,0.0,0.3,0.12,REVIEW,5.0,5.0,5.0,1.0,1.0
T2_EVAL_0052,TIER2_Noun_to_Adjective_2315b9cc,Noun to Adjective,اللاجئين,اللاجئة,قرر المجلس تعزيز الجهود الدولية لتحسين أوضاع اللاجئين في المناطق المتضررة من الصراعات.,قرر المجلس تعزيز الجهود الدولية لتحسين أوضاع اللاجئة في المناطق المتضررة من الصراعات.,The council decided to enhance international efforts to improve the conditions of refugees in conflict-affected areas.,,,Tier2,LLM_Generated,,,,,,,,,Tier2,0.0,0.3,0.12,REVIEW,1.0,1.0,4.0,1.0,0.0
T2_EVAL_0053,TIER2_Adjective_to_Noun_e5142775,Adjective to Noun,الإنسانية,الإنسان,أشار التقرير إلى الحاجة الملحة لتوفير المساعدات الإنسانية للاجئين في المناطق المتضررة.,أشار التقرير إلى الحاجة الملحة لتوفير المساعدات الإنسان للاجئين في المناطق المتضررة.,The report highlighted the urgent need to provide humanitarian assistance to refugees in affected areas.,,,Tier2,LLM_Generated,,,,,,,,,Tier2,0.0,0.3,0.12,REVIEW,5.0,5.0,3.0,1.0,1.0
T2_EVAL_0054,TIER2_Wrong_Structure_464af767,Wrong Structure,نزع السلاح النووي,إزالة الأسلحة النووية,أيدت اللجنة قراراً يدعو إلى نزع السلاح النووي في المنطقة لدعم الجهود الدولية الرامية إلى تحقيق السلام العالمي.,أيدت اللجنة قراراً يدعو إلى إزالة الأسلحة النووية في المنطقة لدعم الجهود الدولية الرامية إلى تحقيق السلام العالمي.,The committee endorsed a resolution calling for nuclear disarmament in the region to support international efforts towards achieving global peace.,,,Tier2,LLM_Generated,,,,,,,,,Tier2,0.0,0.3,0.12,REVIEW,4.0,4.0,5.0,1.0,1.0
T2_EVAL_0055,TIER2_Gender_Disagreement_8f33ac68,Gender Disagreement,تضامنها,تضامنه,تحث الجمعية المجتمع الدولي على تعزيز الحماية وتقديم المساعدات، وتكرر تضامنها مع الدول المتضررة من الأزمات الإنسانية.,تحث الجمعية المجتمع الدولي على تعزيز الحماية وتقديم المساعدات، وتكرر تضامنه مع الدول المتضررة من الأزمات الإنسانية.,"The Assembly urges the international community to strengthen protection and provide assistance, reiterating its solidarity with countries affected by humanitarian crises.",,,Tier2,LLM_Generated,,,,,,,,,Tier2,0.0,0.3,0.12,REVIEW,5.0,5.0,5.0,1.0,1.0
T2_EVAL_0056,TIER2_Name_Entity_Error_72a53f43,Name Entity Error,الدولة الإسلامية,الدولة الإيرانية,وشدد التقرير على ضرورة التعاون الدولي للقضاء على تهديدات الدولة الإسلامية في مناطق الصراع.,وشدد التقرير على ضرورة التعاون الدولي للقضاء على تهديدات الدولة الإيرانية في مناطق الصراع.,The report stressed the need for international cooperation to eliminate the threats of the Islamic State in conflict areas.,,,Tier2,LLM_Generated,,,,,,,,,Tier2,0.0,0.3,0.12,REVIEW,5.0,5.0,5.0,1.0,1.0
T2_EVAL_0057,TIER2_Partial_Translation_7a83629e,Partial Translation,المعاهدة الدولية للقضاء على جميع أشكال التمييز,المعاهدة الدولية,أشار التقرير إلى ضرورة تعزيز تنفيذ المعاهدة الدولية للقضاء على جميع أشكال التمييز لتعزيز السلام والعدالة.,أشار التقرير إلى ضرورة تعزيز تنفيذ المعاهدة الدولية لتعزيز السلام والعدالة.,The report noted the need to strengthen the implementation of the International Treaty to Eliminate All Forms of Discrimination to promote peace and justice.,,,Tier2,LLM_Generated,,,,,,,,,Tier2,0.0,0.3,0.12,REVIEW,5.0,5.0,5.0,1.0,1.0
T2_EVAL_0058,TIER2_Tanween_Omission_c3e68b70,Tanween Omission,تفاهماً,تفاهما,دعا المجلس إلى تعزيز تفاهماً إقليمياً بين الدول الأعضاء لضمان استقرار المنطقة وتحقيق السلام الدائم.,دعا المجلس إلى تعزيز تفاهما إقليمياً بين الدول الأعضاء لضمان استقرار المنطقة وتحقيق السلام الدائم.,The Council called for strengthening regional understanding among member states to ensure regional stability and achieve lasting peace.,,,Tier2,LLM_Generated,,,,,,,,,Tier2,0.0,0.3,0.12,REVIEW,5.0,5.0,5.0,1.0,1.0
T2_EVAL_0059,TIER2_Terminology_Substitution_ec03b9ec,Terminology Substitution,الممثل الخاص,المبعوث الخاص,رحب الممثل الخاص للأمين العام بجهود الدول الأعضاء لتعزيز التعاون الإقليمي في منطقة الساحل.,رحب المبعوث الخاص للأمين العام بجهود الدول الأعضاء لتعزيز التعاون الإقليمي في منطقة الساحل.,The Special Representative of the Secretary-General welcomed the efforts of member states to enhance regional cooperation in the Sahel region.,,,Tier2,LLM_Generated,,,,,,,,,Tier2,0.0,0.3,0.12,REVIEW,5.0,5.0,5.0,1.0,1.0
T2_EVAL_0060,TIER2_Partial_Translation_ca733eca,Partial Translation,الاتفاقيات الدولية الخاصة بالوساطة,[OMITTED],حث الأمين العام الدول الأعضاء على مراعاة الاتفاقيات الدولية الخاصة بالوساطة لتعزيز الحوار والتعاون السلمي.,حث الأمين العام الدول الأعضاء على مراعاة لتعزيز الحوار والتعاون السلمي.,The Secretary-General urged member states to consider international mediation agreements to enhance dialogue and peaceful cooperation.,,,Tier2,LLM_Generated,,,,,,,,,Tier2,0.0,0.3,0.12,REVIEW,5.0,5.0,4.0,1.0,1.0
T2_EVAL_0061,TIER2_Invalid_Pattern_df4efabb,Invalid Pattern,بنود,بنو,حث المندوب الأمين العام على النظر في جميع بنود الاتفاقية لضمان تنفيذها الكامل دون تأخير.,حث المندوب الأمين العام على النظر في جميع بنو الاتفاقية لضمان تنفيذها الكامل دون تأخير.,The delegate urged the Secretary-General to consider all the provisions of the agreement to ensure their full implementation without delay.,,,Tier2,LLM_Generated,,,,,,,,,Tier2,0.0,0.3,0.12,REVIEW,5.0,5.0,2.0,1.0,1.0
T2_EVAL_0062,TIER2_Total_Omission_547dc616,Total Omission,الاحتياجات الأساسية,[OMITTED],أعربت اللجنة عن قلقها بشأن الأزمة الإنسانية وضرورة تلبية الاحتياجات الأساسية للضحايا في المناطق المتضررة.,أعربت اللجنة عن قلقها بشأن الأزمة الإنسانية وضرورة تلبية للضحايا في المناطق المتضررة.,The committee expressed its concern about the humanitarian crisis and the need to meet the basic needs of victims in affected areas.,,,Tier2,LLM_Generated,,,,,,,,,Tier2,0.0,0.3,0.12,REVIEW,5.0,5.0,4.0,1.0,1.0
T2_EVAL_0063,TIER2_Tanween_Omission_48550387,Tanween Omission,شاملاً,شاملا,يدعو الأمين العام إلى تنفيذ اتفاقية السلام شاملاً جميع الأطراف لضمان استقرار المنطقة وتحقيق الأمن المستدام.,يدعو الأمين العام إلى تنفيذ اتفاقية السلام شاملا جميع الأطراف لضمان استقرار المنطقة وتحقيق الأمن المستدام.,"The Secretary-General calls for the implementation of the peace agreement, including all parties, to ensure regional stability and achieve sustainable security.",,,Tier2,LLM_Generated,,,,,,,,,Tier2,0.0,0.3,0.12,REVIEW,5.0,5.0,5.0,1.0,1.0
T2_EVAL_0064,TIER2_Gender_Disagreement_d26ce357,Gender Disagreement,المحكمة,المحكم,يطلب إلى المحكمة الدولية أن تستمر في تعزيز جهودها لتحقيق العدالة الدولية ومكافحة الإفلات من العقاب.,يطلب إلى المحكم الدولي أن يستمر في تعزيز جهوده لتحقيق العدالة الدولية ومكافحة الإفلات من العقاب.,Requests the International Court to continue enhancing its efforts to achieve international justice and combat impunity.,,,Tier2,LLM_Generated,,,,,,,,,Tier2,0.0,0.3,0.12,REVIEW,5.0,5.0,5.0,1.0,1.0
T2_EVAL_0065,TIER2_Noun_to_Adjective_b3047ead,Noun to Adjective,المفاوضات,التفاوضية,طالب المجلس بتكثيف الجهود لدعم المفاوضات السلمية بين الأطراف المتنازعة في المنطقة.,طالب المجلس بتكثيف الجهود لدعم التفاوضية السلمية بين الأطراف المتنازعة في المنطقة.,The council called for intensified efforts to support peaceful negotiations among the conflicting parties in the region.,,,Tier2,LLM_Generated,,,,,,,,,Tier2,0.0,0.3,0.12,REVIEW,5.0,5.0,4.0,1.0,1.0
T2_EVAL_0066,TIER2_Wrong_Structure_14044c68,Wrong Structure,استعراض الوضع الراهن,الوضع الراهن استعراضًا,تحث الجمعية على استعراض الوضع الراهن للتعاون الدولي في مجال السلام والأمن لضمان الاستقرار الإقليمي والدولي.,تحث الجمعية على الوضع الراهن استعراضًا للتعاون الدولي في مجال السلام والأمن لضمان الاستقرار الإقليمي والدولي.,The Assembly urges a review of the current state of international cooperation in the field of peace and security to ensure regional and international stability.,,,Tier2,LLM_Generated,,,,,,,,,Tier2,0.0,0.3,0.12,REVIEW,5.0,5.0,4.0,1.0,1.0
T2_EVAL_0067,TIER2_Total_Omission_b2bf2c20,Total Omission,إجراءات بناء الثقة,[OMITTED],يؤكد المجلس على أهمية تعزيز إجراءات بناء الثقة في المنطقة لتحقيق السلام المستدام.,يؤكد المجلس على أهمية تعزيز في المنطقة لتحقيق السلام المستدام.,The Council emphasizes the importance of enhancing confidence-building measures in the region to achieve sustainable peace.,,,Tier2,LLM_Generated,,,,,,,,,Tier2,0.0,0.3,0.12,REVIEW,5.0,5.0,4.0,1.0,1.0
T2_EVAL_0068,TIER2_Partial_Translation_f8f0909a,Partial Translation,المفاوضات الدبلوماسية الشاملة,[OMITTED],أشار التقرير إلى ضرورة تعزيز المفاوضات الدبلوماسية الشاملة لحل النزاع بشكل سلمي ودائم.,أشار التقرير إلى ضرورة تعزيز لحل النزاع بشكل سلمي ودائم.,The report pointed out the need to enhance comprehensive diplomatic negotiations to resolve the conflict in a peaceful and lasting manner.,,,Tier2,LLM_Generated,,,,,,,,,Tier2,0.0,0.3,0.12,REVIEW,5.0,5.0,4.0,1.0,1.0
T2_EVAL_0069,TIER2_Terminology_Substitution_be7f1f2c,Terminology Substitution,الأمن الإقليمي,الأمن المحلي,وأعاد المجلس التأكيد على أهمية التعاون لتعزيز الأمن الإقليمي في المنطقة ومكافحة التهديدات المشتركة التي تواجهها.,وأعاد المجلس التأكيد على أهمية التعاون لتعزيز الأمن المحلي في المنطقة ومكافحة التهديدات المشتركة التي تواجهها.,The Council reiterated the importance of cooperation in strengthening regional security and addressing common threats in the region.,,,Tier2,LLM_Generated,,,,,,,,,Tier2,0.0,0.3,0.12,REVIEW,5.0,5.0,5.0,1.0,1.0
T2_EVAL_0070,TIER2_Tanween_Omission_c0cb4f39,Tanween Omission,مباشراً,مباشرا,طالب الأمين العام بتقديم المساعدات الإنسانية إلى اللاجئين بشكل مباشراً لضمان الحماية الفورية لهم في مناطق النزاع.,طالب الأمين العام بتقديم المساعدات الإنسانية إلى اللاجئين بشكل مباشرا لضمان الحماية الفورية لهم في مناطق النزاع.,The Secretary-General called for direct humanitarian aid to refugees to ensure their immediate protection in conflict zones.,,,Tier2,LLM_Generated,,,,,,,,,Tier2,0.0,0.3,0.12,REVIEW,5.0,5.0,5.0,1.0,1.0
T2_EVAL_0071,TIER2_Terminology_Substitution_e38ab9f3,Terminology Substitution,حماية المدنيين,حماية السكان,أعرب الأمين العام عن قلقه إزاء التحديات المستمرة في حماية المدنيين في مناطق النزاع.,أعرب الأمين العام عن قلقه إزاء التحديات المستمرة في حماية السكان في مناطق النزاع.,The Secretary-General expressed concern about the ongoing challenges in protecting civilians in conflict areas.,,,Tier2,LLM_Generated,,,,,,,,,Tier2,0.0,0.3,0.12,REVIEW,5.0,5.0,5.0,1.0,1.0
T2_EVAL_0072,TIER2_Terminology_Substitution_6b530dbb,Terminology Substitution,المادة القانونية,النص القانوني,اعتمد المجلس تعديلات على المادة القانونية المتعلقة بحماية حقوق اللاجئين وضمان عدم تعرضهم لأي شكل من أشكال التمييز.,اعتمد المجلس تعديلات على النص القانوني المتعلقة بحماية حقوق اللاجئين وضمان عدم تعرضهم لأي شكل من أشكال التمييز.,The council adopted amendments to the legal article concerning the protection of refugee rights and ensuring they are not subjected to any form of discrimination.,,,Tier2,LLM_Generated,,,,,,,,,Tier2,0.0,0.3,0.12,REVIEW,5.0,5.0,5.0,1.0,1.0
T2_EVAL_0073,TIER2_Name_Entity_Error_c6bbeb71,Name Entity Error,الأونروا,الأونيسكو,طالب المجتمع الدولي بدعم الأونروا لتوفير الحماية والمساعدة للنازحين في المناطق المتضررة.,طالب المجتمع الدولي بدعم الأونيسكو لتوفير الحماية والمساعدة للنازحين في المناطق المتضررة.,The international community urged to support UNRWA to provide protection and assistance to displaced persons in affected areas.,,,Tier2,LLM_Generated,,,,,,,,,Tier2,0.0,0.3,0.12,REVIEW,5.0,5.0,5.0,1.0,1.0
T2_EVAL_0074,TIER2_Literal_Translation_1f6f3d5c,Literal Translation,في نفس المركب,على نفس القارب,قرر رئيس اللجنة أن جميع الدول الأعضاء الآن في نفس المركب لتحقيق الأهداف المشتركة في المفاوضات.,قرر رئيس اللجنة أن جميع الدول الأعضاء الآن على نفس القارب لتحقيق الأهداف المشتركة في المفاوضات.,The committee chair decided that all member states are now in the same boat to achieve the common goals in the negotiations.,,,Tier2,LLM_Generated,,,,,,,,,Tier2,0.0,0.3,0.12,REVIEW,5.0,5.0,5.0,1.0,1.0
T2_EVAL_0075,TIER2_Total_Omission_1cdc25bd,Total Omission,العلاقات الدبلوماسية,[OMITTED],قرر المجلس تعزيز العلاقات الدبلوماسية مع الدول الأعضاء لتحقيق السلام الدائم في المنطقة.,قرر المجلس تعزيز مع الدول الأعضاء لتحقيق السلام الدائم في المنطقة.,The council decided to strengthen diplomatic relations with member states to achieve lasting peace in the region.,,,Tier2,LLM_Generated,,,,,,,,,Tier2,0.0,0.3,0.12,REVIEW,5.0,5.0,4.0,1.0,1.0
T2_EVAL_0076,TIER2_Meaning_Shift_d2c22374,Meaning Shift,القوات الدولية,القوى الدولية,يدعو الأمين العام جميع الدول الأعضاء إلى دعم جهود القوات الدولية في تعزيز الأمن والاستقرار في المنطقة.,يدعو الأمين العام جميع الدول الأعضاء إلى دعم جهود القوى الدولية في تعزيز الأمن والاستقرار في المنطقة.,The Secretary-General calls on all member states to support the efforts of international forces in enhancing security and stability in the region.,,,Tier2,LLM_Generated,,,,,,,,,Tier2,0.0,0.3,0.12,REVIEW,5.0,5.0,5.0,1.0,1.0
T2_EVAL_0077,TIER2_Progressive_to_Perfective_5197792c,Progressive to Perfective,يواصل المجلس مناقشة,ناقش المجلس,رحب الأمين العام بتقرير يواصل المجلس مناقشة جهود تعزيز الأمن والاستقرار في المنطقة.,رحب الأمين العام بتقرير ناقش المجلس جهود تعزيز الأمن والاستقرار في المنطقة.,The Secretary-General welcomed a report where the Council continues discussing efforts to enhance security and stability in the region.,,,Tier2,LLM_Generated,,,,,,,,,Tier2,0.0,0.3,0.12,REVIEW,5.0,5.0,5.0,1.0,1.0
T2_EVAL_0078,TIER2_Invalid_Pattern_90114ed6,Invalid Pattern,السيادة,السيادات,وأعاد المجلس التأكيد على أهمية احترام السيادة الوطنية للدول الأعضاء في الأمم المتحدة كجزء أساسي من النظام الدولي.,وأعاد المجلس التأكيد على أهمية احترام السيادات الوطنية للدول الأعضاء في الأمم المتحدة كجزء أساسي من النظام الدولي.,The council reaffirmed the importance of respecting the national sovereignty of United Nations member states as a fundamental part of the international system.,,,Tier2,LLM_Generated,,,,,,,,,Tier2,0.0,0.3,0.12,REVIEW,5.0,5.0,4.0,1.0,1.0
T2_EVAL_0079,TIER2_Total_Omission_186b78fa,Total Omission,مجلس التعاون الخليجي,[OMITTED],حث الأمين العام على تعزيز العلاقات مع مجلس التعاون الخليجي لتحقيق الاستقرار الإقليمي.,حث الأمين العام على تعزيز العلاقات لتحقيق الاستقرار الإقليمي.,The Secretary-General urged the strengthening of relations with the Gulf Cooperation Council to achieve regional stability.,,,Tier2,LLM_Generated,,,,,,,,,Tier2,0.0,0.3,0.12,REVIEW,5.0,5.0,5.0,1.0,1.0
T2_EVAL_0080,TIER2_Wrong_Word_Order_ddb483be,Wrong Word Order,المشاورات الدبلوماسية المكثفة,الدبلوماسية المشاورات المكثفة,ناشد الأمين العام جميع الأطراف المشاركة في المشاورات الدبلوماسية المكثفة للتوصل إلى حل سلمي للنزاع.,ناشد الأمين العام جميع الأطراف المشاركة في الدبلوماسية المشاورات المكثفة للتوصل إلى حل سلمي للنزاع.,The Secretary-General urged all parties to engage in intensive diplomatic consultations to reach a peaceful resolution to the conflict.,,,Tier2,LLM_Generated,,,,,,,,,Tier2,0.0,0.3,0.12,REVIEW,5.0,5.0,4.0,1.0,1.0
T2_EVAL_0081,TIER2_Tanween_Omission_70bfa82e,Tanween Omission,ثانياً,ثانيا,وأعاد المجلس التأكيد على أهمية التعاون الدولي في مكافحة الإرهاب. ثانياً، شدد على ضرورة تعزيز القدرات الوطنية لمكافحة التهديدات الإرهابية.,وأعاد المجلس التأكيد على أهمية التعاون الدولي في مكافحة الإرهاب. ثانيا، شدد على ضرورة تعزيز القدرات الوطنية لمكافحة التهديدات الإرهابية.,"The Council reiterated the importance of international cooperation in combating terrorism. Secondly, it emphasized the need to enhance national capacities to counteract terrorist threats.",,,Tier2,LLM_Generated,,,,,,,,,Tier2,0.0,0.3,0.12,REVIEW,5.0,5.0,5.0,1.0,1.0
T2_EVAL_0082,TIER2_Definiteness_Shift_7a8e67b0,Definiteness Shift,مصالحة سياسية,المصالحة السياسية,اعتمدت اللجنة مقترحات تهدف إلى تحقيق مصالحة سياسية شاملة في المنطقة لتعزيز الأمن والاستقرار.,اعتمدت اللجنة مقترحات تهدف إلى تحقيق المصالحة السياسية الشاملة في المنطقة لتعزيز الأمن والاستقرار.,The committee adopted proposals aimed at achieving comprehensive political reconciliation in the region to enhance security and stability.,,,Tier2,LLM_Generated,,,,,,,,,Tier2,0.0,0.3,0.12,REVIEW,5.0,5.0,5.0,1.0,1.0
T2_EVAL_0083,TIER2_Perfective_to_Progressive_9c07c7db,Perfective to Progressive,نشرت,تنشر,تؤكد اللجنة أن تقارير الأمم المتحدة نشرت وفقًا للمعايير الدولية المتعارف عليها لضمان الشفافية والمصداقية.,تؤكد اللجنة أن تقارير الأمم المتحدة تنشر وفقًا للمعايير الدولية المتعارف عليها لضمان الشفافية والمصداقية.,The committee affirms that the UN reports were published in accordance with recognized international standards to ensure transparency and credibility.,,,Tier2,LLM_Generated,,,,,,,,,Tier2,0.0,0.3,0.12,REVIEW,5.0,5.0,5.0,1.0,1.0
T2_EVAL_0084,TIER2_Definiteness_Shift_0d81a92e,Definiteness Shift,تعاون إقليمي,التعاون الإقليمي,اعتمد المجلس استراتيجية شاملة لتعزيز تعاون إقليمي أوسع بين الدول الأعضاء في القضايا الأمنية والاقتصادية.,اعتمد المجلس استراتيجية شاملة لتعزيز التعاون الإقليمي الأوسع بين الدول الأعضاء في القضايا الأمنية والاقتصادية.,The council adopted a comprehensive strategy to enhance broader regional cooperation among member states on security and economic issues.,,,Tier2,LLM_Generated,,,,,,,,,Tier2,0.0,0.3,0.12,REVIEW,5.0,5.0,5.0,1.0,1.0
T2_EVAL_0085,TIER2_Progressive_to_Perfective_8ee5a04e,Progressive to Perfective,كانوا يواصلون,واصلوا,لاحظ المراقبون أن الدبلوماسيين كانوا يواصلون العمل على مسودة القرار الجديد من أجل التوصل إلى توافق.,لاحظ المراقبون أن الدبلوماسيين واصلوا العمل على مسودة القرار الجديد من أجل التوصل إلى توافق.,The observers noted that the diplomats were continuing to work on the draft of the new resolution in order to reach a consensus.,,,Tier2,LLM_Generated,,,,,,,,,Tier2,0.0,0.3,0.12,REVIEW,5.0,5.0,5.0,1.0,1.0
T2_EVAL_0086,TIER2_Meaning_Shift_feaa666c,Meaning Shift,الوحدات العسكرية,الأسلحة العسكرية,اعتمد مجلس الأمن قرارًا لدعم الوحدات العسكرية في المناطق المتأثرة بالنزاع لتعزيز الأمن والسلام.,اعتمد مجلس الأمن قرارًا لدعم الأسلحة العسكرية في المناطق المتأثرة بالنزاع لتعزيز الأمن والسلام.,The Security Council adopted a resolution to support military units in conflict-affected areas to enhance security and peace.,,,Tier2,LLM_Generated,,,,,,,,,Tier2,0.0,0.3,0.12,REVIEW,5.0,5.0,5.0,1.0,1.0
T2_EVAL_0087,TIER2_Partial_Translation_fa56e7e2,Partial Translation,برنامج المراقبة الجوية,[OMITTED],يدعو الأمين العام الدول الأعضاء إلى تعزيز برنامج المراقبة الجوية لدعم عمليات حفظ السلام في المناطق المتضررة.,يدعو الأمين العام الدول الأعضاء إلى تعزيز لدعم عمليات حفظ السلام في المناطق المتضررة.,The Secretary-General calls on Member States to enhance the air surveillance program to support peacekeeping operations in affected areas.,,,Tier2,LLM_Generated,,,,,,,,,Tier2,0.0,0.3,0.12,REVIEW,5.0,5.0,4.0,1.0,1.0
T2_EVAL_0088,TIER2_Tense_Shift_Under_Negation_3c69daba,Tense Shift Under Negation,لم يعقد,لن يعقد,حث السفير الأطراف المتنازعة على الالتزام بالاتفاقيات وأكد أن الاجتماع لم يعقد في موعده لأسباب لوجستية.,حث السفير الأطراف المتنازعة على الالتزام بالاتفاقيات وأكد أن الاجتماع لن يعقد في موعده لأسباب لوجستية.,The ambassador urged the conflicting parties to adhere to the agreements and confirmed that the meeting was not held on time due to logistical reasons.,,,Tier2,LLM_Generated,,,,,,,,,Tier2,0.0,0.3,0.12,REVIEW,5.0,5.0,5.0,1.0,1.0
T2_EVAL_0089,TIER2_Noun_to_Adjective_acd1da62,Noun to Adjective,النزاع,نزاعية,واستذكر الأمين العام أهمية معالجة النزاع في المنطقة من خلال الحوار والتفاهم المشترك بين الأطراف المعنية.,واستذكر الأمين العام أهمية معالجة نزاعية في المنطقة من خلال الحوار والتفاهم المشترك بين الأطراف المعنية.,The Secretary-General recalled the importance of addressing the conflict in the region through dialogue and mutual understanding among the concerned parties.,,,Tier2,LLM_Generated,,,,,,,,,Tier2,0.0,0.3,0.12,REVIEW,5.0,5.0,4.0,1.0,1.0
T2_EVAL_0090,TIER2_Definiteness_Shift_90fa243e,Definiteness Shift,تنمية اقتصادية,التنمية الاقتصادية,وشددت اللجنة على أهمية تنمية اقتصادية مستدامة لتحقيق الأمن والاستقرار في المنطقة وتعزيز التعاون بين الدول الأعضاء.,وشددت اللجنة على أهمية التنمية الاقتصادية المستدامة لتحقيق الأمن والاستقرار في المنطقة وتعزيز التعاون بين الدول الأعضاء.,The committee emphasized the importance of sustainable economic development to achieve security and stability in the region and to enhance cooperation among member states.,,,Tier2,LLM_Generated,,,,,,,,,Tier2,0.0,0.3,0.12,REVIEW,5.0,5.0,5.0,1.0,1.0
T2_EVAL_0091,TIER2_Register_Mismatch_bbeb5bec,Register Mismatch,تقديم الأدلة,عرض البراهين,يؤكد المجلس على أهمية تقديم الأدلة في التحقيقات الجارية لضمان الشفافية والمساءلة في القضايا المتعلقة بانتهاكات حقوق الإنسان.,يؤكد المجلس على أهمية عرض البراهين في التحقيقات الجارية لضمان الشفافية والمساءلة في القضايا المتعلقة بانتهاكات حقوق الإنسان.,The Council emphasizes the importance of presenting evidence in ongoing investigations to ensure transparency and accountability in matters related to human rights violations.,,,Tier2,LLM_Generated,,,,,,,,,Tier2,0.0,0.3,0.12,REVIEW,5.0,5.0,5.0,1.0,1.0
T2_EVAL_0092,TIER2_Invalid_Pattern_44295929,Invalid Pattern,الممثلين,الممثلون,طالب المجلس جميع الدول الأعضاء بتقديم الدعم اللازم لتعزيز التعاون بين الممثلين الدائمين في الأمم المتحدة لضمان تحقيق الأهداف المشتركة.,طالب المجلس جميع الدول الأعضاء بتقديم الدعم اللازم لتعزيز التعاون بين الممثلون الدائمين في الأمم المتحدة لضمان تحقيق الأهداف المشتركة.,The council called upon all member states to provide necessary support to enhance cooperation among permanent representatives at the United Nations to ensure the achievement of common goals.,,,Tier2,LLM_Generated,,,,,,,,,Tier2,0.0,0.3,0.12,REVIEW,5.0,5.0,4.0,1.0,1.0
T2_EVAL_0093,TIER2_Wrong_Word_Order_839e8f2f,Wrong Word Order,تقرير اللجنة العسكرية,اللجنة العسكرية تقرير,أعلن رئيس الأركان أن تقرير اللجنة العسكرية سيتم تقديمه في الجلسة القادمة لمجلس الأمن لمناقشة الأوضاع الأمنية.,أعلن رئيس الأركان أن اللجنة العسكرية تقرير سيتم تقديمه في الجلسة القادمة لمجلس الأمن لمناقشة الأوضاع الأمنية.,The Chief of Staff announced that the military committee's report will be presented at the next Security Council session to discuss security conditions.,,,Tier2,LLM_Generated,,,,,,,,,Tier2,0.0,0.3,0.12,REVIEW,5.0,5.0,2.0,1.0,0.0
T2_EVAL_0094,TIER2_Meaning_Shift_9bf0dc71,Meaning Shift,اللاجئين,المهاجرين,يدعو الأمين العام الدول الأعضاء إلى زيادة جهودها لدعم اللاجئين وتوفير السبل اللازمة لضمان عودتهم الآمنة إلى أوطانهم.,يدعو الأمين العام الدول الأعضاء إلى زيادة جهودها لدعم المهاجرين وتوفير السبل اللازمة لضمان عودتهم الآمنة إلى أوطانهم.,The Secretary-General calls on Member States to increase their efforts to support refugees and provide the necessary means to ensure their safe return to their homelands.,,,Tier2,LLM_Generated,,,,,,,,,Tier2,0.0,0.3,0.12,REVIEW,5.0,5.0,5.0,1.0,1.0
T2_EVAL_0095,TIER2_Meaning_Shift_d5210fcb,Meaning Shift,الأسلحة النووية,الأسلحة الكيميائية,رحب الأمين العام بالجهود الدولية للحد من انتشار الأسلحة النووية وأكد على ضرورة التعاون الدولي لتحقيق الأمن والاستقرار العالمي.,رحب الأمين العام بالجهود الدولية للحد من انتشار الأسلحة الكيميائية وأكد على ضرورة التعاون الدولي لتحقيق الأمن والاستقرار العالمي.,The Secretary-General welcomed the international efforts to curb the proliferation of nuclear weapons and stressed the need for international cooperation to achieve global security and stability.,,,Tier2,LLM_Generated,,,,,,,,,Tier2,0.0,0.3,0.12,REVIEW,5.0,5.0,5.0,1.0,1.0
T2_EVAL_0096,TIER2_Tense_Shift_Under_Negation_f538532b,Tense Shift Under Negation,لم تُقدّم,لن تُقدّم,أعربت المفوضية عن أسفها لأن المساعدات الإنسانية لم تُقدّم إلى اللاجئين في المنطقة المتضررة حتى الآن بسبب النزاع المستمر.,أعربت المفوضية عن أسفها لأن المساعدات الإنسانية لن تُقدّم إلى اللاجئين في المنطقة المتضررة حتى الآن بسبب النزاع المستمر.,The commission expressed its regret that humanitarian aid has not been provided to the refugees in the affected area due to the ongoing conflict.,,,Tier2,LLM_Generated,,,,,,,,,Tier2,0.0,0.3,0.12,REVIEW,5.0,5.0,5.0,1.0,1.0
T2_EVAL_0097,TIER2_Name_Entity_Error_14bb94dc,Name Entity Error,مجلس التعاون الخليجي,مجلس التعاون الأوروبي,تحث الجمعية دول مجلس التعاون الخليجي على تعزيز التعاون لتحقيق السلام والاستقرار في المنطقة.,تحث الجمعية دول مجلس التعاون الأوروبي على تعزيز التعاون لتحقيق السلام والاستقرار في المنطقة.,The assembly urges the Gulf Cooperation Council countries to enhance cooperation to achieve peace and stability in the region.,,,Tier2,LLM_Generated,,,,,,,,,Tier2,0.0,0.3,0.12,REVIEW,5.0,5.0,5.0,1.0,1.0
T2_EVAL_0098,TIER2_Register_Mismatch_125573cf,Register Mismatch,تصديق المعاهدة,الموافقة على الاتفاقية,طالب المجلس بتسريع عملية تصديق المعاهدة لتعزيز التعاون الدولي في المجال البيئي.,طالب المجلس بتسريع عملية الموافقة على الاتفاقية لتعزيز التعاون الدولي في المجال البيئي.,The council called for expediting the ratification of the treaty to enhance international cooperation in the environmental field.,,,Tier2,LLM_Generated,,,,,,,,,Tier2,0.0,0.3,0.12,REVIEW,4.0,4.0,5.0,1.0,1.0
T2_EVAL_0099,TIER2_Invalid_Pattern_f1627f8a,Invalid Pattern,التعاونيات,تعاونيات,رحب المجلس بتعزيز الجهود الرامية إلى دعم التعاونيات في المناطق المتأثرة بالنزاعات، وذلك لتحسين الظروف الاقتصادية والاجتماعية للسكان المتضررين.,رحب المجلس بتعزيز الجهود الرامية إلى دعم تعاونيات في المناطق المتأثرة بالنزاعات، وذلك لتحسين الظروف الاقتصادية والاجتماعية للسكان المتضررين.,The council welcomed the enhancement of efforts aimed at supporting cooperatives in conflict-affected areas to improve the economic and social conditions of the affected populations.,,,Tier2,LLM_Generated,,,,,,,,,Tier2,0.0,0.3,0.12,REVIEW,5.0,5.0,5.0,1.0,1.0
T2_EVAL_0100,TIER2_Name_Entity_Error_43a75a01,Name Entity Error,معاهدة السلام,معاهدة الصلح,أشار المندوب إلى أهمية تنفيذ بنود معاهدة السلام لتعزيز الاستقرار في المنطقة.,أشار المندوب إلى أهمية تنفيذ بنود معاهدة الصلح لتعزيز الاستقرار في المنطقة.,The delegate pointed to the importance of implementing the terms of the peace treaty to enhance stability in the region.,,,Tier2,LLM_Generated,,,,,,,,,Tier2,0.0,0.3,0.12,REVIEW,5.0,5.0,5.0,1.0,1.0
T2_EVAL_0101,TIER2_Tense_Shift_Under_Negation_2b08fdf8,Tense Shift Under Negation,لم يتم تحديد,لن يتم تحديد,حث المبعوث الخاص على إحراز تقدم في المفاوضات، لكنه أشار إلى أن جدول الأعمال لم يتم تحديده بعد بشكل نهائي.,حث المبعوث الخاص على إحراز تقدم في المفاوضات، لكنه أشار إلى أن جدول الأعمال لن يتم تحديده بعد بشكل نهائي.,"The Special Envoy urged progress in negotiations, but noted that the agenda has not yet been definitively set.",,,Tier2,LLM_Generated,,,,,,,,,Tier2,0.0,0.3,0.12,REVIEW,5.0,5.0,5.0,1.0,1.0
T2_EVAL_0102,TIER2_Wrong_Word_Order_da1b16b6,Wrong Word Order,العمليات العسكرية النشطة,العسكرية العمليات النشطة,وأعاد مجلس الأمن التأكيد على ضرورة الحد من العمليات العسكرية النشطة للحفاظ على السلام الإقليمي.,وأعاد مجلس الأمن التأكيد على ضرورة الحد من العسكرية العمليات النشطة للحفاظ على السلام الإقليمي.,The Security Council reaffirmed the necessity of limiting active military operations to maintain regional peace.,,,Tier2,LLM_Generated,,,,,,,,,Tier2,0.0,0.3,0.12,REVIEW,5.0,5.0,4.0,1.0,1.0
T2_EVAL_0103,TIER2_Literal_Translation_c68cf823,Literal Translation,فتح قناة حوار,إقامة قناة تواصل,حث المندوب على فتح قناة حوار دبلوماسية بين الأطراف لضمان استئناف المفاوضات بنجاح.,حث المندوب على إقامة قناة تواصل دبلوماسية بين الأطراف لضمان استئناف المفاوضات بنجاح.,The delegate urged the opening of a diplomatic dialogue channel between the parties to successfully resume negotiations.,,,Tier2,LLM_Generated,,,,,,,,,Tier2,0.0,0.3,0.12,REVIEW,5.0,5.0,5.0,1.0,1.0
T2_EVAL_0104,TIER2_Tense_Shift_Under_Negation_c0200496,Tense Shift Under Negation,لم يتم التوقيع,لن يتم التوقيع,أشار المندوب إلى أن المعاهدة لم يتم التوقيع عليها بعد من قبل الدول الأعضاء الرئيسية في المنطقة.,أشار المندوب إلى أن المعاهدة لن يتم التوقيع عليها بعد من قبل الدول الأعضاء الرئيسية في المنطقة.,The delegate noted that the treaty has not yet been signed by the main member states in the region.,,,Tier2,LLM_Generated,,,,,,,,,Tier2,0.0,0.3,0.12,REVIEW,5.0,5.0,5.0,1.0,1.0
T2_EVAL_0105,TIER2_Passive_to_Active_Voice_0cb008bb,Passive to Active Voice,سُلِّمَت,تم تسليم,واستذكر الأمين العام أن المساعدات الإنسانية قد سُلِّمَت إلى المناطق المتضررة من الأزمة.,واستذكر الأمين العام أن المساعدات الإنسانية قد تم تسليمها إلى المناطق المتضررة من الأزمة.,The Secretary-General recalled that humanitarian aid has been delivered to the crisis-affected areas.,,,Tier2,LLM_Generated,,,,,,,,,Tier2,0.0,0.3,0.12,REVIEW,5.0,5.0,5.0,1.0,1.0
T2_EVAL_0106,TIER2_Invalid_Pattern_42fc13d6,Invalid Pattern,المعدات,الأعتدة,يقرر أن يعمل الفريق على جمع المعلومات الاستخباراتية حول المعدات العسكرية ونزع السلاح، لضمان حفظ السلام والاستقرار في المنطقة.,يقرر أن يعمل الفريق على جمع المعلومات الاستخباراتية حول الأعتدة العسكرية ونزع السلاح، لضمان حفظ السلام والاستقرار في المنطقة.,It is decided that the team will work on gathering intelligence on military equipment and disarmament to ensure peace and stability in the region.,,,Tier2,LLM_Generated,,,,,,,,,Tier2,0.0,0.3,0.12,REVIEW,5.0,5.0,5.0,1.0,1.0
T2_EVAL_0107,TIER2_Register_Mismatch_7ef83f28,Register Mismatch,السلام الشامل,السلام التام,وأعرب عن التزامه التام بدعم مساعي السلام الشامل في المنطقة والعمل على تحقيق استقرار دائم لشعوبها.,وأعرب عن التزامه التام بدعم مساعي السلام التام في المنطقة والعمل على تحقيق استقرار دائم لشعوبها.,He expressed his full commitment to supporting comprehensive peace efforts in the region and working towards lasting stability for its peoples.,,,Tier2,LLM_Generated,,,,,,,,,Tier2,0.0,0.3,0.12,REVIEW,3.0,3.0,5.0,1.0,1.0
T2_EVAL_0108,TIER2_Noun_to_Adjective_69049aae,Noun to Adjective,السلام,السلمي,أشار الممثل الخاص إلى أهمية تعزيز السلام والتعاون الإقليمي لضمان استقرار المنطقة.,أشار الممثل الخاص إلى أهمية تعزيز السلمي والتعاون الإقليمي لضمان استقرار المنطقة.,The Special Representative emphasized the importance of promoting peace and regional cooperation to ensure the stability of the region.,,,Tier2,LLM_Generated,,,,,,,,,Tier2,0.0,0.3,0.12,REVIEW,5.0,5.0,3.0,1.0,1.0
T2_EVAL_0109,TIER2_Hypernym_for_Hyponym_fac3aeba,Hypernym for Hyponym,التنمية الاقتصادية,التنمية,ناشدت الدول الأعضاء بضرورة تعزيز التعاون في مجال الحوكمة لتحقيق التنمية الاقتصادية المستدامة في المنطقة.,ناشدت الدول الأعضاء بضرورة تعزيز التعاون في مجال الحوكمة لتحقيق التنمية المستدامة في المنطقة.,The member states urged the need to strengthen cooperation in governance to achieve sustainable economic development in the region.,,,Tier2,LLM_Generated,,,,,,,,,Tier2,0.0,0.3,0.12,REVIEW,5.0,5.0,5.0,1.0,1.0
T2_EVAL_0110,TIER2_Progressive_to_Perfective_a28134a5,Progressive to Perfective,تواصل المنظمات الإغاثية تقديم,قدمت المنظمات الإغاثية,وتواصل المنظمات الإغاثية تقديم المساعدات الأساسية إلى النازحين في المناطق المتضررة لضمان تلبية احتياجاتهم الإنسانية الملحة.,وقدمت المنظمات الإغاثية المساعدات الأساسية إلى النازحين في المناطق المتضررة لضمان تلبية احتياجاتهم الإنسانية الملحة.,The relief organizations continue to provide essential aid to the displaced in affected areas to ensure their urgent humanitarian needs are met.,,,Tier2,LLM_Generated,,,,,,,,,Tier2,0.0,0.3,0.12,REVIEW,5.0,5.0,5.0,1.0,1.0
T2_EVAL_0111,TIER2_Literal_Translation_db87b59d,Literal Translation,خرج عن الاجتماع,غادر الاجتماع,دعا السفير جميع الأعضاء إلى الالتزام بالموضوع ومنع أي عضو من أن يخرج عن الاجتماع بحديث خارج السياق.,دعا السفير جميع الأعضاء إلى الالتزام بالموضوع ومنع أي عضو من أن يغادر الاجتماع بحديث خارج السياق.,The ambassador called on all members to stay on topic and prevent any member from leaving the meeting with off-topic remarks.,,,Tier2,LLM_Generated,,,,,,,,,Tier2,0.0,0.3,0.12,REVIEW,1.0,5.0,5.0,1.0,0.0
T2_EVAL_0112,TIER2_Literal_Translation_5fd20d83,Literal Translation,موقف صعب,وضع حرج,طالب المسؤولون بضرورة توفير الحماية اللازمة للاجئين في ظل موقف صعب يواجهونه.,طالب المسؤولون بضرورة توفير الحماية اللازمة للاجئين في ظل وضع حرج يواجهونه.,Officials called for necessary protection for refugees amidst the difficult situation they are facing.,,,Tier2,LLM_Generated,,,,,,,,,Tier2,0.0,0.3,0.12,REVIEW,5.0,5.0,5.0,1.0,1.0
T2_EVAL_0113,TIER2_Definiteness_Shift_6a8eb02a,Definiteness Shift,معاهدة السلام,معاهدة للسلام,تؤكد اللجنة على أهمية الالتزام بمعاهدة السلام لتحقيق الاستقرار الدائم في المنطقة.,تؤكد اللجنة على أهمية الالتزام بمعاهدة للسلام لتحقيق الاستقرار الدائم في المنطقة.,The committee emphasizes the importance of adhering to the peace treaty to achieve lasting stability in the region.,,,Tier2,LLM_Generated,,,,,,,,,Tier2,0.0,0.3,0.12,REVIEW,5.0,5.0,5.0,1.0,1.0
T2_EVAL_0114,TIER2_Total_Omission_f0ad96d9,Total Omission,الأمن الغذائي,[OMITTED],يطلب إلى الدول الأعضاء تحسين الأمن الغذائي في المناطق المتضررة من الطوارئ واللاجئين.,يطلب إلى الدول الأعضاء تحسين في المناطق المتضررة من الطوارئ واللاجئين.,The member states are requested to improve food security in areas affected by emergencies and refugees.,,,Tier2,LLM_Generated,,,,,,,,,Tier2,0.0,0.3,0.12,REVIEW,5.0,5.0,4.0,1.0,1.0
T2_EVAL_0115,TIER2_Active_to_Passive_Voice_0eadc0e4,Active to Passive Voice,قدمت الإغاثة,تم تقديم الإغاثة,أعلن المدير التنفيذي أن الوكالة قد قدمت الإغاثة للنازحين في المنطقة المتضررة.,أعلن المدير التنفيذي أن الوكالة تم تقديم الإغاثة للنازحين في المنطقة المتضررة.,The Executive Director announced that the agency had provided relief to the displaced in the affected area.,,,Tier2,LLM_Generated,,,,,,,,,Tier2,0.0,0.3,0.12,REVIEW,5.0,5.0,2.0,1.0,0.0
T2_EVAL_0116,TIER2_Register_Mismatch_99107967,Register Mismatch,التداعيات,الآثار,أيدت الجمعية العامة للولايات المتحدة قراراً يدعو إلى تقييم التداعيات المحتملة لاستخدام الأسلحة النووية على الاستقرار العالمي.,أيدت الجمعية العامة للولايات المتحدة قراراً يدعو إلى تقييم الآثار المحتملة لاستخدام الأسلحة النووية على الاستقرار العالمي.,The General Assembly of the United States supported a resolution calling for an assessment of the potential impacts of nuclear weapons use on global stability.,,,Tier2,LLM_Generated,,,,,,,,,Tier2,0.0,0.3,0.12,REVIEW,5.0,5.0,5.0,1.0,1.0
T2_EVAL_0117,TIER2_Active_to_Passive_Voice_ba160a0e,Active to Passive Voice,أيدت المندوب,تم تأييد,أيدت المندوب الدائم لدى الأمم المتحدة القرار الجديد لتعزيز السلام في المنطقة.,تم تأييد القرار الجديد لتعزيز السلام في المنطقة من قبل المندوب الدائم لدى الأمم المتحدة.,The permanent representative to the United Nations supported the new resolution to promote peace in the region.,,,Tier2,LLM_Generated,,,,,,,,,Tier2,0.0,0.3,0.12,REVIEW,5.0,5.0,5.0,1.0,1.0
T2_EVAL_0118,TIER2_Hypernym_for_Hyponym_d5871c52,Hypernym for Hyponym,العقوبات الاقتصادية,العقوبات,أعرب الأمين العام عن قلقه إزاء تأثير العقوبات الاقتصادية على الاقتصاد المحلي والتعاون الإقليمي، داعياً إلى إعادة النظر في هذه الإجراءات.,أعرب الأمين العام عن قلقه إزاء تأثير العقوبات على الاقتصاد المحلي والتعاون الإقليمي، داعياً إلى إعادة النظر في هذه الإجراءات.,"The Secretary-General expressed concern about the impact of economic sanctions on the local economy and regional cooperation, calling for a review of these measures.",,,Tier2,LLM_Generated,,,,,,,,,Tier2,0.0,0.3,0.12,REVIEW,5.0,5.0,5.0,1.0,1.0
T2_EVAL_0119,TIER2_Tense_Shift_Under_Negation_5f9c1502,Tense Shift Under Negation,لم تحظَ,لن تحظى,رحب الأمين العام بالتعاون الدولي في مجال العلاقات الدبلوماسية وأشار إلى أن الجهود المبذولة لم تحظَ بالاهتمام الكافي من المجتمع الدولي.,رحب الأمين العام بالتعاون الدولي في مجال العلاقات الدبلوماسية وأشار إلى أن الجهود المبذولة لن تحظى بالاهتمام الكافي من المجتمع الدولي.,The Secretary-General welcomed international cooperation in the field of diplomatic relations and noted that the efforts made have not received sufficient attention from the international community.,,,Tier2,LLM_Generated,,,,,,,,,Tier2,0.0,0.3,0.12,REVIEW,5.0,5.0,5.0,1.0,1.0
T2_EVAL_0120,TIER2_Name_Entity_Error_83a24118,Name Entity Error,الأونروا,اليونسيف,حث الأمين العام الدول الأعضاء على دعم الأونروا في جهودها لمساعدة اللاجئين.,حث الأمين العام الدول الأعضاء على دعم اليونسيف في جهودها لمساعدة اللاجئين.,The Secretary-General urged member states to support UNRWA in its efforts to assist refugees.,,,Tier2,LLM_Generated,,,,,,,,,Tier2,0.0,0.3,0.12,REVIEW,5.0,5.0,5.0,1.0,1.0
T2_EVAL_0121,TIER2_Wrong_Structure_e53ff0f7,Wrong Structure,المركز الدولي لنزع السلاح,المركز الدولي لحفظ السلام,أيدت اللجنة مبادرة المركز الدولي لنزع السلاح لتعزيز التعاون بين الدول الأعضاء في مجال الحد من الأسلحة النووية.,أيدت اللجنة مبادرة المركز الدولي لحفظ السلام لتعزيز التعاون بين الدول الأعضاء في مجال الحد من الأسلحة النووية.,The committee supported the initiative of the International Center for Disarmament to enhance cooperation among member states in the field of nuclear arms reduction.,,,Tier2,LLM_Generated,,,,,,,,,Tier2,0.0,0.3,0.12,REVIEW,3.0,4.0,5.0,1.0,1.0
T2_EVAL_0122,TIER2_Hyponym_for_Hypernym_439a129c,Hyponym for Hypernym,المساعدة المالية,المنحة,ناشد المجلس المجتمع الدولي لتقديم المساعدة المالية لدعم اللاجئين وتحسين ظروفهم المعيشية في المخيمات.,ناشد المجلس المجتمع الدولي لتقديم المنحة لدعم اللاجئين وتحسين ظروفهم المعيشية في المخيمات.,The council urged the international community to provide financial assistance to support refugees and improve their living conditions in camps.,,,Tier2,LLM_Generated,,,,,,,,,Tier2,0.0,0.3,0.12,REVIEW,5.0,5.0,5.0,1.0,1.0
T2_EVAL_0123,TIER2_Meaning_Shift_a8bf49c1,Meaning Shift,التهدئة,التصعيد,وشددت اللجنة على أهمية التهدئة في المنطقة لتحقيق السلام والاستقرار الدائمين.,وشددت اللجنة على أهمية التصعيد في المنطقة لتحقيق السلام والاستقرار الدائمين.,The committee emphasized the importance of de-escalation in the region to achieve lasting peace and stability.,,,Tier2,LLM_Generated,,,,,,,,,Tier2,0.0,0.3,0.12,REVIEW,5.0,5.0,5.0,1.0,1.0
T2_EVAL_0124,TIER2_Name_Entity_Error_0ac1e5ca,Name Entity Error,الممثل الخاص,الممثل العام,لاحظ الأمين العام أن الممثل الخاص سيقوم بزيارة المنطقة لمتابعة المشاورات.,لاحظ الأمين العام أن الممثل العام سيقوم بزيارة المنطقة لمتابعة المشاورات.,The Secretary-General noted that the Special Representative will visit the region to follow up on the consultations.,,,Tier2,LLM_Generated,,,,,,,,,Tier2,0.0,0.3,0.12,REVIEW,5.0,5.0,5.0,1.0,1.0
T2_EVAL_0125,TIER2_Noun_to_Adjective_486dfe0b,Noun to Adjective,المفاوضات,التفاوضية,يرحب المجلس بالجهود المبذولة لاستئناف المفاوضات السلمية بين الأطراف المتنازعة في المنطقة.,يرحب المجلس بالجهود المبذولة لاستئناف التفاوضية السلمية بين الأطراف المتنازعة في المنطقة.,The council welcomes the efforts to resume peaceful negotiations between the conflicting parties in the region.,,,Tier2,LLM_Generated,,,,,,,,,Tier2,0.0,0.3,0.12,REVIEW,5.0,5.0,4.0,1.0,1.0
T2_EVAL_0126,TIER2_Meaning_Shift_2cf4f8b7,Meaning Shift,الإمدادات,المساعدات,أشار التقرير إلى ضرورة تعزيز الإمدادات الإنسانية للاجئين في المناطق المتضررة لتلبية احتياجاتهم الأساسية.,أشار التقرير إلى ضرورة تعزيز المساعدات الإنسانية للاجئين في المناطق المتضررة لتلبية احتياجاتهم الأساسية.,The report emphasized the need to enhance humanitarian supplies for refugees in affected areas to meet their basic needs.,,,Tier2,LLM_Generated,,,,,,,,,Tier2,0.0,0.3,0.12,REVIEW,4.0,4.0,5.0,1.0,1.0
T2_EVAL_0127,TIER2_Definiteness_Shift_a2b91acc,Definiteness Shift,المشاورات,مشاورات,تؤكد اللجنة ضرورة استمرار المشاورات بين الدول المعنية للتوصل إلى حلول دبلوماسية فعالة للأزمة الحالية.,تؤكد اللجنة ضرورة استمرار مشاورات بين الدول المعنية للتوصل إلى حلول دبلوماسية فعالة للأزمة الحالية.,The committee emphasizes the need to continue consultations between the concerned countries to reach effective diplomatic solutions for the current crisis.,,,Tier2,LLM_Generated,,,,,,,,,Tier2,0.0,0.3,0.12,REVIEW,5.0,5.0,5.0,1.0,1.0
T2_EVAL_0128,TIER2_Total_Omission_2443c142,Total Omission,معايير الامتثال,[OMITTED],يقرر أن يتم تحديث معايير الامتثال لتعزيز الإشراف القانوني على الأنشطة التجارية الدولية.,يقرر أن يتم تحديث لتعزيز الإشراف القانوني على الأنشطة التجارية الدولية.,It is decided that compliance standards will be updated to enhance legal oversight of international commercial activities.,,,Tier2,LLM_Generated,,,,,,,,,Tier2,0.0,0.3,0.12,REVIEW,5.0,5.0,4.0,1.0,1.0
T2_EVAL_0129,TIER2_Gender_Disagreement_6b89bf95,Gender Disagreement,إلزامها,إلزامه,أوصى المستشار القانوني بضرورة إلزامها بالامتثال الكامل للقانون الدولي الإنساني لضمان حماية المدنيين في النزاعات المسلحة.,أوصى المستشار القانوني بضرورة إلزامه بالامتثال الكامل للقانون الدولي الإنساني لضمان حماية المدنيين في النزاعات المسلحة.,The legal advisor recommended the need to obligate her to fully comply with international humanitarian law to ensure the protection of civilians in armed conflicts.,,,Tier2,LLM_Generated,,,,,,,,,Tier2,0.0,0.3,0.12,REVIEW,5.0,5.0,5.0,1.0,1.0
T2_EVAL_0130,TIER2_Adjective_to_Noun_0f11e7d9,Adjective to Noun,الإنسانية,الإنسان,أشار التقرير إلى الحاجة الملحة لزيادة المساعدات الإنسانية للاجئين في المناطق المتضررة.,أشار التقرير إلى الحاجة الملحة لزيادة المساعدات الإنسان للاجئين في المناطق المتضررة.,The report highlighted the urgent need to increase humanitarian aid for refugees in affected areas.,,,Tier2,LLM_Generated,,,,,,,,,Tier2,0.0,0.3,0.12,REVIEW,5.0,5.0,3.0,1.0,1.0
T2_EVAL_0131,TIER2_Active_to_Passive_Voice_207360d4,Active to Passive Voice,قدم المساعدات,تم تقديم المساعدات,لاحظت اللجنة أن الحكومة قدم المساعدات إلى اللاجئين في المناطق المتضررة.,لاحظت اللجنة أن الحكومة تم تقديم المساعدات إلى اللاجئين في المناطق المتضررة.,The committee observed that the government provided aid to the refugees in the affected areas.,,,Tier2,LLM_Generated,,,,,,,,,Tier2,0.0,0.3,0.12,REVIEW,5.0,5.0,2.0,3.0,0.0
T2_EVAL_0132,TIER2_Definiteness_Shift_2412881c,Definiteness Shift,قوات الأمن,الأمن,تؤكد اللجنة على أهمية تعزيز التعاون بين الدول الأعضاء لتعزيز السلامة العامة وحماية قوات الأمن في المناطق المتأثرة بالنزاعات.,تؤكد اللجنة على أهمية تعزيز التعاون بين الدول الأعضاء لتعزيز السلامة العامة وحماية الأمن في المناطق المتأثرة بالنزاعات.,The committee emphasizes the importance of enhancing cooperation among member states to strengthen public safety and protect security forces in conflict-affected areas.,,,Tier2,LLM_Generated,,,,,,,,,Tier2,0.0,0.3,0.12,REVIEW,5.0,5.0,5.0,1.0,1.0
T2_EVAL_0133,TIER2_Hyponym_for_Hypernym_51473531,Hyponym for Hypernym,الوثيقة,المستند,تؤكد اللجنة على أهمية الالتزام بمحتويات الوثيقة وتطبيق جميع البنود الواردة فيها لتعزيز الشفافية في تنفيذ المعاهدة.,تؤكد اللجنة على أهمية الالتزام بمحتويات المستند وتطبيق جميع البنود الواردة فيها لتعزيز الشفافية في تنفيذ المعاهدة.,The committee emphasizes the importance of adhering to the document's contents and implementing all its provisions to enhance transparency in the treaty's execution.,,,Tier2,LLM_Generated,,,,,,,,,Tier2,0.0,0.3,0.12,REVIEW,5.0,5.0,5.0,1.0,1.0
T2_EVAL_0134,TIER2_Wrong_Structure_736776a7,Wrong Structure,الأمن الاستراتيجي في المنطقة,الاستراتيجية الأمنية في المنطقة,وأعاد التقرير التأكيد على أهمية الأمن الاستراتيجي في المنطقة لضمان الاستقرار والسلام.,وأعاد التقرير التأكيد على أهمية الاستراتيجية الأمنية في المنطقة لضمان الاستقرار والسلام.,The report reaffirmed the importance of strategic security in the region to ensure stability and peace.,,,Tier2,LLM_Generated,,,,,,,,,Tier2,0.0,0.3,0.12,REVIEW,5.0,5.0,5.0,1.0,1.0
T2_EVAL_0135,TIER2_Literal_Translation_3a3b90ca,Literal Translation,ورقة خضراء,عملة,وأشار التقرير إلى أن القوة الاقتصادية للبلاد تعتمد بشكل كبير على ورقة خضراء في التجارة العالمية.,وأشار التقرير إلى أن القوة الاقتصادية للبلاد تعتمد بشكل كبير على عملة في التجارة العالمية.,The report indicated that the country's economic strength relies heavily on currency in global trade.,,,Tier2,LLM_Generated,,,,,,,,,Tier2,0.0,0.3,0.12,REVIEW,5.0,5.0,5.0,1.0,1.0
T2_EVAL_0136,TIER2_Definiteness_Shift_1a95a468,Definiteness Shift,عملية مستمرة,العملية المستمرة,أيدت اللجنة اقتراحات الأمين العام بشأن عملية مستمرة لمتابعة تنفيذ القرارات الدولية المتعلقة بنزع السلاح.,أيدت اللجنة اقتراحات الأمين العام بشأن العملية المستمرة لمتابعة تنفيذ القرارات الدولية المتعلقة بنزع السلاح.,The committee supported the Secretary-General's proposals for a continuous process to monitor the implementation of international disarmament resolutions.,,,Tier2,LLM_Generated,,,,,,,,,Tier2,0.0,0.3,0.12,REVIEW,5.0,5.0,5.0,1.0,1.0
T2_EVAL_0137,TIER2_Definiteness_Shift_a42f9265,Definiteness Shift,عمليات حفظ السلام,عمليات حفظ السلم,تؤكد اللجنة على أهمية تعزيز عمليات حفظ السلام في المناطق المتأثرة بالنزاعات لضمان أمن المدنيين واستقرار الوضع السياسي.,تؤكد اللجنة على أهمية تعزيز عمليات حفظ السلم في المناطق المتأثرة بالنزاعات لضمان أمن المدنيين واستقرار الوضع السياسي.,The committee emphasizes the importance of strengthening peacekeeping operations in conflict-affected areas to ensure the safety of civilians and political stability.,,,Tier2,LLM_Generated,,,,,,,,,Tier2,0.0,0.3,0.12,REVIEW,1.0,1.0,5.0,1.0,0.0
T2_EVAL_0138,TIER2_Spelling_Error_03146564,Spelling Error,المبادرة,المبادة,رحب المجلس بالمبادرة الجديدة لتعزيز التعاون الدولي في مجال حفظ السلام.,رحب المجلس بالمبادة الجديدة لتعزيز التعاون الدولي في مجال حفظ السلام.,The council welcomed the new initiative to enhance international cooperation in the field of peacekeeping.,,,Tier2,LLM_Generated,,,,,,,,,Tier2,0.0,0.3,0.12,REVIEW,5.0,5.0,5.0,1.0,1.0
T2_EVAL_0139,TIER2_Progressive_to_Perfective_fa4ce07f,Progressive to Perfective,تواصل الوساطة الإقليمية,واصلت الوساطة الإقليمية,تواصل الوساطة الإقليمية جهودها لتحقيق السلام في المنطقة من خلال الحوار المستمر بين الأطراف المعنية.,واصلت الوساطة الإقليمية جهودها لتحقيق السلام في المنطقة من خلال الحوار المستمر بين الأطراف المعنية.,The regional mediation continues its efforts to achieve peace in the region through ongoing dialogue between the concerned parties.,,,Tier2,LLM_Generated,,,,,,,,,Tier2,0.0,0.3,0.12,REVIEW,5.0,5.0,5.0,1.0,1.0
T2_EVAL_0140,TIER2_Terminology_Substitution_7f6042a3,Terminology Substitution,مدة النفاذ,مدة التنفيذ,يقرر أن مدة النفاذ للمعاهدة يجب ألا تتجاوز خمس سنوات لضمان التقييم الدوري والإشراف الفعال.,يقرر أن مدة التنفيذ للمعاهدة يجب ألا تتجاوز خمس سنوات لضمان التقييم الدوري والإشراف الفعال.,It is decided that the duration of validity for the treaty should not exceed five years to ensure periodic evaluation and effective oversight.,,,Tier2,LLM_Generated,,,,,,,,,Tier2,0.0,0.3,0.12,REVIEW,5.0,5.0,5.0,1.0,1.0
T2_EVAL_0141,TIER2_Tanween_Omission_aae81707,Tanween Omission,أخيراً,اخيرا,وأعرب السفير عن قلقه بشأن الوضع الراهن، وأخيراً دعا إلى تعزيز التعاون لضمان الأمن والاستقرار في المنطقة.,وأعرب السفير عن قلقه بشأن الوضع الراهن، واخيرا دعا إلى تعزيز التعاون لضمان الأمن والاستقرار في المنطقة.,The ambassador expressed his concern about the current situation and finally called for enhanced cooperation to ensure security and stability in the region.,,,Tier2,LLM_Generated,,,,,,,,,Tier2,0.0,0.3,0.12,REVIEW,5.0,5.0,5.0,1.0,1.0
T2_EVAL_0142,TIER2_Passive_to_Active_Voice_29f9f8ef,Passive to Active Voice,أُعلن,تم الإعلان,يؤكد المجلس أن النتائج النهائية للتقرير قد أُعلن في الاجتماع الأخير للجنة.,يؤكد المجلس أن النتائج النهائية للتقرير تم الإعلان عنها في الاجتماع الأخير للجنة.,The Council affirms that the final results of the report were announced at the committee's last meeting.,,,Tier2,LLM_Generated,,,,,,,,,Tier2,0.0,0.3,0.12,REVIEW,2.0,3.0,4.0,2.0,0.0
T2_EVAL_0143,TIER2_Name_Entity_Error_88942552,Name Entity Error,مجموعة الثماني,مجموعة العشرين,رحب البيان بالتزام مجموعة الثماني تعزيز التعاون الاقتصادي على المستوى الدولي.,رحب البيان بالتزام مجموعة العشرين تعزيز التعاون الاقتصادي على المستوى الدولي.,The statement welcomed the commitment of the G8 to enhance economic cooperation at the international level.,,,Tier2,LLM_Generated,,,,,,,,,Tier2,0.0,0.3,0.12,REVIEW,5.0,5.0,5.0,1.0,1.0
T2_EVAL_0144,TIER2_Register_Mismatch_75fd0343,Register Mismatch,التفاوضات الجادة,المحادثات الفعالة,طالب المجلس ببدء التفاوضات الجادة بين الأطراف المتنازعة للوصول إلى حل دائم للنزاع وفقاً للميثاق الدولي.,طالب المجلس ببدء المحادثات الفعالة بين الأطراف المتنازعة للوصول إلى حل دائم للنزاع وفقاً للميثاق الدولي.,The council called for the start of serious negotiations between the conflicting parties to achieve a lasting resolution to the conflict according to the international charter.,,,Tier2,LLM_Generated,,,,,,,,,Tier2,0.0,0.3,0.12,REVIEW,4.0,4.0,5.0,1.0,1.0
T2_EVAL_0145,TIER2_Hypernym_for_Hyponym_b7ea6b34,Hypernym for Hyponym,اللوائح التنظيمية,القوانين,تؤكد اللجنة على أهمية مراجعة اللوائح التنظيمية المتعلقة بالعلاقات الدبلوماسية لضمان الامتثال للمعايير الدولية.,تؤكد اللجنة على أهمية مراجعة القوانين المتعلقة بالعلاقات الدبلوماسية لضمان الامتثال للمعايير الدولية.,The committee emphasizes the importance of reviewing the regulatory frameworks related to diplomatic relations to ensure compliance with international standards.,,,Tier2,LLM_Generated,,,,,,,,,Tier2,0.0,0.3,0.12,REVIEW,5.0,5.0,5.0,1.0,1.0
T2_EVAL_0146,TIER2_Perfective_to_Progressive_f332621f,Perfective to Progressive,أكدت,تؤكد,أكدت الحكومة التزامها الكامل بتنفيذ قرارات مجلس الأمن المتعلقة بالسيادة الوطنية.,تؤكد الحكومة التزامها الكامل بتنفيذ قرارات مجلس الأمن المتعلقة بالسيادة الوطنية.,The government confirmed its full commitment to implementing Security Council resolutions regarding national sovereignty.,,,Tier2,LLM_Generated,,,,,,,,,Tier2,0.0,0.3,0.12,REVIEW,5.0,5.0,5.0,1.0,1.0
T2_EVAL_0147,TIER2_Perfective_to_Progressive_28ec271e,Perfective to Progressive,سلمت,تسلم,وإذ يؤكد الأمين العام أهمية الشفافية، سلمت التقارير المتعلقة بحقوق الإنسان إلى اللجنة المختصة.,وإذ يؤكد الأمين العام أهمية الشفافية، تسلم التقارير المتعلقة بحقوق الإنسان إلى اللجنة المختصة.,"Affirming the importance of transparency, the reports related to human rights were delivered to the relevant committee.",,,Tier2,LLM_Generated,,,,,,,,,Tier2,0.0,0.3,0.12,REVIEW,5.0,5.0,5.0,1.0,1.0
T2_EVAL_0148,TIER2_Tanween_Omission_91abeca4,Tanween Omission,تقديراً,تقديرا,أيد مجلس الأمن بالإجماع القرار الجديد، تقديراً لجهود الدول الأعضاء في تعزيز السلام والأمن الدوليين.,أيد مجلس الأمن بالإجماع القرار الجديد، تقديرا لجهود الدول الأعضاء في تعزيز السلام والأمن الدوليين.,"The Security Council unanimously supported the new resolution, in recognition of the efforts of member states to enhance international peace and security.",,,Tier2,LLM_Generated,,,,,,,,,Tier2,0.0,0.3,0.12,REVIEW,5.0,5.0,5.0,1.0,1.0
T2_EVAL_0149,TIER2_Gender_Disagreement_5b3165af,Gender Disagreement,المراقبة,المراقبون,يدعو الأمين العام إلى تعزيز المراقبة على الحدود لمنع التهريب وضمان تنفيذ الحظر المفروض.,يدعو الأمين العام إلى تعزيز المراقبون على الحدود لمنع التهريب وضمان تنفيذ الحظر المفروض.,The Secretary-General calls for enhanced monitoring at the borders to prevent smuggling and ensure the implementation of the imposed ban.,,,Tier2,LLM_Generated,,,,,,,,,Tier2,0.0,0.3,0.12,REVIEW,1.0,5.0,3.0,1.0,0.0
T2_EVAL_0150,TIER2_Register_Mismatch_9ab096a2,Register Mismatch,العوائق,التحديات,أشار التقرير إلى العوائق التي تواجه جهود المنظمات غير الحكومية في تقديم المساعدات الإنسانية للضحايا في الأزمة السورية.,أشار التقرير إلى التحديات التي تواجه جهود المنظمات غير الحكومية في تقديم المساعدات الإنسانية للضحايا في الأزمة السورية.,The report highlighted the obstacles facing non-governmental organizations in providing humanitarian aid to victims of the Syrian crisis.,,,Tier2,LLM_Generated,,,,,,,,,Tier2,0.0,0.3,0.12,REVIEW,5.0,5.0,5.0,1.0,1.0
T2_EVAL_0151,TIER2_Adjective_to_Noun_d18838df,Adjective to Noun,الدبلوماسية,الدبلوماسي,يدعو الأمين العام إلى تعزيز الجهود الدبلوماسية لحل النزاعات في المنطقة.,يدعو الأمين العام إلى تعزيز الجهود الدبلوماسي لحل النزاعات في المنطقة.,The Secretary-General calls for strengthening diplomatic efforts to resolve conflicts in the region.,,,Tier2,LLM_Generated,,,,,,,,,Tier2,0.0,0.3,0.12,REVIEW,5.0,5.0,3.0,1.0,1.0
T2_EVAL_0152,TIER2_Total_Omission_a835ffea,Total Omission,الحظر الجوي,[OMITTED],يدعو الأمين العام إلى احترام الحظر الجوي المفروض على المناطق المتأثرة بالنزاعات المسلحة.,يدعو الأمين العام إلى احترام المفروض على المناطق المتأثرة بالنزاعات المسلحة.,The Secretary-General calls for respect for the no-fly zone imposed on areas affected by armed conflicts.,,,Tier2,LLM_Generated,,,,,,,,,Tier2,0.0,0.3,0.12,REVIEW,5.0,5.0,4.0,1.0,1.0
T2_EVAL_0153,TIER2_Hyponym_for_Hypernym_e4a0ad31,Hyponym for Hypernym,الأسلحة الثقيلة,المدافع,قرر المجلس تكثيف الجهود لنزع الأسلحة الثقيلة من المناطق النزاعية لخفض مستوى العنف.,قرر المجلس تكثيف الجهود لنزع المدافع من المناطق النزاعية لخفض مستوى العنف.,The council decided to intensify efforts to disarm heavy weapons from conflict areas to reduce violence.,,,Tier2,LLM_Generated,,,,,,,,,Tier2,0.0,0.3,0.12,REVIEW,5.0,5.0,5.0,1.0,1.0
T2_EVAL_0154,TIER2_Passive_to_Active_Voice_b6dddddd,Passive to Active Voice,أُنجزت,تم إنجاز,ناشد الأمين العام أن أُنجزت خطة توزيع المساعدات للاجئين في غضون الأسبوع المقبل.,ناشد الأمين العام أن تم إنجاز خطة توزيع المساعدات للاجئين في غضون الأسبوع المقبل.,The Secretary-General urged that the aid distribution plan for refugees be completed within the next week.,,,Tier2,LLM_Generated,,,,,,,,,Tier2,0.0,0.3,0.12,REVIEW,5.0,5.0,5.0,1.0,1.0
T2_EVAL_0155,TIER2_Gender_Disagreement_c18f2e07,Gender Disagreement,مبادرة,مبادرتها,اعتمد المجلس مبادرة جديدة لتعزيز التعاون في مجال مكافحة انتشار الأسلحة النووية في المنطقة.,اعتمد المجلس مبادرتها الجديدة لتعزيز التعاون في مجال مكافحة انتشار الأسلحة النووية في المنطقة.,The council adopted a new initiative to enhance cooperation in combating the proliferation of nuclear weapons in the region.,,,Tier2,LLM_Generated,,,,,,,,,Tier2,0.0,0.3,0.12,REVIEW,5.0,5.0,5.0,1.0,1.0
T2_EVAL_0156,TIER2_Perfective_to_Progressive_fe490deb,Perfective to Progressive,اعتمدت,يعتمد,أعلنت اللجنة أنها اعتمدت تعديلات جديدة على المعاهدة لتعزيز التعاون الدولي.,أعلنت اللجنة أنها يعتمد تعديلات جديدة على المعاهدة لتعزيز التعاون الدولي.,The committee announced that it adopted new amendments to the treaty to enhance international cooperation.,,,Tier2,LLM_Generated,,,,,,,,,Tier2,0.0,0.3,0.12,REVIEW,5.0,5.0,2.0,1.0,0.0
T2_EVAL_0157,TIER2_Passive_to_Active_Voice_b4d6da6f,Passive to Active Voice,دُعيت,تمت دعوة,أشار التقرير إلى أن جميع الدول الأعضاء في الأمم المتحدة قد دُعيت للمشاركة في المؤتمر الدولي.,أشار التقرير إلى أن جميع الدول الأعضاء في الأمم المتحدة تمت دعوة للمشاركة في المؤتمر الدولي.,The report indicated that all UN member states were invited to participate in the international conference.,,,Tier2,LLM_Generated,,,,,,,,,Tier2,0.0,0.3,0.12,REVIEW,1.0,1.0,3.0,1.0,0.0
T2_EVAL_0158,TIER2_Name_Entity_Error_43bfa9f3,Name Entity Error,الأمم المتحدة,الأمم المتقدمة,وأعاد التأكيد على دور الأمم المتحدة في تحقيق السلام والأمن الدوليين وضمان الاستقرار في المناطق المتأثرة بالنزاعات.,وأعاد التأكيد على دور الأمم المتقدمة في تحقيق السلام والأمن الدوليين وضمان الاستقرار في المناطق المتأثرة بالنزاعات.,Reaffirmed the role of the United Nations in achieving international peace and security and ensuring stability in conflict-affected areas.,,,Tier2,LLM_Generated,,,,,,,,,Tier2,0.0,0.3,0.12,REVIEW,5.0,5.0,5.0,1.0,1.0
T2_EVAL_0159,TIER2_Literal_Translation_73ec1779,Literal Translation,حجر الزاوية,الأساس,وأكد الأمين العام أن تعزيز الديمقراطية يعد حجر الزاوية لنجاح جهود السلام في المنطقة.,وأكد الأمين العام أن تعزيز الديمقراطية يعد الأساس لنجاح جهود السلام في المنطقة.,The Secretary-General emphasized that strengthening democracy is the cornerstone for the success of peace efforts in the region.,,,Tier2,LLM_Generated,,,,,,,,,Tier2,0.0,0.3,0.12,REVIEW,5.0,5.0,5.0,1.0,1.0
T2_EVAL_0160,TIER2_Wrong_Word_Order_10c89534,Wrong Word Order,الاستقرار السياسي والاقتصادي,الاقتصادي والسياسي الاستقرار,وأعاد التأكيد على أهمية تعزيز الأمن والاستقرار السياسي والاقتصادي في المنطقة لضمان التنمية المستدامة.,وأعاد التأكيد على أهمية تعزيز الأمن والاقتصادي والسياسي الاستقرار في المنطقة لضمان التنمية المستدامة.,Reiterated the importance of promoting political and economic stability in the region to ensure sustainable development.,,,Tier2,LLM_Generated,,,,,,,,,Tier2,0.0,0.3,0.12,REVIEW,5.0,5.0,3.0,2.0,1.0
T2_EVAL_0161,TIER2_Passive_to_Active_Voice_309ed32c,Passive to Active Voice,حُللت,تم تحليل,أيدت اللجنة أن البيانات التي جُمعت من الميدان حُللت بعناية لضمان الامتثال للبروتوكول المعمول به.,أيدت اللجنة أن البيانات التي جُمعت من الميدان تم تحليلها بعناية لضمان الامتثال للبروتوكول المعمول به.,The committee endorsed that the data collected from the field was carefully analyzed to ensure compliance with the applicable protocol.,,,Tier2,LLM_Generated,,,,,,,,,Tier2,0.0,0.3,0.12,REVIEW,5.0,5.0,5.0,1.0,1.0
T2_EVAL_0162,TIER2_Meaning_Shift_83283565,Meaning Shift,الديمقراطية,الحرية,دعا الأمين العام إلى تعزيز الديمقراطية كوسيلة لتحقيق المصالحة الوطنية في الدول التي تشهد الصراع المستمر.,دعا الأمين العام إلى تعزيز الحرية كوسيلة لتحقيق المصالحة الوطنية في الدول التي تشهد الصراع المستمر.,The Secretary-General called for strengthening democracy as a means to achieve national reconciliation in countries experiencing ongoing conflict.,,,Tier2,LLM_Generated,,,,,,,,,Tier2,0.0,0.3,0.12,REVIEW,5.0,5.0,5.0,1.0,1.0
T2_EVAL_0163,TIER2_Wrong_Word_Order_76b531cf,Wrong Word Order,العمليات الدبلوماسية الدولية,الدبلوماسية العمليات الدولية,اعتمد المجلس تقريرًا يوضح أهمية التعاون في العمليات الدبلوماسية الدولية لتعزيز الاستقرار في المنطقة.,اعتمد المجلس تقريرًا يوضح أهمية التعاون في الدبلوماسية العمليات الدولية لتعزيز الاستقرار في المنطقة.,The council adopted a report highlighting the importance of cooperation in international diplomatic operations to enhance stability in the region.,,,Tier2,LLM_Generated,,,,,,,,,Tier2,0.0,0.3,0.12,REVIEW,5.0,5.0,5.0,1.0,1.0
T2_EVAL_0164,TIER2_Wrong_Word_Order_67ee49fc,Wrong Word Order,حل الصراع السياسي,حل السياسي الصراع,أوصى المجلس بضرورة تكثيف الجهود الدولية من أجل حل الصراع السياسي في المنطقة وتعزيز الاستقرار الدائم.,أوصى المجلس بضرورة تكثيف الجهود الدولية من أجل حل السياسي الصراع في المنطقة وتعزيز الاستقرار الدائم.,The council recommended the need to intensify international efforts to resolve the political conflict in the region and enhance lasting stability.,,,Tier2,LLM_Generated,,,,,,,,,Tier2,0.0,0.3,0.12,REVIEW,5.0,5.0,5.0,1.0,1.0
T2_EVAL_0165,TIER2_Tanween_Omission_633a0523,Tanween Omission,مستداماً,مستداما,أوصى التقرير بضرورة تعزيز التعاون الدولي لتحقيق السلام بشكل مستداماً، وذلك من خلال الحوار والمفاوضات بين الدول الأعضاء.,أوصى التقرير بضرورة تعزيز التعاون الدولي لتحقيق السلام بشكل مستداما، وذلك من خلال الحوار والمفاوضات بين الدول الأعضاء.,The report recommended enhancing international cooperation to achieve peace sustainably through dialogue and negotiations among member states.,,,Tier2,LLM_Generated,,,,,,,,,Tier2,0.0,0.3,0.12,REVIEW,5.0,5.0,5.0,1.0,1.0
T2_EVAL_0166,TIER2_Hyponym_for_Hypernym_b209afde,Hyponym for Hypernym,العقد,الاتفاقية,تحث الجمعية العامة الدول الأعضاء على الالتزام ببنود العقد الدولي للحد من التسلح النووي لضمان الأمن الدولي.,تحث الجمعية العامة الدول الأعضاء على الالتزام ببنود الاتفاقية الدولية للحد من التسلح النووي لضمان الأمن الدولي.,The General Assembly urges member states to adhere to the provisions of the international treaty on nuclear disarmament to ensure international security.,,,Tier2,LLM_Generated,,,,,,,,,Tier2,0.0,0.3,0.12,REVIEW,5.0,5.0,5.0,1.0,1.0
T2_EVAL_0167,TIER2_Meaning_Shift_4067d5f8,Meaning Shift,المتطلبات,المسؤوليات,يقرر أن تتم مراجعة المتطلبات القانونية للمعاهدة لضمان التزام كافة الدول الأعضاء بالشروط المحددة في الاتفاقية الجديدة.,يقرر أن تتم مراجعة المسؤوليات القانونية للمعاهدة لضمان التزام كافة الدول الأعضاء بالشروط المحددة في الاتفاقية الجديدة.,It is decided that the legal requirements of the treaty will be reviewed to ensure all member states comply with the specified conditions in the new agreement.,,,Tier2,LLM_Generated,,,,,,,,,Tier2,0.0,0.3,0.12,REVIEW,5.0,5.0,5.0,1.0,1.0
T2_EVAL_0168,TIER2_Passive_to_Active_Voice_35c11c40,Passive to Active Voice,أُعتمد,قد تم اعتماد,وأعاد الأمين العام التأكيد على أن القرار أُعتمد وفقاً للوائح المعمول بها.,وقد أعاد الأمين العام التأكيد على أن القرار قد تم اعتماد وفقاً للوائح المعمول بها.,The Secretary-General reiterated that the decision was adopted in accordance with the applicable regulations.,,,Tier2,LLM_Generated,,,,,,,,,Tier2,0.0,0.3,0.12,REVIEW,2.0,2.0,4.0,2.0,0.0
T2_EVAL_0169,TIER2_Literal_Translation_2fbe01a7,Literal Translation,ترك الحبل على الغارب,تركه دون رقابة,قرر المجلس عدم ترك الحبل على الغارب لضمان السلام والأمن في المنطقة.,قرر المجلس عدم تركه دون رقابة لضمان السلام والأمن في المنطقة.,The council decided not to let things go unchecked to ensure peace and security in the region.,,,Tier2,LLM_Generated,,,,,,,,,Tier2,0.0,0.3,0.12,REVIEW,5.0,5.0,5.0,1.0,1.0
T2_EVAL_0170,TIER2_Terminology_Substitution_70aecbb0,Terminology Substitution,الاتفاقية الثنائية,المعاهدة الثنائية,أشاد الأمين العام بالتقدم المحرز في تنفيذ الاتفاقية الثنائية لتعزيز الأمن الإقليمي بين الدولتين.,أشاد الأمين العام بالتقدم المحرز في تنفيذ المعاهدة الثنائية لتعزيز الأمن الإقليمي بين الدولتين.,The Secretary-General praised the progress made in implementing the bilateral agreement to enhance regional security between the two states.,,,Tier2,LLM_Generated,,,,,,,,,Tier2,0.0,0.3,0.12,REVIEW,5.0,5.0,5.0,1.0,1.0
T2_EVAL_0171,TIER2_Wrong_Structure_ccbdccae,Wrong Structure,نتائج المفاوضات,مخرجات المفاوضات,يرحب المجلس بنتائج المفاوضات بين الأطراف المعنية والتي تهدف إلى تعزيز السلام والاستقرار في المنطقة.,يرحب المجلس بمخرجات المفاوضات بين الأطراف المعنية والتي تهدف إلى تعزيز السلام والاستقرار في المنطقة.,"The council welcomes the outcomes of the negotiations between the concerned parties, aimed at enhancing peace and stability in the region.",,,Tier2,LLM_Generated,,,,,,,,,Tier2,0.0,0.3,0.12,REVIEW,3.0,3.0,5.0,1.0,1.0
T2_EVAL_0172,TIER2_Tense_Shift_Under_Negation_0214c700,Tense Shift Under Negation,لم تستقر,لن تستقر,دعا الأمين العام إلى ضرورة متابعة الوضع عن كثب لضمان أن الأوضاع الأمنية لم تستقر بعد في المنطقة المتأثرة بالنزاع.,دعا الأمين العام إلى ضرورة متابعة الوضع عن كثب لضمان أن الأوضاع الأمنية لن تستقر بعد في المنطقة المتأثرة بالنزاع.,The Secretary-General called for close monitoring of the situation to ensure that the security conditions have not yet stabilized in the conflict-affected area.,,,Tier2,LLM_Generated,,,,,,,,,Tier2,0.0,0.3,0.12,REVIEW,5.0,5.0,5.0,1.0,1.0
T2_EVAL_0173,TIER2_Tanween_Omission_e2e86ec1,Tanween Omission,دوليًا,دوليا,قرر المجلس تعزيز التعاون الدوليًا من أجل دعم جهود السلام والاستقرار في المنطقة.,قرر المجلس تعزيز التعاون دوليا من أجل دعم جهود السلام والاستقرار في المنطقة.,The council decided to enhance international cooperation to support peace and stability efforts in the region.,,,Tier2,LLM_Generated,,,,,,,,,Tier2,0.0,0.3,0.12,REVIEW,5.0,5.0,5.0,1.0,1.0
T2_EVAL_0174,TIER2_Register_Mismatch_a7472698,Register Mismatch,بناء الثقة,توطيد الثقة,دعا المجلس جميع الأطراف المعنية إلى تعزيز الحوار والعمل المشترك من أجل بناء الثقة وتحقيق السلام الدائم.,دعا المجلس جميع الأطراف المعنية إلى تعزيز الحوار والعمل المشترك من أجل توطيد الثقة وتحقيق السلام الدائم.,The Council called on all concerned parties to enhance dialogue and joint efforts for building trust and achieving lasting peace.,,,Tier2,LLM_Generated,,,,,,,,,Tier2,0.0,0.3,0.12,REVIEW,5.0,5.0,5.0,1.0,1.0
T2_EVAL_0175,TIER2_Perfective_to_Progressive_de2a6796,Perfective to Progressive,أكدت,تؤكد,وأشار التقرير إلى أن اللجنة أكدت على أهمية تحقيق السلام في المنطقة بالتعاون مع الشركاء الدوليين.,وأشار التقرير إلى أن اللجنة تؤكد على أهمية تحقيق السلام في المنطقة بالتعاون مع الشركاء الدوليين.,The report noted that the committee confirmed the importance of achieving peace in the region in cooperation with international partners.,,,Tier2,LLM_Generated,,,,,,,,,Tier2,0.0,0.3,0.12,REVIEW,5.0,5.0,5.0,1.0,1.0
T2_EVAL_0176,TIER2_Progressive_to_Perfective_f7594f5b,Progressive to Perfective,يواصل المجلس فرض,فرض المجلس,يواصل المجلس فرض العقوبات على الدول التي تنتهك قرارات الأمم المتحدة المتعلقة بحظر الأسلحة، وذلك لضمان الاستقرار الدولي.,فرض المجلس العقوبات على الدول التي تنتهك قرارات الأمم المتحدة المتعلقة بحظر الأسلحة، وذلك لضمان الاستقرار الدولي.,"The council continues to impose sanctions on countries that violate UN resolutions related to the arms embargo, in order to ensure international stability.",,,Tier2,LLM_Generated,,,,,,,,,Tier2,0.0,0.3,0.12,REVIEW,5.0,5.0,5.0,1.0,1.0
T2_EVAL_0177,TIER2_Gender_Disagreement_ed1147b6,Gender Disagreement,البعثة,البعثات,تؤكد اللجنة على أهمية البعثة الدبلوماسية في تعزيز العلاقات الثنائية بين الدول الأعضاء في الأمم المتحدة.,تؤكد اللجنة على أهمية البعثات الدبلوماسية في تعزيز العلاقات الثنائية بين الدول الأعضاء في الأمم المتحدة.,The committee emphasizes the importance of the diplomatic mission in strengthening bilateral relations between United Nations member states.,,,Tier2,LLM_Generated,,,,,,,,,Tier2,0.0,0.3,0.12,REVIEW,1.0,1.0,5.0,1.0,0.0
T2_EVAL_0178,TIER2_Progressive_to_Perfective_7ea8c5bb,Progressive to Perfective,استمرت المحادثات,عُقدت المحادثات,وأعاد المجلس تأكيد التزامه بدعم السلام في المنطقة، حيث استمرت المحادثات بين الأطراف المتنازعة لتحقيق الاستقرار.,وأعاد المجلس تأكيد التزامه بدعم السلام في المنطقة، حيث عُقدت المحادثات بين الأطراف المتنازعة لتحقيق الاستقرار.,"The Council reaffirmed its commitment to supporting peace in the region, where talks continued between the conflicting parties to achieve stability.",,,Tier2,LLM_Generated,,,,,,,,,Tier2,0.0,0.3,0.12,REVIEW,5.0,5.0,5.0,1.0,1.0
T2_EVAL_0179,TIER2_Terminology_Substitution_9ba8cdd3,Terminology Substitution,توازن القوى,توازن السلطة,دعا الأمين العام إلى تعزيز توازن القوى في المنطقة لضمان الحفاظ على الأمن والاستقرار.,دعا الأمين العام إلى تعزيز توازن السلطة في المنطقة لضمان الحفاظ على الأمن والاستقرار.,The Secretary-General called for strengthening the balance of power in the region to ensure the maintenance of security and stability.,,,Tier2,LLM_Generated,,,,,,,,,Tier2,0.0,0.3,0.12,REVIEW,5.0,5.0,5.0,1.0,1.0
T2_EVAL_0180,TIER2_Register_Mismatch_f3ea8f47,Register Mismatch,تطبيق المعاهدة,تنفيذ الاتفاقية,لاحظت اللجنة أهمية التعاون الدولي في تطبيق المعاهدة لتعزيز السلام العالمي وتحقيق الأهداف المشتركة.,لاحظت اللجنة أهمية التعاون الدولي في تنفيذ الاتفاقية لتعزيز السلام العالمي وتحقيق الأهداف المشتركة.,The committee noted the importance of international cooperation in implementing the treaty to enhance global peace and achieve common goals.,,,Tier2,LLM_Generated,,,,,,,,,Tier2,0.0,0.3,0.12,REVIEW,5.0,5.0,5.0,1.0,1.0
T2_EVAL_0181,TIER2_Tanween_Omission_ee5e3296,Tanween Omission,حيثياً,حيثيا,تحث الجمعية على معالجة القضايا الإنسانية حيثياً لتعزيز حقوق الإنسان في المناطق المتأثرة بالنزاع.,تحث الجمعية على معالجة القضايا الإنسانية حيثيا لتعزيز حقوق الإنسان في المناطق المتأثرة بالنزاع.,The assembly urges addressing humanitarian issues contextually to enhance human rights in conflict-affected areas.,,,Tier2,LLM_Generated,,,,,,,,,Tier2,0.0,0.3,0.12,REVIEW,5.0,5.0,5.0,1.0,1.0
T2_EVAL_0182,TIER2_Hyponym_for_Hypernym_2d8abaf4,Hyponym for Hypernym,المعدات,الآلات,تحث الجمعية الدول الأعضاء على توفير المعدات اللازمة لدعم الجهود الإنسانية في المناطق المتضررة من النزاعات لتحقيق الأمن والاستقرار.,تحث الجمعية الدول الأعضاء على توفير الآلات اللازمة لدعم الجهود الإنسانية في المناطق المتضررة من النزاعات لتحقيق الأمن والاستقرار.,The Assembly urges member states to provide the necessary equipment to support humanitarian efforts in conflict-affected areas to achieve security and stability.,,,Tier2,LLM_Generated,,,,,,,,,Tier2,0.0,0.3,0.12,REVIEW,5.0,5.0,5.0,1.0,1.0
T2_EVAL_0183,TIER2_Tense_Shift_Under_Negation_920a5af3,Tense Shift Under Negation,لم يسهم,لن يسهم,وأكدت اللجنة أن التعاون الإقليمي لم يسهم بشكل كاف في تعزيز السلام والاستقرار في المنطقة.,وأكدت اللجنة أن التعاون الإقليمي لن يسهم بشكل كاف في تعزيز السلام والاستقرار في المنطقة.,The committee affirmed that regional cooperation did not sufficiently contribute to enhancing peace and stability in the region.,,,Tier2,LLM_Generated,,,,,,,,,Tier2,0.0,0.3,0.12,REVIEW,5.0,5.0,5.0,1.0,1.0
T2_EVAL_0184,TIER2_Terminology_Substitution_fb9558e2,Terminology Substitution,الصراع المستمر,النزاع المستمر,وأعرب الأمين العام عن قلقه البالغ إزاء الصراع المستمر في المنطقة وتأثيره على المدنيين.,وأعرب الأمين العام عن قلقه البالغ إزاء النزاع المستمر في المنطقة وتأثيره على المدنيين.,The Secretary-General expressed deep concern about the ongoing conflict in the region and its impact on civilians.,,,Tier2,LLM_Generated,,,,,,,,,Tier2,0.0,0.3,0.12,REVIEW,5.0,5.0,5.0,1.0,1.0
T2_EVAL_0185,TIER2_Name_Entity_Error_015a0b26,Name Entity Error,مؤتمر نزع السلاح,مؤتمر نزع الألغام,يقرر أن يعزز جهود التعاون بين الدول الأعضاء في إطار مؤتمر نزع السلاح لتعزيز الأمن الدولي.,يقرر أن يعزز جهود التعاون بين الدول الأعضاء في إطار مؤتمر نزع الألغام لتعزيز الأمن الدولي.,It is decided to strengthen cooperative efforts among member states within the framework of the Conference on Disarmament to enhance international security.,,,Tier2,LLM_Generated,,,,,,,,,Tier2,0.0,0.3,0.12,REVIEW,5.0,5.0,5.0,1.0,1.0
T2_EVAL_0186,TIER2_Hypernym_for_Hyponym_eaf87c08,Hypernym for Hyponym,المفاوضات الرباعية,المفاوضات,حث الأمين العام الدول الأعضاء على تكثيف الجهود في المفاوضات الرباعية لتحقيق السلام في الشرق الأوسط.,حث الأمين العام الدول الأعضاء على تكثيف الجهود في المفاوضات لتحقيق السلام في الشرق الأوسط.,The Secretary-General urged member states to intensify efforts in the quadrilateral negotiations to achieve peace in the Middle East.,,,Tier2,LLM_Generated,,,,,,,,,Tier2,0.0,0.3,0.12,REVIEW,5.0,5.0,5.0,1.0,1.0
T2_EVAL_0187,TIER2_Literal_Translation_6892980f,Literal Translation,رأي العين,رؤية مباشرة,رحب الأمين العام بزيارة المندوب لرأي العين إلى مناطق النزاع لتقييم الوضع الإنساني.,رحب الأمين العام بزيارة المندوب لرؤية مباشرة إلى مناطق النزاع لتقييم الوضع الإنساني.,The Secretary-General welcomed the envoy's on-the-ground visit to conflict areas to assess the humanitarian situation.,,,Tier2,LLM_Generated,,,,,,,,,Tier2,0.0,0.3,0.12,REVIEW,5.0,5.0,5.0,1.0,1.0
T2_EVAL_0188,TIER2_Hyponym_for_Hypernym_6748b907,Hyponym for Hypernym,السلع,المواد,يقرر أن يتم تفتيش السلع الداخلة إلى المنطقة من قبل السلطات المختصة لضمان الامتثال للمعايير الأمنية.,يقرر أن يتم تفتيش المواد الداخلة إلى المنطقة من قبل السلطات المختصة لضمان الامتثال للمعايير الأمنية.,It is decided that goods entering the area shall be inspected by the competent authorities to ensure compliance with security standards.,,,Tier2,LLM_Generated,,,,,,,,,Tier2,0.0,0.3,0.12,REVIEW,5.0,5.0,5.0,1.0,1.0
T2_EVAL_0189,TIER2_Adjective_to_Noun_661a4308,Adjective to Noun,المباشرة,المباشر,يرحب الأمين العام بالتحركات المباشرة لتقديم المساعدة الإنسانية للضحايا في ظل الأزمة الراهنة.,يرحب الأمين العام بالتحركات المباشر لتقديم المساعدة الإنسانية للضحايا في ظل الأزمة الراهنة.,The Secretary-General welcomes direct efforts to provide humanitarian assistance to victims amidst the current crisis.,,,Tier2,LLM_Generated,,,,,,,,,Tier2,0.0,0.3,0.12,REVIEW,5.0,5.0,3.0,1.0,1.0
T2_EVAL_0190,TIER2_Literal_Translation_a6c04b76,Literal Translation,عين العاصفة,مركز العاصفة,وأعاد التقرير التأكيد على أن حل الأزمة يقع في عين العاصفة السياسية الحالية في المنطقة.,وأعاد التقرير التأكيد على أن حل الأزمة يقع في مركز العاصفة السياسية الحالية في المنطقة.,The report reaffirmed that the resolution of the crisis lies in the eye of the current political storm in the region.,,,Tier2,LLM_Generated,,,,,,,,,Tier2,0.0,0.3,0.12,REVIEW,5.0,5.0,5.0,1.0,1.0
T2_EVAL_0191,TIER2_Tense_Shift_Under_Negation_6a6fee6f,Tense Shift Under Negation,لم يحرز,لن يحرز,تؤكد اللجنة أن التقدم في المفاوضات لم يحرز النجاح المتوقع بسبب العقبات المستمرة التي تواجه الأطراف المعنية.,تؤكد اللجنة أن التقدم في المفاوضات لن يحرز النجاح المتوقع بسبب العقبات المستمرة التي تواجه الأطراف المعنية.,The committee affirms that the progress in negotiations did not achieve the expected success due to ongoing obstacles facing the parties involved.,,,Tier2,LLM_Generated,,,,,,,,,Tier2,0.0,0.3,0.12,REVIEW,5.0,5.0,5.0,1.0,1.0
T2_EVAL_0192,TIER2_Name_Entity_Error_eff9ce00,Name Entity Error,حرس الحدود,حرس السواحل,وأعاد التقرير التأكيد على دور حرس الحدود في حماية سيادة الدولة ومنع التهريب عبر الحدود البرية.,وأعاد التقرير التأكيد على دور حرس السواحل في حماية سيادة الدولة ومنع التهريب عبر الحدود البرية.,The report reiterated the role of the Border Guards in protecting the state's sovereignty and preventing smuggling across land borders.,,,Tier2,LLM_Generated,,,,,,,,,Tier2,0.0,0.3,0.12,REVIEW,5.0,5.0,5.0,1.0,1.0
T2_EVAL_0193,TIER2_Total_Omission_d6b2046c,Total Omission,الآلية الدولية لضمان العدالة,[OMITTED],أشار التقرير إلى أهمية تعزيز التعاون مع الآلية الدولية لضمان العدالة في القضايا الجنائية الدولية.,أشار التقرير إلى أهمية تعزيز التعاون في القضايا الجنائية الدولية.,The report highlighted the importance of enhancing cooperation with the international mechanism for ensuring justice in international criminal cases.,,,Tier2,LLM_Generated,,,,,,,,,Tier2,0.0,0.3,0.12,REVIEW,5.0,5.0,5.0,1.0,1.0
T2_EVAL_0194,TIER2_Total_Omission_2c0c5e4f,Total Omission,المنظمة الدولية للسلام,[OMITTED],أشار الأمين العام إلى أهمية تعزيز التعاون مع المنظمة الدولية للسلام لتحقيق الأمن والاستقرار في المنطقة.,أشار الأمين العام إلى أهمية تعزيز التعاون لتحقيق الأمن والاستقرار في المنطقة.,The Secretary-General highlighted the importance of enhancing cooperation with the International Peace Organization to achieve security and stability in the region.,,,Tier2,LLM_Generated,,,,,,,,,Tier2,0.0,0.3,0.12,REVIEW,5.0,5.0,5.0,1.0,1.0
T2_EVAL_0195,TIER2_Hyponym_for_Hypernym_1b746518,Hyponym for Hypernym,المفاوضات,المباحثات,أيد المجلس استئناف المفاوضات بين الدول المعنية لتعزيز السلام والأمن في المنطقة.,أيد المجلس استئناف المباحثات بين الدول المعنية لتعزيز السلام والأمن في المنطقة.,The council supported the resumption of negotiations between the concerned states to enhance peace and security in the region.,,,Tier2,LLM_Generated,,,,,,,,,Tier2,0.0,0.3,0.12,REVIEW,5.0,5.0,5.0,1.0,1.0
T2_EVAL_0196,TIER2_Hypernym_for_Hyponym_abf57901,Hypernym for Hyponym,التقارير المفصلة,التقارير,وإذ يؤكد على أهمية التقارير المفصلة في تحسين كفاءة توزيع المساعدات الإنسانية وتلبية احتياجات اللاجئين بالشكل المناسب.,وإذ يؤكد على أهمية التقارير في تحسين كفاءة توزيع المساعدات الإنسانية وتلبية احتياجات اللاجئين بالشكل المناسب.,Affirming the importance of detailed reports to improve the efficiency of humanitarian aid distribution and adequately meet the needs of refugees.,,,Tier2,LLM_Generated,,,,,,,,,Tier2,0.0,0.3,0.12,REVIEW,5.0,5.0,5.0,1.0,1.0
T2_EVAL_0197,TIER2_Progressive_to_Perfective_9767505d,Progressive to Perfective,تواصل اللجنة القانونية مراجعة,راجعت اللجنة القانونية,تحث الجمعية الدول الأعضاء على دعم الجهود التي تواصل اللجنة القانونية مراجعة بنودها لتعزيز القانون الدولي.,تحث الجمعية الدول الأعضاء على دعم الجهود التي راجعت اللجنة القانونية بنودها لتعزيز القانون الدولي.,The assembly urges member states to support the efforts that the legal committee continues to review their articles to strengthen international law.,,,Tier2,LLM_Generated,,,,,,,,,Tier2,0.0,0.3,0.12,REVIEW,5.0,5.0,5.0,1.0,1.0
T2_EVAL_0198,TIER2_Gender_Disagreement_63ba7211,Gender Disagreement,الخطط,الخطوط,يدعو الأمين العام إلى مراجعة الخطط الإنسانية لضمان حماية المدنيين في مناطق النزاع بشكل فعال.,يدعو الأمين العام إلى مراجعة الخطوط الإنسانية لضمان حماية المدنيين في مناطق النزاع بشكل فعال.,The Secretary-General calls for a review of humanitarian plans to ensure effective protection of civilians in conflict areas.,,,Tier2,LLM_Generated,,,,,,,,,Tier2,0.0,0.3,0.12,REVIEW,1.0,1.0,4.0,1.0,0.0
T2_EVAL_0199,TIER2_Name_Entity_Error_35ada65a,Name Entity Error,الهيئة الحكومية الدولية,الهيئة الدولية الحكومية,أوصى الاجتماع بضرورة تعزيز دعم الهيئة الحكومية الدولية للتنمية والسلام في المنطقة.,أوصى الاجتماع بضرورة تعزيز دعم الهيئة الدولية الحكومية للتنمية والسلام في المنطقة.,The meeting recommended strengthening support for the Intergovernmental Authority for Development and Peace in the region.,,,Tier2,LLM_Generated,,,,,,,,,Tier2,0.0,0.3,0.12,REVIEW,5.0,5.0,5.0,1.0,1.0
T2_EVAL_0200,TIER2_Noun_to_Adjective_b832491e,Noun to Adjective,الانتخابات,الانتخابية,وشدد المجلس على أهمية إجراء الانتخابات في موعدها لتعزيز الديمقراطية في البلاد.,وشدد المجلس على أهمية إجراء الانتخابية في موعدها لتعزيز الديمقراطية في البلاد.,The Council stressed the importance of holding the elections on time to strengthen democracy in the country.,,,Tier2,LLM_Generated,,,,,,,,,Tier2,0.0,0.3,0.12,REVIEW,5.0,5.0,3.0,1.0,1.0
T2_EVAL_0201,TIER2_Tense_Shift_Under_Negation_f0133979,Tense Shift Under Negation,لن يتم التصديق,لم يتم التصديق,أوصى المجلس بأن لن يتم التصديق على الاتفاقية حتى يتم التحقق من الامتثال الكامل لجميع البنود من قبل الأطراف المعنية.,أوصى المجلس بأن لم يتم التصديق على الاتفاقية حتى يتم التحقق من الامتثال الكامل لجميع البنود من قبل الأطراف المعنية.,The council recommended that the agreement will not be ratified until full compliance with all provisions by the concerned parties is verified.,,,Tier2,LLM_Generated,,,,,,,,,Tier2,0.0,0.3,0.12,REVIEW,5.0,5.0,5.0,1.0,1.0
T2_EVAL_0202,TIER2_Spelling_Error_49474003,Spelling Error,الدولة,الدوله,دعا الأمين العام جميع الأطراف إلى احترام سيادة الدولة وحماية المدنيين في مناطق النزاع.,دعا الأمين العام جميع الأطراف إلى احترام سيادة الدوله وحماية المدنيين في مناطق النزاع.,The Secretary-General called on all parties to respect the sovereignty of the state and protect civilians in conflict areas.,,,Tier2,LLM_Generated,,,,,,,,,Tier2,0.0,0.3,0.12,REVIEW,5.0,5.0,5.0,1.0,1.0
T2_EVAL_0203,TIER2_Register_Mismatch_7cc384c1,Register Mismatch,المساعدات الغذائية,الطعام,أعرب مجلس الأمن عن قلقه العميق إزاء الوضع الإنساني المتدهور وشدد على أهمية تسليم المساعدات الغذائية إلى المناطق المتضررة.,أعرب مجلس الأمن عن قلقه العميق إزاء الوضع الإنساني المتدهور وشدد على أهمية تسليم الطعام إلى المناطق المتضررة.,The Security Council expressed deep concern about the deteriorating humanitarian situation and emphasized the importance of delivering food assistance to affected areas.,,,Tier2,LLM_Generated,,,,,,,,,Tier2,0.0,0.3,0.12,REVIEW,5.0,5.0,5.0,1.0,1.0
T2_EVAL_0204,TIER2_Passive_to_Active_Voice_3e8869a9,Passive to Active Voice,قدمت,تم تقديم,أعلن المجلس أن المساعدات الإنسانية قد قدمت للنازحين في المنطقة المتأثرة بالنزاع.,أعلن المجلس أن المساعدات الإنسانية تم تقديمها للنازحين في المنطقة المتأثرة بالنزاع.,The Council announced that humanitarian aid was provided to the displaced in the conflict-affected area.,,,Tier2,LLM_Generated,,,,,,,,,Tier2,0.0,0.3,0.12,REVIEW,5.0,5.0,5.0,1.0,1.0
T2_EVAL_0205,TIER2_Perfective_to_Progressive_1a6313ed,Perfective to Progressive,أطلقت,تطلق,يدعو الأمين العام إلى تقييم فوري للوضع بعد أن أطلقت قوات حفظ السلام جهودها في المنطقة المتضررة.,يدعو الأمين العام إلى تقييم فوري للوضع بعد أن تطلق قوات حفظ السلام جهودها في المنطقة المتضررة.,The Secretary-General calls for an immediate assessment of the situation after the peacekeeping forces launched their efforts in the affected area.,,,Tier2,LLM_Generated,,,,,,,,,Tier2,0.0,0.3,0.12,REVIEW,5.0,5.0,5.0,1.0,1.0
T2_EVAL_0206,TIER2_Hypernym_for_Hyponym_a71a0772,Hypernym for Hyponym,المفاوضات الدبلوماسية,المفاوضات,أيد المجلس تعزيز المفاوضات الدبلوماسية بين الأطراف المعنية لضمان عودة الاستقرار والسلام في المنطقة المضطربة.,أيد المجلس تعزيز المفاوضات بين الأطراف المعنية لضمان عودة الاستقرار والسلام في المنطقة المضطربة.,The council supported strengthening diplomatic negotiations between the concerned parties to ensure the return of stability and peace in the troubled region.,,,Tier2,LLM_Generated,,,,,,,,,Tier2,0.0,0.3,0.12,REVIEW,5.0,5.0,5.0,1.0,1.0
T2_EVAL_0207,TIER2_Hyponym_for_Hypernym_0afb92c9,Hyponym for Hypernym,الوثائق,المستندات,أشار المقرر الخاص إلى ضرورة توفير الوثائق اللازمة للامتثال لمتطلبات البروتوكول الدولي بشأن حقوق الإنسان.,أشار المقرر الخاص إلى ضرورة توفير المستندات اللازمة للامتثال لمتطلبات البروتوكول الدولي بشأن حقوق الإنسان.,The Special Rapporteur pointed out the need to provide the necessary documents to comply with the international protocol on human rights.,,,Tier2,LLM_Generated,,,,,,,,,Tier2,0.0,0.3,0.12,REVIEW,5.0,5.0,5.0,1.0,1.0
T2_EVAL_0208,TIER2_Wrong_Word_Order_2cecacda,Wrong Word Order,توفير الحماية اللازمة,توفير اللازمة الحماية,يطلب إلى الدول الأعضاء أن تضمن توفير الحماية اللازمة للمدنيين في مناطق النزاع وفقًا للقانون الدولي.,يطلب إلى الدول الأعضاء أن تضمن توفير اللازمة الحماية للمدنيين في مناطق النزاع وفقًا للقانون الدولي.,Requests member states to ensure the provision of necessary protection for civilians in conflict zones in accordance with international law.,,,Tier2,LLM_Generated,,,,,,,,,Tier2,0.0,0.3,0.12,REVIEW,5.0,5.0,4.0,1.0,1.0
T2_EVAL_0209,TIER2_Terminology_Substitution_95b02a39,Terminology Substitution,استراتيجيات مكافحة الإرهاب,استراتيجيات مواجهة الإرهاب,تشمل استراتيجيات مكافحة الإرهاب تدابير قانونية وسياسية لدرء التهديدات وحماية المدنيين وتطبيق القانون بحزم.,تشمل استراتيجيات مواجهة الإرهاب تدابير قانونية وسياسية لدرء التهديدات وحماية المدنيين وتطبيق القانون بحزم.,"Counter-terrorism strategies include legal and political measures to avert threats, protect civilians, and enforce the law firmly.",,,Tier2,LLM_Generated,,,,,,,,,Tier2,0.0,0.3,0.12,REVIEW,5.0,5.0,5.0,1.0,1.0
T2_EVAL_0210,TIER2_Invalid_Pattern_501f262c,Invalid Pattern,الوسائل,الأوساط,يقرر أن يتم استخدام الوسائل الدبلوماسية لتشجيع المفاوضات السلمية بين الدول الأعضاء، وتعزيز العلاقات الثنائية بما يخدم السلام والاستقرار.,يقرر أن يتم استخدام الأوساط الدبلوماسية لتشجيع المفاوضات السلمية بين الدول الأعضاء، وتعزيز العلاقات الثنائية بما يخدم السلام والاستقرار.,It is decided that diplomatic means will be used to encourage peaceful negotiations among member states and to enhance bilateral relations in the interest of peace and stability.,,,Tier2,LLM_Generated,,,,,,,,,Tier2,0.0,0.3,0.12,REVIEW,5.0,5.0,5.0,1.0,1.0
T2_EVAL_0211,TIER2_Perfective_to_Progressive_59c6fbeb,Perfective to Progressive,احتوى,يحتوي,أعربت اللجنة عن ارتياحها لأن التقرير النهائي احتوى على جميع البنود المطلوبة بموجب الاتفاقية.,أعربت اللجنة عن ارتياحها لأن التقرير النهائي يحتوي على جميع البنود المطلوبة بموجب الاتفاقية.,The committee expressed its satisfaction that the final report contained all the items required under the convention.,,,Tier2,LLM_Generated,,,,,,,,,Tier2,0.0,0.3,0.12,REVIEW,5.0,5.0,5.0,1.0,1.0
T2_EVAL_0212,TIER2_Noun_to_Adjective_b0168eb6,Noun to Adjective,التبرعات,التبرعية,واستذكر المجلس أهمية التبرعات لتوفير المساعدات الإنسانية العاجلة للاجئين في مناطق النزاع.,واستذكر المجلس أهمية التبرعية لتوفير المساعدات الإنسانية العاجلة للاجئين في مناطق النزاع.,The Council recalled the importance of donations to provide urgent humanitarian aid to refugees in conflict areas.,,,Tier2,LLM_Generated,,,,,,,,,Tier2,0.0,0.3,0.12,REVIEW,5.0,5.0,4.0,1.0,1.0
T2_EVAL_0213,TIER2_Passive_to_Active_Voice_7c20f4e2,Passive to Active Voice,تم التفاوض,فاوض,يطلب إلى الدول الأعضاء أن يتم التفاوض على المعاهدة الجديدة بشفافية وشمولية.,يطلب إلى الدول الأعضاء أن تفاوض على المعاهدة الجديدة بشفافية وشمولية.,Member States are requested to negotiate the new treaty with transparency and inclusiveness.,,,Tier2,LLM_Generated,,,,,,,,,Tier2,0.0,0.3,0.12,REVIEW,5.0,5.0,4.0,1.0,1.0
T2_EVAL_0214,TIER2_Noun_to_Adjective_24d0e9e5,Noun to Adjective,القيادة,القيادي,قرر مجلس الأمن تعزيز القيادة العسكرية في منطقة النزاع لضمان الاستقرار والأمن.,قرر مجلس الأمن تعزيز القيادي العسكرية في منطقة النزاع لضمان الاستقرار والأمن.,The Security Council decided to strengthen military leadership in the conflict area to ensure stability and security.,,,Tier2,LLM_Generated,,,,,,,,,Tier2,0.0,0.3,0.12,REVIEW,5.0,5.0,2.0,1.0,0.0
T2_EVAL_0215,TIER2_Active_to_Passive_Voice_73271ecb,Active to Passive Voice,أوصت اللجنة,تم التوصية من قبل اللجنة,أوصت اللجنة بزيادة الدعم الإنساني للمتضررين من الأزمة في المنطقة.,تم التوصية من قبل اللجنة بزيادة الدعم الإنساني للمتضررين من الأزمة في المنطقة.,The committee recommended increasing humanitarian support for those affected by the crisis in the region.,,,Tier2,LLM_Generated,,,,,,,,,Tier2,0.0,0.3,0.12,REVIEW,5.0,5.0,4.0,1.0,1.0
T2_EVAL_0216,TIER2_Gender_Disagreement_d089fad2,Gender Disagreement,التزاماتها,التزاماته,ناشد المجلس الدول الأعضاء بضرورة تعزيز التزاماتها القانونية في مجال حقوق الإنسان لضمان الامتثال الكامل للمعاهدات الدولية.,ناشد المجلس الدول الأعضاء بضرورة تعزيز التزاماته القانونية في مجال حقوق الإنسان لضمان الامتثال الكامل للمعاهدات الدولية.,The Council urged member states to strengthen their legal commitments in the field of human rights to ensure full compliance with international treaties.,,,Tier2,LLM_Generated,,,,,,,,,Tier2,0.0,0.3,0.12,REVIEW,5.0,5.0,5.0,1.0,1.0
T2_EVAL_0217,TIER2_Perfective_to_Progressive_b3590088,Perfective to Progressive,أدان,يدين,طالب المجلس بإجراءات حازمة بعدما أدان الهجمات المتكررة على المدنيين في المنطقة المتضررة من الأزمة.,طالب المجلس بإجراءات حازمة بعدما يدين الهجمات المتكررة على المدنيين في المنطقة المتضررة من الأزمة.,The council called for decisive actions after condemning the repeated attacks on civilians in the crisis-affected area.,,,Tier2,LLM_Generated,,,,,,,,,Tier2,0.0,0.3,0.12,REVIEW,5.0,5.0,5.0,1.0,1.0
T2_EVAL_0218,TIER2_Wrong_Word_Order_6c3535f4,Wrong Word Order,المادة الأولى من القانون,الأولى المادة من القانون,أشار تقرير الأمين العام إلى أهمية الامتثال لأحكام المادة الأولى من القانون لضمان العدالة الاجتماعية.,أشار تقرير الأمين العام إلى أهمية الامتثال لأحكام الأولى المادة من القانون لضمان العدالة الاجتماعية.,The Secretary-General's report highlighted the importance of complying with the provisions of Article One of the law to ensure social justice.,,,Tier2,LLM_Generated,,,,,,,,,Tier2,0.0,0.3,0.12,REVIEW,5.0,5.0,4.0,1.0,1.0
T2_EVAL_0219,TIER2_Passive_to_Active_Voice_6573dc6d,Passive to Active Voice,طُبّقت,تم تطبيق,اعتمدت اللجنة الإجراءات بحيث طُبّقت القوانين الجديدة في كافة الدول الأعضاء.,اعتمدت اللجنة الإجراءات بحيث تم تطبيق القوانين الجديدة في كافة الدول الأعضاء.,The committee adopted procedures such that the new laws were implemented in all member states.,,,Tier2,LLM_Generated,,,,,,,,,Tier2,0.0,0.3,0.12,REVIEW,5.0,5.0,5.0,1.0,1.0
T2_EVAL_0220,TIER2_Register_Mismatch_985acd45,Register Mismatch,تنفيذ الاتفاقية,إتمام الصفقة,طالب الأمين العام جميع الأطراف المعنية بالإسراع في تنفيذ الاتفاقية المبرمة لتحقيق السلام والاستقرار في المنطقة.,طالب الأمين العام جميع الأطراف المعنية بالإسراع في إتمام الصفقة المبرمة لتحقيق السلام والاستقرار في المنطقة.,The Secretary-General called on all parties involved to expedite the implementation of the agreement concluded to achieve peace and stability in the region.,,,Tier2,LLM_Generated,,,,,,,,,Tier2,0.0,0.3,0.12,REVIEW,5.0,5.0,5.0,1.0,1.0
T2_EVAL_0221,TIER2_Hypernym_for_Hyponym_f4673ff2,Hypernym for Hyponym,المحادثات الثنائية,المفاوضات,حث الأمين العام الدولتين على استئناف المحادثات الثنائية لحل النزاع القائم بينهما وتعزيز العلاقات السلمية.,حث الأمين العام الدولتين على استئناف المفاوضات لحل النزاع القائم بينهما وتعزيز العلاقات السلمية.,The Secretary-General urged the two countries to resume bilateral talks to resolve the ongoing dispute and enhance peaceful relations.,,,Tier2,LLM_Generated,,,,,,,,,Tier2,0.0,0.3,0.12,REVIEW,5.0,5.0,5.0,1.0,1.0
T2_EVAL_0222,TIER2_Partial_Translation_4e59dc31,Partial Translation,الاستجابة الإنسانية السريعة,[OMITTED],طالب التقرير بضرورة توفير الاستجابة الإنسانية السريعة للفئات المتضررة من الكوارث الطبيعية والنزاعات المسلحة.,طالب التقرير بضرورة توفير للفئات المتضررة من الكوارث الطبيعية والنزاعات المسلحة.,The report called for the rapid humanitarian response to the groups affected by natural disasters and armed conflicts.,,,Tier2,LLM_Generated,,,,,,,,,Tier2,0.0,0.3,0.12,REVIEW,5.0,5.0,4.0,1.0,1.0
T2_EVAL_0223,TIER2_Meaning_Shift_12526f96,Meaning Shift,المساعي الدبلوماسية,المبادرات الدبلوماسية,أيدت الدول الأعضاء المساعي الدبلوماسية للأمين العام لتعزيز السلام في المنطقة، مشددة على أهمية الحوار والتفاوض.,أيدت الدول الأعضاء المبادرات الدبلوماسية للأمين العام لتعزيز السلام في المنطقة، مشددة على أهمية الحوار والتفاوض.,"The member states supported the Secretary-General's diplomatic efforts to promote peace in the region, emphasizing the importance of dialogue and negotiation.",,,Tier2,LLM_Generated,,,,,,,,,Tier2,0.0,0.3,0.12,REVIEW,3.0,3.0,5.0,1.0,1.0
T2_EVAL_0224,TIER2_Wrong_Structure_5d3fb964,Wrong Structure,الإجراءات الإنسانية الطارئة,الإجراءات الطارئة الإنسانية,ناشدت الأمم المتحدة الحكومات بضرورة تنفيذ الإجراءات الإنسانية الطارئة لتقديم المساعدة إلى الضحايا في المناطق المتضررة من الأزمة.,ناشدت الأمم المتحدة الحكومات بضرورة تنفيذ الإجراءات الطارئة الإنسانية لتقديم المساعدة إلى الضحايا في المناطق المتضررة من الأزمة.,The United Nations urged governments to urgently implement humanitarian emergency measures to assist the victims in crisis-affected areas.,,,Tier2,LLM_Generated,,,,,,,,,Tier2,0.0,0.3,0.12,REVIEW,5.0,5.0,5.0,1.0,1.0
T2_EVAL_0225,TIER2_Gender_Disagreement_60684cb8,Gender Disagreement,الأنشطة,النشاطات,اعتمد المجلس قرارًا يدين الأنشطة الإرهابية التي تهدد الأمن والسلم في المنطقة ويدعو جميع الدول إلى تعزيز التعاون لمنعها.,اعتمد المجلس قرارًا يدين النشاطات الإرهابية التي تهدد الأمن والسلم في المنطقة ويدعو جميع الدول إلى تعزيز التعاون لمنعها.,The council adopted a resolution condemning the terrorist activities that threaten security and peace in the region and calls on all countries to enhance cooperation to prevent them.,,,Tier2,LLM_Generated,,,,,,,,,Tier2,0.0,0.3,0.12,REVIEW,1.0,1.0,5.0,1.0,0.0
T2_EVAL_0226,TIER2_Wrong_Structure_87056c2d,Wrong Structure,الممثل الدائم للأمم المتحدة في جنيف,المندوب الدائم للأمم المتحدة لدى جنيف,رحب الممثل الدائم للأمم المتحدة في جنيف بالتقدم المحرز في المفاوضات الخاصة بالاتفاقية الجديدة لحماية البيئة.,رحب المندوب الدائم للأمم المتحدة لدى جنيف بالتقدم المحرز في المفاوضات الخاصة بالاتفاقية الجديدة لحماية البيئة.,The Permanent Representative of the United Nations in Geneva welcomed the progress made in the negotiations on the new environmental protection agreement.,,,Tier2,LLM_Generated,,,,,,,,,Tier2,0.0,0.3,0.12,REVIEW,5.0,5.0,5.0,1.0,1.0
T2_EVAL_0227,TIER2_Literal_Translation_b2248c44,Literal Translation,شجرة معاونة,شجرة عائلة,دعا المندوب إلى استعراض شجرة معاونة للاجئين لتسهيل التحقق من هوياتهم وتوفير الدعم المناسب لكل أسرة.,دعا المندوب إلى استعراض شجرة عائلة للاجئين لتسهيل التحقق من هوياتهم وتوفير الدعم المناسب لكل أسرة.,The delegate called for reviewing a family tree of the refugees to facilitate identity verification and provide appropriate support to each family.,,,Tier2,LLM_Generated,,,,,,,,,Tier2,0.0,0.3,0.12,REVIEW,3.0,3.0,5.0,1.0,1.0
T2_EVAL_0228,TIER2_Gender_Disagreement_d754c5af,Gender Disagreement,التكنولوجيا,التقنيات,يقرر أن التكنولوجيا الحديثة تلعب دوراً حاسماً في تعزيز الأمن السيبراني ومكافحة الإرهاب على مستوى العالم.,يقرر أن التقنيات الحديثة تلعب دوراً حاسماً في تعزيز الأمن السيبراني ومكافحة الإرهاب على مستوى العالم.,It is decided that modern technology plays a crucial role in enhancing cybersecurity and combating terrorism globally.,,,Tier2,LLM_Generated,,,,,,,,,Tier2,0.0,0.3,0.12,REVIEW,1.0,1.0,5.0,1.0,0.0
T2_EVAL_0229,TIER2_Active_to_Passive_Voice_1140c538,Active to Passive Voice,استعادت القوات السيطرة,تمت استعادة السيطرة,وأعربت اللجنة عن تقديرها للجهود التي استعادت القوات السيطرة على المنطقة المتنازع عليها.,وأعربت اللجنة عن تقديرها للجهود التي تمت استعادة السيطرة على المنطقة المتنازع عليها.,The committee expressed its appreciation for the efforts that restored control over the disputed area.,,,Tier2,LLM_Generated,,,,,,,,,Tier2,0.0,0.3,0.12,REVIEW,5.0,5.0,4.0,1.0,1.0
T2_EVAL_0230,TIER2_Adjective_to_Noun_b5583ed7,Adjective to Noun,الدولية,الدول,يقرر أن العلاقات الدولية تلعب دورًا حاسمًا في تعزيز السلام والاستقرار في المنطقة.,يقرر أن العلاقات الدول تلعب دورًا حاسمًا في تعزيز السلام والاستقرار في المنطقة.,It is decided that international relations play a critical role in promoting peace and stability in the region.,,,Tier2,LLM_Generated,,,,,,,,,Tier2,0.0,0.3,0.12,REVIEW,5.0,5.0,3.0,1.0,1.0
T2_EVAL_0231,TIER2_Passive_to_Active_Voice_6418526c,Passive to Active Voice,أُجريت,تم إجراء,دعا الأمين العام إلى مراجعة شاملة لعمليات نزع السلاح التي أُجريت في المنطقة المتنازع عليها.,دعا الأمين العام إلى مراجعة شاملة لعمليات نزع السلاح التي تم إجراءها في المنطقة المتنازع عليها.,The Secretary-General called for a comprehensive review of the disarmament operations that were conducted in the disputed area.,,,Tier2,LLM_Generated,,,,,,,,,Tier2,0.0,0.3,0.12,REVIEW,1.0,1.0,4.0,1.0,0.0
T2_EVAL_0232,TIER2_Hypernym_for_Hyponym_88626717,Hypernym for Hyponym,المعاهدة الدولية,الاتفاقية,تحث الجمعية الدول الأعضاء على الالتزام بأحكام المعاهدة الدولية المتعلقة بالحد من الأسلحة النووية وتعزيز السلام العالمي.,تحث الجمعية الدول الأعضاء على الالتزام بأحكام الاتفاقية المتعلقة بالحد من الأسلحة النووية وتعزيز السلام العالمي.,The Assembly urges member states to adhere to the provisions of the international treaty on nuclear disarmament and the promotion of global peace.,,,Tier2,LLM_Generated,,,,,,,,,Tier2,0.0,0.3,0.12,REVIEW,5.0,5.0,5.0,1.0,1.0
T2_EVAL_0233,TIER2_Register_Mismatch_e3511d70,Register Mismatch,إدارة الأزمات,التعامل مع المشاكل,أعرب الأمين العام عن أهمية تعزيز إدارة الأزمات في المناطق المتضررة لضمان تقديم المساعدات الطارئة بشكل فعال.,أعرب الأمين العام عن أهمية تعزيز التعامل مع المشاكل في المناطق المتضررة لضمان تقديم المساعدات الطارئة بشكل فعال.,The Secretary-General expressed the importance of strengthening crisis management in affected areas to ensure the effective delivery of emergency assistance.,,,Tier2,LLM_Generated,,,,,,,,,Tier2,0.0,0.3,0.12,REVIEW,5.0,5.0,5.0,1.0,1.0
T2_EVAL_0234,TIER2_Wrong_Word_Order_f10a27ad,Wrong Word Order,تسوية النزاعات السلمية,النزاعات السلمية تسوية,يؤكد التقرير على أهمية التعاون الدولي في تسوية النزاعات السلمية من خلال الوسائل الدبلوماسية والحوار البناء.,يؤكد التقرير على أهمية التعاون الدولي في النزاعات السلمية تسوية من خلال الوسائل الدبلوماسية والحوار البناء.,The report emphasizes the importance of international cooperation in the peaceful settlement of disputes through diplomatic means and constructive dialogue.,,,Tier2,LLM_Generated,,,,,,,,,Tier2,0.0,0.3,0.12,REVIEW,5.0,5.0,3.0,1.0,1.0
T2_EVAL_0235,TIER2_Spelling_Error_5e57ef20,Spelling Error,السيادة,السياذة,أوصى مجلس الأمن بضرورة احترام السيادة الوطنية للدول الأعضاء في جميع الأوقات.,أوصى مجلس الأمن بضرورة احترام السياذة الوطنية للدول الأعضاء في جميع الأوقات.,The Security Council recommended the need to respect the national sovereignty of member states at all times.,,,Tier2,LLM_Generated,,,,,,,,,Tier2,0.0,0.3,0.12,REVIEW,5.0,5.0,5.0,1.0,1.0
T2_EVAL_0236,TIER2_Wrong_Word_Order_415de5bb,Wrong Word Order,الحوكمة الديمقراطية,الديمقراطية الحوكمة,وأعرب الأمين العام عن أهمية تعزيز الحوكمة الديمقراطية لضمان الاستقرار السياسي والتنمية المستدامة في المنطقة.,وأعرب الأمين العام عن أهمية تعزيز الديمقراطية الحوكمة لضمان الاستقرار السياسي والتنمية المستدامة في المنطقة.,The Secretary-General expressed the importance of strengthening democratic governance to ensure political stability and sustainable development in the region.,,,Tier2,LLM_Generated,,,,,,,,,Tier2,0.0,0.3,0.12,REVIEW,5.0,5.0,4.0,1.0,1.0
T2_EVAL_0237,TIER2_Progressive_to_Perfective_64ab812a,Progressive to Perfective,تواصل البعثة الدبلوماسية تعزيز,عززت البعثة الدبلوماسية,لاحظت اللجنة أن البعثة الدبلوماسية تواصل البعثة الدبلوماسية تعزيز العلاقات الثنائية بين الدول الأعضاء.,لاحظت اللجنة أن البعثة الدبلوماسية عززت البعثة الدبلوماسية العلاقات الثنائية بين الدول الأعضاء.,The committee noted that the diplomatic mission continues to strengthen bilateral relations among member states.,,,Tier2,LLM_Generated,,,,,,,,,Tier2,0.0,0.3,0.12,REVIEW,5.0,5.0,4.0,1.0,1.0
T2_EVAL_0238,TIER2_Register_Mismatch_ef587c1d,Register Mismatch,القوات المسلحة,الجيش,يدعو الأمين العام الدول الأعضاء إلى تعزيز التعاون بين القوات المسلحة لضمان الاستقرار الإقليمي.,يدعو الأمين العام الدول الأعضاء إلى تعزيز التعاون بين الجيش لضمان الاستقرار الإقليمي.,The Secretary-General calls on member states to enhance cooperation among the armed forces to ensure regional stability.,,,Tier2,LLM_Generated,,,,,,,,,Tier2,0.0,0.3,0.12,REVIEW,5.0,5.0,5.0,1.0,1.0
T2_EVAL_0239,TIER2_Tense_Shift_Under_Negation_c5accd3e,Tense Shift Under Negation,لم يتم تجاهل,لن يتم تجاهل,أيد المجلس البيان الذي أشار إلى أن حقوق الإنسان لم يتم تجاهلها خلال عملية حفظ السلام الجارية في المنطقة.,أيد المجلس البيان الذي أشار إلى أن حقوق الإنسان لن يتم تجاهلها خلال عملية حفظ السلام الجارية في المنطقة.,The council endorsed the statement indicating that human rights were not ignored during the ongoing peacekeeping process in the region.,,,Tier2,LLM_Generated,,,,,,,,,Tier2,0.0,0.3,0.12,REVIEW,5.0,5.0,5.0,1.0,1.0
T2_EVAL_0240,TIER2_Tanween_Omission_11ef0fef,Tanween Omission,مباشراً,مباشرا,يؤكد السفير في كلمته أن التزام الدول الأعضاء بتنفيذ القرارات الدولية سيساهم بشكلٍ مباشراً في تعزيز الأمن والاستقرار العالميين.,يؤكد السفير في كلمته أن التزام الدول الأعضاء بتنفيذ القرارات الدولية سيساهم بشكلٍ مباشرا في تعزيز الأمن والاستقرار العالميين.,The ambassador emphasizes in his speech that the commitment of member states to implementing international resolutions will directly contribute to enhancing global security and stability.,,,Tier2,LLM_Generated,,,,,,,,,Tier2,0.0,0.3,0.12,REVIEW,5.0,5.0,5.0,1.0,1.0
T2_EVAL_0241,TIER2_Noun_to_Adjective_590a2947,Noun to Adjective,الكارثة,الكارثية,واستذكر المجلس الجهود الدولية للتعامل مع الكارثة الإنسانية التي تواجهها المنطقة بسبب الفيضانات المستمرة.,واستذكر المجلس الجهود الدولية للتعامل مع الكارثية الإنسانية التي تواجهها المنطقة بسبب الفيضانات المستمرة.,The Council recalled international efforts to address the humanitarian disaster facing the region due to ongoing floods.,,,Tier2,LLM_Generated,,,,,,,,,Tier2,0.0,0.3,0.12,REVIEW,5.0,5.0,4.0,1.0,1.0
T2_EVAL_0242,TIER2_Hyponym_for_Hypernym_a56d6ea8,Hyponym for Hypernym,المساعدات الإنسانية,المساعدات الغذائية,يؤكد المجلس على أهمية تقديم المساعدات الإنسانية للاجئين في المناطق المتضررة من النزاع المسلح.,يؤكد المجلس على أهمية تقديم المساعدات الغذائية للاجئين في المناطق المتضررة من النزاع المسلح.,The council emphasizes the importance of providing humanitarian aid to refugees in conflict-affected areas.,,,Tier2,LLM_Generated,,,,,,,,,Tier2,0.0,0.3,0.12,REVIEW,5.0,5.0,5.0,1.0,1.0
T2_EVAL_0243,TIER2_Tanween_Omission_60ed42ab,Tanween Omission,نهاراً,نهارا,واستذكر التقرير أنه يجب حماية المدنيين أثناء النزاعات، إذ لا يجوز استهدافهم نهاراً أو ليلاً بأي شكل من الأشكال.,واستذكر التقرير أنه يجب حماية المدنيين أثناء النزاعات، إذ لا يجوز استهدافهم نهارا أو ليلاً بأي شكل من الأشكال.,"The report recalled that civilians must be protected during conflicts, and they should not be targeted in any form, day or night.",,,Tier2,LLM_Generated,,,,,,,,,Tier2,0.0,0.3,0.12,REVIEW,5.0,5.0,5.0,1.0,1.0
T2_EVAL_0244,TIER2_Definiteness_Shift_99fe3f01,Definiteness Shift,الالتزامات,التزامات,يدعو الأمين العام الدول الأعضاء إلى الوفاء بالالتزامات الدولية وتعزيز التعاون لضمان الاستقرار العالمي.,يدعو الأمين العام الدول الأعضاء إلى الوفاء بالتزامات الدولية وتعزيز التعاون لضمان الاستقرار العالمي.,The Secretary-General calls on Member States to fulfill their international obligations and enhance cooperation to ensure global stability.,,,Tier2,LLM_Generated,,,,,,,,,Tier2,0.0,0.3,0.12,REVIEW,5.0,5.0,5.0,1.0,1.0
T2_EVAL_0245,TIER2_Definiteness_Shift_3f3d6494,Definiteness Shift,مشاورات شاملة,المشاورات الشاملة,يجب أن تُجرى مشاورات شاملة بين جميع الأطراف لضمان تنفيذ الاتفاقيات على نحو كامل.,يجب أن تُجرى المشاورات الشاملة بين جميع الأطراف لضمان تنفيذ الاتفاقيات على نحو كامل.,Comprehensive consultations must be conducted among all parties to ensure full implementation of the agreements.,,,Tier2,LLM_Generated,,,,,,,,,Tier2,0.0,0.3,0.12,REVIEW,5.0,5.0,5.0,1.0,1.0
T2_EVAL_0246,TIER2_Invalid_Pattern_a5b91035,Invalid Pattern,التزام,الإلزام,وأكدت الجمعية العامة على التزام الدول الأعضاء بتنفيذ الاتفاقيات الدولية المتعلقة بحقوق الإنسان دون تمييز.,وأكدت الجمعية العامة على الإلزام الدول الأعضاء بتنفيذ الاتفاقيات الدولية المتعلقة بحقوق الإنسان دون تمييز.,The General Assembly reaffirmed the commitment of Member States to implement international human rights agreements without discrimination.,,,Tier2,LLM_Generated,,,,,,,,,Tier2,0.0,0.3,0.12,REVIEW,5.0,5.0,4.0,1.0,1.0
T2_EVAL_0247,TIER2_Meaning_Shift_cb8a09ec,Meaning Shift,التعاون,التنسيق,وأعاد الأمين العام التأكيد على أهمية التعاون بين الدول الأعضاء لتعزيز الحوكمة الرشيدة في المنطقة.,وأعاد الأمين العام التأكيد على أهمية التنسيق بين الدول الأعضاء لتعزيز الحوكمة الرشيدة في المنطقة.,The Secretary-General reiterated the importance of cooperation among member states to enhance good governance in the region.,,,Tier2,LLM_Generated,,,,,,,,,Tier2,0.0,0.3,0.12,REVIEW,4.0,4.0,5.0,1.0,1.0
T2_EVAL_0248,TIER2_Progressive_to_Perfective_f16adaa2,Progressive to Perfective,تواصل الدول فرض,فرضت الدول,قرر المجلس أن تواصل الدول فرض العقوبات على الأفراد والكيانات المتورطة في أنشطة تهدد الأمن والسلم الدوليين.,قرر المجلس أن فرضت الدول العقوبات على الأفراد والكيانات المتورطة في أنشطة تهدد الأمن والسلم الدوليين.,The council decided that the states continue to impose sanctions on individuals and entities involved in activities threatening international peace and security.,,,Tier2,LLM_Generated,,,,,,,,,Tier2,0.0,0.3,0.12,REVIEW,5.0,5.0,3.0,1.0,1.0
T2_EVAL_0249,TIER2_Definiteness_Shift_f7c1b644,Definiteness Shift,حماية دولية,الحماية الدولية,وشدد التقرير على ضرورة توفير حماية دولية للمدنيين في مناطق النزاع لضمان سلامتهم وأمنهم.,وشدد التقرير على ضرورة توفير الحماية الدولية للمدنيين في مناطق النزاع لضمان سلامتهم وأمنهم.,The report emphasized the need to provide international protection for civilians in conflict areas to ensure their safety and security.,,,Tier2,LLM_Generated,,,,,,,,,Tier2,0.0,0.3,0.12,REVIEW,5.0,5.0,5.0,1.0,1.0
T2_EVAL_0250,TIER2_Hypernym_for_Hyponym_fe323cbf,Hypernym for Hyponym,الأسلحة الكيميائية,الأسلحة,أعلن الأمين العام أن استخدام الأسلحة الكيميائية في النزاع يشكل انتهاكًا خطيرًا للقانون الدولي ويجب محاسبة المسؤولين عن ذلك.,أعلن الأمين العام أن استخدام الأسلحة في النزاع يشكل انتهاكًا خطيرًا للقانون الدولي ويجب محاسبة المسؤولين عن ذلك.,The Secretary-General announced that the use of chemical weapons in the conflict constitutes a serious violation of international law and those responsible must be held accountable.,,,Tier2,LLM_Generated,,,,,,,,,Tier2,0.0,0.3,0.12,REVIEW,5.0,5.0,5.0,1.0,1.0
T2_EVAL_0251,TIER2_Tense_Shift_Under_Negation_67903a82,Tense Shift Under Negation,لم يتم التعرف,لا يُعرَف,أعربت اللجنة الدولية للصليب الأحمر عن قلقها إزاء الأشخاص الذين لم يتم التعرف على مكانهم بعد النزاعات المسلحة الأخيرة، مؤكدة على أهمية احترام حقوق الإنسان.,أعربت اللجنة الدولية للصليب الأحمر عن قلقها إزاء الأشخاص الذين لا يُعرَف مكانهم بعد النزاعات المسلحة الأخيرة، مؤكدة على أهمية احترام حقوق الإنسان.,"The International Committee of the Red Cross expressed concern about the individuals whose whereabouts have not been identified following recent armed conflicts, emphasizing the importance of respecting human rights.",,,Tier2,LLM_Generated,,,,,,,,,Tier2,0.0,0.3,0.12,REVIEW,5.0,5.0,5.0,1.0,1.0
T2_EVAL_0252,TIER2_Passive_to_Active_Voice_f405b9fc,Passive to Active Voice,تمت مناقشة,ناقشت,حث الأمين العام على أن تمت مناقشة القضايا العالقة بين الدولتين بشكل بناء لتحقيق التعاون الإقليمي.,حث الأمين العام على أن ناقشت القضايا العالقة بين الدولتين بشكل بناء لتحقيق التعاون الإقليمي.,The Secretary-General urged that the outstanding issues between the two states be discussed constructively to achieve regional cooperation.,,,Tier2,LLM_Generated,,,,,,,,,Tier2,0.0,0.3,0.12,REVIEW,5.0,5.0,3.0,1.0,1.0
T2_EVAL_0253,TIER2_Total_Omission_994b293b,Total Omission,القوات المسلحة,[OMITTED],يدعو الأمين العام إلى تعزيز التعاون الدولي لضمان الأمن والسلام من خلال دعم القوات المسلحة في عمليات حفظ السلام.,يدعو الأمين العام إلى تعزيز التعاون الدولي لضمان الأمن والسلام من خلال دعم في عمليات حفظ السلام.,The Secretary-General calls for enhanced international cooperation to ensure security and peace through supporting the armed forces in peacekeeping operations.,,,Tier2,LLM_Generated,,,,,,,,,Tier2,0.0,0.3,0.12,REVIEW,5.0,5.0,4.0,1.0,1.0
T2_EVAL_0254,TIER2_Hypernym_for_Hyponym_b7f8c0fe,Hypernym for Hyponym,الأسلحة البيولوجية,الأسلحة,قرر المجلس فرض عقوبات على الدول التي تطور الأسلحة البيولوجية دون رقابة دولية.,قرر المجلس فرض عقوبات على الدول التي تطور الأسلحة دون رقابة دولية.,The council decided to impose sanctions on countries developing biological weapons without international oversight.,,,Tier2,LLM_Generated,,,,,,,,,Tier2,0.0,0.3,0.12,REVIEW,5.0,5.0,5.0,1.0,1.0
T2_EVAL_0255,TIER2_Active_to_Passive_Voice_8d4798bf,Active to Passive Voice,نقلت المعلومات,تم نقل المعلومات,تؤكد اللجنة أن القوات العسكرية نقلت المعلومات إلى المقر الرئيسي بسرعة وكفاءة.,تؤكد اللجنة أن تم نقل المعلومات إلى المقر الرئيسي بسرعة وكفاءة من قبل القوات العسكرية.,The committee confirms that the military forces transferred the information to the headquarters quickly and efficiently.,,,Tier2,LLM_Generated,,,,,,,,,Tier2,0.0,0.3,0.12,REVIEW,5.0,5.0,5.0,1.0,1.0
T2_EVAL_0256,TIER2_Perfective_to_Progressive_6257d841,Perfective to Progressive,أشار,يشير,أشار التقرير إلى تزايد أهمية التعاون الإقليمي لتحقيق السلام والأمن في المنطقة.,يشير التقرير إلى تزايد أهمية التعاون الإقليمي لتحقيق السلام والأمن في المنطقة.,The report indicated the growing importance of regional cooperation to achieve peace and security in the region.,,,Tier2,LLM_Generated,,,,,,,,,Tier2,0.0,0.3,0.12,REVIEW,5.0,5.0,5.0,1.0,1.0
T2_EVAL_0257,TIER2_Passive_to_Active_Voice_89dcfbfd,Passive to Active Voice,وُقّعت,تم توقيع,يرحب المجلس بالاتفاقية الجديدة التي وُقّعت بين الدول الأعضاء لتعزيز التعاون الإقليمي.,يرحب المجلس بالاتفاقية الجديدة التي تم توقيعها بين الدول الأعضاء لتعزيز التعاون الإقليمي.,The council welcomes the new agreement that was signed between the member states to enhance regional cooperation.,,,Tier2,LLM_Generated,,,,,,,,,Tier2,0.0,0.3,0.12,REVIEW,2.0,3.0,4.0,1.0,0.0
T2_EVAL_0258,TIER2_Wrong_Structure_a45deb10,Wrong Structure,التأكيد على أهمية الانتخابات,التشديد على الأهمية البالغة للانتخابات,دعا الأمين العام إلى التأكيد على أهمية الانتخابات في تحقيق الاستقرار السياسي والتنمية المستدامة في المنطقة.,دعا الأمين العام إلى التشديد على الأهمية البالغة للانتخابات في تحقيق الاستقرار السياسي والتنمية المستدامة في المنطقة.,The Secretary-General called for emphasizing the importance of elections in achieving political stability and sustainable development in the region.,,,Tier2,LLM_Generated,,,,,,,,,Tier2,0.0,0.3,0.12,REVIEW,1.0,1.0,5.0,1.0,0.0
T2_EVAL_0259,TIER2_Hypernym_for_Hyponym_6759d6fd,Hypernym for Hyponym,الفقرة,النص,أشار التقرير إلى التزام الدولة بتنفيذ ما ورد في الفقرة 12 من الميثاق والتي تتعلق بتعزيز السلام والأمن الدوليين.,أشار التقرير إلى التزام الدولة بتنفيذ ما ورد في النص 12 من الميثاق والتي تتعلق بتعزيز السلام والأمن الدوليين.,"The report noted the state's commitment to implementing what is stated in paragraph 12 of the Charter, which relates to enhancing international peace and security.",,,Tier2,LLM_Generated,,,,,,,,,Tier2,0.0,0.3,0.12,REVIEW,5.0,5.0,5.0,1.0,1.0
T2_EVAL_0260,TIER2_Noun_to_Adjective_e4932c27,Noun to Adjective,الالتزام,الملتزمة,أوصت اللجنة جميع الدول الأعضاء بضرورة الالتزام التام بالقانون الدولي الإنساني خلال النزاعات المسلحة.,أوصت اللجنة جميع الدول الأعضاء بضرورة الملتزمة التام بالقانون الدولي الإنساني خلال النزاعات المسلحة.,The committee recommended that all member states fully adhere to international humanitarian law during armed conflicts.,,,Tier2,LLM_Generated,,,,,,,,,Tier2,0.0,0.3,0.12,REVIEW,5.0,5.0,2.0,1.0,0.0
T2_EVAL_0261,TIER2_Literal_Translation_efcc4aab,Literal Translation,تبادل أفكار,عصف ذهني,يرحب الوفد الوطني بمبادرة الأمم المتحدة لتبادل أفكار حول تحسين التعاون الإقليمي.,يرحب الوفد الوطني بمبادرة الأمم المتحدة لعصف ذهني حول تحسين التعاون الإقليمي.,The national delegation welcomes the United Nations initiative for brainstorming about improving regional cooperation.,,,Tier2,LLM_Generated,,,,,,,,,Tier2,0.0,0.3,0.12,REVIEW,5.0,5.0,5.0,1.0,1.0
T2_EVAL_0262,TIER2_Spelling_Error_226d026a,Spelling Error,العسكرية,العسكربة,قرر المجلس اتخاذ التدابير اللازمة لتعزيز التعاون في القضايا العسكرية بين الدول الأعضاء.,قرر المجلس اتخاذ التدابير اللازمة لتعزيز التعاون في القضايا العسكربة بين الدول الأعضاء.,The council decided to take necessary measures to enhance cooperation on military issues among member states.,,,Tier2,LLM_Generated,,,,,,,,,Tier2,0.0,0.3,0.12,REVIEW,5.0,5.0,4.0,1.0,1.0
T2_EVAL_0263,TIER2_Hyponym_for_Hypernym_89f33614,Hyponym for Hypernym,الموظفين,المسؤولين,أعرب الأمين العام عن قلقه إزاء سلامة الموظفين العاملين في المناطق المتضررة من النزاع وطالب باتخاذ تدابير إضافية لحمايتهم.,أعرب الأمين العام عن قلقه إزاء سلامة المسؤولين العاملين في المناطق المتضررة من النزاع وطالب باتخاذ تدابير إضافية لحمايتهم.,The Secretary-General expressed concern for the safety of staff working in conflict-affected areas and called for additional measures to protect them.,,,Tier2,LLM_Generated,,,,,,,,,Tier2,0.0,0.3,0.12,REVIEW,5.0,5.0,5.0,1.0,1.0
T2_EVAL_0264,TIER2_Active_to_Passive_Voice_6027632b,Active to Passive Voice,نظمت الاجتماع,تم تنظيم الاجتماع,أوصى المندوب بأن نظمت الاجتماع اللجنة المسؤولة عن الأمن الإقليمي لتحقيق السلام.,أوصى المندوب بأن تم تنظيم الاجتماع من قبل اللجنة المسؤولة عن الأمن الإقليمي لتحقيق السلام.,The delegate recommended that the meeting be organized by the committee responsible for regional security to achieve peace.,,,Tier2,LLM_Generated,,,,,,,,,Tier2,0.0,0.3,0.12,REVIEW,5.0,5.0,4.0,1.0,1.0
T2_EVAL_0265,TIER2_Partial_Translation_c89104b4,Partial Translation,المساعدة الإنسانية العاجلة,المساعدات الإنسانية,أعرب المندوب الدائم عن ضرورة توفير المساعدة الإنسانية العاجلة لللاجئين المتضررين جراء الأزمة الإنسانية الطارئة في المنطقة.,أعرب المندوب الدائم عن ضرورة توفير المساعدات الإنسانية لللاجئين المتضررين جراء الأزمة الإنسانية الطارئة في المنطقة.,The Permanent Representative expressed the necessity of providing urgent humanitarian assistance to refugees affected by the ongoing humanitarian crisis in the region.,,,Tier2,LLM_Generated,,,,,,,,,Tier2,0.0,0.3,0.12,REVIEW,5.0,5.0,5.0,1.0,1.0
T2_EVAL_0266,TIER2_Register_Mismatch_aed7431b,Register Mismatch,التحقق,التأكد,أعلن مجلس الأمن عن تعزيز نظم التحقق من الامتثال لقرارات الحظر المفروضة على الأسلحة في المنطقة.,أعلن مجلس الأمن عن تعزيز نظم التأكد من الامتثال لقرارات الحظر المفروضة على الأسلحة في المنطقة.,The Security Council announced the strengthening of verification systems to ensure compliance with the arms embargo decisions in the region.,,,Tier2,LLM_Generated,,,,,,,,,Tier2,0.0,0.3,0.12,REVIEW,5.0,5.0,5.0,1.0,1.0
T2_EVAL_0267,TIER2_Name_Entity_Error_9a0fdef9,Name Entity Error,الاتحاد الأفريقي,الاتحاد الأوروبي,أشار التقرير إلى أن الاتحاد الأفريقي يلعب دورًا حاسمًا في تعزيز السلام والاستقرار في القارة.,أشار التقرير إلى أن الاتحاد الأوروبي يلعب دورًا حاسمًا في تعزيز السلام والاستقرار في القارة.,The report indicated that the African Union plays a crucial role in promoting peace and stability on the continent.,,,Tier2,LLM_Generated,,,,,,,,,Tier2,0.0,0.3,0.12,REVIEW,5.0,5.0,5.0,1.0,1.0
T2_EVAL_0268,TIER2_Terminology_Substitution_bc4d5c64,Terminology Substitution,الجهود الأمنية,العمليات الأمنية,قرر المجلس تعزيز الجهود الأمنية في المنطقة لمكافحة التهديدات المستمرة والاستجابة الفعالة لجميع التطورات المحتملة.,قرر المجلس تعزيز العمليات الأمنية في المنطقة لمكافحة التهديدات المستمرة والاستجابة الفعالة لجميع التطورات المحتملة.,The council decided to enhance security efforts in the region to combat ongoing threats and effectively respond to all potential developments.,,,Tier2,LLM_Generated,,,,,,,,,Tier2,0.0,0.3,0.12,REVIEW,5.0,5.0,5.0,1.0,1.0
T2_EVAL_0269,TIER2_Progressive_to_Perfective_52834ef1,Progressive to Perfective,كانت اللجنة تتفاوض,تفاوضت اللجنة,طالب المجتمع الدولي بأن تواصل اللجنة التفاوض على الاتفاقية الجديدة، حيث كانت اللجنة تتفاوض مع الأطراف المعنية لضمان تحقيق الأهداف المشتركة.,طالب المجتمع الدولي بأن تواصل اللجنة التفاوض على الاتفاقية الجديدة، حيث تفاوضت اللجنة مع الأطراف المعنية لضمان تحقيق الأهداف المشتركة.,"The international community requested that the committee continue negotiating the new agreement, as the committee was negotiating with the concerned parties to ensure the achievement of common goals.",,,Tier2,LLM_Generated,,,,,,,,,Tier2,0.0,0.3,0.12,REVIEW,5.0,5.0,5.0,1.0,1.0
T2_EVAL_0270,TIER2_Gender_Disagreement_1dacc897,Gender Disagreement,مسؤوليتها,مسؤوليته,طالب الأمين العام الدول الأعضاء باتخاذ خطوات لتعزيز التعاون الدولي في مكافحة الإرهاب، مشدداً على أهمية التزام كل دولة بمسؤوليتها في هذا الصدد.,طالب الأمين العام الدول الأعضاء باتخاذ خطوات لتعزيز التعاون الدولي في مكافحة الإرهاب، مشدداً على أهمية التزام كل دولة بمسؤوليته في هذا الصدد.,"The Secretary-General urged member states to take measures to enhance international cooperation in combating terrorism, emphasizing the importance of each state's commitment to its responsibility in this regard.",,,Tier2,LLM_Generated,,,,,,,,,Tier2,0.0,0.3,0.12,REVIEW,5.0,5.0,5.0,1.0,1.0
T2_EVAL_0271,TIER2_Tanween_Omission_92faad4d,Tanween Omission,عسكريًا,عسكريا,يقرر أن الوجود العسكريًا في المناطق المتنازع عليها سيظل ضروريًا لإحلال السلام والاستقرار فيها.,يقرر أن الوجود عسكريا في المناطق المتنازع عليها سيظل ضروريًا لإحلال السلام والاستقرار فيها.,It is decided that the military presence in disputed areas will remain necessary for establishing peace and stability there.,,,Tier2,LLM_Generated,,,,,,,,,Tier2,0.0,0.3,0.12,REVIEW,5.0,5.0,4.0,1.0,1.0
T2_EVAL_0272,TIER2_Meaning_Shift_876253b7,Meaning Shift,الإمدادات الغذائية,المساعدات الغذائية,أوصى التقرير بزيادة الإمدادات الغذائية المقدمة للاجئين في دول الجوار لتأمين احتياجاتهم الأساسية.,أوصى التقرير بزيادة المساعدات الغذائية المقدمة للاجئين في دول الجوار لتأمين احتياجاتهم الأساسية.,The report recommended increasing the food supplies provided to refugees in neighboring countries to secure their basic needs.,,,Tier2,LLM_Generated,,,,,,,,,Tier2,0.0,0.3,0.12,REVIEW,5.0,5.0,5.0,1.0,1.0
T2_EVAL_0273,TIER2_Total_Omission_1e2b68d3,Total Omission,الانتخابات الرئاسية,[OMITTED],وشدد المبعوث الخاص على أهمية إجراء الانتخابات الرئاسية في موعدها لتعزيز الاستقرار السياسي في البلاد.,وشدد المبعوث الخاص على أهمية إجراء الانتخابات في موعدها لتعزيز الاستقرار السياسي في البلاد.,The Special Envoy emphasized the importance of holding the presidential elections on time to enhance political stability in the country.,,,Tier2,LLM_Generated,,,,,,,,,Tier2,0.0,0.3,0.12,REVIEW,5.0,5.0,5.0,1.0,1.0
T2_EVAL_0274,TIER2_Total_Omission_6a150515,Total Omission,المعاهدة النووية,[OMITTED],يرحب المجلس بجهود الدول الأعضاء في تنفيذ المعاهدة النووية لتعزيز الأمن الدولي.,يرحب المجلس بجهود الدول الأعضاء في تنفيذ لتعزيز الأمن الدولي.,The Council welcomes the efforts of member states in implementing the nuclear treaty to enhance international security.,,,Tier2,LLM_Generated,,,,,,,,,Tier2,0.0,0.3,0.12,REVIEW,5.0,5.0,4.0,1.0,1.0
T2_EVAL_0275,TIER2_Tanween_Omission_fa4698a8,Tanween Omission,سياسياً,سياسيا,حث التقرير على تعزيز التعاون بين الدول الأعضاء في المجالات الإنسانية والاقتصادية والسياسية سياسياً لتحقيق الاستقرار والتنمية المستدامة.,حث التقرير على تعزيز التعاون بين الدول الأعضاء في المجالات الإنسانية والاقتصادية والسياسية سياسيا لتحقيق الاستقرار والتنمية المستدامة.,"The report urged strengthening cooperation between member states in humanitarian, economic, and political areas to achieve stability and sustainable development.",,,Tier2,LLM_Generated,,,,,,,,,Tier2,0.0,0.3,0.12,REVIEW,5.0,5.0,5.0,1.0,1.0
T2_EVAL_0276,TIER2_Hyponym_for_Hypernym_48858bea,Hyponym for Hypernym,الطواقم,الأطباء,أوصى المجلس بزيادة الدعم للمنظمات الإنسانية لتزويد الطواقم بالمعدات اللازمة لتقديم الرعاية للاجئين في المخيمات.,أوصى المجلس بزيادة الدعم للمنظمات الإنسانية لتزويد الأطباء بالمعدات اللازمة لتقديم الرعاية للاجئين في المخيمات.,The council recommended increasing support to humanitarian organizations to equip the crews with the necessary supplies for providing care to refugees in the camps.,,,Tier2,LLM_Generated,,,,,,,,,Tier2,0.0,0.3,0.12,REVIEW,5.0,5.0,5.0,1.0,1.0
T2_EVAL_0277,TIER2_Invalid_Pattern_f54e11ad,Invalid Pattern,التحالفات,الائتلافات,يرحب المجلس بالجهود المبذولة لتعزيز العلاقات الدولية وتطوير التحالفات التي تسهم في تحقيق السلام والاستقرار في المنطقة.,يرحب المجلس بالجهود المبذولة لتعزيز العلاقات الدولية وتطوير الائتلافات التي تسهم في تحقيق السلام والاستقرار في المنطقة.,The Council welcomes efforts to strengthen international relations and develop alliances that contribute to peace and stability in the region.,,,Tier2,LLM_Generated,,,,,,,,,Tier2,0.0,0.3,0.12,REVIEW,1.0,1.0,5.0,1.0,0.0
T2_EVAL_0278,TIER2_Active_to_Passive_Voice_3f5bd426,Active to Passive Voice,أجرت المفاوضات,تم إجراء المفاوضات,تؤكد اللجنة أن الدولة المعنية هي التي أجرت المفاوضات مع الأطراف الدولية لتحقيق السلام.,تؤكد اللجنة أن الدولة المعنية تم إجراء المفاوضات مع الأطراف الدولية لتحقيق السلام.,The committee confirms that the concerned state conducted the negotiations with international parties to achieve peace.,,,Tier2,LLM_Generated,,,,,,,,,Tier2,0.0,0.3,0.12,REVIEW,5.0,5.0,2.0,3.0,0.0
T2_EVAL_0279,TIER2_Perfective_to_Progressive_4ada019a,Perfective to Progressive,وافقت,توافق,طالب مجلس الأمن بأن وافقت الدول المعنية على تسهيل مرور المساعدات الإنسانية إلى المناطق المتضررة.,طالب مجلس الأمن بأن توافق الدول المعنية على تسهيل مرور المساعدات الإنسانية إلى المناطق المتضررة.,The Security Council demanded that the concerned states agreed to facilitate the passage of humanitarian aid to the affected areas.,,,Tier2,LLM_Generated,,,,,,,,,Tier2,0.0,0.3,0.12,REVIEW,5.0,5.0,5.0,1.0,1.0
T2_EVAL_0280,TIER2_Literal_Translation_9377623f,Literal Translation,روح الفريق,معنويات الفريق,أعربت المفوضية عن أهمية تعزيز روح الفريق بين موظفيها لمواجهة التحديات الإنسانية التي يواجهها النازحون.,أعربت المفوضية عن أهمية تعزيز معنويات الفريق بين موظفيها لمواجهة التحديات الإنسانية التي يواجهها النازحون.,The commission emphasized the importance of enhancing team spirit among its employees to face the humanitarian challenges faced by the displaced.,,,Tier2,LLM_Generated,,,,,,,,,Tier2,0.0,0.3,0.12,REVIEW,5.0,5.0,5.0,1.0,1.0
T2_EVAL_0281,TIER2_Partial_Translation_74560c35,Partial Translation,الأمن الدولي المستدام,الأمن الدولي,دعا الأمين العام إلى تكثيف الجهود لتحقيق الأمن الدولي المستدام في المنطقة وتعزيز السلام والاستقرار.,دعا الأمين العام إلى تكثيف الجهود لتحقيق الأمن الدولي في المنطقة وتعزيز السلام والاستقرار.,The Secretary-General called for intensified efforts to achieve sustainable international security in the region and to promote peace and stability.,,,Tier2,LLM_Generated,,,,,,,,,Tier2,0.0,0.3,0.12,REVIEW,5.0,5.0,5.0,1.0,1.0
T2_EVAL_0282,TIER2_Progressive_to_Perfective_e51669ba,Progressive to Perfective,ظل المجلس يعقد,عقد المجلس,ظل المجلس يعقد اجتماعات دورية لتقييم الامتثال لبنود البروتوكول النووي وتعزيز التعاون بين الدول الأعضاء.,عقد المجلس اجتماعات دورية لتقييم الامتثال لبنود البروتوكول النووي وتعزيز التعاون بين الدول الأعضاء.,The council continued to hold regular meetings to assess compliance with the nuclear protocol provisions and to enhance cooperation among member states.,,,Tier2,LLM_Generated,,,,,,,,,Tier2,0.0,0.3,0.12,REVIEW,5.0,5.0,5.0,1.0,1.0
T2_EVAL_0283,TIER2_Active_to_Passive_Voice_d7a880c6,Active to Passive Voice,قدمت المنظمات الإغاثة,تم تقديم الإغاثة,طالب المجتمع الدولي بأن قدمت المنظمات الإغاثة لجميع المتضررين من الكارثة.,طالب المجتمع الدولي بأن تم تقديم الإغاثة لجميع المتضررين من الكارثة.,The international community demanded that organizations provided relief to all those affected by the disaster.,,,Tier2,LLM_Generated,,,,,,,,,Tier2,0.0,0.3,0.12,REVIEW,5.0,5.0,4.0,1.0,1.0
T2_EVAL_0284,TIER2_Active_to_Passive_Voice_409e5570,Active to Passive Voice,دعا إلى تعزيز الأمن,تمت الدعوة إلى تعزيز الأمن,قرر المجلس أن دعا إلى تعزيز الأمن في المناطق المتأثرة بالصراعات.,قرر المجلس أن تمت الدعوة إلى تعزيز الأمن في المناطق المتأثرة بالصراعات.,The council decided to call for strengthening security in conflict-affected areas.,,,Tier2,LLM_Generated,,,,,,,,,Tier2,0.0,0.3,0.12,REVIEW,5.0,5.0,4.0,1.0,1.0
T2_EVAL_0285,TIER2_Gender_Disagreement_6b6314bd,Gender Disagreement,تأييدها,تأييده,أعلن المجلس عن تأييدها الكامل لجهود الأمم المتحدة في فرض الحظر على توريد الأسلحة إلى المناطق المتأثرة بالنزاع.,أعلن المجلس عن تأييده الكامل لجهود الأمم المتحدة في فرض الحظر على توريد الأسلحة إلى المناطق المتأثرة بالنزاع.,The council announced its full support for the United Nations' efforts to impose the arms embargo on conflict-affected areas.,,,Tier2,LLM_Generated,,,,,,,,,Tier2,0.0,0.3,0.12,REVIEW,5.0,5.0,5.0,1.0,1.0
T2_EVAL_0286,TIER2_Partial_Translation_04004f27,Partial Translation,المبادئ الأساسية للحوكمة الرشيدة,[OMITTED],تحث الجمعية الدول الأعضاء على الالتزام بالمبادئ الأساسية للحوكمة الرشيدة لتعزيز السلام والأمن.,تحث الجمعية الدول الأعضاء على الالتزام لتعزيز السلام والأمن.,The Assembly urges member states to adhere to the fundamental principles of good governance to promote peace and security.,,,Tier2,LLM_Generated,,,,,,,,,Tier2,0.0,0.3,0.12,REVIEW,5.0,5.0,5.0,1.0,1.0
T2_EVAL_0287,TIER2_Passive_to_Active_Voice_d378875b,Passive to Active Voice,أُعلنت,تم إعلان,أيدت اللجنة النتائج التي أُعلنت في الاجتماع الأخير حول الانتخابات الرئاسية.,أيدت اللجنة النتائج التي تم إعلانها في الاجتماع الأخير حول الانتخابات الرئاسية.,The committee endorsed the results that were announced at the last meeting regarding the presidential elections.,,,Tier2,LLM_Generated,,,,,,,,,Tier2,0.0,0.3,0.12,REVIEW,5.0,5.0,5.0,1.0,1.0
T2_EVAL_0288,TIER2_Perfective_to_Progressive_6ff0e560,Perfective to Progressive,شددت,تشدد,يؤكد المجلس أن اللجنة شددت على أهمية تنفيذ بنود الاتفاقية بصرامة لضمان الامتثال الكامل.,يؤكد المجلس أن اللجنة تشدد على أهمية تنفيذ بنود الاتفاقية بصرامة لضمان الامتثال الكامل.,The Council emphasizes that the committee stressed the importance of strictly implementing the provisions of the agreement to ensure full compliance.,,,Tier2,LLM_Generated,,,,,,,,,Tier2,0.0,0.3,0.12,REVIEW,5.0,5.0,5.0,1.0,1.0
T2_EVAL_0289,TIER2_Wrong_Word_Order_148384da,Wrong Word Order,عمليات المراقبة الدولية,المراقبة العمليات الدولية,وأعاد المجلس التأكيد على أهمية تعزيز عمليات المراقبة الدولية لضمان الامتثال لقرارات الأمم المتحدة المتعلقة بنزع السلاح.,وأعاد المجلس التأكيد على أهمية تعزيز المراقبة العمليات الدولية لضمان الامتثال لقرارات الأمم المتحدة المتعلقة بنزع السلاح.,The Council reaffirmed the importance of strengthening international monitoring operations to ensure compliance with UN disarmament resolutions.,,,Tier2,LLM_Generated,,,,,,,,,Tier2,0.0,0.3,0.12,REVIEW,5.0,5.0,4.0,1.0,1.0
T2_EVAL_0290,TIER2_Tense_Shift_Under_Negation_1749a7b0,Tense Shift Under Negation,لم تكن ملزمة,لن تكون ملزمة,أعلن المتحدث الرسمي أن القرارات الصادرة عن الجلسة لم تكن ملزمة للأطراف المعنية، لكن يُفضل الالتزام بها لتعزيز التعاون الدولي.,أعلن المتحدث الرسمي أن القرارات الصادرة عن الجلسة لن تكون ملزمة للأطراف المعنية، لكن يُفضل الالتزام بها لتعزيز التعاون الدولي.,"The spokesperson announced that the decisions from the session were not binding on the concerned parties, but it is preferable to adhere to them to enhance international cooperation.",,,Tier2,LLM_Generated,,,,,,,,,Tier2,0.0,0.3,0.12,REVIEW,5.0,5.0,5.0,1.0,1.0
T2_EVAL_0291,TIER2_Register_Mismatch_c0be2ed9,Register Mismatch,المفاوضات الرسمية,المحادثات الرسمية,ناشد الأمين العام جميع الأطراف المعنية العمل بجدية لإنجاح المفاوضات الرسمية حول الاتفاقية الدولية الجديدة.,ناشد الأمين العام جميع الأطراف المعنية العمل بجدية لإنجاح المحادثات الرسمية حول الاتفاقية الدولية الجديدة.,The Secretary-General urged all concerned parties to work diligently to make the official negotiations on the new international treaty successful.,,,Tier2,LLM_Generated,,,,,,,,,Tier2,0.0,0.3,0.12,REVIEW,3.0,2.0,5.0,1.0,0.0
T2_EVAL_0292,TIER2_Meaning_Shift_3a7fe2b1,Meaning Shift,الاتفاقيات,التفاهمات,رحب الأمين العام بالتقدم المحرز في مفاوضات السلام وأكد على أهمية استمرار الاتفاقيات المبرمة لضمان استقرار المنطقة.,رحب الأمين العام بالتقدم المحرز في مفاوضات السلام وأكد على أهمية استمرار التفاهمات المبرمة لضمان استقرار المنطقة.,The Secretary-General welcomed the progress made in the peace negotiations and emphasized the importance of maintaining the agreements reached to ensure regional stability.,,,Tier2,LLM_Generated,,,,,,,,,Tier2,0.0,0.3,0.12,REVIEW,5.0,5.0,5.0,1.0,1.0
T2_EVAL_0293,TIER2_Tense_Shift_Under_Negation_c11c4af6,Tense Shift Under Negation,لم تتقدم,لن تتقدم,يرحب المندوب بالجهود المبذولة لكنه لاحظ أن المفاوضات لم تتقدم بالسرعة المتوقعة في مجال التعاون الاقتصادي.,يرحب المندوب بالجهود المبذولة لكنه لاحظ أن المفاوضات لن تتقدم بالسرعة المتوقعة في مجال التعاون الاقتصادي.,The delegate welcomes the efforts made but noted that the negotiations did not progress as quickly as expected in the field of economic cooperation.,,,Tier2,LLM_Generated,,,,,,,,,Tier2,0.0,0.3,0.12,REVIEW,5.0,5.0,5.0,1.0,1.0
T2_EVAL_0294,TIER2_Adjective_to_Noun_a5a295a3,Adjective to Noun,الدستورية,الدستور,تحث الجمعية على مراعاة القوانين الدستورية في إطار الانتخابات المقبلة لضمان الأمن والاستقرار.,تحث الجمعية على مراعاة القوانين الدستور في إطار الانتخابات المقبلة لضمان الأمن والاستقرار.,The Assembly urges adherence to constitutional laws within the framework of the upcoming elections to ensure security and stability.,,,Tier2,LLM_Generated,,,,,,,,,Tier2,0.0,0.3,0.12,REVIEW,5.0,5.0,3.0,1.0,1.0
T2_EVAL_0295,TIER2_Literal_Translation_f63a5d35,Literal Translation,يد حديدية,قبضة حديدية,اعتمدت القوات العسكرية سياسة يد حديدية ضد أي تحركات غير قانونية على الحدود.,اعتمدت القوات العسكرية سياسة قبضة حديدية ضد أي تحركات غير قانونية على الحدود.,The military forces adopted a policy of an iron fist against any illegal movements at the border.,,,Tier2,LLM_Generated,,,,,,,,,Tier2,0.0,0.3,0.12,REVIEW,5.0,5.0,5.0,1.0,1.0
T2_EVAL_0296,TIER2_Progressive_to_Perfective_83b00512,Progressive to Perfective,تواصل المنظمة الدولية السعي,سعت المنظمة الدولية,ناشدت اللجنة الدول الأعضاء بتقديم الدعم، حيث تواصل المنظمة الدولية السعي لتعزيز التعاون في مجالات الحوار والوساطة بين الأطراف المختلفة.,ناشدت اللجنة الدول الأعضاء بتقديم الدعم، حيث سعت المنظمة الدولية لتعزيز التعاون في مجالات الحوار والوساطة بين الأطراف المختلفة.,"The committee urged member states to provide support, as the international organization continues to seek to enhance cooperation in the areas of dialogue and mediation among different parties.",,,Tier2,LLM_Generated,,,,,,,,,Tier2,0.0,0.3,0.12,REVIEW,5.0,5.0,5.0,1.0,1.0
T2_EVAL_0297,TIER2_Noun_to_Adjective_c7a9ce5c,Noun to Adjective,التنفيذ,تنفيذية,تؤكد اللجنة على أهمية التنفيذ الفعال لقرارات مجلس الأمن المتعلقة بالسلام والأمن الدوليين.,تؤكد اللجنة على أهمية تنفيذية الفعال لقرارات مجلس الأمن المتعلقة بالسلام والأمن الدوليين.,The committee emphasizes the importance of the effective implementation of Security Council resolutions regarding international peace and security.,,,Tier2,LLM_Generated,,,,,,,,,Tier2,0.0,0.3,0.12,REVIEW,5.0,5.0,2.0,1.0,0.0
T2_EVAL_0298,TIER2_Perfective_to_Progressive_350808c8,Perfective to Progressive,ساهمت,تساهم,واستذكر الأمين العام أن الأمم المتحدة قد ساهمت في توفير المساعدات الإنسانية للاجئين في المناطق المتضررة.,واستذكر الأمين العام أن الأمم المتحدة تساهم في توفير المساعدات الإنسانية للاجئين في المناطق المتضررة.,The Secretary-General recalled that the United Nations contributed to providing humanitarian aid to refugees in affected areas.,,,Tier2,LLM_Generated,,,,,,,,,Tier2,0.0,0.3,0.12,REVIEW,5.0,5.0,5.0,1.0,1.0
T2_EVAL_0299,TIER2_Gender_Disagreement_0f4896ee,Gender Disagreement,تتطلب,يتطلب,يرحب المجلس بالتقدم المحرز في عملية السلام ويشدد على أن المرحلة التالية تتطلب التعاون الكامل من جميع الأطراف المعنية.,يرحب المجلس بالتقدم المحرز في عملية السلام ويشدد على أن المرحلة التالية يتطلب التعاون الكامل من جميع الأطراف المعنية.,The Council welcomes the progress made in the peace process and emphasizes that the next phase requires full cooperation from all concerned parties.,,,Tier2,LLM_Generated,,,,,,,,,Tier2,0.0,0.3,0.12,REVIEW,5.0,5.0,5.0,1.0,1.0
T2_EVAL_0300,TIER2_Literal_Translation_4271cf94,Literal Translation,خروج من الأزمة,حل الأزمة,تحث الجمعية كافة الأطراف على السعي لتحقيق خروج من الأزمة بطرق سلمية وتعزيز الاستقرار في المنطقة.,تحث الجمعية كافة الأطراف على السعي لتحقيق حل الأزمة بطرق سلمية وتعزيز الاستقرار في المنطقة.,The assembly urges all parties to seek a resolution to the crisis through peaceful means and to promote stability in the region.,,,Tier2,LLM_Generated,,,,,,,,,Tier2,0.0,0.3,0.12,REVIEW,5.0,5.0,5.0,1.0,1.0
T2_EVAL_0301,TIER2_Wrong_Word_Order_f152cdae,Wrong Word Order,الاستقرار والسلام,السلام والاستقرار,أيدت الدول الأعضاء في الأمم المتحدة الجهود المبذولة لتعزيز الاستقرار والسلام في المنطقة من خلال الحوار الدبلوماسي والمفاوضات.,أيدت الدول الأعضاء في الأمم المتحدة الجهود المبذولة لتعزيز السلام والاستقرار في المنطقة من خلال الحوار الدبلوماسي والمفاوضات.,The member states of the United Nations supported efforts to enhance stability and peace in the region through diplomatic dialogue and negotiations.,,,Tier2,LLM_Generated,,,,,,,,,Tier2,0.0,0.3,0.12,REVIEW,5.0,5.0,5.0,1.0,1.0
T2_EVAL_0302,TIER2_Perfective_to_Progressive_281b7de6,Perfective to Progressive,اعتبر,يعتبر,يطلب إلى اللجنة أن اعتبر هذا القرار جزءًا من جهود تعزيز السلام والتعاون الدولي.,يطلب إلى اللجنة أن يعتبر هذا القرار جزءًا من جهود تعزيز السلام والتعاون الدولي.,The committee is requested to consider this decision as part of efforts to enhance peace and international cooperation.,,,Tier2,LLM_Generated,,,,,,,,,Tier2,0.0,0.3,0.12,REVIEW,5.0,5.0,5.0,1.0,1.0
T2_EVAL_0303,TIER2_Name_Entity_Error_30044209,Name Entity Error,مجموعة العشرين,مجموعة الثلاثين,رحب الأمين العام بتعزيز التعاون بين دول مجموعة العشرين للتصدي للتحديات الأمنية العالمية.,رحب الأمين العام بتعزيز التعاون بين دول مجموعة الثلاثين للتصدي للتحديات الأمنية العالمية.,The Secretary-General welcomed the strengthening of cooperation among the G20 countries to tackle global security challenges.,,,Tier2,LLM_Generated,,,,,,,,,Tier2,0.0,0.3,0.12,REVIEW,5.0,5.0,5.0,1.0,1.0
T2_EVAL_0304,TIER2_Partial_Translation_62c92733,Partial Translation,خطة الاستجابة الإنسانية الشاملة,خطة الاستجابة,أعربت الدول الأعضاء عن دعمها لتطبيق خطة الاستجابة الإنسانية الشاملة في المناطق المتضررة من النزاعات.,أعربت الدول الأعضاء عن دعمها لتطبيق خطة الاستجابة في المناطق المتضررة من النزاعات.,The member states expressed their support for implementing the comprehensive humanitarian response plan in conflict-affected areas.,,,Tier2,LLM_Generated,,,,,,,,,Tier2,0.0,0.3,0.12,REVIEW,5.0,5.0,5.0,1.0,1.0
T2_EVAL_0305,TIER2_Total_Omission_833ff328,Total Omission,المبادرة العالمية لتعزيز السلام,[OMITTED],دعا الأمين العام إلى تعزيز التعاون الدولي في إطار المبادرة العالمية لتعزيز السلام لضمان الأمن والاستقرار الإقليمي.,دعا الأمين العام إلى تعزيز التعاون الدولي لضمان الأمن والاستقرار الإقليمي.,The Secretary-General called for strengthening international cooperation within the framework of the Global Initiative for Peace Enhancement to ensure regional security and stability.,,,Tier2,LLM_Generated,,,,,,,,,Tier2,0.0,0.3,0.12,REVIEW,5.0,5.0,5.0,1.0,1.0
T2_EVAL_0306,TIER2_Wrong_Structure_753bcc50,Wrong Structure,الموافقة على الاتفاقية,الاتفاق على المعاهدة,حث السفير جميع الدول الأعضاء على الموافقة على الاتفاقية لضمان التنفيذ الفعال للسياسات المتفق عليها.,حث السفير جميع الدول الأعضاء على الاتفاق على المعاهدة لضمان التنفيذ الفعال للسياسات المتفق عليها.,The ambassador urged all member states to approve the agreement to ensure effective implementation of the agreed policies.,,,Tier2,LLM_Generated,,,,,,,,,Tier2,0.0,0.3,0.12,REVIEW,3.0,3.0,5.0,1.0,1.0
T2_EVAL_0307,TIER2_Definiteness_Shift_72e7d655,Definiteness Shift,عملية عسكرية,العملية العسكرية,قرر المجلس تأسيس عملية عسكرية تحت إشراف الأمم المتحدة لمراقبة وقف إطلاق النار في المنطقة المتنازع عليها.,قرر المجلس تأسيس العملية العسكرية تحت إشراف الأمم المتحدة لمراقبة وقف إطلاق النار في المنطقة المتنازع عليها.,The council decided to establish a military operation under UN supervision to monitor the ceasefire in the disputed area.,,,Tier2,LLM_Generated,,,,,,,,,Tier2,0.0,0.3,0.12,REVIEW,5.0,5.0,5.0,1.0,1.0
T2_EVAL_0308,TIER2_Adjective_to_Noun_bbc57f6a,Adjective to Noun,القانوني,قانون,اعتمد المجلس مجموعة من التوصيات لتعزيز التعاون القانوني بين الدول الأعضاء في مجال مكافحة الجريمة المنظمة.,اعتمد المجلس مجموعة من التوصيات لتعزيز التعاون قانون بين الدول الأعضاء في مجال مكافحة الجريمة المنظمة.,The council adopted a set of recommendations to enhance legal cooperation among member states in combating organized crime.,,,Tier2,LLM_Generated,,,,,,,,,Tier2,0.0,0.3,0.12,REVIEW,5.0,5.0,3.0,1.0,1.0
T2_EVAL_0309,TIER2_Total_Omission_fbd5e357,Total Omission,الحدود الجنوبية,[OMITTED],يقرر أن يتم تعزيز القوات العسكرية على الحدود الجنوبية لضمان الاستقرار والأمن في المنطقة.,يقرر أن يتم تعزيز القوات العسكرية لضمان الاستقرار والأمن في المنطقة.,It is decided that military forces will be reinforced on the southern border to ensure stability and security in the region.,,,Tier2,LLM_Generated,,,,,,,,,Tier2,0.0,0.3,0.12,REVIEW,5.0,5.0,5.0,1.0,1.0
T2_EVAL_0310,TIER2_Passive_to_Active_Voice_56c0b192,Passive to Active Voice,أُعطي,تم إعطاء,وأُعطي الإذن للقوات العسكرية بالتحرك ضمن المناطق المحددة حسب الاتفاق.,وتم إعطاء الإذن للقوات العسكرية بالتحرك ضمن المناطق المحددة حسب الاتفاق.,Permission was given to the military forces to move within the designated areas according to the agreement.,,,Tier2,LLM_Generated,,,,,,,,,Tier2,0.0,0.3,0.12,REVIEW,1.0,1.0,5.0,1.0,0.0
T2_EVAL_0311,TIER2_Progressive_to_Perfective_1f72e734,Progressive to Perfective,لاحظت اللجنة أنها تواصل,لاحظت اللجنة أنها واصلت,لاحظت اللجنة أنها تواصل تعزيز العلاقات مع المنظمات الإقليمية لمواجهة التحديات المشتركة.,لاحظت اللجنة أنها واصلت تعزيز العلاقات مع المنظمات الإقليمية لمواجهة التحديات المشتركة.,The committee noted that it continues to strengthen relations with regional organizations to address common challenges.,,,Tier2,LLM_Generated,,,,,,,,,Tier2,0.0,0.3,0.12,REVIEW,5.0,5.0,5.0,1.0,1.0
T2_EVAL_0312,TIER2_Tense_Shift_Under_Negation_47cefe8b,Tense Shift Under Negation,لم تُفرض,لن تُفرض,وشدد الأمين العام على أنه لم تُفرض عقوبات جديدة على الدولة المتنازعة نتيجة لموافقتها على وقف الصراع.,وشدد الأمين العام على أنه لن تُفرض عقوبات جديدة على الدولة المتنازعة نتيجة لموافقتها على وقف الصراع.,The Secretary-General stressed that no new sanctions have been imposed on the disputing state as a result of its agreement to cease the conflict.,,,Tier2,LLM_Generated,,,,,,,,,Tier2,0.0,0.3,0.12,REVIEW,5.0,5.0,5.0,1.0,1.0
T2_EVAL_0313,TIER2_Wrong_Word_Order_84839d58,Wrong Word Order,المعاهدة الدولية البيئية,الدولية المعاهدة البيئية,يرحب المجلس بالتقدم الذي أحرزته الدول الأعضاء في تنفيذ بنود المعاهدة الدولية البيئية لتحسين السياسات البيئية العالمية.,يرحب المجلس بالتقدم الذي أحرزته الدول الأعضاء في تنفيذ بنود الدولية المعاهدة البيئية لتحسين السياسات البيئية العالمية.,The council welcomes the progress made by member states in implementing the provisions of the international environmental treaty to enhance global environmental policies.,,,Tier2,LLM_Generated,,,,,,,,,Tier2,0.0,0.3,0.12,REVIEW,5.0,5.0,4.0,1.0,1.0
T2_EVAL_0314,TIER2_Tanween_Omission_95868855,Tanween Omission,اقتصادياً,اقتصاديا,حث الأمين العام على تعزيز التعاون الدولي من أجل تحقيق التنمية المستدامة اقتصادياً واجتماعياً في المناطق المتضررة بالنزاعات.,حث الأمين العام على تعزيز التعاون الدولي من أجل تحقيق التنمية المستدامة اقتصاديا واجتماعياً في المناطق المتضررة بالنزاعات.,The Secretary-General urged strengthening international cooperation to achieve sustainable economic and social development in conflict-affected areas.,,,Tier2,LLM_Generated,,,,,,,,,Tier2,0.0,0.3,0.12,REVIEW,5.0,5.0,5.0,1.0,1.0
T2_EVAL_0315,TIER2_Noun_to_Adjective_b563ad2e,Noun to Adjective,الاستقرار,المستقرة,وأعاد المجلس التأكيد على أهمية الاستقرار في المنطقة لتحقيق السلام والتنمية المستدامة.,وأعاد المجلس التأكيد على أهمية المستقرة في المنطقة لتحقيق السلام والتنمية المستدامة.,The council reaffirmed the importance of stability in the region for achieving peace and sustainable development.,,,Tier2,LLM_Generated,,,,,,,,,Tier2,0.0,0.3,0.12,REVIEW,5.0,5.0,2.0,1.0,0.0
T2_EVAL_0316,TIER2_Hyponym_for_Hypernym_4647eb12,Hyponym for Hypernym,التغذية,الطعام,ناشد الأمين العام الدول الأعضاء بتقديم الدعم اللازم لضمان التغذية المناسبة للأطفال في مناطق النزاع.,ناشد الأمين العام الدول الأعضاء بتقديم الدعم اللازم لضمان الطعام المناسب للأطفال في مناطق النزاع.,The Secretary-General urged member states to provide the necessary support to ensure proper nutrition for children in conflict areas.,,,Tier2,LLM_Generated,,,,,,,,,Tier2,0.0,0.3,0.12,REVIEW,5.0,5.0,5.0,1.0,1.0
T2_EVAL_0317,TIER2_Name_Entity_Error_7a814201,Name Entity Error,قوات حفظ السلام,قوات الدفاع,يدعو الأمين العام إلى تعزيز التعاون بين جميع الدول فيما يتعلق بعمليات قوات حفظ السلام في المناطق المتأثرة بالصراعات.,يدعو الأمين العام إلى تعزيز التعاون بين جميع الدول فيما يتعلق بعمليات قوات الدفاع في المناطق المتأثرة بالصراعات.,The Secretary-General calls for enhanced cooperation among all nations regarding peacekeeping operations in conflict-affected areas.,,,Tier2,LLM_Generated,,,,,,,,,Tier2,0.0,0.3,0.12,REVIEW,5.0,5.0,5.0,1.0,1.0
T2_EVAL_0318,TIER2_Hyponym_for_Hypernym_cc7e05f6,Hyponym for Hypernym,السياسيين,النواب,وأعاد المجلس التأكيد على أهمية مشاركة جميع السياسيين في العملية الديمقراطية لتعزيز الانتخابات الحرة والنزيهة.,وأعاد المجلس التأكيد على أهمية مشاركة جميع النواب في العملية الديمقراطية لتعزيز الانتخابات الحرة والنزيهة.,The Council reiterated the importance of the participation of all politicians in the democratic process to promote free and fair elections.,,,Tier2,LLM_Generated,,,,,,,,,Tier2,0.0,0.3,0.12,REVIEW,5.0,5.0,5.0,1.0,1.0
T2_EVAL_0319,TIER2_Hypernym_for_Hyponym_f78b122e,Hypernym for Hyponym,الأمن الغذائي,الأمن,تؤكد اللجنة أهمية التعاون الدولي لضمان الأمن الغذائي في المناطق المتضررة من النزاعات المسلحة والمجاعات.,تؤكد اللجنة أهمية التعاون الدولي لضمان الأمن في المناطق المتضررة من النزاعات المسلحة والمجاعات.,The committee emphasizes the importance of international cooperation to ensure food security in areas affected by armed conflicts and famines.,,,Tier2,LLM_Generated,,,,,,,,,Tier2,0.0,0.3,0.12,REVIEW,5.0,5.0,5.0,1.0,1.0
T2_EVAL_0320,TIER2_Meaning_Shift_e2cf63b2,Meaning Shift,اللاجئين,النازحين,دعا المجلس إلى تكثيف الجهود الدولية لدعم اللاجئين المتضررين من الأزمة الأخيرة في المنطقة وتخفيف معاناتهم.,دعا المجلس إلى تكثيف الجهود الدولية لدعم النازحين المتضررين من الأزمة الأخيرة في المنطقة وتخفيف معاناتهم.,The Council called for intensified international efforts to support refugees affected by the recent crisis in the region and alleviate their suffering.,,,Tier2,LLM_Generated,,,,,,,,,Tier2,0.0,0.3,0.12,REVIEW,3.0,3.0,5.0,1.0,1.0
T2_EVAL_0321,TIER2_Name_Entity_Error_edc14d32,Name Entity Error,حزب العمال الكردستاني,حزب العمال التركي,أشار التقرير إلى دور حزب العمال الكردستاني في تعزيز الاستقرار في المنطقة رغم التحديات التي تواجهها الدولة.,أشار التقرير إلى دور حزب العمال التركي في تعزيز الاستقرار في المنطقة رغم التحديات التي تواجهها الدولة.,The report referred to the role of the Kurdistan Workers' Party in enhancing stability in the region despite the challenges faced by the state.,,,Tier2,LLM_Generated,,,,,,,,,Tier2,0.0,0.3,0.12,REVIEW,5.0,5.0,5.0,1.0,1.0
T2_EVAL_0322,TIER2_Wrong_Word_Order_62659f97,Wrong Word Order,المعاهدة الدولية الملزمة,الملزمة الدولية المعاهدة,يطلب إلى الدول الأعضاء التصديق على المعاهدة الدولية الملزمة بهدف تعزيز التعاون القانوني الدولي.,يطلب إلى الدول الأعضاء التصديق على الملزمة الدولية المعاهدة بهدف تعزيز التعاون القانوني الدولي.,Requests member states to ratify the binding international treaty to enhance international legal cooperation.,,,Tier2,LLM_Generated,,,,,,,,,Tier2,0.0,0.3,0.12,REVIEW,5.0,5.0,4.0,1.0,1.0
T2_EVAL_0323,TIER2_Meaning_Shift_30a54431,Meaning Shift,القوات العسكرية,القوات الميدانية,أيد مجلس الأمن الاقتراح الداعي إلى تعزيز القوات العسكرية في المنطقة لضمان استقرار الوضع الأمني.,أيد مجلس الأمن الاقتراح الداعي إلى تعزيز القوات الميدانية في المنطقة لضمان استقرار الوضع الأمني.,The Security Council supported the proposal to strengthen military forces in the area to ensure the stability of the security situation.,,,Tier2,LLM_Generated,,,,,,,,,Tier2,0.0,0.3,0.12,REVIEW,5.0,5.0,5.0,1.0,1.0
T2_EVAL_0324,TIER2_Tanween_Omission_2899a789,Tanween Omission,جديًا,جديا,حث السفير الأطراف المتنازعة على النظر جديًا في مقترحات الوساطة التي قدمتها البعثة الأممية لحل النزاع.,حث السفير الأطراف المتنازعة على النظر جديا في مقترحات الوساطة التي قدمتها البعثة الأممية لحل النزاع.,The ambassador urged the conflicting parties to seriously consider the mediation proposals presented by the UN mission to resolve the conflict.,,,Tier2,LLM_Generated,,,,,,,,,Tier2,0.0,0.3,0.12,REVIEW,5.0,5.0,5.0,1.0,1.0
T2_EVAL_0325,TIER2_Partial_Translation_d18ebaa3,Partial Translation,المصالح المشتركة بين الأطراف,المصالح المشتركة,وأعاد المجلس التأكيد على أهمية المصالح المشتركة بين الأطراف في تعزيز الأمن والاستقرار الإقليميين.,وأعاد المجلس التأكيد على أهمية المصالح المشتركة في تعزيز الأمن والاستقرار الإقليميين.,The Council reaffirmed the importance of the common interests between the parties in enhancing regional security and stability.,,,Tier2,LLM_Generated,,,,,,,,,Tier2,0.0,0.3,0.12,REVIEW,5.0,5.0,5.0,1.0,1.0
T2_EVAL_0326,TIER2_Register_Mismatch_0937acf3,Register Mismatch,الإلزام القانوني,الضرورة القانونية,أشار التقرير إلى الإلزام القانوني على الدول الأعضاء لتعزيز الامتثال للمعايير الدولية في مكافحة الفساد.,أشار التقرير إلى الضرورة القانونية على الدول الأعضاء لتعزيز الامتثال للمعايير الدولية في مكافحة الفساد.,The report indicated the legal obligation on member states to enhance compliance with international standards in combating corruption.,,,Tier2,LLM_Generated,,,,,,,,,Tier2,0.0,0.3,0.12,REVIEW,4.0,3.0,5.0,1.0,1.0
T2_EVAL_0327,TIER2_Passive_to_Active_Voice_86657616,Passive to Active Voice,أُرسلت,تم إرسال,طالب المجلس بأن يتم التأكد من أن المساعدات الإنسانية أُرسلت إلى كافة المناطق المتضررة دون تأخير.,طالب المجلس بأن يتم التأكد من أن المساعدات الإنسانية تم إرسالها إلى كافة المناطق المتضررة دون تأخير.,The Council requested that it be ensured that humanitarian aid was sent to all affected areas without delay.,,,Tier2,LLM_Generated,,,,,,,,,Tier2,0.0,0.3,0.12,REVIEW,5.0,5.0,5.0,1.0,1.0
T2_EVAL_0328,TIER2_Perfective_to_Progressive_fbb765f1,Perfective to Progressive,أُبرمت,تُبرم,وإذ يؤكد القرار على أهمية الاتفاقية التي أُبرمت بشأن الحد من الأسلحة النووية، فإنه يدعو إلى الالتزام الكامل بها.,وإذ يؤكد القرار على أهمية الاتفاقية التي تُبرم بشأن الحد من الأسلحة النووية، فإنه يدعو إلى الالتزام الكامل بها.,"The resolution emphasizes the importance of the treaty that was concluded on nuclear arms reduction, calling for full compliance with it.",,,Tier2,LLM_Generated,,,,,,,,,Tier2,0.0,0.3,0.12,REVIEW,5.0,5.0,5.0,1.0,1.0
T2_EVAL_0329,TIER2_Wrong_Structure_70ae848d,Wrong Structure,التفاوض حول المصالحة,عملية الحوار لتحقيق المصالحة,وشدد المتحدث على أهمية التفاوض حول المصالحة بين الأطراف المتنازعة لتحقيق الاستقرار في المنطقة.,وشدد المتحدث على أهمية عملية الحوار لتحقيق المصالحة بين الأطراف المتنازعة لتحقيق الاستقرار في المنطقة.,The speaker emphasized the importance of negotiation on reconciliation between conflicting parties to achieve stability in the region.,,,Tier2,LLM_Generated,,,,,,,,,Tier2,0.0,0.3,0.12,REVIEW,4.0,4.0,5.0,1.0,1.0
T2_EVAL_0330,TIER2_Adjective_to_Noun_22a5e159,Adjective to Noun,الفعالة,فعالية,أعربت الدول الأعضاء عن دعمها للجهود الفعالة لتعزيز المصالحة الوطنية في المنطقة.,أعربت الدول الأعضاء عن دعمها للجهود فعالية لتعزيز المصالحة الوطنية في المنطقة.,Member States expressed their support for effective efforts to promote national reconciliation in the region.,,,Tier2,LLM_Generated,,,,,,,,,Tier2,0.0,0.3,0.12,REVIEW,5.0,5.0,2.0,1.0,0.0
T2_EVAL_0331,TIER2_Progressive_to_Perfective_50b1d615,Progressive to Perfective,ظلت اللجنة تشرف,أشرفت اللجنة,وقد ظلت اللجنة تشرف على عملية المصالحة بين الأطراف المتنازعة، سعياً لتحقيق السلام الدائم في المنطقة.,وقد أشرفت اللجنة على عملية المصالحة بين الأطراف المتنازعة، سعياً لتحقيق السلام الدائم في المنطقة.,"The committee has been overseeing the reconciliation process between conflicting parties, aiming to achieve lasting peace in the region.",,,Tier2,LLM_Generated,,,,,,,,,Tier2,0.0,0.3,0.12,REVIEW,5.0,5.0,5.0,1.0,1.0
T2_EVAL_0332,TIER2_Perfective_to_Progressive_5f5e99f0,Perfective to Progressive,تمت مراجعة,تجري مراجعة,اعتمد المجلس تقرير اللجنة حيث تمت مراجعة الولاية وفقاً للقرار الأخير الذي اتخذته الجمعية العامة.,اعتمد المجلس تقرير اللجنة حيث تجري مراجعة الولاية وفقاً للقرار الأخير الذي اتخذته الجمعية العامة.,The council adopted the committee's report where the mandate was reviewed according to the latest resolution adopted by the General Assembly.,,,Tier2,LLM_Generated,,,,,,,,,Tier2,0.0,0.3,0.12,REVIEW,5.0,5.0,5.0,1.0,1.0
T2_EVAL_0333,TIER2_Perfective_to_Progressive_f1d8c827,Perfective to Progressive,استعاد,يستعيد,وأكد الأمين العام أن البلاد استعاد الاستقرار بعد الانتخابات الأخيرة.,وأكد الأمين العام أن البلاد يستعيد الاستقرار بعد الانتخابات الأخيرة.,The Secretary-General confirmed that the country regained stability after the recent elections.,,,Tier2,LLM_Generated,,,,,,,,,Tier2,0.0,0.3,0.12,REVIEW,5.0,5.0,5.0,1.0,1.0
T2_EVAL_0334,TIER2_Wrong_Word_Order_50cb1555,Wrong Word Order,الإغاثة الإنسانية الدولية,الإنسانية الإغاثة الدولية,ناشدت اللجنة الدولية المجتمع الدولي بتقديم الدعم اللازم لتوسيع نطاق الإغاثة الإنسانية الدولية في المناطق المتضررة.,ناشدت اللجنة الدولية المجتمع الدولي بتقديم الدعم اللازم لتوسيع نطاق الإنسانية الإغاثة الدولية في المناطق المتضررة.,The International Committee urged the international community to provide the necessary support to expand the scope of international humanitarian relief in the affected areas.,,,Tier2,LLM_Generated,,,,,,,,,Tier2,0.0,0.3,0.12,REVIEW,5.0,5.0,5.0,1.0,1.0
T2_EVAL_0335,TIER2_Register_Mismatch_df81e430,Register Mismatch,التحليل الدقيق,الفحص الجيد,أيد المجلس ضرورة التحليل الدقيق للبيانات المتعلقة بأسباب النزاع لتطوير استراتيجيات فعالة للحكومة.,أيد المجلس ضرورة الفحص الجيد للبيانات المتعلقة بأسباب النزاع لتطوير استراتيجيات فعالة للحكومة.,The council endorsed the necessity of a thorough analysis of data related to the causes of the conflict to develop effective government strategies.,,,Tier2,LLM_Generated,,,,,,,,,Tier2,0.0,0.3,0.12,REVIEW,4.0,4.0,5.0,1.0,1.0
T2_EVAL_0336,TIER2_Tense_Shift_Under_Negation_b3e56522,Tense Shift Under Negation,لم تُستخدم,لن تُستخدم,يدعو الأمين العام إلى التأكد من أن الأسلحة الكيميائية لم تُستخدم في النزاع الدائر، وضرورة التحقيق بشكل شامل في هذا الصدد.,يدعو الأمين العام إلى التأكد من أن الأسلحة الكيميائية لن تُستخدم في النزاع الدائر، وضرورة التحقيق بشكل شامل في هذا الصدد.,"The Secretary-General calls for ensuring that chemical weapons have not been used in the ongoing conflict, and the necessity of a thorough investigation in this regard.",,,Tier2,LLM_Generated,,,,,,,,,Tier2,0.0,0.3,0.12,REVIEW,5.0,5.0,5.0,1.0,1.0
T2_EVAL_0337,TIER2_Invalid_Pattern_e66a639b,Invalid Pattern,المشاورات,الشورى,تدعو اللجنة إلى تكثيف المشاورات بين الدول الأعضاء لتعزيز التعاون في إطار المفاوضات الإقليمية والدولية.,تدعو اللجنة إلى تكثيف الشورى بين الدول الأعضاء لتعزيز التعاون في إطار المفاوضات الإقليمية والدولية.,The committee calls for intensified consultations among member states to enhance cooperation within regional and international negotiations.,,,Tier2,LLM_Generated,,,,,,,,,Tier2,0.0,0.3,0.12,REVIEW,3.0,3.0,4.0,1.0,1.0
T2_EVAL_0338,TIER2_Register_Mismatch_b85b477f,Register Mismatch,استجابة عاجلة,رد سريع,أعلن البرنامج الإنساني عن تقديم استجابة عاجلة للتخفيف من معاناة اللاجئين في المخيمات الحدودية بسبب الأحوال الجوية القاسية.,أعلن البرنامج الإنساني عن تقديم رد سريع للتخفيف من معاناة اللاجئين في المخيمات الحدودية بسبب الأحوال الجوية القاسية.,The humanitarian program announced an urgent response to alleviate the suffering of refugees in border camps due to harsh weather conditions.,,,Tier2,LLM_Generated,,,,,,,,,Tier2,0.0,0.3,0.12,REVIEW,5.0,5.0,5.0,1.0,1.0
T2_EVAL_0339,TIER2_Active_to_Passive_Voice_5cc60db7,Active to Passive Voice,ضمنت الأمن,تم ضمان الأمن,وأكدت الحكومة أنها ضمنت الأمن والاستقرار في المنطقة بعد الانتخابات.,وأكدت الحكومة أن تم ضمان الأمن والاستقرار في المنطقة بعد الانتخابات.,The government confirmed that it ensured security and stability in the region after the elections.,,,Tier2,LLM_Generated,,,,,,,,,Tier2,0.0,0.3,0.12,REVIEW,5.0,5.0,5.0,1.0,1.0
T2_EVAL_0340,TIER2_Wrong_Structure_4e916360,Wrong Structure,اللجنة الدولية للصليب الأحمر,الصليب الأحمر الدولي,أعربت اللجنة الدولية للصليب الأحمر عن قلقها البالغ إزاء الوضع الإنساني المتدهور في مناطق النزاع وضرورة توفير الحماية للاجئين.,أعرب الصليب الأحمر الدولي عن قلقه البالغ إزاء الوضع الإنساني المتدهور في مناطق النزاع وضرورة توفير الحماية للاجئين.,The International Committee of the Red Cross expressed its deep concern about the deteriorating humanitarian situation in conflict areas and the need to provide protection for refugees.,,,Tier2,LLM_Generated,,,,,,,,,Tier2,0.0,0.3,0.12,REVIEW,5.0,5.0,5.0,1.0,1.0
T2_EVAL_0341,TIER2_Definiteness_Shift_a08c0a45,Definiteness Shift,الأمن الدولي,أمن دولي,قرر المجلس تعزيز الإجراءات لضمان الأمن الدولي في مواجهة التهديدات المتصاعدة.,قرر المجلس تعزيز الإجراءات لضمان أمن دولي في مواجهة التهديدات المتصاعدة.,The council decided to strengthen measures to ensure international security in the face of rising threats.,,,Tier2,LLM_Generated,,,,,,,,,Tier2,0.0,0.3,0.12,REVIEW,5.0,5.0,5.0,1.0,1.0
T2_EVAL_0342,TIER2_Tanween_Omission_95cc7bfb,Tanween Omission,صراعًا,صراع,يدعو الأمين العام جميع الأطراف إلى الالتزام بمسار المصالحة وتجنب الانزلاق إلى صراعًا يمكن أن يعطل عملية السلام.,يدعو الأمين العام جميع الأطراف إلى الالتزام بمسار المصالحة وتجنب الانزلاق إلى صراع يمكن أن يعطل عملية السلام.,The Secretary-General calls on all parties to commit to the path of reconciliation and avoid slipping into a conflict that could disrupt the peace process.,,,Tier2,LLM_Generated,,,,,,,,,Tier2,0.0,0.3,0.12,REVIEW,5.0,5.0,5.0,1.0,1.0
T2_EVAL_0343,TIER2_Partial_Translation_3d927784,Partial Translation,إجراءات ضبط الأسلحة غير المشروعة,إجراءات ضبط الأسلحة,وأعاد الاجتماع التأكيد على أهمية تعزيز إجراءات ضبط الأسلحة غير المشروعة في المنطقة لتحقيق الاستقرار والأمن.,وأعاد الاجتماع التأكيد على أهمية تعزيز إجراءات ضبط الأسلحة في المنطقة لتحقيق الاستقرار والأمن.,The meeting reiterated the importance of strengthening the measures to control illicit weapons in the region to achieve stability and security.,,,Tier2,LLM_Generated,,,,,,,,,Tier2,0.0,0.3,0.12,REVIEW,5.0,5.0,5.0,1.0,1.0
T2_EVAL_0344,TIER2_Perfective_to_Progressive_be669c48,Perfective to Progressive,أعلنت,تعلن,تؤكد اللجنة أن الدولة أعلنت استعدادها للامتثال لقرارات مجلس الأمن بشأن الحد من انتشار الأسلحة النووية.,تؤكد اللجنة أن الدولة تعلن استعدادها للامتثال لقرارات مجلس الأمن بشأن الحد من انتشار الأسلحة النووية.,The committee confirms that the state announced its readiness to comply with Security Council resolutions on limiting the proliferation of nuclear weapons.,,,Tier2,LLM_Generated,,,,,,,,,Tier2,0.0,0.3,0.12,REVIEW,5.0,5.0,5.0,1.0,1.0
T2_EVAL_0345,TIER2_Definiteness_Shift_99a02712,Definiteness Shift,أسلحة تقليدية,الأسلحة التقليدية,يرحب المجلس بالجهود المبذولة للحد من انتشار أسلحة تقليدية وتحقيق الاستقرار في المنطقة المتنازع عليها.,يرحب المجلس بالجهود المبذولة للحد من انتشار الأسلحة التقليدية وتحقيق الاستقرار في المنطقة المتنازع عليها.,The council welcomes efforts to reduce the spread of conventional weapons and achieve stability in the disputed region.,,,Tier2,LLM_Generated,,,,,,,,,Tier2,0.0,0.3,0.12,REVIEW,5.0,5.0,5.0,1.0,1.0
T2_EVAL_0346,TIER2_Active_to_Passive_Voice_bff248a2,Active to Passive Voice,أيدت المفاوضات,تمت الموافقة على المفاوضات,اعتمدت اللجنة تقريرها الذي أيدت المفاوضات لحل النزاع القائم بين الدولتين.,اعتمدت اللجنة تقريرها الذي تمت الموافقة على المفاوضات لحل النزاع القائم بين الدولتين.,"The committee adopted its report, which supported the negotiations to resolve the ongoing conflict between the two states.",,,Tier2,LLM_Generated,,,,,,,,,Tier2,0.0,0.3,0.12,REVIEW,5.0,5.0,4.0,1.0,1.0
T2_EVAL_0347,TIER2_Tense_Shift_Under_Negation_bdd47774,Tense Shift Under Negation,لم يهدد,لن يهدد,أعلنت اللجنة أن الوضع الحالي لم يهدد الاستقرار في المنطقة، وأن الجهود الدولية متواصلة لضمان السلام والأمن.,أعلنت اللجنة أن الوضع الحالي لن يهدد الاستقرار في المنطقة، وأن الجهود الدولية متواصلة لضمان السلام والأمن.,"The committee announced that the current situation did not threaten the stability in the region, and that international efforts are ongoing to ensure peace and security.",,,Tier2,LLM_Generated,,,,,,,,,Tier2,0.0,0.3,0.12,REVIEW,5.0,5.0,5.0,1.0,1.0
T2_EVAL_0348,TIER2_Literal_Translation_fb15151c,Literal Translation,المسرح الدبلوماسي,الساحة الدبلوماسية,ناشد الأمين العام بضرورة توخي الحذر في التعامل مع القضايا الحساسة على المسرح الدبلوماسي الدولي.,ناشد الأمين العام بضرورة توخي الحذر في التعامل مع القضايا الحساسة على الساحة الدبلوماسية الدولية.,The Secretary-General urged caution in addressing sensitive issues on the international diplomatic scene.,,,Tier2,LLM_Generated,,,,,,,,,Tier2,0.0,0.3,0.12,REVIEW,5.0,5.0,5.0,1.0,1.0
T2_EVAL_0349,TIER2_Partial_Translation_00c9c960,Partial Translation,الهيئة الدبلوماسية الدولية,[OMITTED],يرحب الاجتماع السنوي بجهود الهيئة الدبلوماسية الدولية في تعزيز العلاقات بين الدول الأعضاء وتحقيق السلام المستدام.,يرحب الاجتماع السنوي بجهود في تعزيز العلاقات بين الدول الأعضاء وتحقيق السلام المستدام.,The annual meeting welcomes the efforts of the International Diplomatic Body in strengthening relations between member states and achieving sustainable peace.,,,Tier2,LLM_Generated,,,,,,,,,Tier2,0.0,0.3,0.12,REVIEW,5.0,5.0,5.0,1.0,1.0
T2_EVAL_0350,TIER2_Meaning_Shift_eb9ec6c0,Meaning Shift,العلاقات الثنائية,العلاقات المتعددة,رحب الأمين العام بتعزيز العلاقات الثنائية بين الدولتين لتعزيز السلام والأمن في المنطقة.,رحب الأمين العام بتعزيز العلاقات المتعددة بين الدولتين لتعزيز السلام والأمن في المنطقة.,The Secretary-General welcomed the strengthening of bilateral relations between the two states to promote peace and security in the region.,,,Tier2,LLM_Generated,,,,,,,,,Tier2,0.0,0.3,0.12,REVIEW,5.0,5.0,5.0,1.0,1.0
T2_EVAL_0351,TIER2_Partial_Translation_9436f119,Partial Translation,المساعدات الإنسانية الطارئة,المساعدات الطارئة,وأعاد الأمين العام التأكيد على أهمية توفير المساعدات الإنسانية الطارئة للمتضررين من النزاعات المسلحة في المنطقة.,وأعاد الأمين العام التأكيد على أهمية توفير المساعدات الطارئة للمتضررين من النزاعات المسلحة في المنطقة.,The Secretary-General reiterated the importance of providing emergency humanitarian aid to those affected by armed conflicts in the region.,,,Tier2,LLM_Generated,,,,,,,,,Tier2,0.0,0.3,0.12,REVIEW,5.0,5.0,5.0,1.0,1.0
T2_EVAL_0352,TIER2_Terminology_Substitution_6b3c1863,Terminology Substitution,القرار,التوصية,أشار الأمين العام إلى القرار الصادر عن الجمعية العامة فيما يتعلق بحفظ السلام والأمن الدوليين.,أشار الأمين العام إلى التوصية الصادرة عن الجمعية العامة فيما يتعلق بحفظ السلام والأمن الدوليين.,The Secretary-General referred to the resolution issued by the General Assembly regarding the maintenance of international peace and security.,,,Tier2,LLM_Generated,,,,,,,,,Tier2,0.0,0.3,0.12,REVIEW,5.0,5.0,5.0,1.0,1.0
T2_EVAL_0353,TIER2_Definiteness_Shift_e3597b32,Definiteness Shift,تعاون اقتصادي,التعاون الاقتصادي,يؤكد المؤتمر على أهمية تعزيز تعاون اقتصادي بين الدول الأعضاء لتحقيق التنمية الشاملة في المنطقة.,يؤكد المؤتمر على أهمية تعزيز التعاون الاقتصادي بين الدول الأعضاء لتحقيق التنمية الشاملة في المنطقة.,The conference emphasizes the importance of enhancing economic cooperation among member states to achieve comprehensive development in the region.,,,Tier2,LLM_Generated,,,,,,,,,Tier2,0.0,0.3,0.12,REVIEW,5.0,5.0,5.0,1.0,1.0
T2_EVAL_0354,TIER2_Total_Omission_9967c3fd,Total Omission,الاتفاقية الدولية للمناخ,[OMITTED],يطلب إلى الدول الأعضاء الالتزام ببنود الاتفاقية الدولية للمناخ لتعزيز الجهود الدولية في مواجهة تغير المناخ.,يطلب إلى الدول الأعضاء الالتزام ببنود لتعزيز الجهود الدولية في مواجهة تغير المناخ.,The Member States are requested to adhere to the provisions of the International Climate Agreement to enhance international efforts in combating climate change.,,,Tier2,LLM_Generated,,,,,,,,,Tier2,0.0,0.3,0.12,REVIEW,5.0,5.0,4.0,1.0,1.0
T2_EVAL_0355,TIER2_Wrong_Structure_a35f4b03,Wrong Structure,المساعدات الإنسانية للنازحين,الإغاثة للنازحين,طالب المجلس بزيادة المساعدات الإنسانية للنازحين في المنطقة المتضررة لضمان تلبية احتياجاتهم الأساسية في الوقت المناسب.,طالب المجلس بزيادة الإغاثة للنازحين في المنطقة المتضررة لضمان تلبية احتياجاتهم الأساسية في الوقت المناسب.,The council called for increased humanitarian assistance for the displaced in the affected area to ensure their basic needs are met in a timely manner.,,,Tier2,LLM_Generated,,,,,,,,,Tier2,0.0,0.3,0.12,REVIEW,3.0,3.0,5.0,1.0,1.0
T2_EVAL_0356,TIER2_Terminology_Substitution_d492470c,Terminology Substitution,الدفاع المدني,الحماية المدنية,يرحب التقرير بدور الدفاع المدني في تعزيز الأمن والاستجابة السريعة لحالات الطوارئ في المنطقة.,يرحب التقرير بدور الحماية المدنية في تعزيز الأمن والاستجابة السريعة لحالات الطوارئ في المنطقة.,The report welcomes the role of civil defense in enhancing security and the rapid response to emergencies in the region.,,,Tier2,LLM_Generated,,,,,,,,,Tier2,0.0,0.3,0.12,REVIEW,5.0,5.0,5.0,1.0,1.0
T2_EVAL_0357,TIER2_Noun_to_Adjective_00fc93a5,Noun to Adjective,المراقبة,المراقبي,قرر المجلس تكثيف جهود المراقبة لضمان الامتثال الكامل للعقوبات الدولية المفروضة على الأطراف المعنية.,قرر المجلس تكثيف جهود المراقبي لضمان الامتثال الكامل للعقوبات الدولية المفروضة على الأطراف المعنية.,The council decided to intensify monitoring efforts to ensure full compliance with international sanctions imposed on the concerned parties.,,,Tier2,LLM_Generated,,,,,,,,,Tier2,0.0,0.3,0.12,REVIEW,5.0,5.0,4.0,1.0,1.0
T2_EVAL_0358,TIER2_Partial_Translation_23673a1a,Partial Translation,اللجنة المعنية بحفظ الأمن,اللجنة,أشار التقرير إلى أهمية دور اللجنة المعنية بحفظ الأمن في تعزيز الاستقرار والسلام بالمنطقة.,أشار التقرير إلى أهمية دور اللجنة في تعزيز الاستقرار والسلام بالمنطقة.,The report highlighted the important role of the committee responsible for maintaining security in enhancing stability and peace in the region.,,,Tier2,LLM_Generated,,,,,,,,,Tier2,0.0,0.3,0.12,REVIEW,5.0,5.0,5.0,1.0,1.0
T2_EVAL_0359,TIER2_Noun_to_Adjective_b1aa1060,Noun to Adjective,المفاوضات,التفاوضية,يدعو الأمين العام جميع الأطراف إلى استئناف المفاوضات بحسن نية للتوصل إلى حل سلمي للنزاع.,يدعو الأمين العام جميع الأطراف إلى استئناف التفاوضية بحسن نية للتوصل إلى حل سلمي للنزاع.,The Secretary-General calls on all parties to resume negotiations in good faith to reach a peaceful resolution of the conflict.,,,Tier2,LLM_Generated,,,,,,,,,Tier2,0.0,0.3,0.12,REVIEW,5.0,5.0,4.0,1.0,1.0
T2_EVAL_0360,TIER2_Wrong_Structure_f17e94b1,Wrong Structure,المندوب الدائم للمملكة المتحدة لدى الأمم المتحدة,الممثل الدائم للمملكة المتحدة لدى الأمم المتحدة,حث المندوب الدائم للمملكة المتحدة لدى الأمم المتحدة الدول الأعضاء على الالتزام بالقرارات الصادرة عن مجلس الأمن بشأن النزاع الحالي.,حث الممثل الدائم للمملكة المتحدة لدى الأمم المتحدة الدول الأعضاء على الالتزام بالقرارات الصادرة عن مجلس الأمن بشأن النزاع الحالي.,The Permanent Representative of the United Kingdom to the United Nations urged member states to adhere to the Security Council resolutions regarding the current conflict.,,,Tier2,LLM_Generated,,,,,,,,,Tier2,0.0,0.3,0.12,REVIEW,5.0,5.0,5.0,1.0,1.0
T2_EVAL_0361,TIER2_Progressive_to_Perfective_969b4fd5,Progressive to Perfective,تواصل الحكومة,واصلت الحكومة,وشدد التقرير على أن الدولة تواصل الحكومة جهودها لتعزيز السيادة الوطنية وتأمين الحدود من التهديدات الخارجية.,وشدد التقرير على أن الدولة واصلت الحكومة جهودها لتعزيز السيادة الوطنية وتأمين الحدود من التهديدات الخارجية.,The report emphasized that the state continues its government's efforts to strengthen national sovereignty and secure the borders from external threats.,,,Tier2,LLM_Generated,,,,,,,,,Tier2,0.0,0.3,0.12,REVIEW,5.0,5.0,5.0,1.0,1.0
T2_EVAL_0362,TIER2_Meaning_Shift_35601262,Meaning Shift,التشريعات,اللوائح,أشار التقرير إلى أهمية مراجعة التشريعات المتعلقة بحماية اللاجئين لضمان توافقها مع المعايير الدولية وضمان حقوق الإنسان.,أشار التقرير إلى أهمية مراجعة اللوائح المتعلقة بحماية اللاجئين لضمان توافقها مع المعايير الدولية وضمان حقوق الإنسان.,The report highlighted the importance of reviewing legislation related to refugee protection to ensure compliance with international standards and human rights.,,,Tier2,LLM_Generated,,,,,,,,,Tier2,0.0,0.3,0.12,REVIEW,4.0,4.0,5.0,1.0,1.0
T2_EVAL_0363,TIER2_Active_to_Passive_Voice_95b99c34,Active to Passive Voice,أجرى المندوب,تم إجراء المندوب,اعتمد المجلس قرارًا جديدًا بعد أن أجرى المندوب المشاورات اللازمة مع الأطراف المعنية.,اعتمد المجلس قرارًا جديدًا بعد أن تم إجراء المندوب المشاورات اللازمة مع الأطراف المعنية.,The council adopted a new resolution after the delegate conducted the necessary consultations with the concerned parties.,,,Tier2,LLM_Generated,,,,,,,,,Tier2,0.0,0.3,0.12,REVIEW,1.0,1.0,2.0,1.0,0.0
T2_EVAL_0364,TIER2_Terminology_Substitution_7a61fdc4,Terminology Substitution,القوات الأمنية,القوات العسكرية,حثت اللجنة على تعزيز التعاون بين القوات الأمنية في المنطقة لتعزيز الاستقرار وحفظ السلام.,حثت اللجنة على تعزيز التعاون بين القوات العسكرية في المنطقة لتعزيز الاستقرار وحفظ السلام.,The committee urged enhancing cooperation between the security forces in the region to promote stability and maintain peace.,,,Tier2,LLM_Generated,,,,,,,,,Tier2,0.0,0.3,0.12,REVIEW,5.0,5.0,5.0,1.0,1.0
T2_EVAL_0365,TIER2_Wrong_Structure_e7a2964a,Wrong Structure,الممثل الخاص للأمين العام في بعثة الأمم المتحدة لدعم اتفاق الحديدة,المبعوث الخاص للأمين العام في بعثة الأمم المتحدة لدعم اتفاق الحديدة,رحب الممثل الخاص للأمين العام في بعثة الأمم المتحدة لدعم اتفاق الحديدة بالتقدم المحرز في تنفيذ بنود الاتفاق.,رحب المبعوث الخاص للأمين العام في بعثة الأمم المتحدة لدعم اتفاق الحديدة بالتقدم المحرز في تنفيذ بنود الاتفاق.,The Special Representative of the Secretary-General in the United Nations Mission to Support the Hodeidah Agreement welcomed the progress made in implementing the terms of the agreement.,,,Tier2,LLM_Generated,,,,,,,,,Tier2,0.0,0.3,0.12,REVIEW,2.0,2.0,5.0,1.0,0.0
T2_EVAL_0366,TIER2_Tanween_Omission_9fae9a93,Tanween Omission,أخيراً,أخيرا,قرر المجلس أخيراً اعتماد القرار الذي يهدف إلى تعزيز الاستقرار والسلام في المنطقة المتأثرة بالنزاعات.,قرر المجلس أخيرا اعتماد القرار الذي يهدف إلى تعزيز الاستقرار والسلام في المنطقة المتأثرة بالنزاعات.,The council finally decided to adopt the resolution aimed at enhancing stability and peace in the conflict-affected area.,,,Tier2,LLM_Generated,,,,,,,,,Tier2,0.0,0.3,0.12,REVIEW,5.0,5.0,5.0,1.0,1.0
T2_EVAL_0367,TIER2_Passive_to_Active_Voice_6e1fb0eb,Passive to Active Voice,نُفذت,تم تنفيذ,قرر المجلس أن العمليات الإنسانية في المنطقة نُفذت بنجاح وفقاً للمعايير الدولية.,قرر المجلس أن العمليات الإنسانية في المنطقة تم تنفيذها بنجاح وفقاً للمعايير الدولية.,The council decided that the humanitarian operations in the area were successfully implemented according to international standards.,,,Tier2,LLM_Generated,,,,,,,,,Tier2,0.0,0.3,0.12,REVIEW,5.0,5.0,5.0,1.0,1.0
T2_EVAL_0368,TIER2_Invalid_Pattern_6e4b75c0,Invalid Pattern,التنفيذ,الأداء,أشار التقرير إلى ضرورة تعزيز آليات التنفيذ لضمان الامتثال الكامل للبروتوكول الخاص بمكافحة التصحر.,أشار التقرير إلى ضرورة تعزيز آليات الأداء لضمان الامتثال الكامل للبروتوكول الخاص بمكافحة التصحر.,The report emphasized the need to strengthen implementation mechanisms to ensure full compliance with the protocol on combating desertification.,,,Tier2,LLM_Generated,,,,,,,,,Tier2,0.0,0.3,0.12,REVIEW,2.0,3.0,5.0,1.0,0.0
T2_EVAL_0369,TIER2_Hyponym_for_Hypernym_4d0ee2a4,Hyponym for Hypernym,العلاقات الثنائية,العلاقات الاقتصادية,دعا الأمين العام إلى تعزيز العلاقات الثنائية بين الدول الأعضاء في المنظمة لتعزيز السلم والاستقرار الإقليمي.,دعا الأمين العام إلى تعزيز العلاقات الاقتصادية بين الدول الأعضاء في المنظمة لتعزيز السلم والاستقرار الإقليمي.,The Secretary-General called for strengthening bilateral relations among member states of the organization to enhance regional peace and stability.,,,Tier2,LLM_Generated,,,,,,,,,Tier2,0.0,0.3,0.12,REVIEW,5.0,5.0,5.0,1.0,1.0
T2_EVAL_0370,TIER2_Active_to_Passive_Voice_8b52c217,Active to Passive Voice,قامت القوات بحفظ السلام,تم حفظ السلام,قرر المجلس أن قامت القوات بحفظ السلام في المنطقة المتنازع عليها بنجاح.,قرر المجلس أن تم حفظ السلام في المنطقة المتنازع عليها بنجاح.,The council decided that peacekeeping in the disputed area was successfully carried out by the forces.,,,Tier2,LLM_Generated,,,,,,,,,Tier2,0.0,0.3,0.12,REVIEW,5.0,5.0,5.0,1.0,1.0
T2_EVAL_0371,TIER2_Spelling_Error_490d61ce,Spelling Error,الاقتصادية,الاقتصاديه,تؤكد اللجنة أن الإصلاحات الاقتصادية ضرورية لتحقيق الاستقرار في الدولة بعد النزاع.,تؤكد اللجنة أن الإصلاحات الاقتصاديه ضرورية لتحقيق الاستقرار في الدولة بعد النزاع.,The committee affirms that economic reforms are necessary to achieve stability in the state after the conflict.,,,Tier2,LLM_Generated,,,,,,,,,Tier2,0.0,0.3,0.12,REVIEW,5.0,5.0,5.0,1.0,1.0
T2_EVAL_0372,TIER2_Active_to_Passive_Voice_a2febf50,Active to Passive Voice,وقعت المعاهدة,تم توقيع المعاهدة,ورحب المجلس بالجهود الدبلوماسية التي وقعت المعاهدة بين الدولتين المتنازعتين.,ورحب المجلس بالجهود الدبلوماسية التي تم توقيع المعاهدة بين الدولتين المتنازعتين.,The council welcomed the diplomatic efforts that signed the treaty between the two disputing countries.,,,Tier2,LLM_Generated,,,,,,,,,Tier2,0.0,0.3,0.12,REVIEW,5.0,5.0,5.0,1.0,1.0
T2_EVAL_0373,TIER2_Progressive_to_Perfective_6f887b31,Progressive to Perfective,تواصل الأمانة العامة متابعة,تابعت الأمانة العامة,ناشدت الأمم المتحدة جميع الأطراف التعاون بينما تواصل الأمانة العامة متابعة التطورات المتعلقة بالأمن في المنطقة.,ناشدت الأمم المتحدة جميع الأطراف التعاون بينما تابعت الأمانة العامة التطورات المتعلقة بالأمن في المنطقة.,The United Nations urged all parties to cooperate as the Secretariat continues to monitor developments related to security in the region.,,,Tier2,LLM_Generated,,,,,,,,,Tier2,0.0,0.3,0.12,REVIEW,5.0,5.0,5.0,1.0,1.0
T2_EVAL_0374,TIER2_Partial_Translation_dcfd277b,Partial Translation,التنسيق الأمني الإقليمي,[OMITTED],وشدد مجلس الأمن على أهمية التنسيق الأمني الإقليمي لمواجهة التهديدات العابرة للحدود وتعزيز الاستقرار في المنطقة.,وشدد مجلس الأمن على أهمية مواجهة التهديدات العابرة للحدود وتعزيز الاستقرار في المنطقة.,The Security Council stressed the importance of regional security coordination to address cross-border threats and enhance stability in the region.,,,Tier2,LLM_Generated,,,,,,,,,Tier2,0.0,0.3,0.12,REVIEW,5.0,5.0,5.0,1.0,1.0
T2_EVAL_0375,TIER2_Adjective_to_Noun_1f225559,Adjective to Noun,الطارئة,الطوارئ,وإذ يؤكد المجلس على الحاجة إلى المساعدات الطارئة للأسر المتضررة من النزاع.,وإذ يؤكد المجلس على الحاجة إلى المساعدات الطوارئ للأسر المتضررة من النزاع.,The Council emphasizes the need for emergency assistance for families affected by the conflict.,,,Tier2,LLM_Generated,,,,,,,,,Tier2,0.0,0.3,0.12,REVIEW,5.0,5.0,5.0,1.0,1.0
T2_EVAL_0376,TIER2_Partial_Translation_8b1cf4f8,Partial Translation,الاتفاق الإطاري للتعاون الدبلوماسي,الاتفاق الإطاري,قرر مجلس الأمن تعزيز الاتفاق الإطاري للتعاون الدبلوماسي بين الدول الأعضاء لضمان السلام والاستقرار في المنطقة.,قرر مجلس الأمن تعزيز الاتفاق الإطاري بين الدول الأعضاء لضمان السلام والاستقرار في المنطقة.,The Security Council decided to strengthen the framework agreement for diplomatic cooperation among member states to ensure peace and stability in the region.,,,Tier2,LLM_Generated,,,,,,,,,Tier2,0.0,0.3,0.12,REVIEW,5.0,5.0,5.0,1.0,1.0
T2_EVAL_0377,TIER2_Gender_Disagreement_5b0e9fa8,Gender Disagreement,البحث,الباحثة,اعتمد المجلس القرار بعد البحث في عدة قضايا تتعلق بالسلام والأمن في المنطقة.,اعتمد المجلس القرار بعد الباحثة في عدة قضايا تتعلق بالسلام والأمن في المنطقة.,The Council adopted the resolution after the discussion on several issues related to peace and security in the region.,,,Tier2,LLM_Generated,,,,,,,,,Tier2,0.0,0.3,0.12,REVIEW,1.0,5.0,2.0,1.0,0.0
T2_EVAL_0378,TIER2_Gender_Disagreement_f59b7b55,Gender Disagreement,جهودها,جهوده,ناشد المجلس الدول الأعضاء تعزيز جهودها في حفظ السلام، وضمان تعاونها الكامل مع القوات العسكرية لتحقيق الاستقرار في المناطق المتأثرة بالنزاع.,ناشد المجلس الدول الأعضاء تعزيز جهوده في حفظ السلام، وضمان تعاونها الكامل مع القوات العسكرية لتحقيق الاستقرار في المناطق المتأثرة بالنزاع.,The council urged member states to enhance their efforts in peacekeeping and ensure full cooperation with military forces to stabilize conflict-affected areas.,,,Tier2,LLM_Generated,,,,,,,,,Tier2,0.0,0.3,0.12,REVIEW,5.0,5.0,5.0,1.0,1.0
T2_EVAL_0379,TIER2_Invalid_Pattern_8a593e88,Invalid Pattern,التحريات,تحريات,يقرر أن تتخذ الدول الأعضاء جميع التدابير اللازمة لتعزيز التحريات المتعلقة بنزع السلاح ومنع انتشار الأسلحة النووية.,يقرر أن تتخذ الدول الأعضاء جميع التدابير اللازمة لتعزيز تحريات المتعلقة بنزع السلاح ومنع انتشار الأسلحة النووية.,Decides that Member States shall take all necessary measures to enhance inquiries related to disarmament and the prevention of nuclear weapons proliferation.,,,Tier2,LLM_Generated,,,,,,,,,Tier2,0.0,0.3,0.12,REVIEW,5.0,5.0,4.0,1.0,1.0
T2_EVAL_0380,TIER2_Gender_Disagreement_73e6e938,Gender Disagreement,استراتيجيتها,استراتيجيته,وشددت اللجنة على ضرورة مراجعة استراتيجيتها لتحقيق السلام والأمن والاستقرار في المنطقة.,وشددت اللجنة على ضرورة مراجعة استراتيجيته لتحقيق السلام والأمن والاستقرار في المنطقة.,"The committee stressed the need to review its strategy to achieve peace, security, and stability in the region.",,,Tier2,LLM_Generated,,,,,,,,,Tier2,0.0,0.3,0.12,REVIEW,5.0,5.0,5.0,1.0,1.0
T2_EVAL_0381,TIER2_Tanween_Omission_0fa63ad6,Tanween Omission,ثانياً,ثانيا,ناشدت اللجنة الدول الأعضاء بتقديم الدعم اللازم للمساعدات الإنسانية في المنطقة المتضررة. ثانياً، تشجيع التعاون الإقليمي لتعزيز الحماية.,ناشدت اللجنة الدول الأعضاء بتقديم الدعم اللازم للمساعدات الإنسانية في المنطقة المتضررة. ثانيا، تشجيع التعاون الإقليمي لتعزيز الحماية.,"The committee urged member states to provide necessary support for humanitarian aid in the affected area. Secondly, encouraging regional cooperation to enhance protection.",,,Tier2,LLM_Generated,,,,,,,,,Tier2,0.0,0.3,0.12,REVIEW,5.0,5.0,5.0,1.0,1.0
T2_EVAL_0382,TIER2_Name_Entity_Error_e82d8354,Name Entity Error,جنيف,دافوس,ناشد الأمين العام الأمم المتحدة بحماية العمل الإنساني في جنيف ودعم جهود الوساطة لحل النزاعات.,ناشد الأمين العام الأمم المتحدة بحماية العمل الإنساني في دافوس ودعم جهود الوساطة لحل النزاعات.,The Secretary-General urged the United Nations to safeguard humanitarian work in Geneva and support mediation efforts to resolve conflicts.,,,Tier2,LLM_Generated,,,,,,,,,Tier2,0.0,0.3,0.12,REVIEW,5.0,5.0,5.0,1.0,1.0
T2_EVAL_0383,TIER2_Partial_Translation_84ef4209,Partial Translation,العملية الدبلوماسية متعددة الأطراف,[OMITTED],رحب المجتمع الدولي بالعملية الدبلوماسية متعددة الأطراف لتعزيز الحوار بين الدول من أجل السلام والأمن.,رحب المجتمع الدولي لتعزيز الحوار بين الدول من أجل السلام والأمن.,The international community welcomed the multilateral diplomatic process to promote dialogue between nations for peace and security.,,,Tier2,LLM_Generated,,,,,,,,,Tier2,0.0,0.3,0.12,REVIEW,5.0,5.0,5.0,1.0,1.0
T2_EVAL_0384,TIER2_Noun_to_Adjective_3fa73687,Noun to Adjective,المعاهدة,المعاهدي,يحث الأمين العام جميع الدول على التصديق على المعاهدة لتعزيز التعاون الدولي في مكافحة الجريمة المنظمة.,يحث الأمين العام جميع الدول على التصديق على المعاهدي لتعزيز التعاون الدولي في مكافحة الجريمة المنظمة.,The Secretary-General urges all states to ratify the treaty to enhance international cooperation in combating organized crime.,,,Tier2,LLM_Generated,,,,,,,,,Tier2,0.0,0.3,0.12,REVIEW,5.0,5.0,2.0,1.0,0.0
T2_EVAL_0385,TIER2_Progressive_to_Perfective_1e66b593,Progressive to Perfective,كانت تسعى لتعزيز,سعت لتعزيز,قرر المجلس أن المنظمة كانت تسعى لتعزيز الاستقرار والسلام في المنطقة من خلال الحوار والتعاون المستمرين بين الدول الأعضاء.,قرر المجلس أن المنظمة سعت لتعزيز الاستقرار والسلام في المنطقة من خلال الحوار والتعاون المستمرين بين الدول الأعضاء.,The council decided that the organization was seeking to enhance stability and peace in the region through ongoing dialogue and cooperation between member states.,,,Tier2,LLM_Generated,,,,,,,,,Tier2,0.0,0.3,0.12,REVIEW,5.0,5.0,5.0,1.0,1.0
T2_EVAL_0386,TIER2_Tense_Shift_Under_Negation_faa63f9a,Tense Shift Under Negation,لم تعد,لا تزال,لاحظ المجلس أن المحادثات لم تعد تحقق التقدم المرجو، مما يستدعي إعادة تقييم الاستراتيجية المتبعة لتحقيق الأهداف المنشودة.,لاحظ المجلس أن المحادثات لا تزال تحقق التقدم المرجو، مما يستدعي إعادة تقييم الاستراتيجية المتبعة لتحقيق الأهداف المنشودة.,"The council noted that the talks no longer achieve the desired progress, necessitating a reassessment of the strategy to achieve the intended objectives.",,,Tier2,LLM_Generated,,,,,,,,,Tier2,0.0,0.3,0.12,REVIEW,5.0,5.0,5.0,1.0,1.0
T2_EVAL_0387,TIER2_Total_Omission_4066cd97,Total Omission,التعاون الإقليمي,[OMITTED],وأعاد المجلس التأكيد على أهمية التعاون الإقليمي في تعزيز السلام والأمن في المنطقة.,وأعاد المجلس التأكيد على أهمية تعزيز السلام والأمن في المنطقة.,The Council reiterated the importance of regional cooperation in promoting peace and security in the region.,,,Tier2,LLM_Generated,,,,,,,,,Tier2,0.0,0.3,0.12,REVIEW,5.0,5.0,5.0,1.0,1.0
T2_EVAL_0388,TIER2_Active_to_Passive_Voice_6a76d562,Active to Passive Voice,أصدرت التقرير,تم إصدار التقرير,أعلن المكتب الإنساني أنه أصدرت التقرير عن أوضاع النازحين وحقوق الإنسان في المنطقة.,أعلن المكتب الإنساني أنه تم إصدار التقرير عن أوضاع النازحين وحقوق الإنسان في المنطقة.,The humanitarian office announced that the report on the situation of displaced persons and human rights in the region was issued.,,,Tier2,LLM_Generated,,,,,,,,,Tier2,0.0,0.3,0.12,REVIEW,5.0,5.0,5.0,1.0,1.0
T2_EVAL_0389,TIER2_Tanween_Omission_c248b50f,Tanween Omission,دوليًا,دوليا,دعا الأمين العام إلى تكثيف الجهود لتحقيق المصالحة في المنطقة، مشددًا على أهمية العمل دوليًا للتغلب على الصراع المستمر.,دعا الأمين العام إلى تكثيف الجهود لتحقيق المصالحة في المنطقة، مشددًا على أهمية العمل دوليا للتغلب على الصراع المستمر.,"The Secretary-General called for intensified efforts to achieve reconciliation in the region, emphasizing the importance of working internationally to overcome the ongoing conflict.",,,Tier2,LLM_Generated,,,,,,,,,Tier2,0.0,0.3,0.12,REVIEW,5.0,5.0,5.0,1.0,1.0
T2_EVAL_0390,TIER2_Wrong_Structure_e1c181d8,Wrong Structure,حماية الأمن الإقليمي,الأمن الإقليمي,دعا المجلس إلى تعزيز التعاون الدولي من أجل حماية الأمن الإقليمي وتحقيق الاستقرار في المناطق المتأثرة بالنزاعات.,دعا المجلس إلى تعزيز التعاون الدولي من أجل الأمن الإقليمي وتحقيق الاستقرار في المناطق المتأثرة بالنزاعات.,The Council called for strengthening international cooperation to protect regional security and achieve stability in conflict-affected areas.,,,Tier2,LLM_Generated,,,,,,,,,Tier2,0.0,0.3,0.12,REVIEW,5.0,5.0,5.0,1.0,1.0
T2_EVAL_0391,TIER2_Definiteness_Shift_382a5e00,Definiteness Shift,علاقات ثنائية,العلاقات الثنائية,أكدت اللجنة أهمية تعزيز علاقات ثنائية قوية بين الدول الأعضاء للحفاظ على الاستقرار الإقليمي.,أكدت اللجنة أهمية تعزيز العلاقات الثنائية القوية بين الدول الأعضاء للحفاظ على الاستقرار الإقليمي.,The committee emphasized the importance of strengthening strong bilateral relations among member states to maintain regional stability.,,,Tier2,LLM_Generated,,,,,,,,,Tier2,0.0,0.3,0.12,REVIEW,5.0,5.0,5.0,1.0,1.0
T2_EVAL_0392,TIER2_Register_Mismatch_7a36acda,Register Mismatch,التنسيق اللازم,التنسيق المطلوب,وإذ يؤكد المجلس على أهمية تعزيز التنسيق اللازم بين الوكالات الإنسانية لتقديم المساعدات للمتضررين من الأزمة السورية.,وإذ يؤكد المجلس على أهمية تعزيز التنسيق المطلوب بين الوكالات الإنسانية لتقديم المساعدات للمتضررين من الأزمة السورية.,The Council reaffirms the importance of enhancing the necessary coordination between humanitarian agencies to deliver aid to those affected by the Syrian crisis.,,,Tier2,LLM_Generated,,,,,,,,,Tier2,0.0,0.3,0.12,REVIEW,4.0,3.0,5.0,1.0,1.0
T2_EVAL_0393,TIER2_Wrong_Word_Order_925f263e,Wrong Word Order,التفتيش الدولي الشامل,الشامل التفتيش الدولي,وأعاد المجلس التأكيد على أهمية التفتيش الدولي الشامل لضمان الامتثال للاتفاقيات الدولية المتعلقة بنزع السلاح النووي.,وأعاد المجلس التأكيد على أهمية الشامل التفتيش الدولي لضمان الامتثال للاتفاقيات الدولية المتعلقة بنزع السلاح النووي.,The Council reaffirmed the importance of comprehensive international inspection to ensure compliance with international agreements on nuclear disarmament.,,,Tier2,LLM_Generated,,,,,,,,,Tier2,0.0,0.3,0.12,REVIEW,5.0,5.0,4.0,1.0,1.0
T2_EVAL_0394,TIER2_Noun_to_Adjective_400a593f,Noun to Adjective,التشريد,المشردة,أوصى التقرير بضرورة تعزيز الجهود الدولية لمواجهة التشريد الناتج عن النزاعات المسلحة والكوارث الطبيعية.,أوصى التقرير بضرورة تعزيز الجهود الدولية لمواجهة المشردة الناتج عن النزاعات المسلحة والكوارث الطبيعية.,The report recommended strengthening international efforts to address displacement caused by armed conflicts and natural disasters.,,,Tier2,LLM_Generated,,,,,,,,,Tier2,0.0,0.3,0.12,REVIEW,5.0,5.0,2.0,1.0,0.0
T2_EVAL_0395,TIER2_Tense_Shift_Under_Negation_6361033f,Tense Shift Under Negation,لا يتم تجاهل,لن يتم تجاهل,قرر المجلس أن لا يتم تجاهل المخاوف الأمنية المتعلقة بالاستقرار الإقليمي وأن يتم التعامل معها بشكل سريع وحاسم.,قرر المجلس أن لن يتم تجاهل المخاوف الأمنية المتعلقة بالاستقرار الإقليمي وأن يتم التعامل معها بشكل سريع وحاسم.,The council decided that security concerns related to regional stability should not be ignored and should be addressed swiftly and decisively.,,,Tier2,LLM_Generated,,,,,,,,,Tier2,0.0,0.3,0.12,REVIEW,5.0,5.0,5.0,1.0,1.0
T2_EVAL_0396,TIER2_Active_to_Passive_Voice_5a404f7c,Active to Passive Voice,فرضت الحظر,فُرِض الحظر,اعتمدت اللجنة قرارًا حيث فرضت الحظر على الواردات لحماية الصناعة المحلية.,اعتمدت اللجنة قرارًا حيث فُرِض الحظر على الواردات لحماية الصناعة المحلية.,The committee adopted a resolution imposing a ban on imports to protect local industry.,,,Tier2,LLM_Generated,,,,,,,,,Tier2,0.0,0.3,0.12,REVIEW,5.0,5.0,5.0,1.0,1.0
T2_EVAL_0397,TIER2_Hyponym_for_Hypernym_756edfb8,Hyponym for Hypernym,مواطنين,مدنيين,أعرب المجلس عن قلقه إزاء تزايد العنف وتأثيره على المواطنين الأبرياء، داعياً إلى اتخاذ تدابير فورية لضمان السلام والأمن.,أعرب المجلس عن قلقه إزاء تزايد العنف وتأثيره على المدنيين الأبرياء، داعياً إلى اتخاذ تدابير فورية لضمان السلام والأمن.,"The council expressed its concern about the increasing violence and its impact on innocent civilians, calling for immediate measures to ensure peace and security.",,,Tier2,LLM_Generated,,,,,,,,,Tier2,0.0,0.3,0.12,REVIEW,5.0,5.0,5.0,1.0,1.0
T2_EVAL_0398,TIER2_Hypernym_for_Hyponym_e6c372f5,Hypernym for Hyponym,القرار,التوجيه,وشدد الأمين العام على أهمية تنفيذ القرار الذي اتخذته الجمعية العامة لتعزيز السلام والأمن في المنطقة.,وشدد الأمين العام على أهمية تنفيذ التوجيه الذي اتخذته الجمعية العامة لتعزيز السلام والأمن في المنطقة.,The Secretary-General emphasized the importance of implementing the directive adopted by the General Assembly to enhance peace and security in the region.,,,Tier2,LLM_Generated,,,,,,,,,Tier2,0.0,0.3,0.12,REVIEW,5.0,5.0,5.0,1.0,1.0
T2_EVAL_0399,TIER2_Hyponym_for_Hypernym_b97e81aa,Hyponym for Hypernym,الأسلحة التقليدية,الأسلحة الخفيفة,حث الأمين العام الدول الأعضاء على تعزيز جهودها في مراقبة انتشار الأسلحة التقليدية في المناطق المتضررة من النزاعات.,حث الأمين العام الدول الأعضاء على تعزيز جهودها في مراقبة انتشار الأسلحة الخفيفة في المناطق المتضررة من النزاعات.,The Secretary-General urged Member States to strengthen their efforts in monitoring the proliferation of conventional weapons in conflict-affected areas.,,,Tier2,LLM_Generated,,,,,,,,,Tier2,0.0,0.3,0.12,REVIEW,5.0,5.0,5.0,1.0,1.0
T2_EVAL_0400,TIER2_Adjective_to_Noun_6a7eaabd,Adjective to Noun,الدولية,الدول,واستذكر المجلس أهمية التعاون الدولية في حفظ السلام وتعزيز الأمن في المنطقة.,واستذكر المجلس أهمية التعاون الدول في حفظ السلام وتعزيز الأمن في المنطقة.,The Council recalled the importance of international cooperation in maintaining peace and enhancing security in the region.,,,Tier2,LLM_Generated,,,,,,,,,Tier2,0.0,0.3,0.12,REVIEW,5.0,5.0,4.0,1.0,1.0
T2_EVAL_0401,TIER2_Literal_Translation_1b52258e,Literal Translation,معركة قانونية,نزاع قانوني,أشار المحامي إلى أن الشركة قد تخوض معركة قانونية طويلة بسبب قرار المحكمة الأخير.,أشار المحامي إلى أن الشركة قد تخوض نزاع قانوني طويل بسبب قرار المحكمة الأخير.,The lawyer indicated that the company might engage in a long legal battle due to the recent court decision.,,,Tier2,LLM_Generated,,,,,,,,,Tier2,0.0,0.3,0.12,REVIEW,5.0,5.0,4.0,1.0,1.0
T2_EVAL_0402,TIER2_Adjective_to_Noun_0c2a318f,Adjective to Noun,المدنية,المدني,أعرب المجلس عن دعمه الكامل للجهود المبذولة لتحقيق المصالحة الوطنية عبر الوسائل المدنية.,أعرب المجلس عن دعمه الكامل للجهود المبذولة لتحقيق المصالحة الوطنية عبر الوسائل المدني.,The council expressed its full support for efforts to achieve national reconciliation through civil means.,,,Tier2,LLM_Generated,,,,,,,,,Tier2,0.0,0.3,0.12,REVIEW,5.0,5.0,4.0,1.0,1.0
T2_EVAL_0403,TIER2_Terminology_Substitution_8ee4ccf2,Terminology Substitution,الأسلحة النووية,الأسلحة التقليدية,وأعاد المجلس تأكيد التزامه بالعمل على منع انتشار الأسلحة النووية في المنطقة.,وأعاد المجلس تأكيد التزامه بالعمل على منع انتشار الأسلحة التقليدية في المنطقة.,The council reaffirmed its commitment to working on preventing the proliferation of nuclear weapons in the region.,,,Tier2,LLM_Generated,,,,,,,,,Tier2,0.0,0.3,0.12,REVIEW,5.0,5.0,5.0,1.0,1.0
T2_EVAL_0404,TIER2_Passive_to_Active_Voice_261fbae2,Passive to Active Voice,أرسلت,تم إرسال,ناشدت اللجنة الدولية الأمم المتحدة بخصوص المساعدات الإنسانية التي أرسلت إلى اللاجئين في المنطقة المنكوبة.,ناشدت اللجنة الدولية الأمم المتحدة بخصوص المساعدات الإنسانية التي تم إرسالها إلى اللاجئين في المنطقة المنكوبة.,The International Committee urged the United Nations regarding the humanitarian aid that was sent to the refugees in the affected area.,,,Tier2,LLM_Generated,,,,,,,,,Tier2,0.0,0.3,0.12,REVIEW,1.0,1.0,5.0,1.0,0.0
T2_EVAL_0405,TIER2_Perfective_to_Progressive_f2d43a28,Perfective to Progressive,استفاد,يستفيد,وشدد التقرير على أن المجتمع الدولي استفاد من الجهود المشتركة لتحقيق الاستقرار في المنطقة.,وشدد التقرير على أن المجتمع الدولي يستفيد من الجهود المشتركة لتحقيق الاستقرار في المنطقة.,The report emphasized that the international community benefited from joint efforts to achieve stability in the region.,,,Tier2,LLM_Generated,,,,,,,,,Tier2,0.0,0.3,0.12,REVIEW,5.0,5.0,5.0,1.0,1.0
T2_EVAL_0406,TIER2_Hypernym_for_Hyponym_4bc67a05,Hypernym for Hyponym,اللاجئين,المهاجرين,أعرب الأمين العام عن قلقه البالغ إزاء وضع اللاجئين في ظل الأزمة الإنسانية المتفاقمة في المنطقة.,أعرب الأمين العام عن قلقه البالغ إزاء وضع المهاجرين في ظل الأزمة الإنسانية المتفاقمة في المنطقة.,The Secretary-General expressed his deep concern regarding the situation of refugees amid the worsening humanitarian crisis in the region.,,,Tier2,LLM_Generated,,,,,,,,,Tier2,0.0,0.3,0.12,REVIEW,5.0,5.0,5.0,1.0,1.0
T2_EVAL_0407,TIER2_Invalid_Pattern_926a36ba,Invalid Pattern,الضغوط,الضغط,يقرر أن تبقى الأمانة العامة على اطلاع دائم بالأوضاع الاقتصادية في الدول المتضررة، وتزويدها بالتوصيات المناسبة لتخفيف الضغوط الاقتصادية وتعزيز الاستقرار.,يقرر أن تبقى الأمانة العامة على اطلاع دائم بالأوضاع الاقتصادية في الدول المتضررة، وتزويدها بالتوصيات المناسبة لتخفيف الضغط الاقتصادي وتعزيز الاستقرار.,It is decided that the Secretariat should remain constantly informed of the economic conditions in affected states and provide suitable recommendations to alleviate economic pressures and enhance stability.,,,Tier2,LLM_Generated,,,,,,,,,Tier2,0.0,0.3,0.12,REVIEW,5.0,5.0,5.0,1.0,1.0
T2_EVAL_0408,TIER2_Total_Omission_2e549a1a,Total Omission,الإجراءات الدبلوماسية,[OMITTED],حث الأمين العام الدول الأعضاء على مواصلة الإجراءات الدبلوماسية لتعزيز السلم والاستقرار في المنطقة.,حث الأمين العام الدول الأعضاء على مواصلة لتعزيز السلم والاستقرار في المنطقة.,The Secretary-General urged member states to continue diplomatic measures to promote peace and stability in the region.,,,Tier2,LLM_Generated,,,,,,,,,Tier2,0.0,0.3,0.12,REVIEW,5.0,5.0,4.0,1.0,1.0
T2_EVAL_0409,TIER2_Gender_Disagreement_59c64329,Gender Disagreement,الأزمة,الأزمات,طالب مجلس الأمن باتخاذ تدابير عاجلة لمعالجة الأزمة الإنسانية المتفاقمة في المنطقة والتي تهدد الاستقرار الإقليمي.,طالب مجلس الأمن باتخاذ تدابير عاجلة لمعالجة الأزمات الإنسانية المتفاقمة في المنطقة والتي تهدد الاستقرار الإقليمي.,"The Security Council called for urgent measures to address the escalating humanitarian crisis in the region, which threatens regional stability.",,,Tier2,LLM_Generated,,,,,,,,,Tier2,0.0,0.3,0.12,REVIEW,1.0,1.0,5.0,1.0,0.0
T2_EVAL_0410,TIER2_Name_Entity_Error_9c49e596,Name Entity Error,الهلال الأحمر العربي السوري,الصليب الأحمر العربي السوري,أعربت اللجنة الدولية عن تقديرها للدور الكبير الذي يقوم به الهلال الأحمر العربي السوري في تقديم المساعدات للاجئين.,أعربت اللجنة الدولية عن تقديرها للدور الكبير الذي يقوم به الصليب الأحمر العربي السوري في تقديم المساعدات للاجئين.,The International Committee expressed its appreciation for the significant role played by the Syrian Arab Red Crescent in providing aid to refugees.,,,Tier2,LLM_Generated,,,,,,,,,Tier2,0.0,0.3,0.12,REVIEW,5.0,5.0,5.0,1.0,1.0
T2_EVAL_0411,TIER2_Literal_Translation_a88f6468,Literal Translation,تحت المجهر,محط أنظار,وأعاد التقرير التأكيد أن الوضع الأمني في المنطقة تحت المجهر من قبل مجلس الأمن الدولي.,وأعاد التقرير التأكيد أن الوضع الأمني في المنطقة محط أنظار من قبل مجلس الأمن الدولي.,The report reaffirmed that the security situation in the region is under scrutiny by the UN Security Council.,,,Tier2,LLM_Generated,,,,,,,,,Tier2,0.0,0.3,0.12,REVIEW,5.0,5.0,5.0,1.0,1.0
T2_EVAL_0412,TIER2_Wrong_Structure_d28d9530,Wrong Structure,التعاون بين القوات المسلحة,التنسيق بين القوات العسكرية,يدعو الأمين العام إلى تعزيز التعاون بين القوات المسلحة في المنطقة لضمان الاستقرار والسلام.,يدعو الأمين العام إلى تعزيز التنسيق بين القوات العسكرية في المنطقة لضمان الاستقرار والسلام.,The Secretary-General calls for enhanced cooperation between the armed forces in the region to ensure stability and peace.,,,Tier2,LLM_Generated,,,,,,,,,Tier2,0.0,0.3,0.12,REVIEW,1.0,1.0,5.0,1.0,0.0
T2_EVAL_0413,TIER2_Noun_to_Adjective_10a6a275,Noun to Adjective,التهريب,تهريبية,رحب المجلس بالجهود الدولية لمكافحة التهريب عبر الحدود وتعزيز التعاون الأمني بين الدول الأعضاء.,رحب المجلس بالجهود الدولية لمكافحة تهريبية عبر الحدود وتعزيز التعاون الأمني بين الدول الأعضاء.,The Council welcomed international efforts to combat smuggling across borders and enhance security cooperation among member states.,,,Tier2,LLM_Generated,,,,,,,,,Tier2,0.0,0.3,0.12,REVIEW,5.0,5.0,4.0,1.0,1.0
T2_EVAL_0414,TIER2_Literal_Translation_6b01eba7,Literal Translation,دق ناقوس الخطر,رن جرس الإنذار,يدعو الأمين العام إلى دق ناقوس الخطر بشأن استمرار الحظر المفروض على الأسلحة في المنطقة.,يدعو الأمين العام إلى رن جرس الإنذار بشأن استمرار الحظر المفروض على الأسلحة في المنطقة.,The Secretary-General calls to sound the alarm about the continued arms embargo in the region.,,,Tier2,LLM_Generated,,,,,,,,,Tier2,0.0,0.3,0.12,REVIEW,5.0,5.0,4.0,1.0,1.0
