Sentence_ID,Sub-Subtype,Keyword,Best_Match,ar,mt_output,en,severity_score,severity_level,label_id,passed,reject_reason,csr,ocs,sfr,cps,mpqs,mpqs_mode,regime,quality_tier,flags,ocs_failed_constraints,cps_threshold,sfr_threshold_min,sfr_threshold_max,kw_count_clean_tok,kw_count_error_tok,bm_count_error_tok,ocs_norm_level,kw_norm,bm_norm,ocs_rescued_by,ocs_match_rule_kw,ocs_match_rule_bm,domain
WMT_0002,Terminology Substitution,سنة,عام,"ناس بتعوم في حمام السباحة من سنة 2022 هو واحد من أعمال فيسنتي سيسو اللي هتتعرض في معرض ""تيرا ديل سول"" اللي هيبدأ يوم 13 يناير. (الصورة من فيسنتي سيسو)",يسبح الناس في حمام السباحة من عام 2022 هي إحدى أعمال فيسنتي سيسو الفنية التي ستُعرض في معرض Tierra del Sol الذي سيبدأ يوم 13 يناير. (الصورة لفيسنتي سيسو),"""People Swimming in the Swimming Pool"" from 2022 is one Vicente Siso artwork that will display at Tierra del Sol Gallery beginning Jan. 13. (photo courtesy of Vicente Siso)",1,Minor,4,True,,0.7058823529411764,1.0,0.9027992486953736,0.72,1.0,diagnostic,F,A,,,0.55,0.68,1.0,1,0,1,light,سنة,عام,,exact,exact,news
WMT_0007,Total Omission,بتقدم معرض,[OMITTED],"Tierra del Sol بتقدم معرض ""فيسنتي سيسو: ذكريات الأرض والمياه"" في المكان الجديد بتاعهم في ويست هوليوود. سيسو فنان كان شغال في برنامج استوديو الفنون من سنة 2012، والمعرض ده أول معرض فردي ليه.
 سيسو اتولد سنة 1962 في مدريد، وكبر ما بين فنزويلا وترينيداد وميامي، وبعد كده نقل مع أهله لجنوب كاليفورنيا وهو في أوائل العشرينات.","يقدم Tierra del Sol ""فيسنتي سيسو: ذكريات الأرض والمياه"" في الموقع الجديد للمعرض في غرب هوليوود. كان سيسو فنانًا في برنامج استديو الفنون منذ عام 2012، وشهد هذا معرضه الفردي الأول. ولد سيسو عام 1962 في مدريد وترعرع بين فينزولا وترينيداد وميامي، وانتقل مع عائلته إلى جنوب كاليفورنيا في أوائل العشرينيات من عمره.","Tierra del Sol is pleased to present ""Vicente Siso: Memories of the Land and Water"" at the new gallery location in West Hollywood. Siso has been an artist in the Studio Arts Program since 2012, this marks his debut solo exhibition. Siso was born 1962 in Madrid and raised between Venezuela, Trinidad and Miami; he moved with his family to Southern California in his early 20s.",1,Minor,1,True,,0.646875,1.0,0.9807519912719728,0.667741935483871,1.0,diagnostic,F,A,,,0.55,0.5,0.8,1,0,0,light,بتقدم معرض,[OMITTED],,exact_seq,,news
WMT_0009,Terminology Substitution,بتاعهم,للمعرض,"Tierra del Sol بتقدم معرض ""فيسنتي سيسو: ذكريات الأرض والمياه"" في المكان الجديد بتاعهم في ويست هوليوود. سيسو فنان كان شغال في برنامج استوديو الفنون من سنة 2012، والمعرض ده أول معرض فردي ليه.
 سيسو اتولد سنة 1962 في مدريد، وكبر ما بين فنزويلا وترينيداد وميامي، وبعد كده نقل مع أهله لجنوب كاليفورنيا وهو في أوائل العشرينات.","يقدم Tierra del Sol ""فيسنتي سيسو: ذكريات الأرض والمياه"" في الموقع الجديد للمعرض في غرب هوليوود. كان سيسو فنانًا في برنامج استديو الفنون منذ عام 2012، وشهد هذا معرضه الفردي الأول. ولد سيسو عام 1962 في مدريد وترعرع بين فينزولا وترينيداد وميامي، وانتقل مع عائلته إلى جنوب كاليفورنيا في أوائل العشرينيات من عمره.","Tierra del Sol is pleased to present ""Vicente Siso: Memories of the Land and Water"" at the new gallery location in West Hollywood. Siso has been an artist in the Studio Arts Program since 2012, this marks his debut solo exhibition. Siso was born 1962 in Madrid and raised between Venezuela, Trinidad and Miami; he moved with his family to Southern California in his early 20s.",1,Minor,4,True,,0.646875,1.0,0.9807519912719728,0.6560509554140128,1.0,diagnostic,F,A,,,0.55,0.68,1.0,1,0,1,light,بتاعهم,للمعرض,,exact,exact,news
WMT_0010,Terminology Substitution,ويست,غرب,"Tierra del Sol بتقدم معرض ""فيسنتي سيسو: ذكريات الأرض والمياه"" في المكان الجديد بتاعهم في ويست هوليوود. سيسو فنان كان شغال في برنامج استوديو الفنون من سنة 2012، والمعرض ده أول معرض فردي ليه.
 سيسو اتولد سنة 1962 في مدريد، وكبر ما بين فنزويلا وترينيداد وميامي، وبعد كده نقل مع أهله لجنوب كاليفورنيا وهو في أوائل العشرينات.","يقدم Tierra del Sol ""فيسنتي سيسو: ذكريات الأرض والمياه"" في الموقع الجديد للمعرض في غرب هوليوود. كان سيسو فنانًا في برنامج استديو الفنون منذ عام 2012، وشهد هذا معرضه الفردي الأول. ولد سيسو عام 1962 في مدريد وترعرع بين فينزولا وترينيداد وميامي، وانتقل مع عائلته إلى جنوب كاليفورنيا في أوائل العشرينيات من عمره.","Tierra del Sol is pleased to present ""Vicente Siso: Memories of the Land and Water"" at the new gallery location in West Hollywood. Siso has been an artist in the Studio Arts Program since 2012, this marks his debut solo exhibition. Siso was born 1962 in Madrid and raised between Venezuela, Trinidad and Miami; he moved with his family to Southern California in his early 20s.",1,Minor,4,True,,0.646875,1.0,0.9807519912719728,0.6550632911392404,1.0,diagnostic,F,A,,,0.55,0.68,1.0,1,0,1,light,ويست,غرب,,exact,exact,news
WMT_0020,Total Omission,وهو,[OMITTED],"Tierra del Sol بتقدم معرض ""فيسنتي سيسو: ذكريات الأرض والمياه"" في المكان الجديد بتاعهم في ويست هوليوود. سيسو فنان كان شغال في برنامج استوديو الفنون من سنة 2012، والمعرض ده أول معرض فردي ليه.
 سيسو اتولد سنة 1962 في مدريد، وكبر ما بين فنزويلا وترينيداد وميامي، وبعد كده نقل مع أهله لجنوب كاليفورنيا وهو في أوائل العشرينات.","يقدم Tierra del Sol ""فيسنتي سيسو: ذكريات الأرض والمياه"" في الموقع الجديد للمعرض في غرب هوليوود. كان سيسو فنانًا في برنامج استديو الفنون منذ عام 2012، وشهد هذا معرضه الفردي الأول. ولد سيسو عام 1962 في مدريد وترعرع بين فينزولا وترينيداد وميامي، وانتقل مع عائلته إلى جنوب كاليفورنيا في أوائل العشرينيات من عمره.","Tierra del Sol is pleased to present ""Vicente Siso: Memories of the Land and Water"" at the new gallery location in West Hollywood. Siso has been an artist in the Studio Arts Program since 2012, this marks his debut solo exhibition. Siso was born 1962 in Madrid and raised between Venezuela, Trinidad and Miami; he moved with his family to Southern California in his early 20s.",1,Minor,1,True,,0.646875,1.0,0.9807519912719728,0.6529968454258674,1.0,diagnostic,F,A,,,0.55,0.5,0.8,1,0,0,light,وهو,[OMITTED],,exact,,news
WMT_0029,Terminology Substitution,بنتأقلم,التكيف,بنتأقلم مع القديم ونواكب الجديد علشان نحل المشكلة,التكيف مع القديم، واستيعاب الجديد لحل المشكلة,"Adapt the old, accommodate the new to solve issue",1,Minor,4,True,,0.6122448979591837,1.0,0.8805229663848877,0.6904761904761905,1.0,diagnostic,F,A,,,0.55,0.68,1.0,1,0,1,light,بنتاقلم,التكيف,,exact,exact,news
WMT_0048,Total Omission,كمان,[OMITTED],كريس جونسون كان كبير المهندسين لحكومة نيو ساوث ويلز (1995-2005) والمدير التنفيذي لوزارة التخطيط هناك (2005-2009). كمان كان المدير التنفيذي لمنظمة العمل الحضري في أستراليا بين 2011 و2019.,كريس جونسون كبير مهندسي حكومة نيوساوث ويلز السابق (1995-2005) والمدير التنفيذي، لوزارة التخطيط في نيو ساوث ويلز (2005-2009). كان المدير التنفيذي لمنظمة العمل الحضري في استراليا بين عامي 2011 و2019.,"Chris Johnson is a former NSW government architect (1995-2005) and executive director, NSW Department of Planning (2005-2009). He was CEO of Urban Taskforce Australia between 2011 and 2019.",1,Minor,1,True,,0.7868020304568528,1.0,0.9768191576004028,0.8071065989847716,1.0,diagnostic,F,A,,,0.55,0.5,0.8,1,0,0,light,كمان,[OMITTED],,exact,,news
WMT_0057,Total Omission,بيجهز,[OMITTED],معهد التمويل الدولي بيجهز لإطلاق خطة هدفها تدي فرص اقتصادية وحقوق أكتر للبنات والستات بحلول سنة 2030. الخطة بتركز على تحسين الشمولية والمرونة، عن طريق توفير التمويل، والابتكارات التكنولوجية، وتغيير القوانين والسياسات العامة.,يستعد معهد التمويل الدولي لإطلاق استراتيجية تهدف إلى تقديم الفرص الاقتصادية والحقوق للبنات والسيدات بحلول عام 2030. تركز الخطة على تحسين الشمولية والمرونة من خلال توفير إمكانية الوصول إلى التمويل والابتكارات التكنولوجية والتغييرات في القانون والسياسة العامة.,"The international financial institution is poised to launch a strategy aimed at significantly advancing the rights and economic opportunities for girls and women by 2030. The plan focuses on improving inclusivity and resilience through access to finance, technological innovation, and changes in public policy and law.",1,Minor,1,True,,0.6472868217054264,1.0,0.9570330381393432,0.6627906976744187,1.0,diagnostic,F,A,,,0.55,0.5,0.8,1,0,0,light,بيجهز,[OMITTED],,exact,,news
WMT_0059,Terminology Substitution,سنة,عام,معهد التمويل الدولي بيجهز لإطلاق خطة هدفها تدي فرص اقتصادية وحقوق أكتر للبنات والستات بحلول سنة 2030. الخطة بتركز على تحسين الشمولية والمرونة، عن طريق توفير التمويل، والابتكارات التكنولوجية، وتغيير القوانين والسياسات العامة.,يستعد معهد التمويل الدولي لإطلاق استراتيجية تهدف إلى تقديم الفرص الاقتصادية والحقوق للبنات والسيدات بحلول عام 2030. تركز الخطة على تحسين الشمولية والمرونة من خلال توفير إمكانية الوصول إلى التمويل والابتكارات التكنولوجية والتغييرات في القانون والسياسة العامة.,"The international financial institution is poised to launch a strategy aimed at significantly advancing the rights and economic opportunities for girls and women by 2030. The plan focuses on improving inclusivity and resilience through access to finance, technological innovation, and changes in public policy and law.",1,Minor,4,True,,0.6472868217054264,1.0,0.9570330381393432,0.6549019607843137,1.0,diagnostic,F,A,,,0.55,0.68,1.0,1,0,2,light,سنة,عام,,exact,exact,news
WMT_0088,Terminology Substitution,سواقين,سائقو,سواقين القطارات والمزارعين الألمان عاملين قلق لرؤساء الشركات في ألمانيا,سائقو القطارات والمزارعون الألمان يخيفون رؤساء الأعمال في ألمانيا,German farmers and train drivers are scaring Germany's bosses,1,Minor,4,True,,0.7323943661971831,1.0,0.913870096206665,0.7692307692307692,1.0,diagnostic,F,A,,,0.55,0.68,1.0,1,0,1,light,سواقين,سائقو,,exact,exact,news
WMT_0089,Spelling Error,والمزارعين,والمزارعون,سواقين القطارات والمزارعين الألمان عاملين قلق لرؤساء الشركات في ألمانيا,سائقو القطارات والمزارعون الألمان يخيفون رؤساء الأعمال في ألمانيا,German farmers and train drivers are scaring Germany's bosses,1,Minor,21,True,,0.7323943661971831,1.0,0.913870096206665,0.7049180327868853,1.0,score,F,A,,,0.55,0.78,1.0,1,0,1,light,والمزارعين,والمزارعون,,exact,exact,news
WMT_0132,Terminology Substitution,بسبب,ضد,غضب كبير بين منتجي البيرة بسبب قرار إعفاء شركات الخمور من القواعد اللي بتحارب النفايات.,غضب في أوساط مصنعي البيرة ضد قرار إعفاء شركات الخمور من قواعد مكافحة النفايات,"Brewers froth over winemakers"" exemption from anti-waste rules",1,Minor,4,True,,0.6781609195402298,1.0,0.9268569946289062,0.7108433734939759,1.0,diagnostic,F,A,,,0.55,0.68,1.0,1,0,1,light,بسبب,ضد,,exact,exact,news
WMT_0139,Total Omission,من غير البيرة ده,[OMITTED],وحذرت شركات البيرة الأوروبية إن استثناء الخمور بس من خطط إعادة العبوات وأهداف إعادة الاستخدام من غير البيرة ده قرار ظالم وممكن يكون فيه مشكلة قانونية، خاصة مع دخول المشرعين في المناقشات النهائية لقانون جديد هدفه لإحداث تغيير كبير في نفايات التعبئة في الاتحاد الأوروبي.,وحذرت شركات إنتاج البيرة الأوروبية من أن استثناء الخمور فقط دون البيرة من مخططات إعادة العبوات وأهداف إعادة الاستخدام قرار مجحف ويمكن أن يشوبه عوار قانوني، في الوقت الذي دخل فيه المشرعون القانونيون في المحادثات النهائية بشأن قانون جديد يهدف إلى إحداث تحولاً كبيرًا في نفايات التعبئة في جميع أنحاء الاتحاد الأوروبي.,"European brewers have warned that exempting wine and not beer from deposit return schemes and reuse targets is unfair and potentially illegal, as lawmakers enter final talks over a new law designed to turn a surging tide of packaging waste across the EU.",3,Major,1,True,,0.6210191082802548,1.0,0.948621392250061,0.6719745222929936,1.0,diagnostic,F,A,,,0.55,0.5,0.8,1,0,0,light,من غير البيرة ده,[OMITTED],,exact_seq,,news
WMT_0142,Terminology Substitution,كانوا,قد,وزراء البيئة كانوا اتفقوا إنهم يحطوا ولاية تفاوضية في المجلس الأوروبي بخصوص لايحة نفايات التعبئة والتغليف (PPWR) قبل الكريسماس، وده بيفتح الطريق قدام مناقشات سياسية في البرلمان الأوروبي، واللي شغالة حاليًا بس على مستوى فني.,وكان وزراء البيئة قد اتفقوا على وضع ولاية تفاوضية في المجلس الأوروبي بشأن لائحة نفايات التغليف والتعبئة (PPWR) قبل حلول الكريسماس، وهو الأمر الذي يمهد الطريق لمحادثات سياسية وشيكة داخل البرلمان الأوروبي، والتي تجري حاليًا بالفعل ولكن على المستوى الفني.,"Environment ministers agreed an EU Council negotiating mandate on the proposed Packaging and Packaging Waste Regulation (PPWR) before Christmas, paving the way for imminent political talks with the European Parliament, which are already underway at the technical level.",1,Minor,4,True,,0.6468253968253967,1.0,0.9434429407119752,0.6639999999999999,1.0,diagnostic,F,A,,,0.55,0.68,1.0,1,0,1,light,كانوا,قد,,exact,exact,news
WMT_0153,Spelling Error,"""موقفنا واضح"" بدأت",موقفنا واضح استهلت,"تحت عنوان ""موقفنا واضح"" بدأت رابطة تجارة بيرة أوروبا خطابها للبرلمان الأوروبي والمفوضين الحكوميين يوم 10 يناير. قالت الرابطة: ""لو الأهداف والمتطلبات الإلزامية الخاصة بلايحة PPWR شغالة على منتجات البيرة، يبقى لازم تنطبق كمان على كل أنواع المشروبات الكحولية.""","وتحت عنوان موقفنا واضح استهلت رابطة التجارة بيرة أوروبا خطابها إلى البرلمان الأوروبي والمفوضين الحكوميين (10 يناير). حيث تقول الرابطة ""إذا كانت الأهداف والمتطلبات الإلزامية الخاصة بلائحة PPWR تنسحب على منتجات البيرة، فإن هناك إلزام قانوني بأن تنسحب أيضًا على جميع فئات المشروبات الكحولية.""","""Our position is clear,"" the trade association Brewers of Europe wrote to MEPs and government negotiators (10 January). ""If targets and mandatory requirements in the PPWR apply to beer then there is a legal obligation that they apply to all alcoholic beverage categories.""",1,Minor,21,True,,0.726643598615917,1.0,0.9357893466949464,0.7343173431734318,1.0,score,F,A,,,0.55,0.78,1.0,1,0,1,light,"""موقفنا واضح"" بدات",موقفنا واضح استهلت,,exact_seq,exact_seq,news
WMT_0155,Spelling Error,للبرلمان,إلى البرلمان,"تحت عنوان ""موقفنا واضح"" بدأت رابطة تجارة بيرة أوروبا خطابها للبرلمان الأوروبي والمفوضين الحكوميين يوم 10 يناير. قالت الرابطة: ""لو الأهداف والمتطلبات الإلزامية الخاصة بلايحة PPWR شغالة على منتجات البيرة، يبقى لازم تنطبق كمان على كل أنواع المشروبات الكحولية.""","وتحت عنوان موقفنا واضح استهلت رابطة التجارة بيرة أوروبا خطابها إلى البرلمان الأوروبي والمفوضين الحكوميين (10 يناير). حيث تقول الرابطة ""إذا كانت الأهداف والمتطلبات الإلزامية الخاصة بلائحة PPWR تنسحب على منتجات البيرة، فإن هناك إلزام قانوني بأن تنسحب أيضًا على جميع فئات المشروبات الكحولية.""","""Our position is clear,"" the trade association Brewers of Europe wrote to MEPs and government negotiators (10 January). ""If targets and mandatory requirements in the PPWR apply to beer then there is a legal obligation that they apply to all alcoholic beverage categories.""",1,Minor,21,True,,0.726643598615917,1.0,0.9357893466949464,0.7292418772563176,1.0,score,F,A,,,0.55,0.78,1.0,1,0,1,light,للبرلمان,الي البرلمان,,exact,exact_seq,news
WMT_0156,Spelling Error,بلايحة,بلائحة,"تحت عنوان ""موقفنا واضح"" بدأت رابطة تجارة بيرة أوروبا خطابها للبرلمان الأوروبي والمفوضين الحكوميين يوم 10 يناير. قالت الرابطة: ""لو الأهداف والمتطلبات الإلزامية الخاصة بلايحة PPWR شغالة على منتجات البيرة، يبقى لازم تنطبق كمان على كل أنواع المشروبات الكحولية.""","وتحت عنوان موقفنا واضح استهلت رابطة التجارة بيرة أوروبا خطابها إلى البرلمان الأوروبي والمفوضين الحكوميين (10 يناير). حيث تقول الرابطة ""إذا كانت الأهداف والمتطلبات الإلزامية الخاصة بلائحة PPWR تنسحب على منتجات البيرة، فإن هناك إلزام قانوني بأن تنسحب أيضًا على جميع فئات المشروبات الكحولية.""","""Our position is clear,"" the trade association Brewers of Europe wrote to MEPs and government negotiators (10 January). ""If targets and mandatory requirements in the PPWR apply to beer then there is a legal obligation that they apply to all alcoholic beverage categories.""",1,Minor,21,True,,0.726643598615917,1.0,0.9357893466949464,0.7243816254416962,1.0,score,F,A,,,0.55,0.78,1.0,1,0,1,light,بلايحة,بلائحة,,exact,exact,news
WMT_0157,Terminology Substitution,شغالة,تنسحب,"تحت عنوان ""موقفنا واضح"" بدأت رابطة تجارة بيرة أوروبا خطابها للبرلمان الأوروبي والمفوضين الحكوميين يوم 10 يناير. قالت الرابطة: ""لو الأهداف والمتطلبات الإلزامية الخاصة بلايحة PPWR شغالة على منتجات البيرة، يبقى لازم تنطبق كمان على كل أنواع المشروبات الكحولية.""","وتحت عنوان موقفنا واضح استهلت رابطة التجارة بيرة أوروبا خطابها إلى البرلمان الأوروبي والمفوضين الحكوميين (10 يناير). حيث تقول الرابطة ""إذا كانت الأهداف والمتطلبات الإلزامية الخاصة بلائحة PPWR تنسحب على منتجات البيرة، فإن هناك إلزام قانوني بأن تنسحب أيضًا على جميع فئات المشروبات الكحولية.""","""Our position is clear,"" the trade association Brewers of Europe wrote to MEPs and government negotiators (10 January). ""If targets and mandatory requirements in the PPWR apply to beer then there is a legal obligation that they apply to all alcoholic beverage categories.""",1,Minor,4,True,,0.726643598615917,1.0,0.9357893466949464,0.7394366197183099,1.0,diagnostic,F,A,,,0.55,0.68,1.0,1,0,2,light,شغالة,تنسحب,,exact,exact,news
WMT_0177,Spelling Error,اللي بتمثل,والتي تمثل,"إغناسيو سانشيز ريكارتي، الأمين العام للجنة الأوروبية لرابطة شركات تجارة الخمور، اللي بتمثل حوالي 7,000 شركة من منتجي الخمور في أوروبا، رفض المخاوف اللي شركات البيرة بتتكلم عنها. وقال لقناة يورونيوز إن السوق اللي فيه شركات مشروبات كحولية دولية ضخمة مش ممكن يتقارن بقطاع صغير من المنتجين المحليين.",وعبر إغناسيو سانشيز ريكارتي، الأمين العام للجنة الأوروبية لرابطة شركات تجارة الخمور، والتي تمثل حوالي 7.000 شركة من منتجي الخمور في أوروبا، عن رفضه لمخاوف شركات إنتاج البيرة. وصرح ريكارتي لقناة يورونيوز قائلاً بأن السوق الذي يحتوي على كيانات دولية ضخمة من شركات المشروبات الكحولية لا يمكن مقارنته بشريحة صغيرة من المنتجين المحليين.,"Ignacio Sánchez Recarte, secretary general of the Comité Européen des Entreprises Vins trade association representing some 7,000 wine producers across Europe, is dismissive of the concerns of the beer makers. He told Euronews that a market dominated by multinational brewing conglomerates bears no comparison with one comprised almost entirely of small, domestic producers.",1,Minor,21,True,,0.6858006042296072,1.0,0.9807613492012024,0.6853582554517135,1.0,score,F,A,,,0.55,0.78,1.0,1,0,1,light,اللي بتمثل,والتي تمثل,,exact_seq,exact_seq,news
WMT_0202,Terminology Substitution,ما,أن,"سيمون سبيلان، رئيس عمليات الضغط في المجموعة، قال إن شركات إنتاج الخمور ""رائدة"" في مجال التعبئة المستدامة، واستشهد ببراميل البيرة اللي بيتعاد استخدامها حوالي 165 مرة قبل ما يتم التخلص منها وإعادة تدويرها بعد 30 سنة. وأضاف إنهم بيدعموا أنظمة التدوير وإعادة الاستخدام اللي شغالة في بلدان كتير.","وقال سيمون سبيلان، رئيس عمليات مجموعة الضغط، إن شركات إنتاج الخمور ""في طليعة الشركات الرائدة"" في مجال التعبئة المستدامة، مستشهدًا في ذلك بنموذج براميل البيرة، التي يتم إعادة استخدامها حوالي 165 مرة قبل أن يتم إتلافها وإعادة تدويرها بعد 30 عامًا, وقال إنهم يدعمون أنظمة التدوير وإعادة الاستخدام المطبقة في الكثير من البلدان.","Simon Spillane, the lobby group's head of operations, said brewers were ""already leading the way"" in packaging sustainability, citing the example of beer kegs being reused around 165 times before being crushed and recycled after 30 years. They support reuse recycling systems already in place in many countries, he said.",1,Minor,4,True,,0.6718266253869969,1.0,0.9609636068344116,0.67601246105919,1.0,diagnostic,F,A,,,0.55,0.68,1.0,1,0,2,light,ما,ان,,exact,exact,news
WMT_0205,Spelling Error,بيدعموا,يدعمون,"سيمون سبيلان، رئيس عمليات الضغط في المجموعة، قال إن شركات إنتاج الخمور ""رائدة"" في مجال التعبئة المستدامة، واستشهد ببراميل البيرة اللي بيتعاد استخدامها حوالي 165 مرة قبل ما يتم التخلص منها وإعادة تدويرها بعد 30 سنة. وأضاف إنهم بيدعموا أنظمة التدوير وإعادة الاستخدام اللي شغالة في بلدان كتير.","وقال سيمون سبيلان، رئيس عمليات مجموعة الضغط، إن شركات إنتاج الخمور ""في طليعة الشركات الرائدة"" في مجال التعبئة المستدامة، مستشهدًا في ذلك بنموذج براميل البيرة، التي يتم إعادة استخدامها حوالي 165 مرة قبل أن يتم إتلافها وإعادة تدويرها بعد 30 عامًا, وقال إنهم يدعمون أنظمة التدوير وإعادة الاستخدام المطبقة في الكثير من البلدان.","Simon Spillane, the lobby group's head of operations, said brewers were ""already leading the way"" in packaging sustainability, citing the example of beer kegs being reused around 165 times before being crushed and recycled after 30 years. They support reuse recycling systems already in place in many countries, he said.",1,Minor,21,True,,0.6718266253869969,1.0,0.9609636068344116,0.6719242902208202,1.0,score,F,A,,,0.55,0.78,1.0,1,0,1,light,بيدعموا,يدعمون,,exact,exact,news
WMT_0210,Terminology Substitution,بتعدي,تفلت,جرائم الشركات بتعدي من غير ما تتحاسب تحت إدارة بايدن,جرائم الشركات تفلت من العدالة تحت إدارة بايدن,The Biden Administration Is Letting Corporate Criminals Off the Hook,1,Minor,4,True,,0.7115384615384616,1.0,0.8919013738632202,0.7659574468085106,1.0,diagnostic,F,A,,,0.55,0.68,1.0,1,0,1,light,بتعدي,تفلت,,exact,exact,news
WMT_0229,Terminology Substitution,جامد,قوي,وطريقة تعامل وزارة العدل مع جرائم الشركات لقت دعم أمني جامد من الأنصار. ومع إن لجان المراقبة استفادت من الخطوات اللي الوزارة خدتها وقت ما كان ميريك غارلاند في منصب المدعي العام - زي إنهوا خلصوا على إنشاء قاعدة بيانات لجرائم الشركات - إلا إن وزارة العدل في فترة الرئيس بايدن اعتمدت جامد كمان على الاتفاقيات اللي فيها تساهل، واللي بتخلي الشركات تماطل في الملاحقة القضائية أو تهرب منها خالص، وكمان تشجع الشركات إنها تشيل المسؤولية للموظفين العاديين وتخليهم كبش فدا عشان يهربوا من أي تهم أكبر. وبيشوف كينيث بوليت جونيور، اللي كان مساعد المدعي العام لدائرة الجنايات في وزارة العدل الأمريكية، إن سياسة تنفيذ قانون جرائم الشركات بتقيد الملاحقة القضائية.,وقد حظي أسلوب تعامل وزارة العدل مع جرائم الشركات بدعم أمني قوي من الأنصار. وعلى الرغم من استفادة لجان المراقبة من الخطوات التي اتخذتها الوزارة خلال فترة وجود ميريك غارلاند في منصب المدعي العام - مثل الانتهاء من إنشاء قاعدة بيانات لجرائم الشركات - فإن وزارة العدل في حقبة الرئيس بايدن قد استندت أيضًا بشدة على الاتفاقيات المتساهلة التي تسمح للشركات بالمماطلة في الملاحقة القضائية أو تجنبها، وتشجيع الشركات على إلقاء المسؤولية على الموظفين الفرديين ككبش فداء للهروب من أي تهم أكبر. ويرى كينيث بوليت جينيور، المساعد السابق للمدعي العام لدائرة الجنايات في وزارة العدل الأمريكية، أن سياسة إنفاذ قانون جرائم الشركات تعمل على تقييد الملاحقة القضائية.,"The Department of Justice's overall approach to corporate crimes has come under intense scrutiny from advocates. While watchdogs have lauded some steps the department has taken during Merrick Garland's tenure as attorney general - like finally establishing a database on corporate crime - Biden's DOJ has also leaned heavily on leniency agreements that allow companies to defer or avoid prosecution, and encouraged companies to scapegoat individual employees so as to avoid a broader charge. Kenneth Polite Jr., former assistant attorney general for DOJ's Criminal Division, revised the division's corporate enforcement policy so as to limit prosecutions.",1,Minor,4,True,,0.6873065015479876,1.0,0.9608054161071776,0.691588785046729,1.0,diagnostic,F,A,,,0.55,0.68,1.0,2,0,1,light,جامد,قوي,,exact,exact,news
WMT_0231,Total Omission,استفادت,[OMITTED],وطريقة تعامل وزارة العدل مع جرائم الشركات لقت دعم أمني جامد من الأنصار. ومع إن لجان المراقبة استفادت من الخطوات اللي الوزارة خدتها وقت ما كان ميريك غارلاند في منصب المدعي العام - زي إنهوا خلصوا على إنشاء قاعدة بيانات لجرائم الشركات - إلا إن وزارة العدل في فترة الرئيس بايدن اعتمدت جامد كمان على الاتفاقيات اللي فيها تساهل، واللي بتخلي الشركات تماطل في الملاحقة القضائية أو تهرب منها خالص، وكمان تشجع الشركات إنها تشيل المسؤولية للموظفين العاديين وتخليهم كبش فدا عشان يهربوا من أي تهم أكبر. وبيشوف كينيث بوليت جونيور، اللي كان مساعد المدعي العام لدائرة الجنايات في وزارة العدل الأمريكية، إن سياسة تنفيذ قانون جرائم الشركات بتقيد الملاحقة القضائية.,وقد حظي أسلوب تعامل وزارة العدل مع جرائم الشركات بدعم أمني قوي من الأنصار. وعلى الرغم من استفادة لجان المراقبة من الخطوات التي اتخذتها الوزارة خلال فترة وجود ميريك غارلاند في منصب المدعي العام - مثل الانتهاء من إنشاء قاعدة بيانات لجرائم الشركات - فإن وزارة العدل في حقبة الرئيس بايدن قد استندت أيضًا بشدة على الاتفاقيات المتساهلة التي تسمح للشركات بالمماطلة في الملاحقة القضائية أو تجنبها، وتشجيع الشركات على إلقاء المسؤولية على الموظفين الفرديين ككبش فداء للهروب من أي تهم أكبر. ويرى كينيث بوليت جينيور، المساعد السابق للمدعي العام لدائرة الجنايات في وزارة العدل الأمريكية، أن سياسة إنفاذ قانون جرائم الشركات تعمل على تقييد الملاحقة القضائية.,"The Department of Justice's overall approach to corporate crimes has come under intense scrutiny from advocates. While watchdogs have lauded some steps the department has taken during Merrick Garland's tenure as attorney general - like finally establishing a database on corporate crime - Biden's DOJ has also leaned heavily on leniency agreements that allow companies to defer or avoid prosecution, and encouraged companies to scapegoat individual employees so as to avoid a broader charge. Kenneth Polite Jr., former assistant attorney general for DOJ's Criminal Division, revised the division's corporate enforcement policy so as to limit prosecutions.",1,Minor,1,True,,0.6873065015479876,1.0,0.9608054161071776,0.6967340590979783,1.0,diagnostic,F,A,,,0.55,0.5,0.8,1,0,0,light,استفادت,[OMITTED],,exact,,news
WMT_0240,Terminology Substitution,وبيشوف,ويرى,وطريقة تعامل وزارة العدل مع جرائم الشركات لقت دعم أمني جامد من الأنصار. ومع إن لجان المراقبة استفادت من الخطوات اللي الوزارة خدتها وقت ما كان ميريك غارلاند في منصب المدعي العام - زي إنهوا خلصوا على إنشاء قاعدة بيانات لجرائم الشركات - إلا إن وزارة العدل في فترة الرئيس بايدن اعتمدت جامد كمان على الاتفاقيات اللي فيها تساهل، واللي بتخلي الشركات تماطل في الملاحقة القضائية أو تهرب منها خالص، وكمان تشجع الشركات إنها تشيل المسؤولية للموظفين العاديين وتخليهم كبش فدا عشان يهربوا من أي تهم أكبر. وبيشوف كينيث بوليت جونيور، اللي كان مساعد المدعي العام لدائرة الجنايات في وزارة العدل الأمريكية، إن سياسة تنفيذ قانون جرائم الشركات بتقيد الملاحقة القضائية.,وقد حظي أسلوب تعامل وزارة العدل مع جرائم الشركات بدعم أمني قوي من الأنصار. وعلى الرغم من استفادة لجان المراقبة من الخطوات التي اتخذتها الوزارة خلال فترة وجود ميريك غارلاند في منصب المدعي العام - مثل الانتهاء من إنشاء قاعدة بيانات لجرائم الشركات - فإن وزارة العدل في حقبة الرئيس بايدن قد استندت أيضًا بشدة على الاتفاقيات المتساهلة التي تسمح للشركات بالمماطلة في الملاحقة القضائية أو تجنبها، وتشجيع الشركات على إلقاء المسؤولية على الموظفين الفرديين ككبش فداء للهروب من أي تهم أكبر. ويرى كينيث بوليت جينيور، المساعد السابق للمدعي العام لدائرة الجنايات في وزارة العدل الأمريكية، أن سياسة إنفاذ قانون جرائم الشركات تعمل على تقييد الملاحقة القضائية.,"The Department of Justice's overall approach to corporate crimes has come under intense scrutiny from advocates. While watchdogs have lauded some steps the department has taken during Merrick Garland's tenure as attorney general - like finally establishing a database on corporate crime - Biden's DOJ has also leaned heavily on leniency agreements that allow companies to defer or avoid prosecution, and encouraged companies to scapegoat individual employees so as to avoid a broader charge. Kenneth Polite Jr., former assistant attorney general for DOJ's Criminal Division, revised the division's corporate enforcement policy so as to limit prosecutions.",1,Minor,4,True,,0.6873065015479876,1.0,0.9608054161071776,0.690625,1.0,diagnostic,F,A,,,0.55,0.68,1.0,1,0,1,light,وبيشوف,ويري,,exact,exact,news
WMT_0242,Spelling Error,إن,أن,وطريقة تعامل وزارة العدل مع جرائم الشركات لقت دعم أمني جامد من الأنصار. ومع إن لجان المراقبة استفادت من الخطوات اللي الوزارة خدتها وقت ما كان ميريك غارلاند في منصب المدعي العام - زي إنهوا خلصوا على إنشاء قاعدة بيانات لجرائم الشركات - إلا إن وزارة العدل في فترة الرئيس بايدن اعتمدت جامد كمان على الاتفاقيات اللي فيها تساهل، واللي بتخلي الشركات تماطل في الملاحقة القضائية أو تهرب منها خالص، وكمان تشجع الشركات إنها تشيل المسؤولية للموظفين العاديين وتخليهم كبش فدا عشان يهربوا من أي تهم أكبر. وبيشوف كينيث بوليت جونيور، اللي كان مساعد المدعي العام لدائرة الجنايات في وزارة العدل الأمريكية، إن سياسة تنفيذ قانون جرائم الشركات بتقيد الملاحقة القضائية.,وقد حظي أسلوب تعامل وزارة العدل مع جرائم الشركات بدعم أمني قوي من الأنصار. وعلى الرغم من استفادة لجان المراقبة من الخطوات التي اتخذتها الوزارة خلال فترة وجود ميريك غارلاند في منصب المدعي العام - مثل الانتهاء من إنشاء قاعدة بيانات لجرائم الشركات - فإن وزارة العدل في حقبة الرئيس بايدن قد استندت أيضًا بشدة على الاتفاقيات المتساهلة التي تسمح للشركات بالمماطلة في الملاحقة القضائية أو تجنبها، وتشجيع الشركات على إلقاء المسؤولية على الموظفين الفرديين ككبش فداء للهروب من أي تهم أكبر. ويرى كينيث بوليت جينيور، المساعد السابق للمدعي العام لدائرة الجنايات في وزارة العدل الأمريكية، أن سياسة إنفاذ قانون جرائم الشركات تعمل على تقييد الملاحقة القضائية.,"The Department of Justice's overall approach to corporate crimes has come under intense scrutiny from advocates. While watchdogs have lauded some steps the department has taken during Merrick Garland's tenure as attorney general - like finally establishing a database on corporate crime - Biden's DOJ has also leaned heavily on leniency agreements that allow companies to defer or avoid prosecution, and encouraged companies to scapegoat individual employees so as to avoid a broader charge. Kenneth Polite Jr., former assistant attorney general for DOJ's Criminal Division, revised the division's corporate enforcement policy so as to limit prosecutions.",1,Minor,21,True,,0.6873065015479876,1.0,0.9608054161071776,0.6847826086956521,1.0,score,F,A,,,0.55,0.78,1.0,5,2,2,light,ان,ان,,exact,prefix_ف,news
WMT_0243,Terminology Substitution,تنفيذ,إنفاذ,وطريقة تعامل وزارة العدل مع جرائم الشركات لقت دعم أمني جامد من الأنصار. ومع إن لجان المراقبة استفادت من الخطوات اللي الوزارة خدتها وقت ما كان ميريك غارلاند في منصب المدعي العام - زي إنهوا خلصوا على إنشاء قاعدة بيانات لجرائم الشركات - إلا إن وزارة العدل في فترة الرئيس بايدن اعتمدت جامد كمان على الاتفاقيات اللي فيها تساهل، واللي بتخلي الشركات تماطل في الملاحقة القضائية أو تهرب منها خالص، وكمان تشجع الشركات إنها تشيل المسؤولية للموظفين العاديين وتخليهم كبش فدا عشان يهربوا من أي تهم أكبر. وبيشوف كينيث بوليت جونيور، اللي كان مساعد المدعي العام لدائرة الجنايات في وزارة العدل الأمريكية، إن سياسة تنفيذ قانون جرائم الشركات بتقيد الملاحقة القضائية.,وقد حظي أسلوب تعامل وزارة العدل مع جرائم الشركات بدعم أمني قوي من الأنصار. وعلى الرغم من استفادة لجان المراقبة من الخطوات التي اتخذتها الوزارة خلال فترة وجود ميريك غارلاند في منصب المدعي العام - مثل الانتهاء من إنشاء قاعدة بيانات لجرائم الشركات - فإن وزارة العدل في حقبة الرئيس بايدن قد استندت أيضًا بشدة على الاتفاقيات المتساهلة التي تسمح للشركات بالمماطلة في الملاحقة القضائية أو تجنبها، وتشجيع الشركات على إلقاء المسؤولية على الموظفين الفرديين ككبش فداء للهروب من أي تهم أكبر. ويرى كينيث بوليت جينيور، المساعد السابق للمدعي العام لدائرة الجنايات في وزارة العدل الأمريكية، أن سياسة إنفاذ قانون جرائم الشركات تعمل على تقييد الملاحقة القضائية.,"The Department of Justice's overall approach to corporate crimes has come under intense scrutiny from advocates. While watchdogs have lauded some steps the department has taken during Merrick Garland's tenure as attorney general - like finally establishing a database on corporate crime - Biden's DOJ has also leaned heavily on leniency agreements that allow companies to defer or avoid prosecution, and encouraged companies to scapegoat individual employees so as to avoid a broader charge. Kenneth Polite Jr., former assistant attorney general for DOJ's Criminal Division, revised the division's corporate enforcement policy so as to limit prosecutions.",1,Minor,4,True,,0.6873065015479876,1.0,0.9608054161071776,0.6879875195007801,1.0,diagnostic,F,A,,,0.55,0.68,1.0,1,0,1,light,تنفيذ,انفاذ,,exact,exact,news
WMT_0280,Total Omission,اللي كانت,[OMITTED],كمان روزنديل كان من ضمن 71 جمهوري عارضوا تسوية قانون المسؤولية المالية اللي كانت بين الديمقراطيين وكيفين ماكرثي، رئيس المجلس السابق. الاتفاق ده كان الأساس لمفاوضات جونسون الأخيرة مع تشارلز شومر، زعيم الديمقراطيين في مجلس الشيوخ.,كما كان روزنديل أيضًا ضمن 71 عضوًا جمهوريًا ممن عارضوا تسوية قانون المسؤولية المالية بين الديمقراطيين ورئيس المجلس السابق كيفن ماكرثي، وهو الاتفاق الذي وضع الخطوط الأساسية لمفاوضات جونسون الأخيرة مع تشارلز شومر زعيم الحزب الديموقراطي في مجلس الشيوخ.,"Rosendale was also among the 71 Republicans who opposed the Fiscal Responsibility Act struck between Democrats and former Speaker Kevin McCarthy, a deal that set the parameters for Johnson's recent negotiation with Senate Democratic Leader Charles Schumer.",1,Minor,1,True,,0.6546184738955823,1.0,0.9551623463630676,0.6867469879518072,1.0,diagnostic,F,A,,,0.55,0.5,0.8,1,0,0,light,اللي كانت,[OMITTED],,exact_seq,,news
WMT_0284,Spelling Error,شومر،,شومر,كمان روزنديل كان من ضمن 71 جمهوري عارضوا تسوية قانون المسؤولية المالية اللي كانت بين الديمقراطيين وكيفين ماكرثي، رئيس المجلس السابق. الاتفاق ده كان الأساس لمفاوضات جونسون الأخيرة مع تشارلز شومر، زعيم الديمقراطيين في مجلس الشيوخ.,كما كان روزنديل أيضًا ضمن 71 عضوًا جمهوريًا ممن عارضوا تسوية قانون المسؤولية المالية بين الديمقراطيين ورئيس المجلس السابق كيفن ماكرثي، وهو الاتفاق الذي وضع الخطوط الأساسية لمفاوضات جونسون الأخيرة مع تشارلز شومر زعيم الحزب الديموقراطي في مجلس الشيوخ.,"Rosendale was also among the 71 Republicans who opposed the Fiscal Responsibility Act struck between Democrats and former Speaker Kevin McCarthy, a deal that set the parameters for Johnson's recent negotiation with Senate Democratic Leader Charles Schumer.",1,Minor,21,True,,0.6546184738955823,1.0,0.9551623463630676,0.653061224489796,1.0,score,F,A,,,0.55,0.78,1.0,1,0,1,light,شومر،,شومر,,exact,exact,news
WMT_0324,Spelling Error,وافقت,توافق,الجهات التنظيمية وافقت على إنشاء صناديق مؤشرات متداولة جديدة للبيتكوين في لحظة تاريخية مهمة في عالم العملات المشفرة.,الجهات التنظيمية توافق على إنشاء صناديق المؤشرات المتداولة الجديدة لعملة البيتكوين في لحظة تاريخية فارقة في عالم العملات المشفرة,Regulators Approve New Bitcoin ETFs in Watershed Moment for Crypto,1,Minor,21,True,,0.8515625,1.0,0.921343207359314,0.8617886178861789,1.0,score,F,A,,,0.55,0.78,1.0,1,0,1,light,وافقت,توافق,,exact,exact,news
WMT_0325,Spelling Error,مؤشرات متداولة جديدة للبيتكوين,المؤشرات المتداولة الجديدة لعملة البيتكوين,الجهات التنظيمية وافقت على إنشاء صناديق مؤشرات متداولة جديدة للبيتكوين في لحظة تاريخية مهمة في عالم العملات المشفرة.,الجهات التنظيمية توافق على إنشاء صناديق المؤشرات المتداولة الجديدة لعملة البيتكوين في لحظة تاريخية فارقة في عالم العملات المشفرة,Regulators Approve New Bitcoin ETFs in Watershed Moment for Crypto,1,Minor,21,True,,0.8515625,1.0,0.921343207359314,0.9186046511627908,1.0,score,F,A,,,0.55,0.78,1.0,1,0,1,light,مؤشرات متداولة جديدة للبيتكوين,المؤشرات المتداولة الجديدة لعملة البيتكوين,,exact_seq,exact_seq,news
WMT_0326,Terminology Substitution,مهمة,فارقة,الجهات التنظيمية وافقت على إنشاء صناديق مؤشرات متداولة جديدة للبيتكوين في لحظة تاريخية مهمة في عالم العملات المشفرة.,الجهات التنظيمية توافق على إنشاء صناديق المؤشرات المتداولة الجديدة لعملة البيتكوين في لحظة تاريخية فارقة في عالم العملات المشفرة,Regulators Approve New Bitcoin ETFs in Watershed Moment for Crypto,1,Minor,4,True,,0.8515625,1.0,0.921343207359314,0.8780487804878049,1.0,diagnostic,F,A,,,0.55,0.68,1.0,1,0,1,light,مهمة,فارقة,,exact,exact,news
WMT_0374,Terminology Substitution,قرار,أمر,جينسلر وضّح إنه 'بناءً على الظروف دي وكل الحيثيات اللي اتناقشت بشكل كامل في قرار الموافقة، شايف إن الطريق الأنسب عشان نكمل هو الموافقة على إدراج وتداول أسهم المنتجات الفورية المتداولة في البورصة اللي مرتبطة بالبيتكوين'.,"أوضَح جينسلر أنه ""استنادًا إلى هذه الظروف وتلك الحيثيات التي نوقشت بشكل كامل في أمر الموافقة، أشعر أن المسار الأكثر استدامة للمضي قدمًا هو الموافقة على إدراج وتداول أسهم المنتجات الفورية المتداولة في البورصة المرتبطة بعملة البيتكوين"".","""Based on these circumstances and those discussed more fully in the approval order, I feel the most sustainable path forward is to approve the listing and trading of these spot bitcoin ETP shares,"" Gensler explained.",1,Minor,4,True,,0.6923076923076923,1.0,0.9040694236755372,0.7012987012987013,1.0,diagnostic,F,A,,,0.55,0.68,1.0,1,0,1,light,قرار,امر,,exact,exact,news
WMT_0375,Spelling Error,اللي مرتبطة بالبيتكوين'.,"المرتبطة بعملة البيتكوين"".",جينسلر وضّح إنه 'بناءً على الظروف دي وكل الحيثيات اللي اتناقشت بشكل كامل في قرار الموافقة، شايف إن الطريق الأنسب عشان نكمل هو الموافقة على إدراج وتداول أسهم المنتجات الفورية المتداولة في البورصة اللي مرتبطة بالبيتكوين'.,"أوضَح جينسلر أنه ""استنادًا إلى هذه الظروف وتلك الحيثيات التي نوقشت بشكل كامل في أمر الموافقة، أشعر أن المسار الأكثر استدامة للمضي قدمًا هو الموافقة على إدراج وتداول أسهم المنتجات الفورية المتداولة في البورصة المرتبطة بعملة البيتكوين"".","""Based on these circumstances and those discussed more fully in the approval order, I feel the most sustainable path forward is to approve the listing and trading of these spot bitcoin ETP shares,"" Gensler explained.",1,Minor,21,True,,0.6923076923076923,1.0,0.9040694236755372,0.6971153846153846,1.0,score,F,A,,,0.55,0.78,1.0,1,0,1,light,اللي مرتبطة بالبيتكوين'.,"المرتبطة بعملة البيتكوين"".",,exact_seq,exact_seq,news
WMT_0439,Spelling Error,للمغني,المغني,في أغسطس اللي فات، احتجزوا مراهق بيستخدم لغة الإشارة لفترة قصيرة، وأجبروه يسجل فيديو اعتذار بعد ما غنى أغاني للمغني السوفييتي فيكتور تسوي في شوارع مدينة لفيف. وكمان فصلوا عدد من المدرسين اللي كانوا بيتكلموا مع الطلبة بالروسي، وده أدى لاحتجاجات عامة.,في أغسطس الماضي، اُحتجز مراهق يستخدم لغة الإشارة لفترة وجيزة وأُجبر على تسجيل فيديو اعتذار بعد أداء أغاني المغني السوفييتي فيكتور تسوي في أحد شوارع مدينة لافيف. وأدى أيضًا فصل العديد من المعلمين الذين تحدثوا إلى طلابهم باللغة الروسية إلى احتجاجات عامة.,"Last August, a teenage signer was briefly detained and forced to record a video apology following a performance of Soviet singer Viktor Tsoy's songs on the street in the city of Lviv. The dismissal of several teachers who spoke Russian to their students also resulted in a public outcry.",1,Minor,21,True,,0.6984126984126984,1.0,0.9594769477844238,0.6951219512195121,1.0,score,F,A,,,0.55,0.78,1.0,1,0,1,light,للمغني,المغني,,exact,exact,news
WMT_0456,Terminology Substitution,يخلي,بجعل,"ما تسيبوش الحزب الوطني الإسكتلندي يخلي أزمة الصحة ""الوضع الطبيعي الجديد"" - تعليق من جريدة سكوتسمان.","لا تسمحوا للحزب الوطني الإسكتلندي بجعل أزمة الخدمات الصحية ""الوضع الطبيعي الجديد"" - تعليق صحيفة سكوتسمان","Don't let SNP to turn health service crisis into the ""new normal"" - Scotsman comment",1,Minor,4,True,,0.7596153846153846,1.0,0.8305182456970215,0.79,1.0,diagnostic,F,A,,,0.55,0.68,1.0,1,0,1,light,يخلي,بجعل,,exact,exact,news
WMT_0511,Spelling Error,افتتحت مصنع جديد,تفتتح مصنعًا جديدًا,شركة إعادة تدوير مخلفات البناء افتتحت مصنع جديد في كمبرنولد وسط دعوات للتحوّل للاقتصاد الدائري.,شركة إعادة تدوير مخلفات البناء تفتتح مصنعًا جديدًا في كمبرنولد وسط دعوات للتحول إلى الاقتصاد الدائري,Construction waste recycling firm opens new Cumbernauld plant amid circular economy drive,1,Minor,21,True,,0.88,1.0,0.9211421012878418,0.925925925925926,1.0,score,F,A,,,0.55,0.78,1.0,1,0,1,light,افتتحت مصنع جديد,تفتتح مصنعًا جديدًا,,exact_seq,exact_seq,news
WMT_0512,Spelling Error,للتحوّل للاقتصاد الدائري.,للتحول إلى الاقتصاد الدائري,شركة إعادة تدوير مخلفات البناء افتتحت مصنع جديد في كمبرنولد وسط دعوات للتحوّل للاقتصاد الدائري.,شركة إعادة تدوير مخلفات البناء تفتتح مصنعًا جديدًا في كمبرنولد وسط دعوات للتحول إلى الاقتصاد الدائري,Construction waste recycling firm opens new Cumbernauld plant amid circular economy drive,1,Minor,21,True,,0.88,1.0,0.9211421012878418,0.9178082191780822,1.0,score,F,A,,,0.55,0.78,1.0,1,0,1,light,للتحوّل للاقتصاد الدائري.,للتحول الي الاقتصاد الدائري,,exact_seq,exact_seq,news
WMT_0514,Terminology Substitution,اللي,قد,شركة إعادة تدوير اسكتلندية، اللي عالجت أكتر من مليون طن من مخلفات البناء، افتتحت مصنع تاني بعد استثمارات بملايين الجنيهات الإسترلينية.,افتتحت شركة إعادة تدوير اسكتلندية، قد عالجت بالفعل أكثر من مليون طن من مخلفات البناء، مصنعًا ثانيًا نتيجة لاستثمارات قدرها ملايين الجنيهات الإسترلينية.,A Scottish recycling business that has already processed more than a million tonnes of construction waste has opened a second plant following a multi-million pound investment.,1,Minor,4,True,,0.7218543046357616,1.0,0.9443167448043824,0.738255033557047,1.0,diagnostic,F,A,,,0.55,0.68,1.0,1,0,1,light,اللي,قد,,exact,exact,news
WMT_0516,Spelling Error,بتاعة شركة,التابعة لشركة,مصانع استخلاص المواد الخام من المخلفات بتاعة شركة Brewster Brothers بتحوّل 100% من التربة المحفورة والأنقاض اللي بيعالجوها من مواد بناء لركام عالي القيمة ممكن يتعاد استخدامه. خلال الست سنين اللي فاتوا، موقع الشركة اللي قريب من ليفنجستون، غرب لوثيان، منع كب حوالي 1.35 مليون طن من مخلفات البناء والحفر والهدم في مكبات الزبالة، وكمان أنتجوا أكتر من مليون طن من الركام المعاد تدويره عشان يتباع.,تحول مصانع استخلاص المواد الخام من المخلفات التابعة لشركة Brewster Brothers نسبة 100 في المائة من التربة المحفورة والأنقاض التي تعالجها من مواد بناء إلى ركام بقيمة عالية يمكن إعادة استخدامه. على مدار الست سنوات الماضية، منع موقع الشركة، الذي يقع بالقرب من ليفنجستون، غرب لوثيان، سكب حوالي 1.35 مليون طن من مخلفات البناء والحفر والهدم في مكبات النفايات. وأنتجت أكثر من مليون طن من الركام المعاد تدويره لبيعه.,"Brewster Brothers"" wash plants transform 100 per cent of the excavated soils and rubble they process from the construction industry into high-value aggregates for reuse. Over the past six years, the firm's site near Livingston, West Lothian has prevented almost 1.35 million tonnes of construction, demolition and excavation waste going to landfill. It has created more than one million tonnes of recycled aggregates to sell into the industry.",1,Minor,21,True,,0.7542997542997543,1.0,0.9655687212944032,0.7563451776649746,1.0,score,F,A,,,0.55,0.78,1.0,1,0,1,light,بتاعة شركة,التابعة لشركة,,exact_seq,exact_seq,news
WMT_0518,Spelling Error,اللي بيعالجوها,التي تعالجها,مصانع استخلاص المواد الخام من المخلفات بتاعة شركة Brewster Brothers بتحوّل 100% من التربة المحفورة والأنقاض اللي بيعالجوها من مواد بناء لركام عالي القيمة ممكن يتعاد استخدامه. خلال الست سنين اللي فاتوا، موقع الشركة اللي قريب من ليفنجستون، غرب لوثيان، منع كب حوالي 1.35 مليون طن من مخلفات البناء والحفر والهدم في مكبات الزبالة، وكمان أنتجوا أكتر من مليون طن من الركام المعاد تدويره عشان يتباع.,تحول مصانع استخلاص المواد الخام من المخلفات التابعة لشركة Brewster Brothers نسبة 100 في المائة من التربة المحفورة والأنقاض التي تعالجها من مواد بناء إلى ركام بقيمة عالية يمكن إعادة استخدامه. على مدار الست سنوات الماضية، منع موقع الشركة، الذي يقع بالقرب من ليفنجستون، غرب لوثيان، سكب حوالي 1.35 مليون طن من مخلفات البناء والحفر والهدم في مكبات النفايات. وأنتجت أكثر من مليون طن من الركام المعاد تدويره لبيعه.,"Brewster Brothers"" wash plants transform 100 per cent of the excavated soils and rubble they process from the construction industry into high-value aggregates for reuse. Over the past six years, the firm's site near Livingston, West Lothian has prevented almost 1.35 million tonnes of construction, demolition and excavation waste going to landfill. It has created more than one million tonnes of recycled aggregates to sell into the industry.",1,Minor,21,True,,0.7542997542997543,1.0,0.9655687212944032,0.7569620253164557,1.0,score,F,A,,,0.55,0.78,1.0,1,0,1,light,اللي بيعالجوها,التي تعالجها,,exact_seq,exact_seq,news
WMT_0525,Terminology Substitution,مليون,ملايين,في إطار توسعاتها اللي بتكلف أكتر من 6 مليون دولار، شركة Brewster فتحت مصنعها التاني لإعادة التدوير، وده كان عبارة عن تجديد لموقع Gartshore Works القديم قريب من كمبرنولد. المصنع الجديد هيخدم مواقع ومشاريع إسكان ومرافق في الجزء الغربي من الحزام المركزي. المصنع الحالي الموجود قريب من ليفنجستون، واللي بيشتغل فيه حاليًا 39 عامل، هيستمر في تقديم خدمات مستدامة لإدارة المخلفات والركام المعاد تدويره للمصانع في إدنبرة وفايف ولوثيان.,وكجزء من أعمال التوسعة للشركة بمقدار يتخطى 6 ملايين دولار، افتتحت Brewster مصنعها الثاني لإعادة التدوير، حيث جددت Gartshore Works القديم بالقرب من كمبرنولد. سيخدم المصنع الجديد مواقع ومشاريع إسكان ومرافق في الجزء الغربي من الحزام المركزي. وسيستمر المصنع، الذي يقع بالقرب من ليفنجستون ويوظف 39 عامل حاليًا، في توفير خدمات مستدامة لإدارة المخلفات والركام المعاد تدويره لمصانع في إدنبرة وفايف ولوثيان.,"As part of a £6 million-plus expansion of the business, Brewster has now opened its second recycling site, regenerating the old Gartshore Works near Cumbernauld. The new plant will serve construction sites, housing and utilities developments in the western part of the Central Belt. The plant near Livingston, which currently employs 39 people, will continue to provide sustainable waste management services and recycled aggregates to businesses in Edinburgh, Fife and the Lothians.",1,Minor,4,True,,0.6666666666666667,1.0,0.9772785902023317,0.667458432304038,1.0,diagnostic,F,A,,,0.55,0.68,1.0,1,0,1,light,مليون,ملايين,,exact,exact,news
WMT_0527,Total Omission,فتحت,[OMITTED],في إطار توسعاتها اللي بتكلف أكتر من 6 مليون دولار، شركة Brewster فتحت مصنعها التاني لإعادة التدوير، وده كان عبارة عن تجديد لموقع Gartshore Works القديم قريب من كمبرنولد. المصنع الجديد هيخدم مواقع ومشاريع إسكان ومرافق في الجزء الغربي من الحزام المركزي. المصنع الحالي الموجود قريب من ليفنجستون، واللي بيشتغل فيه حاليًا 39 عامل، هيستمر في تقديم خدمات مستدامة لإدارة المخلفات والركام المعاد تدويره للمصانع في إدنبرة وفايف ولوثيان.,وكجزء من أعمال التوسعة للشركة بمقدار يتخطى 6 ملايين دولار، افتتحت Brewster مصنعها الثاني لإعادة التدوير، حيث جددت Gartshore Works القديم بالقرب من كمبرنولد. سيخدم المصنع الجديد مواقع ومشاريع إسكان ومرافق في الجزء الغربي من الحزام المركزي. وسيستمر المصنع، الذي يقع بالقرب من ليفنجستون ويوظف 39 عامل حاليًا، في توفير خدمات مستدامة لإدارة المخلفات والركام المعاد تدويره لمصانع في إدنبرة وفايف ولوثيان.,"As part of a £6 million-plus expansion of the business, Brewster has now opened its second recycling site, regenerating the old Gartshore Works near Cumbernauld. The new plant will serve construction sites, housing and utilities developments in the western part of the Central Belt. The plant near Livingston, which currently employs 39 people, will continue to provide sustainable waste management services and recycled aggregates to businesses in Edinburgh, Fife and the Lothians.",1,Minor,1,True,,0.6666666666666667,1.0,0.9772785902023317,0.6729857819905214,1.0,diagnostic,F,A,,,0.55,0.5,0.8,1,0,0,light,فتحت,[OMITTED],,exact,,news
WMT_0528,Spelling Error,التاني,الثاني,في إطار توسعاتها اللي بتكلف أكتر من 6 مليون دولار، شركة Brewster فتحت مصنعها التاني لإعادة التدوير، وده كان عبارة عن تجديد لموقع Gartshore Works القديم قريب من كمبرنولد. المصنع الجديد هيخدم مواقع ومشاريع إسكان ومرافق في الجزء الغربي من الحزام المركزي. المصنع الحالي الموجود قريب من ليفنجستون، واللي بيشتغل فيه حاليًا 39 عامل، هيستمر في تقديم خدمات مستدامة لإدارة المخلفات والركام المعاد تدويره للمصانع في إدنبرة وفايف ولوثيان.,وكجزء من أعمال التوسعة للشركة بمقدار يتخطى 6 ملايين دولار، افتتحت Brewster مصنعها الثاني لإعادة التدوير، حيث جددت Gartshore Works القديم بالقرب من كمبرنولد. سيخدم المصنع الجديد مواقع ومشاريع إسكان ومرافق في الجزء الغربي من الحزام المركزي. وسيستمر المصنع، الذي يقع بالقرب من ليفنجستون ويوظف 39 عامل حاليًا، في توفير خدمات مستدامة لإدارة المخلفات والركام المعاد تدويره لمصانع في إدنبرة وفايف ولوثيان.,"As part of a £6 million-plus expansion of the business, Brewster has now opened its second recycling site, regenerating the old Gartshore Works near Cumbernauld. The new plant will serve construction sites, housing and utilities developments in the western part of the Central Belt. The plant near Livingston, which currently employs 39 people, will continue to provide sustainable waste management services and recycled aggregates to businesses in Edinburgh, Fife and the Lothians.",1,Minor,21,True,,0.6666666666666667,1.0,0.9772785902023317,0.6642857142857144,1.0,score,F,A,,,0.55,0.78,1.0,1,0,1,light,التاني,الثاني,,exact,exact,news
WMT_0529,Terminology Substitution,قريب,بالقرب,في إطار توسعاتها اللي بتكلف أكتر من 6 مليون دولار، شركة Brewster فتحت مصنعها التاني لإعادة التدوير، وده كان عبارة عن تجديد لموقع Gartshore Works القديم قريب من كمبرنولد. المصنع الجديد هيخدم مواقع ومشاريع إسكان ومرافق في الجزء الغربي من الحزام المركزي. المصنع الحالي الموجود قريب من ليفنجستون، واللي بيشتغل فيه حاليًا 39 عامل، هيستمر في تقديم خدمات مستدامة لإدارة المخلفات والركام المعاد تدويره للمصانع في إدنبرة وفايف ولوثيان.,وكجزء من أعمال التوسعة للشركة بمقدار يتخطى 6 ملايين دولار، افتتحت Brewster مصنعها الثاني لإعادة التدوير، حيث جددت Gartshore Works القديم بالقرب من كمبرنولد. سيخدم المصنع الجديد مواقع ومشاريع إسكان ومرافق في الجزء الغربي من الحزام المركزي. وسيستمر المصنع، الذي يقع بالقرب من ليفنجستون ويوظف 39 عامل حاليًا، في توفير خدمات مستدامة لإدارة المخلفات والركام المعاد تدويره لمصانع في إدنبرة وفايف ولوثيان.,"As part of a £6 million-plus expansion of the business, Brewster has now opened its second recycling site, regenerating the old Gartshore Works near Cumbernauld. The new plant will serve construction sites, housing and utilities developments in the western part of the Central Belt. The plant near Livingston, which currently employs 39 people, will continue to provide sustainable waste management services and recycled aggregates to businesses in Edinburgh, Fife and the Lothians.",1,Minor,4,True,,0.6666666666666667,1.0,0.9772785902023317,0.6729857819905214,1.0,diagnostic,F,A,,,0.55,0.68,1.0,2,0,2,light,قريب,بالقرب,,exact,exact,news
WMT_0530,Total Omission,هيخدم,[OMITTED],في إطار توسعاتها اللي بتكلف أكتر من 6 مليون دولار، شركة Brewster فتحت مصنعها التاني لإعادة التدوير، وده كان عبارة عن تجديد لموقع Gartshore Works القديم قريب من كمبرنولد. المصنع الجديد هيخدم مواقع ومشاريع إسكان ومرافق في الجزء الغربي من الحزام المركزي. المصنع الحالي الموجود قريب من ليفنجستون، واللي بيشتغل فيه حاليًا 39 عامل، هيستمر في تقديم خدمات مستدامة لإدارة المخلفات والركام المعاد تدويره للمصانع في إدنبرة وفايف ولوثيان.,وكجزء من أعمال التوسعة للشركة بمقدار يتخطى 6 ملايين دولار، افتتحت Brewster مصنعها الثاني لإعادة التدوير، حيث جددت Gartshore Works القديم بالقرب من كمبرنولد. سيخدم المصنع الجديد مواقع ومشاريع إسكان ومرافق في الجزء الغربي من الحزام المركزي. وسيستمر المصنع، الذي يقع بالقرب من ليفنجستون ويوظف 39 عامل حاليًا، في توفير خدمات مستدامة لإدارة المخلفات والركام المعاد تدويره لمصانع في إدنبرة وفايف ولوثيان.,"As part of a £6 million-plus expansion of the business, Brewster has now opened its second recycling site, regenerating the old Gartshore Works near Cumbernauld. The new plant will serve construction sites, housing and utilities developments in the western part of the Central Belt. The plant near Livingston, which currently employs 39 people, will continue to provide sustainable waste management services and recycled aggregates to businesses in Edinburgh, Fife and the Lothians.",1,Minor,1,True,,0.6666666666666667,1.0,0.9772785902023317,0.6745843230403801,1.0,diagnostic,F,A,,,0.55,0.5,0.8,1,0,0,light,هيخدم,[OMITTED],,exact,,news
WMT_0534,Terminology Substitution,تقديم,توفير,في إطار توسعاتها اللي بتكلف أكتر من 6 مليون دولار، شركة Brewster فتحت مصنعها التاني لإعادة التدوير، وده كان عبارة عن تجديد لموقع Gartshore Works القديم قريب من كمبرنولد. المصنع الجديد هيخدم مواقع ومشاريع إسكان ومرافق في الجزء الغربي من الحزام المركزي. المصنع الحالي الموجود قريب من ليفنجستون، واللي بيشتغل فيه حاليًا 39 عامل، هيستمر في تقديم خدمات مستدامة لإدارة المخلفات والركام المعاد تدويره للمصانع في إدنبرة وفايف ولوثيان.,وكجزء من أعمال التوسعة للشركة بمقدار يتخطى 6 ملايين دولار، افتتحت Brewster مصنعها الثاني لإعادة التدوير، حيث جددت Gartshore Works القديم بالقرب من كمبرنولد. سيخدم المصنع الجديد مواقع ومشاريع إسكان ومرافق في الجزء الغربي من الحزام المركزي. وسيستمر المصنع، الذي يقع بالقرب من ليفنجستون ويوظف 39 عامل حاليًا، في توفير خدمات مستدامة لإدارة المخلفات والركام المعاد تدويره لمصانع في إدنبرة وفايف ولوثيان.,"As part of a £6 million-plus expansion of the business, Brewster has now opened its second recycling site, regenerating the old Gartshore Works near Cumbernauld. The new plant will serve construction sites, housing and utilities developments in the western part of the Central Belt. The plant near Livingston, which currently employs 39 people, will continue to provide sustainable waste management services and recycled aggregates to businesses in Edinburgh, Fife and the Lothians.",1,Minor,4,True,,0.6666666666666667,1.0,0.9772785902023317,0.669833729216152,1.0,diagnostic,F,A,,,0.55,0.68,1.0,1,0,1,light,تقديم,توفير,,exact,exact,news
WMT_0535,Spelling Error,للمصانع,لمصانع,في إطار توسعاتها اللي بتكلف أكتر من 6 مليون دولار، شركة Brewster فتحت مصنعها التاني لإعادة التدوير، وده كان عبارة عن تجديد لموقع Gartshore Works القديم قريب من كمبرنولد. المصنع الجديد هيخدم مواقع ومشاريع إسكان ومرافق في الجزء الغربي من الحزام المركزي. المصنع الحالي الموجود قريب من ليفنجستون، واللي بيشتغل فيه حاليًا 39 عامل، هيستمر في تقديم خدمات مستدامة لإدارة المخلفات والركام المعاد تدويره للمصانع في إدنبرة وفايف ولوثيان.,وكجزء من أعمال التوسعة للشركة بمقدار يتخطى 6 ملايين دولار، افتتحت Brewster مصنعها الثاني لإعادة التدوير، حيث جددت Gartshore Works القديم بالقرب من كمبرنولد. سيخدم المصنع الجديد مواقع ومشاريع إسكان ومرافق في الجزء الغربي من الحزام المركزي. وسيستمر المصنع، الذي يقع بالقرب من ليفنجستون ويوظف 39 عامل حاليًا، في توفير خدمات مستدامة لإدارة المخلفات والركام المعاد تدويره لمصانع في إدنبرة وفايف ولوثيان.,"As part of a £6 million-plus expansion of the business, Brewster has now opened its second recycling site, regenerating the old Gartshore Works near Cumbernauld. The new plant will serve construction sites, housing and utilities developments in the western part of the Central Belt. The plant near Livingston, which currently employs 39 people, will continue to provide sustainable waste management services and recycled aggregates to businesses in Edinburgh, Fife and the Lothians.",1,Minor,21,True,,0.6666666666666667,1.0,0.9772785902023317,0.6634844868735084,1.0,score,F,A,,,0.55,0.78,1.0,1,0,1,light,للمصانع,لمصانع,,exact,exact,news
WMT_0536,Terminology Substitution,اللي,الذي,"سكوت برويستر، المدير الإداري اللي أسس الشركة سنة 2017 مع والده أليكس، قال: ""واضح إن قطاع البناء في اسكتلندا مقدر ضرورة تقليل استخدام الموارد الطبيعية وكمان تقليل الكربون اللي بيطلع، مع زيادة استخدام المواد المعاد تدويرها والمواد الثانوية. كمية مخلفات البناء والهدم والحفر اللي تم إعادة تدويرها زادت بشكل كبير في الست سنين اللي فاتوا، واستثماراتنا في الموقع التاني بتثبت إن فيه فرصة لزيادة التوسع في المجال ده.""","صرح سكوت برويستر، المدير الإداري الذي أسس الشركة عام 2017 مع والده أليكس،: ""من الواضح أن قطاع البناء في استكتلندا يقدر الحاجة إلى تقليل كمية الموارد الطبيعية المستخدمة في هذه الصناعة وكمية الكربون المنبعث مع زيادة استخدام المواد المعاد تدويرها والمواد الثانوية. زادت كمية مخلفات البناء والهدم والحفر المعاد تدويرها على مدار الست سنوات الماضية بشكل ضخم، وتبرهن استثماراتنا في الموقع الثاني أن هناك فرصة لمزيد من التوسع في هذا المجال.","Scott Brewster, managing director, who set up the business in 2017 alongside his father, Alex, said: ""It's increasingly clear that the construction sector in Scotland appreciates the need to reduce the amount of natural resources that the industry uses and the amount of carbon it emits while increasing use of recycled and secondary materials. The volume of construction, demolition and excavation waste that's been recycled over the last six years has grown enormously, and our investment into this second site demonstrates that there's room for a further expansion in this area.",1,Minor,4,True,,0.6805555555555556,1.0,0.9742274284362792,0.6799065420560748,1.0,diagnostic,F,A,,,0.55,0.68,1.0,4,0,1,light,اللي,الذي,,exact,exact,news
WMT_0537,Terminology Substitution,سنة,عام,"سكوت برويستر، المدير الإداري اللي أسس الشركة سنة 2017 مع والده أليكس، قال: ""واضح إن قطاع البناء في اسكتلندا مقدر ضرورة تقليل استخدام الموارد الطبيعية وكمان تقليل الكربون اللي بيطلع، مع زيادة استخدام المواد المعاد تدويرها والمواد الثانوية. كمية مخلفات البناء والهدم والحفر اللي تم إعادة تدويرها زادت بشكل كبير في الست سنين اللي فاتوا، واستثماراتنا في الموقع التاني بتثبت إن فيه فرصة لزيادة التوسع في المجال ده.""","صرح سكوت برويستر، المدير الإداري الذي أسس الشركة عام 2017 مع والده أليكس،: ""من الواضح أن قطاع البناء في استكتلندا يقدر الحاجة إلى تقليل كمية الموارد الطبيعية المستخدمة في هذه الصناعة وكمية الكربون المنبعث مع زيادة استخدام المواد المعاد تدويرها والمواد الثانوية. زادت كمية مخلفات البناء والهدم والحفر المعاد تدويرها على مدار الست سنوات الماضية بشكل ضخم، وتبرهن استثماراتنا في الموقع الثاني أن هناك فرصة لمزيد من التوسع في هذا المجال.","Scott Brewster, managing director, who set up the business in 2017 alongside his father, Alex, said: ""It's increasingly clear that the construction sector in Scotland appreciates the need to reduce the amount of natural resources that the industry uses and the amount of carbon it emits while increasing use of recycled and secondary materials. The volume of construction, demolition and excavation waste that's been recycled over the last six years has grown enormously, and our investment into this second site demonstrates that there's room for a further expansion in this area.",1,Minor,4,True,,0.6805555555555556,1.0,0.9742274284362792,0.6853146853146853,1.0,diagnostic,F,A,,,0.55,0.68,1.0,1,0,1,light,سنة,عام,,exact,exact,news
WMT_0538,Spelling Error,"أليكس، قال: ""واضح إن","أليكس،: ""من الواضح أن","سكوت برويستر، المدير الإداري اللي أسس الشركة سنة 2017 مع والده أليكس، قال: ""واضح إن قطاع البناء في اسكتلندا مقدر ضرورة تقليل استخدام الموارد الطبيعية وكمان تقليل الكربون اللي بيطلع، مع زيادة استخدام المواد المعاد تدويرها والمواد الثانوية. كمية مخلفات البناء والهدم والحفر اللي تم إعادة تدويرها زادت بشكل كبير في الست سنين اللي فاتوا، واستثماراتنا في الموقع التاني بتثبت إن فيه فرصة لزيادة التوسع في المجال ده.""","صرح سكوت برويستر، المدير الإداري الذي أسس الشركة عام 2017 مع والده أليكس،: ""من الواضح أن قطاع البناء في استكتلندا يقدر الحاجة إلى تقليل كمية الموارد الطبيعية المستخدمة في هذه الصناعة وكمية الكربون المنبعث مع زيادة استخدام المواد المعاد تدويرها والمواد الثانوية. زادت كمية مخلفات البناء والهدم والحفر المعاد تدويرها على مدار الست سنوات الماضية بشكل ضخم، وتبرهن استثماراتنا في الموقع الثاني أن هناك فرصة لمزيد من التوسع في هذا المجال.","Scott Brewster, managing director, who set up the business in 2017 alongside his father, Alex, said: ""It's increasingly clear that the construction sector in Scotland appreciates the need to reduce the amount of natural resources that the industry uses and the amount of carbon it emits while increasing use of recycled and secondary materials. The volume of construction, demolition and excavation waste that's been recycled over the last six years has grown enormously, and our investment into this second site demonstrates that there's room for a further expansion in this area.",1,Minor,21,True,,0.6805555555555556,1.0,0.9742274284362792,0.6836982968369829,1.0,score,F,A,,,0.55,0.78,1.0,1,0,1,light,"اليكس، قال: ""واضح ان","اليكس،: ""من الواضح ان",,exact_seq,exact_seq,news
WMT_0540,Terminology Substitution,استخدام,كمية,"سكوت برويستر، المدير الإداري اللي أسس الشركة سنة 2017 مع والده أليكس، قال: ""واضح إن قطاع البناء في اسكتلندا مقدر ضرورة تقليل استخدام الموارد الطبيعية وكمان تقليل الكربون اللي بيطلع، مع زيادة استخدام المواد المعاد تدويرها والمواد الثانوية. كمية مخلفات البناء والهدم والحفر اللي تم إعادة تدويرها زادت بشكل كبير في الست سنين اللي فاتوا، واستثماراتنا في الموقع التاني بتثبت إن فيه فرصة لزيادة التوسع في المجال ده.""","صرح سكوت برويستر، المدير الإداري الذي أسس الشركة عام 2017 مع والده أليكس،: ""من الواضح أن قطاع البناء في استكتلندا يقدر الحاجة إلى تقليل كمية الموارد الطبيعية المستخدمة في هذه الصناعة وكمية الكربون المنبعث مع زيادة استخدام المواد المعاد تدويرها والمواد الثانوية. زادت كمية مخلفات البناء والهدم والحفر المعاد تدويرها على مدار الست سنوات الماضية بشكل ضخم، وتبرهن استثماراتنا في الموقع الثاني أن هناك فرصة لمزيد من التوسع في هذا المجال.","Scott Brewster, managing director, who set up the business in 2017 alongside his father, Alex, said: ""It's increasingly clear that the construction sector in Scotland appreciates the need to reduce the amount of natural resources that the industry uses and the amount of carbon it emits while increasing use of recycled and secondary materials. The volume of construction, demolition and excavation waste that's been recycled over the last six years has grown enormously, and our investment into this second site demonstrates that there's room for a further expansion in this area.",1,Minor,4,True,,0.6805555555555556,1.0,0.9742274284362792,0.6939252336448598,1.0,diagnostic,F,A,,,0.55,0.68,1.0,2,1,3,light,استخدام,كمية,,exact,exact,news
WMT_0548,Total Omission,عندها,[OMITTED],اسكتلندا عندها طموح كبير تتحول للاقتصاد الدائري، والحكومة ناوية تفرض ضريبة جديدة هتسهل التحول عن استخدام المنتجات الخام.,لدى اسكتلندا طموح كبير في التحول إلى الاقتصاد الدائري، وتخطط الحكومة لفرض ضريبة مجمعة جديدة والتي ستسرع من التحول عن استخدام المنتجات الخام.,"""Scotland has big ambitions for transitioning to a circular economy, and the government plans to bring in a new devolved aggregates tax that should accelerate the shift away from the use of virgin products.""",1,Minor,1,True,,0.65,1.0,0.9424881935119628,0.6857142857142857,1.0,diagnostic,F,A,,,0.55,0.5,0.8,1,0,0,light,عندها,[OMITTED],,exact,,news
WMT_0553,Spelling Error,"""Gartshore Works""، عينوا",Gartshore Works، عينت,"وضمن إعادة تطوير الشركة لموقع ""Gartshore Works""، عينوا موظفين جدد مدعومين من صندوق ""Green Jobs Fund"" التابع لـ ""Scottish Enterprise"". الشركة هتعيد تدوير مخلفات المنجم القديم في الموقع وتحول المنطقة لحديقة ريفية للمجتمع المحلي.",وكجزء من إعادة تطوير الشركة لموقع Gartshore Works، عينت موظفين جدد مدعومين من صندوق Green Jobs Fund التابع لـ Scottish Enterprise. وستعيد الشركة أيضًا تدوير مخلفات المنجم القديم في الموقع، وتحويل المنطقة إلى حديقة ريفية للمجتمع المحلي.,"As part of the firm's redevelopment of the derelict Gartshore Works site it has recruited new members of staff supported by Scottish Enterprise's Green Jobs Fund. The firm will also recycle the old bing of colliery waste on the site, and the area will be turned into a country park for the local community.",1,Minor,21,True,,0.8723404255319149,1.0,0.9778742790222168,0.8785046728971962,1.0,score,F,A,,,0.55,0.78,1.0,1,0,1,light,"""Gartshore Works""، عينوا",Gartshore Works، عينت,,exact_seq,exact_seq,news
WMT_0554,Terminology Substitution,هتعيد,أيضًا,"وضمن إعادة تطوير الشركة لموقع ""Gartshore Works""، عينوا موظفين جدد مدعومين من صندوق ""Green Jobs Fund"" التابع لـ ""Scottish Enterprise"". الشركة هتعيد تدوير مخلفات المنجم القديم في الموقع وتحول المنطقة لحديقة ريفية للمجتمع المحلي.",وكجزء من إعادة تطوير الشركة لموقع Gartshore Works، عينت موظفين جدد مدعومين من صندوق Green Jobs Fund التابع لـ Scottish Enterprise. وستعيد الشركة أيضًا تدوير مخلفات المنجم القديم في الموقع، وتحويل المنطقة إلى حديقة ريفية للمجتمع المحلي.,"As part of the firm's redevelopment of the derelict Gartshore Works site it has recruited new members of staff supported by Scottish Enterprise's Green Jobs Fund. The firm will also recycle the old bing of colliery waste on the site, and the area will be turned into a country park for the local community.",1,Minor,4,True,,0.8723404255319149,1.0,0.9778742790222168,0.8913043478260869,1.0,diagnostic,F,A,,,0.55,0.68,1.0,1,0,1,light,هتعيد,ايضًا,,exact,exact,news
WMT_0555,Spelling Error,الموقع وتحول,الموقع، وتحويل,"وضمن إعادة تطوير الشركة لموقع ""Gartshore Works""، عينوا موظفين جدد مدعومين من صندوق ""Green Jobs Fund"" التابع لـ ""Scottish Enterprise"". الشركة هتعيد تدوير مخلفات المنجم القديم في الموقع وتحول المنطقة لحديقة ريفية للمجتمع المحلي.",وكجزء من إعادة تطوير الشركة لموقع Gartshore Works، عينت موظفين جدد مدعومين من صندوق Green Jobs Fund التابع لـ Scottish Enterprise. وستعيد الشركة أيضًا تدوير مخلفات المنجم القديم في الموقع، وتحويل المنطقة إلى حديقة ريفية للمجتمع المحلي.,"As part of the firm's redevelopment of the derelict Gartshore Works site it has recruited new members of staff supported by Scottish Enterprise's Green Jobs Fund. The firm will also recycle the old bing of colliery waste on the site, and the area will be turned into a country park for the local community.",1,Minor,21,True,,0.8723404255319149,1.0,0.9778742790222168,0.8733031674208145,1.0,score,F,A,,,0.55,0.78,1.0,1,0,1,light,الموقع وتحول,الموقع، وتحويل,,exact_seq,exact_seq,news
WMT_0558,Terminology Substitution,حل,احتواء,السياسيين فشلوا في حل أزمة تقليل تكلفة الإيجارات.,أخفق السياسيون في احتواء أزمة تقليل تكلفة الإيجارات,Politicians get it wrong when it comes to rent caps,1,Minor,4,True,,0.6862745098039216,1.0,0.896740734577179,0.7234042553191489,1.0,diagnostic,F,A,,,0.55,0.68,1.0,1,0,1,light,حل,احتواء,,exact,exact,news
WMT_0598,Terminology Substitution,هيخلي,سيجعل,الاقتراح بتقليل الإيجارات هيخلي الحد الأدني للزيادة في الإيجار 6% والحد الأقصى 15%، واللي غريب إن ده هيبقى أعلى من الزيادة السنوية المعتادة. لكن الأهم من كده، إن النظام ده هيبقى صعب ومعقد جدًا وكمان تكلفته عالية عشان يتنفذ ويتراقب. إحنا عندنا بالفعل نظام فيه المجلس الأعلى للإسكان اللي بيحدد إذا كانت زيادة الإيجار عادلة ولا لأ. ده كأننا بنضيف مستوى بيروقراطية تاني مش هيفيد المستأجرين ولا المؤجرين.,هذا الاقتراح بتقليل الإيجارات سيجعل الحد الأدني للزيادة في الإيجار 6 في المائة والحد الأقصى 15 في المائة، ومن المثير للسخرية أن هذا سيكون أعلى من الزيادة السنوية التاريخية. ولكن الأهم من ذلك، أن هذا المخطط سيكون صعبًا ومعقدًا جدًا وباهظًا في تكلفة تنفيذه ومراقبته. لدينا بالفعل نظام يتضمن المجلس الأعلى للإسكان الذي يحدد ما إذا كانت زيادة الإيجار عادلة أم لا. وهذا يبدو كما لو كنا نضيف مستوى آخر من البيروقراطية التي لا تفيد المستأجرون أو المؤجرون.,"This tapering proposal would set rent increases between 6 per cent and a maximum of 15 per cent which, ironically, would be higher than historic annual price rises. But, more importantly, this scheme would be unwieldy, overly complex and prohibitively expensive to monitor and implement. We already have a system involving the first-tier housing tribunal which rules on whether a rent increase is fair. This seems like adding further layers of bureaucracy with no gain for landlords or tenants.",1,Minor,4,True,,0.6540178571428572,1.0,0.9301795959472656,0.6591422121896162,1.0,diagnostic,F,A,,,0.55,0.68,1.0,1,0,1,light,هيخلي,سيجعل,,exact,exact,news
WMT_0711,Terminology Substitution,وبيبرأ,يبريء,المشكلة الأولى إن القانون شامل وبيبرأ مئات الأشخاص، وده ممكن يشمل بعض المُذنبين بالغلط، بس عشان فيه حاجة ضرورية لتبرئة الناس اللي مش مذنبين، فممكن يكون ده تمن يستاهل ندفعه. المشكلة التانية أخطر بكتير. القانون اللي بيلغي أحكام المحكمة بيعمل سابقة خطيرة في الوقت اللي الشعبويين بيختبروا فيه حدود السلطة السياسية.,المشكلة الأولى هو أن القانون شامل يبريء مئات من الأشخاص وهذا قد يشمل بعض المذنبين دون قصد ولكن نظرًا للحاجة الملحة لتبرئة غير المذنبين، فقد يكون هذا ثمنًا يستحق أن ندفعه. المشكلة الثانية أكثر خطورة. القانون الذي يلغي أحكام المحكمة يشكل سابقة خطيرة في الوقت الذي يختبر فيه الشعبويون حدود السلطة السياسية.,"The first is that a blanket law clearing hundreds of people may inadvertently include some who were guilty but, given the pressing need to clear the innocent, this may be a price worth paying. The second is more serious. A law overturning court verdicts may set a dangerous precedent at a time when populists are testing the boundaries of political power.",1,Minor,4,True,,0.6741935483870968,1.0,0.9363110661506652,0.680921052631579,1.0,diagnostic,F,A,,,0.55,0.68,1.0,1,0,1,light,وبيبرا,يبريء,,exact,exact,news
WMT_0716,Spelling Error,اللي بيلغي,الذي يلغي,المشكلة الأولى إن القانون شامل وبيبرأ مئات الأشخاص، وده ممكن يشمل بعض المُذنبين بالغلط، بس عشان فيه حاجة ضرورية لتبرئة الناس اللي مش مذنبين، فممكن يكون ده تمن يستاهل ندفعه. المشكلة التانية أخطر بكتير. القانون اللي بيلغي أحكام المحكمة بيعمل سابقة خطيرة في الوقت اللي الشعبويين بيختبروا فيه حدود السلطة السياسية.,المشكلة الأولى هو أن القانون شامل يبريء مئات من الأشخاص وهذا قد يشمل بعض المذنبين دون قصد ولكن نظرًا للحاجة الملحة لتبرئة غير المذنبين، فقد يكون هذا ثمنًا يستحق أن ندفعه. المشكلة الثانية أكثر خطورة. القانون الذي يلغي أحكام المحكمة يشكل سابقة خطيرة في الوقت الذي يختبر فيه الشعبويون حدود السلطة السياسية.,"The first is that a blanket law clearing hundreds of people may inadvertently include some who were guilty but, given the pressing need to clear the innocent, this may be a price worth paying. The second is more serious. A law overturning court verdicts may set a dangerous precedent at a time when populists are testing the boundaries of political power.",1,Minor,21,True,,0.6741935483870968,1.0,0.9363110661506652,0.6699999999999999,1.0,score,F,A,,,0.55,0.78,1.0,1,0,1,light,اللي بيلغي,الذي يلغي,,exact_seq,exact_seq,news
WMT_0717,Terminology Substitution,بيعمل,يشكل,المشكلة الأولى إن القانون شامل وبيبرأ مئات الأشخاص، وده ممكن يشمل بعض المُذنبين بالغلط، بس عشان فيه حاجة ضرورية لتبرئة الناس اللي مش مذنبين، فممكن يكون ده تمن يستاهل ندفعه. المشكلة التانية أخطر بكتير. القانون اللي بيلغي أحكام المحكمة بيعمل سابقة خطيرة في الوقت اللي الشعبويين بيختبروا فيه حدود السلطة السياسية.,المشكلة الأولى هو أن القانون شامل يبريء مئات من الأشخاص وهذا قد يشمل بعض المذنبين دون قصد ولكن نظرًا للحاجة الملحة لتبرئة غير المذنبين، فقد يكون هذا ثمنًا يستحق أن ندفعه. المشكلة الثانية أكثر خطورة. القانون الذي يلغي أحكام المحكمة يشكل سابقة خطيرة في الوقت الذي يختبر فيه الشعبويون حدود السلطة السياسية.,"The first is that a blanket law clearing hundreds of people may inadvertently include some who were guilty but, given the pressing need to clear the innocent, this may be a price worth paying. The second is more serious. A law overturning court verdicts may set a dangerous precedent at a time when populists are testing the boundaries of political power.",1,Minor,4,True,,0.6741935483870968,1.0,0.9363110661506652,0.6786885245901639,1.0,diagnostic,F,A,,,0.55,0.68,1.0,1,0,1,light,بيعمل,يشكل,,exact,exact,news
WMT_0735,Terminology Substitution,أماكن,غرف,المطالبة برجوع الرقابة على أماكن الاحتجاز في واشنطن.. حياة ناس كتير متوقفة على ده,المطالبة بعودة الإشراف على غرف الاحتجاز في واشنطن. حياة الآخرين تتوقف على ذلك,Bring back oversight for WA's jails. Lives depend on it,1,Minor,4,True,,0.6790123456790124,1.0,0.80576491355896,0.7236842105263157,1.0,diagnostic,F,A,,,0.55,0.68,1.0,1,0,1,light,اماكن,غرف,,exact,exact,news
WMT_0738,Terminology Substitution,ده,ذلك,المطالبة برجوع الرقابة على أماكن الاحتجاز في واشنطن.. حياة ناس كتير متوقفة على ده,المطالبة بعودة الإشراف على غرف الاحتجاز في واشنطن. حياة الآخرين تتوقف على ذلك,Bring back oversight for WA's jails. Lives depend on it,1,Minor,4,True,,0.6790123456790124,1.0,0.80576491355896,0.7088607594936709,1.0,diagnostic,F,A,,,0.55,0.68,1.0,1,0,1,light,ده,ذلك,,exact,exact,news
WMT_0801,Spelling Error,والمديرة التنفيذية,والمدير التنفيذي,هيلي أوكينجا ناشطة ضد الاعتقال ومنظِّمة فعاليات اجتماعية، والمديرة التنفيذية لمؤسسة Beyond These Walls في ولاية واشنطن.,هيلي أوكينجا ناشطة مناهضة للاعتقال ومنظمة اجتماعية، والمدير التنفيذي لمؤسسة Beyond These Walls في ولاية واشنطن.,"Hailey Ockinga is an anti-incarceration activist and community organizer, and the executive director of Beyond These Walls in Washington state.",1,Minor,21,True,,0.8487394957983193,1.0,0.9684438705444336,0.8415841584158416,1.0,score,F,A,,,0.55,0.78,1.0,1,0,1,light,والمديرة التنفيذية,والمدير التنفيذي,,exact_seq,exact_seq,news
WMT_0804,Terminology Substitution,إزاي,كيف,إزاي تعرف إنك على طيارة بوينج 737 ماكس,كيف تعرف أنك على متن طائرة بوينج 737 ماكس,How to find out if you're flying on a Boeing 737 MAX,1,Minor,4,True,,0.7317073170731707,1.0,0.9281864166259766,0.8157894736842105,1.0,diagnostic,F,A,,,0.55,0.68,1.0,1,0,1,light,ازاي,كيف,,exact,exact,news
WMT_0861,Terminology Substitution,فدا,فداء,إزاي بقت بيتا إيدو كبش فدا للنظام السياسي المُختل؟,كيف أصبحت بيتا إيدو كبش فداء للنظام السياسي المختل,How Betta Edu became a scapegoat of a dysfunctional political system,1,Minor,4,True,,0.8,1.0,0.8142860531806946,0.8085106382978724,1.0,diagnostic,F,A,,,0.55,0.68,1.0,1,0,1,light,فدا,فداء,,exact,exact,news
WMT_0862,Spelling Error,المُختل؟,المختل,إزاي بقت بيتا إيدو كبش فدا للنظام السياسي المُختل؟,كيف أصبحت بيتا إيدو كبش فداء للنظام السياسي المختل,How Betta Edu became a scapegoat of a dysfunctional political system,1,Minor,21,True,,0.8,1.0,0.8142860531806946,0.8181818181818181,1.0,score,F,A,,,0.55,0.78,1.0,1,0,1,light,المُختل؟,المختل,,exact,exact,news
WMT_0864,Spelling Error,الشؤون,الشئون,في واقعة حصلت مؤخرًا، بيتا إيدو، وزيرة الشؤون الإنسانية ومكافحة الفقر في حكومة الرئيس بولا أحمد تينوبو، اتوجهت لها مطالبات إنها تتشال من منصبها بسبب ادعاءات إنها اختلست 585 مليون نيرة من صندوق المساعدات. الوزيرة واجهت موجة غضب كبيرة بعد ما اتسرب تقرير بيقول إنها أمرت المحاسب العام الفيدرالي يحوّل المبلغ ده لحسابها الشخصي.,في واقعة حديثة تورطت فيها بيتا إيدو، وزيرة الشئون الإنسانية ومكافحة الفقر في حكومة الرئيس بولا أحمد تينوبو، كانت هناك مطالبات بإقالة الوزيرة من منصبها وسط إدعاءات باختلاس 585 مليون نيرة من صندوق المساعدات. واجهت الوزيرة موجة من الغضب العارم بعد نشر تقرير مسرب يزعم أنها أمرت أوليوتين ميدين المحاسب العام الفيدرالي بتحويل مبلغ 585 مليون نيرة إلى حساب شخصي.,"In a recent incident involving Betta Edu, the Minister of Humanitarian Affairs and Poverty Alleviation in President Bola Ahmed Tinubu's administration, there have been calls for her removal from office amid allegations of misappropriation of a N585 million palliative fund. The minister has faced significant public backlash following the exposure of a leaked memo where she purportedly instructed Oluwatoyin Madein, the Accountant-General (AG) of the federation, to transfer N585 million to a private account.",1,Minor,21,True,,0.6619718309859155,1.0,0.9617388248443604,0.6590257879656161,1.0,score,F,A,,,0.55,0.78,1.0,1,0,1,light,الشؤون,الشئون,,exact,exact,news
WMT_0872,Spelling Error,حسب التقرير المُسرب,طبقًا للتقرير المسرب,"حسب التقرير المُسرب بتاريخ 20 ديسمبر 2023، إيدو كانت أمرت المُحاسب العام إنه يحوّل الفلوس من حساب هيئة الاستثمار الوطني الاجتماعي لحساب شخصي باسم بريدچيت أونيلو، ودي محاسبة في مشروع مكافحة الفقر اللي بتشرف عليه الحكومة الفيدرالية، واللي اسمه مشروع ""منح المجموعات الأكثر احتياجًا""، وهو مشروع تحت إشراف وزارة إيدو.","طبقًا للتقرير المسرب بتاريخ 20 ديسمبر 2023، فإن إيدو أمرت المحاسب العام بتحويل الأمول من حساب هيئة الاستثمار الوطني الاجتماعي إلى حساب شخصي باسم بريدجيت أونيلو، وهي محاسبة في مشروع مكافحة الفقر التابع للحكومة الفيدرالية والذي يسمى مشروع ""منح المجموعات الأكثر احتياجًا"" وهو مشروع تحت إشراف وزارة إيدو.","As per the leaked memo dated 20 December 2023, Edu directed the Accountant-General to transfer the funds from the account of the National Social Investment Office to the private account of Bridget Oniyelu, the accountant of a Federal Government poverty intervention project called ""Grants for Vulnerable Groups,"" a project under Mrs. Edu's ministry.",1,Minor,21,True,,0.8493589743589743,1.0,0.9754681587219238,0.863481228668942,1.0,score,F,A,,,0.55,0.78,1.0,1,0,1,light,حسب التقرير المُسرب,طبقًا للتقرير المسرب,,exact_seq,exact_seq,news
WMT_0873,Total Omission,كانت,[OMITTED],"حسب التقرير المُسرب بتاريخ 20 ديسمبر 2023، إيدو كانت أمرت المُحاسب العام إنه يحوّل الفلوس من حساب هيئة الاستثمار الوطني الاجتماعي لحساب شخصي باسم بريدچيت أونيلو، ودي محاسبة في مشروع مكافحة الفقر اللي بتشرف عليه الحكومة الفيدرالية، واللي اسمه مشروع ""منح المجموعات الأكثر احتياجًا""، وهو مشروع تحت إشراف وزارة إيدو.","طبقًا للتقرير المسرب بتاريخ 20 ديسمبر 2023، فإن إيدو أمرت المحاسب العام بتحويل الأمول من حساب هيئة الاستثمار الوطني الاجتماعي إلى حساب شخصي باسم بريدجيت أونيلو، وهي محاسبة في مشروع مكافحة الفقر التابع للحكومة الفيدرالية والذي يسمى مشروع ""منح المجموعات الأكثر احتياجًا"" وهو مشروع تحت إشراف وزارة إيدو.","As per the leaked memo dated 20 December 2023, Edu directed the Accountant-General to transfer the funds from the account of the National Social Investment Office to the private account of Bridget Oniyelu, the accountant of a Federal Government poverty intervention project called ""Grants for Vulnerable Groups,"" a project under Mrs. Edu's ministry.",1,Minor,1,True,,0.8493589743589743,1.0,0.9754681587219238,0.8571428571428572,1.0,diagnostic,F,A,,,0.55,0.5,0.8,1,0,0,light,كانت,[OMITTED],,exact,,news
WMT_0874,Spelling Error,المُحاسب,المحاسب,"حسب التقرير المُسرب بتاريخ 20 ديسمبر 2023، إيدو كانت أمرت المُحاسب العام إنه يحوّل الفلوس من حساب هيئة الاستثمار الوطني الاجتماعي لحساب شخصي باسم بريدچيت أونيلو، ودي محاسبة في مشروع مكافحة الفقر اللي بتشرف عليه الحكومة الفيدرالية، واللي اسمه مشروع ""منح المجموعات الأكثر احتياجًا""، وهو مشروع تحت إشراف وزارة إيدو.","طبقًا للتقرير المسرب بتاريخ 20 ديسمبر 2023، فإن إيدو أمرت المحاسب العام بتحويل الأمول من حساب هيئة الاستثمار الوطني الاجتماعي إلى حساب شخصي باسم بريدجيت أونيلو، وهي محاسبة في مشروع مكافحة الفقر التابع للحكومة الفيدرالية والذي يسمى مشروع ""منح المجموعات الأكثر احتياجًا"" وهو مشروع تحت إشراف وزارة إيدو.","As per the leaked memo dated 20 December 2023, Edu directed the Accountant-General to transfer the funds from the account of the National Social Investment Office to the private account of Bridget Oniyelu, the accountant of a Federal Government poverty intervention project called ""Grants for Vulnerable Groups,"" a project under Mrs. Edu's ministry.",1,Minor,21,True,,0.8493589743589743,1.0,0.9754681587219238,0.8486842105263158,1.0,score,F,A,,,0.55,0.78,1.0,1,0,1,light,المُحاسب,المحاسب,,exact,exact,news
WMT_0877,Spelling Error,بريدچيت,بريدجيت,"حسب التقرير المُسرب بتاريخ 20 ديسمبر 2023، إيدو كانت أمرت المُحاسب العام إنه يحوّل الفلوس من حساب هيئة الاستثمار الوطني الاجتماعي لحساب شخصي باسم بريدچيت أونيلو، ودي محاسبة في مشروع مكافحة الفقر اللي بتشرف عليه الحكومة الفيدرالية، واللي اسمه مشروع ""منح المجموعات الأكثر احتياجًا""، وهو مشروع تحت إشراف وزارة إيدو.","طبقًا للتقرير المسرب بتاريخ 20 ديسمبر 2023، فإن إيدو أمرت المحاسب العام بتحويل الأمول من حساب هيئة الاستثمار الوطني الاجتماعي إلى حساب شخصي باسم بريدجيت أونيلو، وهي محاسبة في مشروع مكافحة الفقر التابع للحكومة الفيدرالية والذي يسمى مشروع ""منح المجموعات الأكثر احتياجًا"" وهو مشروع تحت إشراف وزارة إيدو.","As per the leaked memo dated 20 December 2023, Edu directed the Accountant-General to transfer the funds from the account of the National Social Investment Office to the private account of Bridget Oniyelu, the accountant of a Federal Government poverty intervention project called ""Grants for Vulnerable Groups,"" a project under Mrs. Edu's ministry.",1,Minor,21,True,,0.8493589743589743,1.0,0.9754681587219238,0.8491803278688524,1.0,score,F,A,,,0.55,0.78,1.0,1,0,1,light,بريدچيت,بريدجيت,,exact,exact,news
WMT_0878,Terminology Substitution,ودي,وهي,"حسب التقرير المُسرب بتاريخ 20 ديسمبر 2023، إيدو كانت أمرت المُحاسب العام إنه يحوّل الفلوس من حساب هيئة الاستثمار الوطني الاجتماعي لحساب شخصي باسم بريدچيت أونيلو، ودي محاسبة في مشروع مكافحة الفقر اللي بتشرف عليه الحكومة الفيدرالية، واللي اسمه مشروع ""منح المجموعات الأكثر احتياجًا""، وهو مشروع تحت إشراف وزارة إيدو.","طبقًا للتقرير المسرب بتاريخ 20 ديسمبر 2023، فإن إيدو أمرت المحاسب العام بتحويل الأمول من حساب هيئة الاستثمار الوطني الاجتماعي إلى حساب شخصي باسم بريدجيت أونيلو، وهي محاسبة في مشروع مكافحة الفقر التابع للحكومة الفيدرالية والذي يسمى مشروع ""منح المجموعات الأكثر احتياجًا"" وهو مشروع تحت إشراف وزارة إيدو.","As per the leaked memo dated 20 December 2023, Edu directed the Accountant-General to transfer the funds from the account of the National Social Investment Office to the private account of Bridget Oniyelu, the accountant of a Federal Government poverty intervention project called ""Grants for Vulnerable Groups,"" a project under Mrs. Edu's ministry.",1,Minor,4,True,,0.8493589743589743,1.0,0.9754681587219238,0.8511326860841424,1.0,diagnostic,F,A,,,0.55,0.68,1.0,1,0,1,light,ودي,وهي,,exact,exact,news
WMT_0879,Spelling Error,"احتياجًا""،","احتياجًا""","حسب التقرير المُسرب بتاريخ 20 ديسمبر 2023، إيدو كانت أمرت المُحاسب العام إنه يحوّل الفلوس من حساب هيئة الاستثمار الوطني الاجتماعي لحساب شخصي باسم بريدچيت أونيلو، ودي محاسبة في مشروع مكافحة الفقر اللي بتشرف عليه الحكومة الفيدرالية، واللي اسمه مشروع ""منح المجموعات الأكثر احتياجًا""، وهو مشروع تحت إشراف وزارة إيدو.","طبقًا للتقرير المسرب بتاريخ 20 ديسمبر 2023، فإن إيدو أمرت المحاسب العام بتحويل الأمول من حساب هيئة الاستثمار الوطني الاجتماعي إلى حساب شخصي باسم بريدجيت أونيلو، وهي محاسبة في مشروع مكافحة الفقر التابع للحكومة الفيدرالية والذي يسمى مشروع ""منح المجموعات الأكثر احتياجًا"" وهو مشروع تحت إشراف وزارة إيدو.","As per the leaked memo dated 20 December 2023, Edu directed the Accountant-General to transfer the funds from the account of the National Social Investment Office to the private account of Bridget Oniyelu, the accountant of a Federal Government poverty intervention project called ""Grants for Vulnerable Groups,"" a project under Mrs. Edu's ministry.",1,Minor,21,True,,0.8493589743589743,1.0,0.9754681587219238,0.847682119205298,1.0,score,F,A,,,0.55,0.78,1.0,1,0,1,light,"احتياجًا""،","احتياجًا""",,exact_seq,exact,news
WMT_0917,Tanween Omission,بناءً,بناء,بناءً على كلام الخبراء، نقدر نستنتج إن في تعارض في القوانين المالية بين الحكومة الفيدرالية والمؤسسات شبه الحكومية. الموضوع اتصاعد لما الوثيقة المُسربة اتنشرت، وظهرت بيتا إيدو كإنها كبش فدا للنظام السياسي المُختل.,بناء على مناقشات الخبراء، يمكننا استنتاج أن هناك تعارضًا يتعلق بالقوانين المالية بين الحكومة الفيدرالية والمؤسسات شبه الحكومية. وتصاعد الموقف عندما نُشرت الوثيقة المسربة، وظهرت بيتا إيدو ككبش فداء لنظام سياسي مختل.,"Based on these expert arguments, it can be inferred that there exists a discord in financial laws between the federal government and other government parastatals. The situation escalated when the leaked document became public, with Betta Edu emerging as a scapegoat for a dysfunctional political system.",1,Minor,8,True,,0.6822429906542056,1.0,0.9529016613960266,0.680952380952381,1.0,score,F,A,,,0.55,0.86,1.0,1,0,1,light,بناءً,بناء,,exact,exact,news
WMT_0918,Terminology Substitution,كلام,مناقشات,بناءً على كلام الخبراء، نقدر نستنتج إن في تعارض في القوانين المالية بين الحكومة الفيدرالية والمؤسسات شبه الحكومية. الموضوع اتصاعد لما الوثيقة المُسربة اتنشرت، وظهرت بيتا إيدو كإنها كبش فدا للنظام السياسي المُختل.,بناء على مناقشات الخبراء، يمكننا استنتاج أن هناك تعارضًا يتعلق بالقوانين المالية بين الحكومة الفيدرالية والمؤسسات شبه الحكومية. وتصاعد الموقف عندما نُشرت الوثيقة المسربة، وظهرت بيتا إيدو ككبش فداء لنظام سياسي مختل.,"Based on these expert arguments, it can be inferred that there exists a discord in financial laws between the federal government and other government parastatals. The situation escalated when the leaked document became public, with Betta Edu emerging as a scapegoat for a dysfunctional political system.",1,Minor,4,True,,0.6822429906542056,1.0,0.9529016613960266,0.7019230769230769,1.0,diagnostic,F,A,,,0.55,0.68,1.0,1,0,1,light,كلام,مناقشات,,exact,exact,news
WMT_0941,Terminology Substitution,مش,ليست,"Celeste مش ""النسخة الكويسة"" أو ""النسخة النهائية"" من اللعبة اللي معمولة بمحرك بيكو-8، دي مجرد طريقة تانية لعرض نفس القصة الأساسية. وبالنسبة لحد بيحب القصص الطويلة والقصيرة زيي، ربط الأحداث بالطريقة دي ممتع جدًا بصراحة.","Celeste ليست ""النسخة الجيدة"" أو ""النسخة النهائية"" من اللعبة المصنوعة بمحرك بيكو-8، بل إنها مجرد تناول مختلف للقصة الأساسية نفسها. وكشخص يحب القصص الطويلة والقصيرة، أجد أن الترابط بهذه الطريقة مثير وممتع حقًا.","Celeste isn't ""the good version"" or ""the finished version"" of the pico-8 game, it's just a different approach to the same core story. As someone that loves both shortform and longform stuff, seeing the connection laid bare this way is really interesting and delightful.",1,Minor,4,True,,0.6359447004608295,1.0,0.87675940990448,0.6511627906976745,1.0,diagnostic,F,A,,,0.55,0.68,1.0,1,0,1,light,مش,ليست,,exact,exact,social
WMT_0962,Terminology Substitution,شغّلني,وظفني,شغّلني,وظفني,ps hire me,1,Minor,4,True,,0.3333333333333333,1.0,0.753637433052063,0.9,1.0,diagnostic,F,A,,,0.55,0.68,1.0,1,0,1,light,شغّلني,وظفني,,exact,exact,social
WMT_0975,Terminology Substitution,جزء,عامل,"@user15 @user14 بحس إن ""التجربة المشتركة"" جزء مهم في الفن، سواء مشاركة بين الجمهور أو مشاركة الفنان مع الجمهور. لما تخلق فنك بنفسك، وتعزفه بنفسك.","@user15 @user14 أشعر أن ""التجربة المشتركة"" عامل مهم في الفن. إما المشاركة بين الجمهور أو مشاركة المبدع مع الجمهور. عندما تبتكر الفن الخاص بك، تعزفه بنفسك","@user15 @user14 I feel like ""shared experience"" is a defining factor of entertainment. Either sharing among an audience or an entertainer sharing with an audience. When you make your own entertainment, just for you, you're just playing with yourself",1,Minor,4,True,,0.7516339869281046,1.0,0.943296194076538,0.7718120805369127,1.0,diagnostic,F,A,,,0.55,0.68,1.0,1,0,1,light,جزء,عامل,,exact,exact,social
WMT_1024,Terminology Substitution,رهيب!,رائع!,@user33 رهيب!,@user33 رائع!,@user33 wow!,1,Minor,4,True,,0.7692307692307692,1.0,0.9808269739151,1.0,1.0,diagnostic,F,A,,,0.55,0.68,1.0,1,0,1,light,رهيب!,رائع!,,exact,exact,social
WMT_1051,Total Omission,الوهمية,[OMITTED],بننخرط في العلاقات الاجتماعية الوهمية بطريقة أكتر حذر.,ننخرط في العلاقات شبه الاجتماعية بطريقة أكثر حذرًا.,we step into parasocial relationships more gingerly.,1,Minor,1,True,,0.7037037037037037,1.0,0.87381911277771,0.8235294117647058,1.0,diagnostic,F,A,,,0.55,0.5,0.8,1,0,0,light,الوهمية,[OMITTED],,exact,,social
WMT_1052,Spelling Error,أكتر حذر.,أكثر حذرًا.,بننخرط في العلاقات الاجتماعية الوهمية بطريقة أكتر حذر.,ننخرط في العلاقات شبه الاجتماعية بطريقة أكثر حذرًا.,we step into parasocial relationships more gingerly.,1,Minor,21,True,,0.7037037037037037,1.0,0.87381911277771,0.7111111111111111,1.0,score,F,A,,,0.55,0.78,1.0,1,0,1,light,اكتر حذر.,اكثر حذرًا.,,exact_seq,exact_seq,social
WMT_1072,Terminology Substitution,زقيت,دفعت,زقيت نفسي جوه الشق بكُرة بيسبول كبيرة.,دفعت نفسي داخل الشق بكرة بيسبول عملاقة,Pushing myself into the crevasse with a giant baseball,1,Minor,4,True,,0.631578947368421,1.0,0.6931087970733643,0.6764705882352942,1.0,diagnostic,F,A,,,0.55,0.68,1.0,1,0,1,light,زقيت,دفعت,,exact,exact,social
WMT_1073,Terminology Substitution,جوه,داخل,زقيت نفسي جوه الشق بكُرة بيسبول كبيرة.,دفعت نفسي داخل الشق بكرة بيسبول عملاقة,Pushing myself into the crevasse with a giant baseball,1,Minor,4,True,,0.631578947368421,1.0,0.6931087970733643,0.7142857142857143,1.0,diagnostic,F,A,,,0.55,0.68,1.0,1,0,1,light,جوه,داخل,,exact,exact,social
WMT_1075,Terminology Substitution,كبيرة.,عملاقة,زقيت نفسي جوه الشق بكُرة بيسبول كبيرة.,دفعت نفسي داخل الشق بكرة بيسبول عملاقة,Pushing myself into the crevasse with a giant baseball,1,Minor,4,True,,0.631578947368421,1.0,0.6931087970733643,0.75,1.0,diagnostic,F,A,,,0.55,0.68,1.0,1,0,1,light,كبيرة.,عملاقة,,exact,exact,social
WMT_1094,Terminology Substitution,وقت,زمن,وقت الهبوط على القمر (فاضل ساعة تقريبًا على الانطلاق) https://plus.nasa.gov/scheduled-video/intuitive-machines-1-lunar-landing/,زمن الهبوط على القمر (يتبقى ساعة تقريبًا على الانطاق) https://plus.nasa.gov/scheduled-video/intuitive-machines-1-lunar-landing/,Moon landing time (about an hour to go) https://plus.nasa.gov/scheduled-video/intuitive-machines-1-lunar-landing/,1,Minor,4,True,,0.9291338582677166,1.0,0.9776707291603088,0.9516129032258064,1.0,diagnostic,F,A,,,0.55,0.68,1.0,1,0,1,light,وقت,زمن,,exact,exact,social
WMT_1095,Terminology Substitution,(فاضل,(يتبقى,وقت الهبوط على القمر (فاضل ساعة تقريبًا على الانطلاق) https://plus.nasa.gov/scheduled-video/intuitive-machines-1-lunar-landing/,زمن الهبوط على القمر (يتبقى ساعة تقريبًا على الانطاق) https://plus.nasa.gov/scheduled-video/intuitive-machines-1-lunar-landing/,Moon landing time (about an hour to go) https://plus.nasa.gov/scheduled-video/intuitive-machines-1-lunar-landing/,1,Minor,4,True,,0.9291338582677166,1.0,0.9776707291603088,0.9672131147540984,1.0,diagnostic,F,A,,,0.55,0.68,1.0,1,0,1,light,(فاضل,(يتبقي,,exact,exact,social
WMT_1096,Spelling Error,الانطلاق),الانطاق),وقت الهبوط على القمر (فاضل ساعة تقريبًا على الانطلاق) https://plus.nasa.gov/scheduled-video/intuitive-machines-1-lunar-landing/,زمن الهبوط على القمر (يتبقى ساعة تقريبًا على الانطاق) https://plus.nasa.gov/scheduled-video/intuitive-machines-1-lunar-landing/,Moon landing time (about an hour to go) https://plus.nasa.gov/scheduled-video/intuitive-machines-1-lunar-landing/,1,Minor,21,True,,0.9291338582677166,1.0,0.9776707291603088,0.9327731092436976,1.0,score,F,A,,,0.55,0.78,1.0,1,0,1,light,الانطلاق),الانطاق),,exact,exact,social
WMT_1097,Terminology Substitution,السفينة,المركبة,حجم السفينة الفضائية قد كابينة تليفون قديمة في المملكة المتحدة...,حجم المركبة الفضائية مثل حجم كابينة الهاتف القديمة في المملكة المتحدة...,The lander is about the size of old UK telephone box...,1,Minor,4,True,,0.75,1.0,0.9069783091545104,0.7846153846153846,1.0,diagnostic,F,A,,,0.55,0.68,1.0,1,0,1,light,السفينة,المركبة,,exact,exact,social
WMT_1106,Total Omission,عندهم.,[OMITTED],البث المباشر بيقول إن فيه إشارة عندهم.,البث المباشر يخبرنا بأن لديهم إشارة,Live feed says that they have a signal,1,Minor,1,True,,0.5263157894736843,1.0,0.7928701639175415,0.6571428571428571,1.0,diagnostic,F,A,,,0.55,0.5,0.8,1,0,0,light,عندهم.,[OMITTED],,exact,,social
WMT_1108,Spelling Error,وبنبث.,ونبث,إحنا دلوقتي على السطح وبنبث.,نحن الآن على السطح ونبث,"""We're on the surface and transmitting""",1,Minor,21,True,,0.6785714285714286,1.0,0.8306204676628113,0.6818181818181819,1.0,score,F,A,,,0.55,0.78,1.0,1,0,1,light,وبنبث.,ونبث,,exact,exact,social
WMT_1119,Terminology Substitution,الآخر,النهاية,أعتقد إن الحل هو نفصل التصميم عن هدفه الخيالي، الناس بيعملوا كده في الآخر مع الطيارات النفاثة والدبابات الحقيقة، بس دماغي مش قادر يعمل كده.,أعتقد أن الإجابة هي فصل التصميم عن هدفه الخيالي، فالأشخاص يفعلون ذلك في النهاية مع الطائرات النفاثة والدبابات الحقيقية، لكن عقلي لا يمكنه القيام بذلك,"I imagine the answer is to just kinda divorce the design from its fictional intent, ppl do that with real world tanks and jets after all, but my brain is having a DIFFICULT time w that",1,Minor,4,True,,0.6577181208053691,1.0,0.9278967380523682,0.676056338028169,1.0,diagnostic,F,A,,,0.55,0.68,1.0,1,0,1,light,الاخر,النهاية,,exact,exact,social
WMT_1120,Spelling Error,الطيارات,الطائرات,أعتقد إن الحل هو نفصل التصميم عن هدفه الخيالي، الناس بيعملوا كده في الآخر مع الطيارات النفاثة والدبابات الحقيقة، بس دماغي مش قادر يعمل كده.,أعتقد أن الإجابة هي فصل التصميم عن هدفه الخيالي، فالأشخاص يفعلون ذلك في النهاية مع الطائرات النفاثة والدبابات الحقيقية، لكن عقلي لا يمكنه القيام بذلك,"I imagine the answer is to just kinda divorce the design from its fictional intent, ppl do that with real world tanks and jets after all, but my brain is having a DIFFICULT time w that",1,Minor,21,True,,0.6577181208053691,1.0,0.9278967380523682,0.6524822695035462,1.0,score,F,A,,,0.55,0.78,1.0,1,0,1,light,الطيارات,الطائرات,,exact,exact,social
WMT_1183,Spelling Error,إنك تلاقي توازن,إن تحقيق التوازن,إنك تلاقي توازن في المجال الأكاديمي حاجة نادرة، بس الوقت اللي بتبعدي فيه عن الورق هو الوقت اللي بتجيلك فيه أحسن الأفكار. 💭,إن تحقيق التوازن في الأوساط الأكاديمية أمر نادر، لكن الوقت الذي تقضيه بعيدًا عن الصفحة هو الوقت الذي تأتيك فيه أفضل الأفكار. 💭,"Balance in academia is rare, but time away from the page is when the best thoughts occur. 💭",1,Minor,21,True,,0.6666666666666667,1.0,0.8900738954544067,0.6727272727272727,1.0,score,F,A,,,0.55,0.78,1.0,1,0,1,light,انك تلاقي توازن,ان تحقيق التوازن,,exact_seq,exact_seq,social
WMT_1186,Terminology Substitution,الورق,الصفحة,إنك تلاقي توازن في المجال الأكاديمي حاجة نادرة، بس الوقت اللي بتبعدي فيه عن الورق هو الوقت اللي بتجيلك فيه أحسن الأفكار. 💭,إن تحقيق التوازن في الأوساط الأكاديمية أمر نادر، لكن الوقت الذي تقضيه بعيدًا عن الصفحة هو الوقت الذي تأتيك فيه أفضل الأفكار. 💭,"Balance in academia is rare, but time away from the page is when the best thoughts occur. 💭",1,Minor,4,True,,0.6666666666666667,1.0,0.8900738954544067,0.6833333333333333,1.0,diagnostic,F,A,,,0.55,0.68,1.0,1,0,1,light,الورق,الصفحة,,exact,exact,social
WMT_1188,Terminology Substitution,أحسن,أفضل,إنك تلاقي توازن في المجال الأكاديمي حاجة نادرة، بس الوقت اللي بتبعدي فيه عن الورق هو الوقت اللي بتجيلك فيه أحسن الأفكار. 💭,إن تحقيق التوازن في الأوساط الأكاديمية أمر نادر، لكن الوقت الذي تقضيه بعيدًا عن الصفحة هو الوقت الذي تأتيك فيه أفضل الأفكار. 💭,"Balance in academia is rare, but time away from the page is when the best thoughts occur. 💭",1,Minor,4,True,,0.6666666666666667,1.0,0.8900738954544067,0.680327868852459,1.0,diagnostic,F,A,,,0.55,0.68,1.0,1,0,1,light,احسن,افضل,,exact,exact,social
WMT_1226,Spelling Error,التنفس... استخدميه. بجد.,تنفس...استخدميه. حقًا.,وجهاز التنفس... استخدميه. بجد.,وجهاز تنفس...استخدميه. حقًا.,And a respirator… use it. For real.,1,Minor,21,True,,0.7666666666666666,1.0,0.925866425037384,1.0,1.0,score,F,A,,,0.55,0.78,1.0,1,0,1,light,التنفس... استخدميه. بجد.,تنفس...استخدميه. حقًا.,,exact_seq,exact_seq,social
WMT_1231,Terminology Substitution,الأدوات,المعدات,أنا من أنصار استخدام الأدوات الواقية!,أنا أؤيد بشدة استخدام المعدات الواقية!,I'm a solid proponent of using protective gear!,1,Minor,4,True,,0.6842105263157895,1.0,0.8587433099746704,0.7096774193548387,1.0,diagnostic,F,A,,,0.55,0.68,1.0,1,0,1,light,الادوات,المعدات,,exact,exact,social
WMT_1242,Terminology Substitution,أي,كل,@user31 أنا عمري ما استخدمته في أي دروس حساب مثلثات في الثانوي.,@user31 لم استخدمه مطلقًا في كل دروس حساب المثلثات في الثانوية,@user31 i never even used it in all of HS trig lmao,1,Minor,4,True,,0.6507936507936508,1.0,0.856751561164856,0.6721311475409837,1.0,diagnostic,F,A,,,0.55,0.68,1.0,1,0,1,light,اي,كل,,exact,exact,social
WMT_1247,Spelling Error,الأوقات.,الوقت,بس أيوه، هي إما DMS أو درجة عشرية لإحداثيات GPS اللي بألاقيها في أغلب الأوقات.,لكن نعم إنه إما DMS أو درجة عشرية لإحداثيات GPS التي أجدها أغلب الوقت,but yeah it's either DMS or decimal degrees for GPS coordinates most of the time i've found,1,Minor,21,True,,0.717948717948718,1.0,0.9458502531051636,0.7285714285714286,1.0,score,F,A,,,0.55,0.78,1.0,1,0,1,light,الاوقات.,الوقت,,exact,exact,social
WMT_1252,Terminology Substitution,شاطرة,ماهرة,وهي شاطرة جدًا في الإنجليزي.,وهي ماهرة جدًا في اللغة الإنجليزية.,And she is very adept with the English language.,1,Minor,4,True,,0.7428571428571429,1.0,0.8641965389251709,0.7666666666666666,1.0,diagnostic,F,A,,,0.55,0.68,1.0,1,0,1,light,شاطرة,ماهرة,,exact,exact,social
WMT_1269,Spelling Error,مبالغ,مبالغًا,العدسات الـ fisheye مبالغ فيها أوي بالنسبة لصندوق تعشيش.,ربما تكون عدسات fisheye مبالغًا فيها بالنسبة لصندوق تعشيش.,Maybe a fisheye lens is a bit overkill for a nesting box.,1,Minor,21,True,,0.6724137931034483,1.0,0.8430535793304443,0.6666666666666667,1.0,score,F,A,,,0.55,0.78,1.0,1,0,1,light,مبالغ,مبالغًا,,exact,exact,social
WMT_1270,Total Omission,أوي,[OMITTED],العدسات الـ fisheye مبالغ فيها أوي بالنسبة لصندوق تعشيش.,ربما تكون عدسات fisheye مبالغًا فيها بالنسبة لصندوق تعشيش.,Maybe a fisheye lens is a bit overkill for a nesting box.,1,Minor,1,True,,0.6724137931034483,1.0,0.8430535793304443,0.7241379310344828,1.0,diagnostic,F,A,,,0.55,0.5,0.8,1,0,0,light,اوي,[OMITTED],,exact,,social
WMT_1285,Terminology Substitution,فيه,توجد,في الجزء العلوي فيه ألواح كاميرا ESP32 بعدسات fisheye ومصباح LED بالأشعة تحت الحمراء اللي سرقته من كاميرا Raspberry Pi.,في الجزء العلوي توجد ألواح كاميرا ESP32 مزودة بعدسات fisheye ومصباح LED بالأشعة تحت الحمراء سرقته من كاميرا Raspberry Pi.,In the top is one of those ESP32 camera boards with a fisheye-lens camera and an IR-LED I stole off a Raspberry Pi camera.,1,Minor,4,True,,0.8760330578512396,1.0,0.9893214106559752,0.905982905982906,1.0,diagnostic,F,A,,,0.55,0.68,1.0,2,1,1,light,فيه,توجد,,kw_suffix_ه,exact,social
WMT_1286,Total Omission,اللي,[OMITTED],في الجزء العلوي فيه ألواح كاميرا ESP32 بعدسات fisheye ومصباح LED بالأشعة تحت الحمراء اللي سرقته من كاميرا Raspberry Pi.,في الجزء العلوي توجد ألواح كاميرا ESP32 مزودة بعدسات fisheye ومصباح LED بالأشعة تحت الحمراء سرقته من كاميرا Raspberry Pi.,In the top is one of those ESP32 camera boards with a fisheye-lens camera and an IR-LED I stole off a Raspberry Pi camera.,1,Minor,1,True,,0.8760330578512396,1.0,0.9893214106559752,0.9090909090909092,1.0,diagnostic,F,A,,,0.55,0.5,0.8,1,0,0,light,اللي,[OMITTED],,exact,,social
WMT_1290,Spelling Error,التصميم,تصميمي,سبب الشكل الغريب للصندوق البلاستيك هو اللوحة الجانبية اللي بتلف لصندوق التعشيش. اشتريته كده ومقدرتش أعدله، فكان لازم أكمل التصميم على نفس الشكل.,السبب وراء هذا الشكل الغريب للصندوق البلاستيكي هو اللوحة الجانبية الدوارة لصندوق التعشيش. اشتريته بهذا الشكل ولم أستطع تعديله لهذا كان علي أن أكمل تصميمي على هذا الشكل.,The reason for the weird shape of that plastic box is the swiveling side panel of the nesting box. I bought it like that and couldn't modify it so I had to design around it.,1,Minor,21,True,,0.6785714285714286,1.0,0.9006140232086182,0.6851851851851851,1.0,score,F,A,,,0.55,0.78,1.0,1,0,1,light,التصميم,تصميمي,,exact,exact,social
WMT_1291,Terminology Substitution,نفس,هذا,سبب الشكل الغريب للصندوق البلاستيك هو اللوحة الجانبية اللي بتلف لصندوق التعشيش. اشتريته كده ومقدرتش أعدله، فكان لازم أكمل التصميم على نفس الشكل.,السبب وراء هذا الشكل الغريب للصندوق البلاستيكي هو اللوحة الجانبية الدوارة لصندوق التعشيش. اشتريته بهذا الشكل ولم أستطع تعديله لهذا كان علي أن أكمل تصميمي على هذا الشكل.,The reason for the weird shape of that plastic box is the swiveling side panel of the nesting box. I bought it like that and couldn't modify it so I had to design around it.,1,Minor,4,True,,0.6785714285714286,1.0,0.9006140232086182,0.6909090909090909,1.0,diagnostic,F,A,,,0.55,0.68,1.0,1,0,4,light,نفس,هذا,,exact,exact,social
WMT_1298,Terminology Substitution,ولا,أو,أنا مصورتش البطارية ولا الشاحن، بس دي صورة للوحة.,لم أصور البطارية أو الشاحن، ولكن هذه صورة للوحة.,"I didn't photograph the cell or the charger, but here's a picture of the panel.",1,Minor,4,True,,0.6734693877551021,1.0,0.9228124618530272,0.7173913043478262,1.0,diagnostic,F,A,,,0.55,0.68,1.0,1,0,1,light,ولا,او,,exact,exact,social
WMT_1300,Terminology Substitution,اللي,الموجود,الصندوق الرمادي اللي على جنب صندوق التعشيش هو مكان البطارية.,الصندوق الرمادي الموجود على جانب صندوق التعشيش هو مكان البطارية.,The gray box that hangs on the side of the nesting box is where the battery lives.,1,Minor,4,True,,0.90625,1.0,0.9724259972572328,0.9824561403508772,1.0,diagnostic,F,A,,,0.55,0.68,1.0,1,0,1,light,اللي,الموجود,,exact,exact,social
WMT_1301,Terminology Substitution,جنب,جانب,الصندوق الرمادي اللي على جنب صندوق التعشيش هو مكان البطارية.,الصندوق الرمادي الموجود على جانب صندوق التعشيش هو مكان البطارية.,The gray box that hangs on the side of the nesting box is where the battery lives.,1,Minor,4,True,,0.90625,1.0,0.9724259972572328,0.9166666666666666,1.0,diagnostic,F,A,,,0.55,0.68,1.0,1,0,1,light,جنب,جانب,,exact,exact,social
WMT_1325,Total Omission,ملحقتش تتشحن,[OMITTED],يمكن كمان البطارية ملحقتش تتشحن بالكامل في أقل من نص يوم.,ربما تعذر شحن البطارية بالكامل في فترة أقل من نصف يوم.,Maybe it couldn't fully charge up in a little less than half a day.,1,Minor,1,True,,0.4736842105263158,1.0,0.83208829164505,0.6666666666666667,1.0,diagnostic,F,A,,,0.55,0.5,0.8,1,0,0,light,ملحقتش تتشحن,[OMITTED],,exact_seq,,social
WMT_1340,Terminology Substitution,عظيم.,رائع.,عظيم.,رائع.,Great.,1,Minor,4,True,,0.1999999999999999,1.0,0.9144906997680664,0.9,1.0,diagnostic,F,A,,,0.55,0.68,1.0,1,0,1,light,عظيم.,رائع.,,exact,exact,social
WMT_1342,Terminology Substitution,اللي,المناسبة,حسب الألواح الشمسية اللي على البيت، الشمس بتطلع فعليًا لمدة 90 دقيقة.,طبقًا للألواح الشمسية المناسبة على المنزل تسطع الشمس فعليًا لمدة 90 دقيقة.,According to the proper solar panels on the house the sun is only really up for about 90 minutes.,1,Minor,4,True,,0.6486486486486487,1.0,0.9366062879562378,0.696969696969697,1.0,diagnostic,F,A,,,0.55,0.68,1.0,1,0,1,light,اللي,المناسبة,,exact,exact,social
WMT_1344,Total Omission,بتطلع,[OMITTED],حسب الألواح الشمسية اللي على البيت، الشمس بتطلع فعليًا لمدة 90 دقيقة.,طبقًا للألواح الشمسية المناسبة على المنزل تسطع الشمس فعليًا لمدة 90 دقيقة.,According to the proper solar panels on the house the sun is only really up for about 90 minutes.,1,Minor,1,True,,0.6486486486486487,1.0,0.9366062879562378,0.7162162162162162,1.0,diagnostic,F,A,,,0.55,0.5,0.8,1,0,0,light,بتطلع,[OMITTED],,exact,,social
WMT_1349,Terminology Substitution,اللي,الذي,اتضح إن قاطع USB-C اللي كنت مستخدمه عشان أوصل شاحن البطارية بدّل 5V وGND على الشاشة الحريرية.,اتضح أن قاطع USB-C الذي كنت استخدمه لتوصيل شاحن البطارية حل محل 5V وGND على الشاشة الحريرية.,Turns out the USB-C breakout I was using to plug into the Battery Charger had 5V and GND swapped on the silkscreen.,1,Minor,4,True,,0.8387096774193549,1.0,0.9438714981079102,0.8426966292134832,1.0,diagnostic,F,A,,,0.55,0.68,1.0,1,0,1,light,اللي,الذي,,exact,exact,social
WMT_1359,Spelling Error,مستمرة وده بيتسبب,مستمر ويتسبب,يبدو إن فيه إعادة تشغيل مستمرة وده بيتسبب في مشكلة إعادة تشغيل Tasmotas.,يبدو أن هذا إعادة تشغيل مستمر ويتسبب في ميزة إعادة تشغيل Tasmotas.,Looks like it's reboot-looping and triggering Tasmotas reset feature.,1,Minor,21,True,,0.8333333333333334,1.0,0.892061710357666,0.8727272727272728,1.0,score,F,A,,,0.55,0.78,1.0,1,0,1,light,مستمرة وده بيتسبب,مستمر ويتسبب,,exact_seq,exact_seq,social
WMT_1360,Terminology Substitution,مشكلة,ميزة,يبدو إن فيه إعادة تشغيل مستمرة وده بيتسبب في مشكلة إعادة تشغيل Tasmotas.,يبدو أن هذا إعادة تشغيل مستمر ويتسبب في ميزة إعادة تشغيل Tasmotas.,Looks like it's reboot-looping and triggering Tasmotas reset feature.,1,Minor,4,True,,0.8333333333333334,1.0,0.892061710357666,0.8656716417910448,1.0,diagnostic,F,A,,,0.55,0.68,1.0,1,0,1,light,مشكلة,ميزة,,exact,exact,social
WMT_1372,Total Omission,يا,[OMITTED],يا إما البوردة فيها حاجة أو جهاز القياس المتعدد القياسات بايظ أو إنهم غيروا الكتالوج.,إما إن هناك خطأ ما في اللوحة أو جهاز القياس المتعدد القياسات أو إنهم غيروا الدليل.,"So either there's something wrong with this panel or my multimeter, or they changed the listing.",1,Minor,1,True,,0.6588235294117647,1.0,0.8029833436012268,0.6506024096385542,1.0,diagnostic,F,A,,,0.55,0.5,0.8,1,0,0,light,يا,[OMITTED],,exact,,social
WMT_1373,Total Omission,بايظ,[OMITTED],يا إما البوردة فيها حاجة أو جهاز القياس المتعدد القياسات بايظ أو إنهم غيروا الكتالوج.,إما إن هناك خطأ ما في اللوحة أو جهاز القياس المتعدد القياسات أو إنهم غيروا الدليل.,"So either there's something wrong with this panel or my multimeter, or they changed the listing.",1,Minor,1,True,,0.6588235294117647,1.0,0.8029833436012268,0.6951219512195121,1.0,diagnostic,F,A,,,0.55,0.5,0.8,1,0,0,light,بايظ,[OMITTED],,exact,,social
WMT_1374,Terminology Substitution,الكتالوج.,الدليل.,يا إما البوردة فيها حاجة أو جهاز القياس المتعدد القياسات بايظ أو إنهم غيروا الكتالوج.,إما إن هناك خطأ ما في اللوحة أو جهاز القياس المتعدد القياسات أو إنهم غيروا الدليل.,"So either there's something wrong with this panel or my multimeter, or they changed the listing.",1,Minor,4,True,,0.6588235294117647,1.0,0.8029833436012268,0.6842105263157895,1.0,diagnostic,F,A,,,0.55,0.68,1.0,1,0,1,light,الكتالوج.,الدليل.,,exact,exact,social
WMT_1377,Terminology Substitution,بيتقال,يطلق,الدليل الجديد والقديم بيتقال عليها لوحة 12 فولت 10 وات.,الدليل الجديد والقديم يطلق عليها لوحة 12 فولت 10 وات.,Both the old and the new Listing titles call it a 12V 10W panel.,1,Minor,4,True,,0.9090909090909092,1.0,0.938919723033905,1.0,1.0,diagnostic,F,A,,,0.55,0.68,1.0,1,0,1,light,بيتقال,يطلق,,exact,exact,social
WMT_1404,Terminology Substitution,ستيكرات,ملصقات,ستيكرات مات جراي مجانية.,ملصقات مات جراي مجانية.,Free Matt Gray stickers.,1,Minor,4,True,,0.7916666666666666,1.0,0.8289529085159302,1.0,1.0,diagnostic,F,A,,,0.55,0.68,1.0,1,0,1,light,ستيكرات,ملصقات,,exact,exact,social
WMT_1413,Terminology Substitution,الجاية,القادمة,لو شفتني في أي مناسبة غالبًا بتكون معايا. المناسبات الجاية على تقويمي:,إذا كنت في أي مناسبة فإنها تكون معي. المناسبات القادمة على تقويمي هي:,If I'm at an event I have them on me. The only upcoming events in my calendar currently are:,1,Minor,4,True,,0.7,1.0,0.7615163326263428,0.71875,1.0,diagnostic,F,A,,,0.55,0.68,1.0,1,0,1,light,الجاية,القادمة,,exact,exact,social
WMT_1415,Spelling Error,(واحد من الحضور).,(أحد الحضور),Superbooth Berlin (واحد من الحضور).,Superbooth Berlin (أحد الحضور),Superbooth Berlin (just an attendee),1,Minor,21,True,,0.8285714285714285,1.0,0.9022037386894226,1.0,1.0,score,F,A,,,0.55,0.78,1.0,1,0,1,light,(واحد من الحضور).,(احد الحضور),,exact_seq,exact_seq,social
WMT_1429,Terminology Substitution,لقيته,وجدته,@user50 لقيته في mirror universe؟,@user50 وجدته في mirror universe؟,@user50 Found in the mirror universe?,1,Minor,4,True,,0.9090909090909092,1.0,0.9920375347137452,1.0,1.0,diagnostic,F,A,,,0.55,0.68,1.0,1,0,1,light,لقيته,وجدته,,exact,exact,social
WMT_1430,Terminology Substitution,صاروخي,حاسم,صاروخ صاروخي من سترود في نص دورة مثالية على المرمى. #DCU #MLS #MastodonFC,صاروخ حاسم من سترود في نصف دورة مثالية تجاه الهدف. #DCU #MLS #MastodonFC,Absolute rocket from from Stroud on a perfect half turn to goal. #DCU #MLS #MastodonFC,1,Minor,4,True,,0.8082191780821918,1.0,0.9059311747550964,0.8676470588235294,1.0,diagnostic,F,A,,,0.55,0.68,1.0,2,1,1,light,صاروخي,حاسم,,kw_suffix_ي,exact,social
WMT_1431,Terminology Substitution,نص,نصف,صاروخ صاروخي من سترود في نص دورة مثالية على المرمى. #DCU #MLS #MastodonFC,صاروخ حاسم من سترود في نصف دورة مثالية تجاه الهدف. #DCU #MLS #MastodonFC,Absolute rocket from from Stroud on a perfect half turn to goal. #DCU #MLS #MastodonFC,1,Minor,4,True,,0.8082191780821918,1.0,0.9059311747550964,0.8169014084507042,1.0,diagnostic,F,A,,,0.55,0.68,1.0,1,0,1,light,نص,نصف,,exact,exact,social
WMT_1443,Terminology Substitution,بقى,أصبح,من المدهش إن كان في ركلتين جزاء لفريق #DCU وكان لازم يسجلوا فيهم. الحل بقى في إيد فريق ميامي #MLS #mastodonfc,من المدهش أن كان هناك ركلتا جزاء لفريق #DCU وكان يجب أن يحرز أيهما. الحل أصبح في يد فريق ميامي #MLS #mastodonfc,Amazing how there's two PKs #DCU should have had and got neither. The fix is so in for Miami #MLS #mastodonfc,1,Minor,4,True,,0.7747747747747747,1.0,0.9056115746498108,0.8037383177570093,1.0,diagnostic,F,A,,,0.55,0.68,1.0,1,0,1,light,بقي,اصبح,,exact,exact,social
WMT_1444,Terminology Substitution,إيد,يد,من المدهش إن كان في ركلتين جزاء لفريق #DCU وكان لازم يسجلوا فيهم. الحل بقى في إيد فريق ميامي #MLS #mastodonfc,من المدهش أن كان هناك ركلتا جزاء لفريق #DCU وكان يجب أن يحرز أيهما. الحل أصبح في يد فريق ميامي #MLS #mastodonfc,Amazing how there's two PKs #DCU should have had and got neither. The fix is so in for Miami #MLS #mastodonfc,1,Minor,4,True,,0.7747747747747747,1.0,0.9056115746498108,0.7798165137614679,1.0,diagnostic,F,A,,,0.55,0.68,1.0,1,0,1,light,ايد,يد,,exact,exact,social
WMT_1448,Terminology Substitution,بس,ولكن,انهيار تام. واضح إن الحكام عرقلوا الفريق، بس العشرين دقيقة الأخيرة من الماتش كانت لفريق ملوش حق في الفوز. #DCU #MLS #mastodonfc,انهيار تام. من الواضح أن المسؤولين عرقلوا الفريق، ولكن العشرين دقيقة الأخيرة من المباراة كانت لفريق لا يستحق الفوز. #DCU #MLS #mastodonfc,"Absolute meltdown. Obviously, the officiating hamstrung them, but the last twenty minutes are the play of the team that did not deserve to win. #DCU #MLS #mastodonfc",1,Minor,4,True,,0.7883211678832117,1.0,0.9071176052093506,0.8120300751879699,1.0,diagnostic,F,A,,,0.55,0.68,1.0,1,0,1,light,بس,ولكن,,exact,exact,social
WMT_1449,Terminology Substitution,الماتش,المباراة,انهيار تام. واضح إن الحكام عرقلوا الفريق، بس العشرين دقيقة الأخيرة من الماتش كانت لفريق ملوش حق في الفوز. #DCU #MLS #mastodonfc,انهيار تام. من الواضح أن المسؤولين عرقلوا الفريق، ولكن العشرين دقيقة الأخيرة من المباراة كانت لفريق لا يستحق الفوز. #DCU #MLS #mastodonfc,"Absolute meltdown. Obviously, the officiating hamstrung them, but the last twenty minutes are the play of the team that did not deserve to win. #DCU #MLS #mastodonfc",1,Minor,4,True,,0.7883211678832117,1.0,0.9071176052093506,0.8062015503875969,1.0,diagnostic,F,A,,,0.55,0.68,1.0,1,0,1,light,الماتش,المباراة,,exact,exact,social
WMT_1457,Terminology Substitution,يوم,أيام,بعدها عملنا شوية زيارات لأماكن في يوم السبت مع عميل في سوانزي.,بعد ذلك قمنا ببعض الزيارات لمواقع في أيام السبت مع عميل في سوانزي.,After that a couple of site visits on Saturdays with a client in Swansea.,1,Minor,4,True,,0.7272727272727273,1.0,0.976911187171936,0.7419354838709677,1.0,diagnostic,F,A,,,0.55,0.68,1.0,1,0,1,light,يوم,ايام,,exact,exact,social
WMT_1474,Terminology Substitution,الكرسي,المقعد,نجحت! الخطوة الأخيرة هي تثبيت الكرسي في مكانه.,لقد نجحت! الخطوة الأخيرة المتبقية هي تثبيت المقعد في مكانه.,Success! Last thing remaining is bolting the seat back.,1,Minor,4,True,,0.711864406779661,1.0,0.9304907321929932,0.7547169811320755,1.0,diagnostic,F,A,,,0.55,0.68,1.0,1,0,1,light,الكرسي,المقعد,,exact,exact,social
WMT_1485,Spelling Error,النضارة,النظارة,@user37 مجموعتي الحالية فيها نضارتين خضر، واحدة بين الأزرق والبنفسجي وواحدة بنفسجي وردي. النضارة الأخيرة في البيت دلوقتي، بس أنا عادة بحمل على الأقل نضارتين معايا.,@user37 مجموعتي الحالية تتكون من نظارتين خضراوين، وواحدة لونها بين الأزرق والبنفسجي وواحدة بنفسجي وردي. النظارة الأخيرة في المنزل حاليًا، ولكن أنا عادة ما أحمل نظارتين على الأقل معي.,"@user37 My current collection consists of two green pairs, one blue-purple and one pinkish lilac pair. The last one’s at home currently, but I usually carry at least two pairs with me.",1,Minor,21,True,,0.6868131868131868,1.0,0.9079376459121704,0.6799999999999999,1.0,score,F,A,,,0.55,0.78,1.0,1,0,1,light,النضارة,النظارة,,exact,exact,social
WMT_1510,Terminology Substitution,وشلت,وأزلت,بطلّت استخدم FB، وشلت متتبعات Meta وPinterest من موقعي، واتخلصت من حسابي على WhatsApp.,لقد أقلعت عن استخدام موقع FB، وأزلت متتبعات Meta وPinterest من موقعي الإلكتروني، وتخلصت من حسابي الخاص على تطبيق WhatsApp.,"I quit FB, removed all Meta and Pinterest tracker from my website and killed my private WhatsApp account.",1,Minor,4,True,,0.6557377049180328,1.0,0.94687020778656,0.6581196581196581,1.0,diagnostic,F,A,,,0.55,0.68,1.0,1,0,1,light,وشلت,وازلت,,exact,exact,social
WMT_1517,Terminology Substitution,وهشتغل,وسأعمل,اشتركت مؤخرًا في نظام أوروبي لإدارة علاقات العملاء CRM علشان أستفيد من دعم أفضل في نظام حماية البيانات الأوروبي GDPR، وهشتغل على نقل شغلي في الأسابيع الجاية.,وقد اشتركت مؤخرًا في نظام أوروبي معني بإدارة علاقات العملاء CRM للحصول على دعم أفضل في النظام الأوروبي العام لحماية البيانات GDPR، وسأعمل على نقل أعمالي في الأسابيع القادمة.,I recently subscribed to an European based CRM for better GDPR support and am moving my business over in the next weeks.,1,Minor,4,True,,0.653179190751445,1.0,0.9648205041885376,0.6646706586826348,1.0,diagnostic,F,A,,,0.55,0.68,1.0,1,0,1,light,وهشتغل,وساعمل,,exact,exact,social
WMT_1518,Terminology Substitution,شغلي,أعمالي,اشتركت مؤخرًا في نظام أوروبي لإدارة علاقات العملاء CRM علشان أستفيد من دعم أفضل في نظام حماية البيانات الأوروبي GDPR، وهشتغل على نقل شغلي في الأسابيع الجاية.,وقد اشتركت مؤخرًا في نظام أوروبي معني بإدارة علاقات العملاء CRM للحصول على دعم أفضل في النظام الأوروبي العام لحماية البيانات GDPR، وسأعمل على نقل أعمالي في الأسابيع القادمة.,I recently subscribed to an European based CRM for better GDPR support and am moving my business over in the next weeks.,1,Minor,4,True,,0.653179190751445,1.0,0.9648205041885376,0.6646706586826348,1.0,diagnostic,F,A,,,0.55,0.68,1.0,1,0,1,light,شغلي,اعمالي,,exact,exact,social
WMT_1519,Terminology Substitution,الجاية.,القادمة.,اشتركت مؤخرًا في نظام أوروبي لإدارة علاقات العملاء CRM علشان أستفيد من دعم أفضل في نظام حماية البيانات الأوروبي GDPR، وهشتغل على نقل شغلي في الأسابيع الجاية.,وقد اشتركت مؤخرًا في نظام أوروبي معني بإدارة علاقات العملاء CRM للحصول على دعم أفضل في النظام الأوروبي العام لحماية البيانات GDPR، وسأعمل على نقل أعمالي في الأسابيع القادمة.,I recently subscribed to an European based CRM for better GDPR support and am moving my business over in the next weeks.,1,Minor,4,True,,0.653179190751445,1.0,0.9648205041885376,0.6545454545454545,1.0,diagnostic,F,A,,,0.55,0.68,1.0,1,0,1,light,الجاية.,القادمة.,,exact,exact,social
WMT_1524,Terminology Substitution,علشان,نظير,وكمان نقلت سجلات MX بتاعتي على موقع Proton، وبقي عندي دلوقتي سجلات SPF وDKIM وDMARC من غير ما أدفع فلوس لشركة Google علشان مصادقة البريد الإلكتروني الأساسي.,كما أنني نقلت سجلات MX الخاصة بي إلى موقع Proton، وصار لدي الآن سجلات SPF وDKIM وDMARC دون الحاجة لدفع أموال لشركة Google نظير مصادقة البريد الإلكتروني الأساسية.,"I transferred my MX to Proton and have now full SPF, DKIM and DMARC without having to pay Google for basic email validation.",1,Minor,4,True,,0.7391304347826086,1.0,0.9617689847946168,0.7643312101910829,1.0,diagnostic,F,A,,,0.55,0.68,1.0,1,0,1,light,علشان,نظير,,exact,exact,social
WMT_1525,Spelling Error,الأساسي.,الأساسية.,وكمان نقلت سجلات MX بتاعتي على موقع Proton، وبقي عندي دلوقتي سجلات SPF وDKIM وDMARC من غير ما أدفع فلوس لشركة Google علشان مصادقة البريد الإلكتروني الأساسي.,كما أنني نقلت سجلات MX الخاصة بي إلى موقع Proton، وصار لدي الآن سجلات SPF وDKIM وDMARC دون الحاجة لدفع أموال لشركة Google نظير مصادقة البريد الإلكتروني الأساسية.,"I transferred my MX to Proton and have now full SPF, DKIM and DMARC without having to pay Google for basic email validation.",1,Minor,21,True,,0.7391304347826086,1.0,0.9617689847946168,0.7302631578947368,1.0,score,F,A,,,0.55,0.78,1.0,1,0,1,light,الاساسي.,الاساسية.,,exact,exact,social
WMT_1539,Terminology Substitution,شوفوا,افحص,Signal: شوفوا موقع cal.com. هو خدمة تقويم مفتوح المصدر بيقدم تخطيط للمواعيد مع مكالمات فيديو زي Element وJITSI وغيره. كمان بيدعم Signal، لكن مش متأكد لو بيدعم الرسائل النصية أو الفيديو.,Signal: افحص موقع cal.com. إنه خدمة تقويم مفتوحة المصدر توفر خدمة تخطيط المواعيد المتكاملة لمكالمات الفيديو مع مكالمات Element وJITSI وغيرها. كما أنها تدعم تطبيق Signal أيضًا، لكني لم أتحقق مما إذا كانت تدعم الرسائل النصية أو الفيديو.,"Signal: Check out cal.com. It's an opensource calendar service with integrations scheduling of video calls with Element call, JITSI, etc. They support Signal as well, but I haven't tested if it's text or video.",1,Minor,4,True,,0.6752136752136753,1.0,0.8885517120361328,0.6869565217391305,1.0,diagnostic,F,A,,,0.55,0.68,1.0,1,0,1,light,شوفوا,افحص,,exact,exact,social
WMT_1540,Terminology Substitution,هو,إنه,Signal: شوفوا موقع cal.com. هو خدمة تقويم مفتوح المصدر بيقدم تخطيط للمواعيد مع مكالمات فيديو زي Element وJITSI وغيره. كمان بيدعم Signal، لكن مش متأكد لو بيدعم الرسائل النصية أو الفيديو.,Signal: افحص موقع cal.com. إنه خدمة تقويم مفتوحة المصدر توفر خدمة تخطيط المواعيد المتكاملة لمكالمات الفيديو مع مكالمات Element وJITSI وغيرها. كما أنها تدعم تطبيق Signal أيضًا، لكني لم أتحقق مما إذا كانت تدعم الرسائل النصية أو الفيديو.,"Signal: Check out cal.com. It's an opensource calendar service with integrations scheduling of video calls with Element call, JITSI, etc. They support Signal as well, but I haven't tested if it's text or video.",1,Minor,4,True,,0.6752136752136753,1.0,0.8885517120361328,0.6839826839826839,1.0,diagnostic,F,A,,,0.55,0.68,1.0,1,0,2,light,هو,انه,,exact,exact,social
WMT_1545,Terminology Substitution,بوصي,أوصي,أنا بوصي بطرح @user6. تكنولوجيا تواصل E2EE غير مركزية ومفتوحة المصدر.,أنا أوصي بطرح @user6. تقنية التواصل E2EE غير المركزية ذات المصدر المفتوح.,"I can recommend @user6. E2EE, decentralised, open source.",1,Minor,4,True,,0.6712328767123288,1.0,0.9300296306610109,0.6666666666666667,1.0,diagnostic,F,A,,,0.55,0.68,1.0,1,0,1,light,بوصي,اوصي,,exact,exact,social
WMT_1570,Terminology Substitution,جامد.,جيد.,الفصل الخامس طويل، لكن مليان توتر. يعني فصل جامد.,الفصل الخامس طويل ولكنه مليء بالتوتر. حسنًا إنه فصل جيد.,"Chapter five is a long one, but so fucking angsty. Yisssss, the good shit.",1,Minor,4,True,,0.6785714285714286,1.0,0.8632493019104004,0.6923076923076923,1.0,diagnostic,F,A,,,0.55,0.68,1.0,1,0,1,light,جامد.,جيد.,,exact,exact,social
WMT_1574,Total Omission,ده,[OMITTED],ببص على رمز الحذف... ➡️ وأستبدله ولقى 54 واحد في الفصل ده 😅,أقوم بالبحث عن رمز الحذف ... ➡️ واستبداله ويوجد 54 واحد في هذا الفصل 😅,Doing find and replace on ... ➡️ ellipsis symbol and there are 54 in this chapter 😅,1,Minor,1,True,,0.6428571428571428,1.0,0.8737667798995972,0.6714285714285715,1.0,diagnostic,F,A,,,0.55,0.5,0.8,1,0,0,light,ده,[OMITTED],,exact,,social
WMT_1583,Terminology Substitution,باقي,يتبقى,باقي 7 صفحات في الفصل الخامس. ولسه فيه فصلي المفضل واللي مكتوب بشكل رائع. معظم التعديلات بتتعلق بتنسيق الطباعة والتعديلات البسيطة جدًا في الصياغة. لكن محتاج استراحة مع كوب شاي ولسه الرجل شغال في المطبخ.,يتبقى 7 صفحات في الفصل الخامس. ولا يزال فصلي المفضل وهو مكتوب بشكل رائع، معظم التعديلات تغييرات في الطباعة وتعديلات بسيطة جدًا تتعلق بصيغة المعلوم والاقتضاب. لكنني أحتاج إلى استراحة مع كوب من الشاي ولايزال الرجل يعمل في مطبخي.,7 pages left in chapter five. Still my fave chapter and it's in pretty good shape - mostly typesetting changes and very minor edits for active voice and conciseness. But I could really do with a break and a cuppa and the dude is still doing things to my kitchen.,1,Minor,4,True,,0.663716814159292,1.0,0.9152146577835084,0.6742081447963801,1.0,diagnostic,F,A,,,0.55,0.68,1.0,1,0,1,light,باقي,يتبقي,,exact,exact,social
WMT_1585,Terminology Substitution,واللي,وهو,باقي 7 صفحات في الفصل الخامس. ولسه فيه فصلي المفضل واللي مكتوب بشكل رائع. معظم التعديلات بتتعلق بتنسيق الطباعة والتعديلات البسيطة جدًا في الصياغة. لكن محتاج استراحة مع كوب شاي ولسه الرجل شغال في المطبخ.,يتبقى 7 صفحات في الفصل الخامس. ولا يزال فصلي المفضل وهو مكتوب بشكل رائع، معظم التعديلات تغييرات في الطباعة وتعديلات بسيطة جدًا تتعلق بصيغة المعلوم والاقتضاب. لكنني أحتاج إلى استراحة مع كوب من الشاي ولايزال الرجل يعمل في مطبخي.,7 pages left in chapter five. Still my fave chapter and it's in pretty good shape - mostly typesetting changes and very minor edits for active voice and conciseness. But I could really do with a break and a cuppa and the dude is still doing things to my kitchen.,1,Minor,4,True,,0.663716814159292,1.0,0.9152146577835084,0.6771300448430493,1.0,diagnostic,F,A,,,0.55,0.68,1.0,1,0,1,light,واللي,وهو,,exact,exact,social
WMT_1586,Spelling Error,رائع.,رائع،,باقي 7 صفحات في الفصل الخامس. ولسه فيه فصلي المفضل واللي مكتوب بشكل رائع. معظم التعديلات بتتعلق بتنسيق الطباعة والتعديلات البسيطة جدًا في الصياغة. لكن محتاج استراحة مع كوب شاي ولسه الرجل شغال في المطبخ.,يتبقى 7 صفحات في الفصل الخامس. ولا يزال فصلي المفضل وهو مكتوب بشكل رائع، معظم التعديلات تغييرات في الطباعة وتعديلات بسيطة جدًا تتعلق بصيغة المعلوم والاقتضاب. لكنني أحتاج إلى استراحة مع كوب من الشاي ولايزال الرجل يعمل في مطبخي.,7 pages left in chapter five. Still my fave chapter and it's in pretty good shape - mostly typesetting changes and very minor edits for active voice and conciseness. But I could really do with a break and a cuppa and the dude is still doing things to my kitchen.,1,Minor,21,True,,0.663716814159292,1.0,0.9152146577835084,0.6606334841628959,1.0,score,F,A,,,0.55,0.78,1.0,1,0,1,light,رائع.,رائع،,,exact,exact,social
WMT_1588,Terminology Substitution,شغال,يعمل,باقي 7 صفحات في الفصل الخامس. ولسه فيه فصلي المفضل واللي مكتوب بشكل رائع. معظم التعديلات بتتعلق بتنسيق الطباعة والتعديلات البسيطة جدًا في الصياغة. لكن محتاج استراحة مع كوب شاي ولسه الرجل شغال في المطبخ.,يتبقى 7 صفحات في الفصل الخامس. ولا يزال فصلي المفضل وهو مكتوب بشكل رائع، معظم التعديلات تغييرات في الطباعة وتعديلات بسيطة جدًا تتعلق بصيغة المعلوم والاقتضاب. لكنني أحتاج إلى استراحة مع كوب من الشاي ولايزال الرجل يعمل في مطبخي.,7 pages left in chapter five. Still my fave chapter and it's in pretty good shape - mostly typesetting changes and very minor edits for active voice and conciseness. But I could really do with a break and a cuppa and the dude is still doing things to my kitchen.,1,Minor,4,True,,0.663716814159292,1.0,0.9152146577835084,0.6711711711711712,1.0,diagnostic,F,A,,,0.55,0.68,1.0,1,0,1,light,شغال,يعمل,,exact,exact,social
WMT_1589,Spelling Error,المطبخ.,مطبخي.,باقي 7 صفحات في الفصل الخامس. ولسه فيه فصلي المفضل واللي مكتوب بشكل رائع. معظم التعديلات بتتعلق بتنسيق الطباعة والتعديلات البسيطة جدًا في الصياغة. لكن محتاج استراحة مع كوب شاي ولسه الرجل شغال في المطبخ.,يتبقى 7 صفحات في الفصل الخامس. ولا يزال فصلي المفضل وهو مكتوب بشكل رائع، معظم التعديلات تغييرات في الطباعة وتعديلات بسيطة جدًا تتعلق بصيغة المعلوم والاقتضاب. لكنني أحتاج إلى استراحة مع كوب من الشاي ولايزال الرجل يعمل في مطبخي.,7 pages left in chapter five. Still my fave chapter and it's in pretty good shape - mostly typesetting changes and very minor edits for active voice and conciseness. But I could really do with a break and a cuppa and the dude is still doing things to my kitchen.,1,Minor,21,True,,0.663716814159292,1.0,0.9152146577835084,0.6681818181818182,1.0,score,F,A,,,0.55,0.78,1.0,1,0,1,light,المطبخ.,مطبخي.,,exact,exact,social
WMT_1596,Spelling Error,قايمة,قائمة,قال لي إنه عمل قايمة بسعر الأرضية كلها لكن الملاك قللوا السعر ودفعوا بس مقابل الجزء جنب الباب اللي اتصلح. ده أحسن.,لقد أخبرني أنه عمل قائمة بسعر الأرضية كلها لكن أصحاب الأرض قللوا السعر ودفعوا فقط مقابل الجزء المجاور للباب حيث تم الإصلاح. وهذا أفضل.,"He told me he did a quote for the whole floor, but the landpeople cheaped out and only paid for the bit by the door where the integrity is gone. It feels a lot better.",1,Minor,21,True,,0.6716417910447761,1.0,0.8856563568115234,0.6666666666666667,1.0,score,F,A,,,0.55,0.78,1.0,1,0,1,light,قايمة,قائمة,,exact,exact,social
WMT_1598,Terminology Substitution,بس,فقط,قال لي إنه عمل قايمة بسعر الأرضية كلها لكن الملاك قللوا السعر ودفعوا بس مقابل الجزء جنب الباب اللي اتصلح. ده أحسن.,لقد أخبرني أنه عمل قائمة بسعر الأرضية كلها لكن أصحاب الأرض قللوا السعر ودفعوا فقط مقابل الجزء المجاور للباب حيث تم الإصلاح. وهذا أفضل.,"He told me he did a quote for the whole floor, but the landpeople cheaped out and only paid for the bit by the door where the integrity is gone. It feels a lot better.",1,Minor,4,True,,0.6716417910447761,1.0,0.8856563568115234,0.6564885496183206,1.0,diagnostic,F,A,,,0.55,0.68,1.0,1,0,1,light,بس,فقط,,exact,exact,social
WMT_1604,Terminology Substitution,زي...,مثل...,زي...,مثل...,Like…,1,Minor,4,True,,0.5,1.0,0.7139543890953064,0.9,1.0,diagnostic,F,A,,,0.55,0.68,1.0,1,0,1,light,زي...,مثل...,,exact,exact,social
WMT_1655,Terminology Substitution,اللي,الذي,طبعًا لو كنتوا مهتمين بتجربة التحدي اللي استمتعت بمواجهتها.,بالطبع هذا إن كنتن مهتمات في تجربة التحدي الذي استمتعت بمواجهته.,In case you're interested in the challenge ahead I face.,1,Minor,4,True,,0.734375,1.0,0.911084771156311,0.7333333333333334,1.0,diagnostic,F,A,,,0.55,0.68,1.0,1,0,1,light,اللي,الذي,,exact,exact,social
WMT_1657,Total Omission,مش هتتساهل,[OMITTED],إدارة FAA مش هتتساهل مع مرضى قصور الانتباه وفرط الحركة ADHD. ومن المستحيل إنها تديلهم شهادة طبية لو بياخدوا أدوية.,لا تتهاون إدارة FAA مع مرضى قصور الانتباه وفرط الحركة ADHD. ومن المؤكد أنها لن تمنح شهادة طبية لمن يتناول أدوية لهذا المرض.,FAA isn't a fan of ADHD. Definitely won't let you get a medical cert if taking medication for it.,1,Minor,1,True,,0.5934959349593496,1.0,0.8930343985557556,0.6585365853658536,1.0,diagnostic,F,A,,,0.55,0.5,0.8,1,0,0,light,مش هتتساهل,[OMITTED],,exact_seq,,social
WMT_1666,Terminology Substitution,أهلاً,مرحبًا,أهلاً في منظمة الطيران العام 😜,مرحبًا في منظمة الطيران العام 😜,Welcome to General Aviation 😜,1,Minor,4,True,,0.8387096774193549,1.0,0.9733635783195496,1.0,1.0,diagnostic,F,A,,,0.55,0.68,1.0,1,0,1,light,اهلاً,مرحبًا,,exact,exact,social
WMT_1686,Spelling Error,بيكون كبير,يكون كبيرًا,الوضع على الأرض بيكون سريع والوتيرة عالية جدًا. الإحساس بعدم الاستقرار على الأرض بيكون كبير جدًا ومايتقارنش بالعجل الرباعي/ATV.,الوضع على الأرض يسير بسرعة ووتيرة كبيرة جدًا. حيث إن الشعور بعدم الاستقرار على الأرض يكون كبيرًا جدًا بصورة لا تُقارن مع الدرجات الرباعية/atv.,On the ground things get very fast very quickly. There's a certain Mount of instability on the ground hence motorcycle/atv.,1,Minor,21,True,,0.6690140845070423,1.0,0.8060097694396973,0.6641221374045801,1.0,score,F,A,,,0.55,0.78,1.0,1,0,1,light,بيكون كبير,يكون كبيرًا,,exact_seq,exact_seq,social
WMT_1689,Terminology Substitution,تانية:,أخرى:,آه، معلومة عشوائية تانية:,آه، معلومة عشوائية أخرى:,Oh another random tidbit:,1,Minor,4,True,,0.8,1.0,0.9726040363311768,1.0,1.0,diagnostic,F,A,,,0.55,0.68,1.0,1,0,1,light,تانية:,اخري:,,exact,exact,social
WMT_1698,Terminology Substitution,تابع,تتبع,تابع بيانات الرحلات على فلايت أوير.,تتبع بيانات رحلات فلايت أوير.,FlightAware data track.,1,Minor,4,True,,0.8,1.0,0.9453496932983398,0.8064516129032258,1.0,diagnostic,F,A,,,0.55,0.68,1.0,1,0,1,light,تابع,تتبع,,exact,exact,social
WMT_1704,Spelling Error,اللي معقولة وصديقة,المعقولة والصديقة,آه، أيوه، السماعة اللي معقولة وصديقة للبيئة هيبقى سعرها (699 دولار).,آه نعم، السماعة المعقولة والصديقة للبيئة سيكون سعرها (699 دولار),"Ah yes, the budget friendly one will do ($699)",1,Minor,21,True,,0.7794117647058824,1.0,0.926070749759674,0.8,1.0,score,F,A,,,0.55,0.78,1.0,1,0,1,light,اللي معقولة وصديقة,المعقولة والصديقة,,exact_seq,exact_seq,social
WMT_1705,Terminology Substitution,هيبقى,سيكون,آه، أيوه، السماعة اللي معقولة وصديقة للبيئة هيبقى سعرها (699 دولار).,آه نعم، السماعة المعقولة والصديقة للبيئة سيكون سعرها (699 دولار),"Ah yes, the budget friendly one will do ($699)",1,Minor,4,True,,0.7794117647058824,1.0,0.926070749759674,0.8253968253968254,1.0,diagnostic,F,A,,,0.55,0.68,1.0,1,0,1,light,هيبقي,سيكون,,exact,exact,social
WMT_1713,Terminology Substitution,ده,لقد,ده كان سؤالين، بس هجاوب عليهم :),لقد كان هذا سؤالين، لكني سأجاوب عليهما :),"This one was only 2 questions, but I'll take it :)",1,Minor,4,True,,0.6585365853658536,1.0,0.8594200015068054,0.7105263157894737,1.0,diagnostic,F,A,,,0.55,0.68,1.0,1,0,1,light,ده,لقد,,exact,exact,social
WMT_1717,Terminology Substitution,فيه,هناك,فيه 11 وحدة دراسية للي مهتم بالموضوع.,هناك 11 وحدة دراسية لمن يهتم بهذا الأمر.,"For those who are curious, there are 11 study units.",1,Minor,4,True,,0.625,1.0,0.9420918226242064,0.6944444444444444,1.0,diagnostic,F,A,,,0.55,0.68,1.0,1,0,1,light,فيه,هناك,,exact,exact,social
WMT_1724,Terminology Substitution,حد,أحد,حد سعيد،,أحد سعيد،,"Happy Sunday,",1,Minor,4,True,,0.8888888888888888,1.0,0.7969858050346375,1.0,1.0,diagnostic,F,A,,,0.55,0.68,1.0,1,0,1,light,حد,احد,,exact,exact,social
WMT_1726,Terminology Substitution,أكتر,تزيد,النهارده خلصت أول درس طيران عبر البلاد (طيران لمسافة أكتر من 50 ميل بحري).,أكملت اليوم درسي الأول في الطيران عبر البلاد (الطيران لمسافة تزيد من 50 ميل ملاحي).,"Today, I completed my first Cross Country Flight (Flight over 50 Nautical Miles).",1,Minor,4,True,,0.6385542168674698,1.0,0.9262096881866456,0.6708860759493671,1.0,diagnostic,F,A,,,0.55,0.68,1.0,1,0,1,light,اكتر,تزيد,,exact,exact,social
WMT_1727,Terminology Substitution,بحري).,ملاحي).,النهارده خلصت أول درس طيران عبر البلاد (طيران لمسافة أكتر من 50 ميل بحري).,أكملت اليوم درسي الأول في الطيران عبر البلاد (الطيران لمسافة تزيد من 50 ميل ملاحي).,"Today, I completed my first Cross Country Flight (Flight over 50 Nautical Miles).",1,Minor,4,True,,0.6385542168674698,1.0,0.9262096881866456,0.6578947368421053,1.0,diagnostic,F,A,,,0.55,0.68,1.0,1,0,1,light,بحري).,ملاحي).,,exact,exact,social
WMT_1735,Terminology Substitution,بنات!,عزيزاتي!,سبت سعيد يا بنات!,سبت سعيد عليكن يا عزيزاتي!,Happy Saturday lovelies!,1,Minor,4,True,,0.5769230769230769,1.0,0.8342081308364868,0.6666666666666667,1.0,diagnostic,F,A,,,0.55,0.68,1.0,1,0,1,light,بنات!,عزيزاتي!,,exact,exact,social
WMT_1738,Terminology Substitution,مشاكل,انهيارات,اتمرنا على التعامل مع مشاكل الإقلاع والهبوط والطيران البطيء ومحاكاة عطل المحرك (!) ومسار الطيارة، وعملنا هبوط 3 مرات بمساعدة شوية وتجربة طيران مرة.,حيث تم التدريب على التعامل مع انهيارات الإقلاع والهبوط والطيران البطيئ ومحاكاة فشل المحرك (!) ومسار الطائرة والهبوط 3 مرات مع قدر من المساعدة والتجول مرة واحدة.,"Power on Stall recovery, power off stall recovery, slow flight, simulated engine failure(!), pattern work, 3 landings with a little help, and 1 go around.",1,Minor,4,True,,0.64375,1.0,0.9023202657699584,0.6710526315789473,1.0,diagnostic,F,A,,,0.55,0.68,1.0,1,0,1,light,مشاكل,انهيارات,,exact,exact,social
WMT_1745,Spelling Error,طيارة,طائرة,مسار طيارة فلايت أوير.,مسار طائرة فلايت أوير,The FlightAware track,1,Minor,21,True,,0.8636363636363636,1.0,0.8160709142684937,0.9411764705882352,1.0,score,F,A,,,0.55,0.78,1.0,1,0,1,light,طيارة,طائرة,,exact,exact,social
WMT_1753,Spelling Error,بستخدم,أستخدم,بستخدم إطار تلوند في مشروع، بس على مضض.,أستخدم إطار تلوند في أحد المشاريع، لكن على مضض,"I’m using tailwind for a project, very begrudgingly",1,Minor,21,True,,0.7173913043478262,1.0,0.8482463955879211,0.7,1.0,score,F,A,,,0.55,0.78,1.0,1,0,1,light,بستخدم,استخدم,,exact,exact,social
WMT_1757,Spelling Error,هيكون,سيكون,يبدو إن تعلم لغة css هيكون أسهل من تطبيق tbh.,يبدو أن تعلم لغة css سيكون أسهل تطبيق tbh,seems like learning css would be easier tbh,1,Minor,21,True,,0.8666666666666667,1.0,0.9237500429153442,0.875,1.0,score,F,A,,,0.55,0.78,1.0,1,0,1,light,هيكون,سيكون,,exact,exact,social
WMT_1758,Total Omission,من,[OMITTED],يبدو إن تعلم لغة css هيكون أسهل من تطبيق tbh.,يبدو أن تعلم لغة css سيكون أسهل تطبيق tbh,seems like learning css would be easier tbh,1,Minor,1,True,,0.8666666666666667,1.0,0.9237500429153442,0.9069767441860466,1.0,diagnostic,F,A,,,0.55,0.5,0.8,1,0,0,light,من,[OMITTED],,exact,,social
WMT_1764,Terminology Substitution,إيه,ما,تعرف إيه هي أسامي الفئة الدلالية؟ دي لغة CSS وأسماء الفئة,هل تعرف ما هي أسماء الفئة الدلالية؟ إنها لغة css وأسماء الفئة,you know what has semantic class names? css and class names,1,Minor,4,True,,0.7377049180327868,1.0,0.8806426525115967,0.7796610169491526,1.0,diagnostic,F,A,,,0.55,0.68,1.0,1,0,1,light,ايه,ما,,exact,exact,social
WMT_1765,Terminology Substitution,أسامي,أسماء,تعرف إيه هي أسامي الفئة الدلالية؟ دي لغة CSS وأسماء الفئة,هل تعرف ما هي أسماء الفئة الدلالية؟ إنها لغة css وأسماء الفئة,you know what has semantic class names? css and class names,1,Minor,4,True,,0.7377049180327868,1.0,0.8806426525115967,0.7678571428571428,1.0,diagnostic,F,A,,,0.55,0.68,1.0,1,0,2,light,اسامي,اسماء,,exact,exact,social
WMT_1766,Terminology Substitution,دي,إنها,تعرف إيه هي أسامي الفئة الدلالية؟ دي لغة CSS وأسماء الفئة,هل تعرف ما هي أسماء الفئة الدلالية؟ إنها لغة css وأسماء الفئة,you know what has semantic class names? css and class names,1,Minor,4,True,,0.7377049180327868,1.0,0.8806426525115967,0.7894736842105263,1.0,diagnostic,F,A,,,0.55,0.68,1.0,1,0,1,light,دي,انها,,exact,exact,social
WMT_1776,Terminology Substitution,إيه,ما,إيه إطار Bootstrap ده؟!,ما إطار Bootstrap هذا؟!,"What is this, Bootstrap?!",1,Minor,4,True,,0.7391304347826086,1.0,0.9682665467262268,0.8571428571428572,1.0,diagnostic,F,A,,,0.55,0.68,1.0,1,0,1,light,ايه,ما,,exact,exact,social
WMT_1777,Terminology Substitution,ده؟!,هذا؟!,إيه إطار Bootstrap ده؟!,ما إطار Bootstrap هذا؟!,"What is this, Bootstrap?!",1,Minor,4,True,,0.7391304347826086,1.0,0.9682665467262268,0.8421052631578947,1.0,diagnostic,F,A,,,0.55,0.68,1.0,1,0,1,light,ده؟!,هذا؟!,,exact,exact,social
WMT_1778,Total Omission,بصراحة,[OMITTED],@user48 بصراحة إطار Bootstrap هو الحل لتفادي مشاكل إطار تولند.,@user48 إطار Bootstrap سيكون المخرج المناسب لتجاوز إطار تولند,@user48 Bootstrap would be sweet relief over tailwind,1,Minor,1,True,,0.5806451612903225,1.0,0.7379388809204102,0.6721311475409837,1.0,diagnostic,F,A,,,0.55,0.5,0.8,1,0,0,light,بصراحة,[OMITTED],,exact,,social
WMT_1795,Terminology Substitution,ولا,أم,@user20 ده معناه إنك بتقطع 2.8 كم في اليوم تقريبًا؟ بتعمل ده على عجلة ثابتة ولا في المياه؟,@user20 هل هذا يعني أنك تقطع 2.8 كم في اليوم على الأقل؟ هل تفعل هذا على دراجة ثابتة أم في المياه؟,@user20 so every day you row at least 2.8km? Is that on the erg or on the water?,1,Minor,4,True,,0.6494845360824743,1.0,0.9181960821151732,0.6736842105263158,1.0,diagnostic,F,A,,,0.55,0.68,1.0,1,0,1,light,ولا,ام,,exact,exact,social
WMT_1799,Terminology Substitution,بيزيد,يزداد,هاجس التحوط المالي بيزيد عندي.,هاجس التحوط المالي يزداد عندي.,my hedges are getting big.,1,Minor,4,True,,0.9,1.0,0.9468424320220948,1.0,1.0,diagnostic,F,A,,,0.55,0.68,1.0,1,0,1,light,بيزيد,يزداد,,exact,exact,social
WMT_1809,Spelling Error,وااااهووووو!! جميل,واااااهووووو!! رائع,وااااهووووو!! جميل,واااااهووووو!! رائع,waaaaahoooo!! lol,1,Minor,21,True,,0.736842105263158,1.0,0.9474894404411316,0.9,1.0,score,F,A,,,0.55,0.78,1.0,1,0,1,light,وااااهووووو!! جميل,واااااهووووو!! رائع,,exact_seq,exact_seq,social
WMT_1810,Terminology Substitution,يلا,تقدم,يلا يا سهم nok، 3.74$ يلا يا كبير!,تقدم يا سهم nok، 3.74$ هيا بنا.,"come on nok, $3.74 let’s go.",1,Minor,4,True,,0.6470588235294117,1.0,0.7138867378234863,0.7419354838709677,1.0,diagnostic,F,A,,,0.55,0.68,1.0,2,0,1,light,يلا,تقدم,,exact,exact,social
WMT_1812,Spelling Error,وااااهو,وااهوو,وااااهو x 2,وااهوو x 2,waahoo x 2,1,Minor,21,True,,0.7272727272727273,1.0,0.989981174468994,1.0,1.0,score,F,A,,,0.55,0.78,1.0,1,0,1,light,وااااهو,وااهوو,,exact,exact,social
WMT_1816,Terminology Substitution,أيواااااااا!,نعممممم!,أيواااااااا!,نعممممم!,yeeee!,1,Minor,4,True,,0.0833333333333333,1.0,0.7000075578689575,0.9,0.6025830564699252,diagnostic,F,A,low_mpqs,,0.55,0.68,1.0,1,0,1,light,ايواااااااا!,نعممممم!,,exact,exact,social
WMT_1823,Terminology Substitution,جماعة.,رفاق,واضح إن في مستويين لسه مخلصوش في لعبة سوبر ماريو ميكر الأصلية يا جماعة.,من الواضح أن هناك مستويان لم يتم الانتهاء منهما في لعبة سوبر ماريو ميكر الأصلية يا رفاق,Apparently there are only two levels that haven't been cleared in the original Super Mario Maker lol,1,Minor,4,True,,0.6091954022988506,1.0,0.8391501307487488,0.6506024096385542,1.0,diagnostic,F,A,,,0.55,0.68,1.0,1,0,1,light,جماعة.,رفاق,,exact,exact,social
WMT_1880,Terminology Substitution,الشغل.,العمل.,تم التخلص من مرحلة الفوضى عن طريق الشغل.,تم إبعاد مرحلة الفوضى عن طريق العمل.,Got the messy stage out of the way.,1,Minor,4,True,,0.725,1.0,0.9469183683395386,0.7352941176470589,1.0,diagnostic,F,A,,,0.55,0.68,1.0,1,0,1,light,الشغل.,العمل.,,exact,exact,social
WMT_1882,Terminology Substitution,الجاي.,المقبل,المكان جاهز لاستقبال صنايعي الطين الأسبوع الجاي.,المكان جاهز لاستقبال عامل الجص الأسبوع المقبل,Ready for the plasterer next week,1,Minor,4,True,,0.75,1.0,0.7188000082969666,0.8095238095238095,1.0,diagnostic,F,A,,,0.55,0.68,1.0,1,0,1,light,الجاي.,المقبل,,exact,exact,social
WMT_1890,Spelling Error,إني افتكرت أضيف,إنني تذكرت إضافة,حتى إني افتكرت أضيف فتحة التهوية الكبيرة عشان نحمي المدفأة من الرطوبة.,حتى إنني تذكرت إضافة فتحة التهوية الرائعة لحماية المدفأة من التعرض للرطوبة,And even remembered to add the cute little air vent to keep the chimney from getting damp,1,Minor,21,True,,0.6486486486486487,1.0,0.852165937423706,0.6724137931034483,1.0,score,F,A,,,0.55,0.78,1.0,1,0,1,light,اني افتكرت اضيف,انني تذكرت اضافة,,exact_seq,exact_seq,social
WMT_1993,Spelling Error,الماية.,الماء.,البندقية مدينة فوق سطح الماية. مكان جميل ورومانسي بيجذب ملايين الزوار كل سنة. لكن على بعد خطوات من الطرق السياحية المشهورة، في بندقية تانية خالص، ساكنها مخلوقات مبهرة. الفيلم ده بيستكشف بندقية محدش شافها غير قليل، مدينة فيها حياة مزدوجة مدهشة.,البندقية مدينة فوق سطح الماء. مكان يتميز بالجمال والرومانسية يجذب ملايين من الزوار كل سنة. على بعد خطوات قليلة من الطرق السياحية المعروفة جدًأ، توجد بندقية مختلفة جدًا، يسكنها مخلوقات رائعة. هذا الفيلم يكتشف بندقية لم يراها إلا القليل، مدينة بها حياة مزدوجة مذهلة.,"Venice, city on the water. A place of beauty and romance that attracts millions of visitors every year. Just a few steps from the well-trodden tourist routes, there's a very different Venice, one populated by fascinating creatures. This film explores a Venice that few people ever see, a city that has a surprising double life.",1,Minor,21,True,,0.6893939393939394,1.0,0.938762664794922,0.689922480620155,1.0,score,F,A,,,0.55,0.78,1.0,1,0,1,light,الماية.,الماء.,,exact,exact,speech
WMT_1995,Total Omission,لكن,[OMITTED],البندقية مدينة فوق سطح الماية. مكان جميل ورومانسي بيجذب ملايين الزوار كل سنة. لكن على بعد خطوات من الطرق السياحية المشهورة، في بندقية تانية خالص، ساكنها مخلوقات مبهرة. الفيلم ده بيستكشف بندقية محدش شافها غير قليل، مدينة فيها حياة مزدوجة مدهشة.,البندقية مدينة فوق سطح الماء. مكان يتميز بالجمال والرومانسية يجذب ملايين من الزوار كل سنة. على بعد خطوات قليلة من الطرق السياحية المعروفة جدًأ، توجد بندقية مختلفة جدًا، يسكنها مخلوقات رائعة. هذا الفيلم يكتشف بندقية لم يراها إلا القليل، مدينة بها حياة مزدوجة مذهلة.,"Venice, city on the water. A place of beauty and romance that attracts millions of visitors every year. Just a few steps from the well-trodden tourist routes, there's a very different Venice, one populated by fascinating creatures. This film explores a Venice that few people ever see, a city that has a surprising double life.",1,Minor,1,True,,0.6893939393939394,1.0,0.938762664794922,0.7007575757575757,1.0,diagnostic,F,A,,,0.55,0.5,0.8,1,0,0,light,لكن,[OMITTED],,exact,,speech
WMT_2001,Terminology Substitution,فيها,بها,البندقية مدينة فوق سطح الماية. مكان جميل ورومانسي بيجذب ملايين الزوار كل سنة. لكن على بعد خطوات من الطرق السياحية المشهورة، في بندقية تانية خالص، ساكنها مخلوقات مبهرة. الفيلم ده بيستكشف بندقية محدش شافها غير قليل، مدينة فيها حياة مزدوجة مدهشة.,البندقية مدينة فوق سطح الماء. مكان يتميز بالجمال والرومانسية يجذب ملايين من الزوار كل سنة. على بعد خطوات قليلة من الطرق السياحية المعروفة جدًأ، توجد بندقية مختلفة جدًا، يسكنها مخلوقات رائعة. هذا الفيلم يكتشف بندقية لم يراها إلا القليل، مدينة بها حياة مزدوجة مذهلة.,"Venice, city on the water. A place of beauty and romance that attracts millions of visitors every year. Just a few steps from the well-trodden tourist routes, there's a very different Venice, one populated by fascinating creatures. This film explores a Venice that few people ever see, a city that has a surprising double life.",1,Minor,4,True,,0.6893939393939394,1.0,0.938762664794922,0.6934865900383143,1.0,diagnostic,F,A,,,0.55,0.68,1.0,1,0,1,light,فيها,بها,,exact,exact,speech
WMT_2002,Terminology Substitution,مدهشة.,مذهلة.,البندقية مدينة فوق سطح الماية. مكان جميل ورومانسي بيجذب ملايين الزوار كل سنة. لكن على بعد خطوات من الطرق السياحية المشهورة، في بندقية تانية خالص، ساكنها مخلوقات مبهرة. الفيلم ده بيستكشف بندقية محدش شافها غير قليل، مدينة فيها حياة مزدوجة مدهشة.,البندقية مدينة فوق سطح الماء. مكان يتميز بالجمال والرومانسية يجذب ملايين من الزوار كل سنة. على بعد خطوات قليلة من الطرق السياحية المعروفة جدًأ، توجد بندقية مختلفة جدًا، يسكنها مخلوقات رائعة. هذا الفيلم يكتشف بندقية لم يراها إلا القليل، مدينة بها حياة مزدوجة مذهلة.,"Venice, city on the water. A place of beauty and romance that attracts millions of visitors every year. Just a few steps from the well-trodden tourist routes, there's a very different Venice, one populated by fascinating creatures. This film explores a Venice that few people ever see, a city that has a surprising double life.",1,Minor,4,True,,0.6893939393939394,1.0,0.938762664794922,0.689922480620155,1.0,diagnostic,F,A,,,0.55,0.68,1.0,1,0,1,light,مدهشة.,مذهلة.,,exact,exact,speech
WMT_2028,Terminology Substitution,دي,هذه,دي صورة قديمة وحقيقية وأصلية لعملاق حقيقي من اليابان ماشي وسط رتل عسكري. الشيء الصادم في الصورة دي هو حجمه الحقيقي. طوله مش أقل من 4 متر، يعني حوالي 13 قدم على الأقل. وده بيخليه أطول بكتير من أي لاعب NBA، زي شاكيل أونيل أو,هذه صورة قديمة وحقيقية وأصلية لعملاق حقيقي من اليابان يسير وسط رتل عسكري. الأمر الصادم في هذه الصورة هو حجمه الحقيقي. حيث لا يقل طول قامته عن 4 أمتار، أي 13 قدمًا على الأقل. ومن ثم، فإنه أطول بكثير من أي عملاق آخر في بطولة NBA، مثل شاكيل أونيل، أو,"This is an authentic and real old footage of a true certain giant individual from Japan, walking in some military parade. What's shocking about it is his actual size. He has a stature of at least 4 meters high, which is minimum 13 in feet. Thus, he is genuinely taller and more massive than each and every other original NBA player, for example, like Shaquille O'Neal, or",1,Minor,4,True,,0.708502024291498,1.0,0.9241591095924376,0.7172131147540983,1.0,diagnostic,F,A,,,0.55,0.68,1.0,2,0,2,light,دي,هذه,,exact,exact,speech
WMT_2029,Terminology Substitution,ماشي,يسير,دي صورة قديمة وحقيقية وأصلية لعملاق حقيقي من اليابان ماشي وسط رتل عسكري. الشيء الصادم في الصورة دي هو حجمه الحقيقي. طوله مش أقل من 4 متر، يعني حوالي 13 قدم على الأقل. وده بيخليه أطول بكتير من أي لاعب NBA، زي شاكيل أونيل أو,هذه صورة قديمة وحقيقية وأصلية لعملاق حقيقي من اليابان يسير وسط رتل عسكري. الأمر الصادم في هذه الصورة هو حجمه الحقيقي. حيث لا يقل طول قامته عن 4 أمتار، أي 13 قدمًا على الأقل. ومن ثم، فإنه أطول بكثير من أي عملاق آخر في بطولة NBA، مثل شاكيل أونيل، أو,"This is an authentic and real old footage of a true certain giant individual from Japan, walking in some military parade. What's shocking about it is his actual size. He has a stature of at least 4 meters high, which is minimum 13 in feet. Thus, he is genuinely taller and more massive than each and every other original NBA player, for example, like Shaquille O'Neal, or",1,Minor,4,True,,0.708502024291498,1.0,0.9241591095924376,0.7201646090534979,1.0,diagnostic,F,A,,,0.55,0.68,1.0,1,0,1,light,ماشي,يسير,,exact,exact,speech
WMT_2030,Terminology Substitution,الشيء,الأمر,دي صورة قديمة وحقيقية وأصلية لعملاق حقيقي من اليابان ماشي وسط رتل عسكري. الشيء الصادم في الصورة دي هو حجمه الحقيقي. طوله مش أقل من 4 متر، يعني حوالي 13 قدم على الأقل. وده بيخليه أطول بكتير من أي لاعب NBA، زي شاكيل أونيل أو,هذه صورة قديمة وحقيقية وأصلية لعملاق حقيقي من اليابان يسير وسط رتل عسكري. الأمر الصادم في هذه الصورة هو حجمه الحقيقي. حيث لا يقل طول قامته عن 4 أمتار، أي 13 قدمًا على الأقل. ومن ثم، فإنه أطول بكثير من أي عملاق آخر في بطولة NBA، مثل شاكيل أونيل، أو,"This is an authentic and real old footage of a true certain giant individual from Japan, walking in some military parade. What's shocking about it is his actual size. He has a stature of at least 4 meters high, which is minimum 13 in feet. Thus, he is genuinely taller and more massive than each and every other original NBA player, for example, like Shaquille O'Neal, or",1,Minor,4,True,,0.708502024291498,1.0,0.9241591095924376,0.7148760330578512,1.0,diagnostic,F,A,,,0.55,0.68,1.0,1,0,1,light,الشيء,الامر,,exact,exact,speech
WMT_2031,Total Omission,دي,[OMITTED],دي صورة قديمة وحقيقية وأصلية لعملاق حقيقي من اليابان ماشي وسط رتل عسكري. الشيء الصادم في الصورة دي هو حجمه الحقيقي. طوله مش أقل من 4 متر، يعني حوالي 13 قدم على الأقل. وده بيخليه أطول بكتير من أي لاعب NBA، زي شاكيل أونيل أو,هذه صورة قديمة وحقيقية وأصلية لعملاق حقيقي من اليابان يسير وسط رتل عسكري. الأمر الصادم في هذه الصورة هو حجمه الحقيقي. حيث لا يقل طول قامته عن 4 أمتار، أي 13 قدمًا على الأقل. ومن ثم، فإنه أطول بكثير من أي عملاق آخر في بطولة NBA، مثل شاكيل أونيل، أو,"This is an authentic and real old footage of a true certain giant individual from Japan, walking in some military parade. What's shocking about it is his actual size. He has a stature of at least 4 meters high, which is minimum 13 in feet. Thus, he is genuinely taller and more massive than each and every other original NBA player, for example, like Shaquille O'Neal, or",1,Minor,1,True,,0.708502024291498,1.0,0.9241591095924376,0.708502024291498,1.0,diagnostic,F,A,,,0.55,0.5,0.8,2,0,0,light,دي,[OMITTED],,exact,,speech
WMT_2033,Terminology Substitution,قدم,قدمًا,دي صورة قديمة وحقيقية وأصلية لعملاق حقيقي من اليابان ماشي وسط رتل عسكري. الشيء الصادم في الصورة دي هو حجمه الحقيقي. طوله مش أقل من 4 متر، يعني حوالي 13 قدم على الأقل. وده بيخليه أطول بكتير من أي لاعب NBA، زي شاكيل أونيل أو,هذه صورة قديمة وحقيقية وأصلية لعملاق حقيقي من اليابان يسير وسط رتل عسكري. الأمر الصادم في هذه الصورة هو حجمه الحقيقي. حيث لا يقل طول قامته عن 4 أمتار، أي 13 قدمًا على الأقل. ومن ثم، فإنه أطول بكثير من أي عملاق آخر في بطولة NBA، مثل شاكيل أونيل، أو,"This is an authentic and real old footage of a true certain giant individual from Japan, walking in some military parade. What's shocking about it is his actual size. He has a stature of at least 4 meters high, which is minimum 13 in feet. Thus, he is genuinely taller and more massive than each and every other original NBA player, for example, like Shaquille O'Neal, or",1,Minor,4,True,,0.708502024291498,1.0,0.9241591095924376,0.7107438016528926,1.0,diagnostic,F,A,,,0.55,0.68,1.0,1,0,1,light,قدم,قدمًا,,exact,exact,speech
WMT_2035,Spelling Error,بكتير,بكثير,دي صورة قديمة وحقيقية وأصلية لعملاق حقيقي من اليابان ماشي وسط رتل عسكري. الشيء الصادم في الصورة دي هو حجمه الحقيقي. طوله مش أقل من 4 متر، يعني حوالي 13 قدم على الأقل. وده بيخليه أطول بكتير من أي لاعب NBA، زي شاكيل أونيل أو,هذه صورة قديمة وحقيقية وأصلية لعملاق حقيقي من اليابان يسير وسط رتل عسكري. الأمر الصادم في هذه الصورة هو حجمه الحقيقي. حيث لا يقل طول قامته عن 4 أمتار، أي 13 قدمًا على الأقل. ومن ثم، فإنه أطول بكثير من أي عملاق آخر في بطولة NBA، مثل شاكيل أونيل، أو,"This is an authentic and real old footage of a true certain giant individual from Japan, walking in some military parade. What's shocking about it is his actual size. He has a stature of at least 4 meters high, which is minimum 13 in feet. Thus, he is genuinely taller and more massive than each and every other original NBA player, for example, like Shaquille O'Neal, or",1,Minor,21,True,,0.708502024291498,1.0,0.9241591095924376,0.7066115702479339,1.0,score,F,A,,,0.55,0.78,1.0,1,0,1,light,بكتير,بكثير,,exact,exact,speech
WMT_2037,Terminology Substitution,زي,مثل,دي صورة قديمة وحقيقية وأصلية لعملاق حقيقي من اليابان ماشي وسط رتل عسكري. الشيء الصادم في الصورة دي هو حجمه الحقيقي. طوله مش أقل من 4 متر، يعني حوالي 13 قدم على الأقل. وده بيخليه أطول بكتير من أي لاعب NBA، زي شاكيل أونيل أو,هذه صورة قديمة وحقيقية وأصلية لعملاق حقيقي من اليابان يسير وسط رتل عسكري. الأمر الصادم في هذه الصورة هو حجمه الحقيقي. حيث لا يقل طول قامته عن 4 أمتار، أي 13 قدمًا على الأقل. ومن ثم، فإنه أطول بكثير من أي عملاق آخر في بطولة NBA، مثل شاكيل أونيل، أو,"This is an authentic and real old footage of a true certain giant individual from Japan, walking in some military parade. What's shocking about it is his actual size. He has a stature of at least 4 meters high, which is minimum 13 in feet. Thus, he is genuinely taller and more massive than each and every other original NBA player, for example, like Shaquille O'Neal, or",1,Minor,4,True,,0.708502024291498,1.0,0.9241591095924376,0.7172131147540983,1.0,diagnostic,F,A,,,0.55,0.68,1.0,1,0,1,light,زي,مثل,,exact,exact,speech
WMT_2038,Spelling Error,أونيل,أونيل،,دي صورة قديمة وحقيقية وأصلية لعملاق حقيقي من اليابان ماشي وسط رتل عسكري. الشيء الصادم في الصورة دي هو حجمه الحقيقي. طوله مش أقل من 4 متر، يعني حوالي 13 قدم على الأقل. وده بيخليه أطول بكتير من أي لاعب NBA، زي شاكيل أونيل أو,هذه صورة قديمة وحقيقية وأصلية لعملاق حقيقي من اليابان يسير وسط رتل عسكري. الأمر الصادم في هذه الصورة هو حجمه الحقيقي. حيث لا يقل طول قامته عن 4 أمتار، أي 13 قدمًا على الأقل. ومن ثم، فإنه أطول بكثير من أي عملاق آخر في بطولة NBA، مثل شاكيل أونيل، أو,"This is an authentic and real old footage of a true certain giant individual from Japan, walking in some military parade. What's shocking about it is his actual size. He has a stature of at least 4 meters high, which is minimum 13 in feet. Thus, he is genuinely taller and more massive than each and every other original NBA player, for example, like Shaquille O'Neal, or",1,Minor,21,True,,0.708502024291498,1.0,0.9241591095924376,0.7053941908713692,1.0,score,F,A,,,0.55,0.78,1.0,1,0,1,light,اونيل,اونيل،,,exact,exact,speech
WMT_2389,Spelling Error,فنلندا وعايشة,فنلندا، وأعيش,أهلاً يا جماعة! لو ما تعرفونيش، أنا اسمي جانيكا، خبيرة من فنلندا وعايشة في هولندا. أهلاً بيكم في مدونتي المرئية. إحنا النهارده في مدينة هارلم. مدينة هارلم مدينة جميلة جدًا وبتقع في مقاطعة هولندا الشمالية.,مرحبًا بالجميع! إذا كنتم لا تعرفونني، فأنا أدعى جانيكا. وأنا خبيرة من فنلندا، وأعيش في هولندا. مرحبًا بكم في مدونتي المرئية. نحن اليوم في مدينة هااارلم. وهارلم مدينة جميلة تقع في مقاطعة هولندا الشمالية.,"Hello, everyone! If you don't know me, my name is Janica, and I am an expert from Finland, living in the Netherlands. Welcome to this vlog. Today we are in the city of Haarlem. Harlem is a really lovely city located in the province of North Holland.",1,Minor,21,True,,0.6911764705882353,1.0,0.962608277797699,0.6910994764397906,1.0,score,F,A,,,0.55,0.78,1.0,1,0,1,light,فنلندا وعايشة,فنلندا، واعيش,,exact_seq,exact_seq,speech
WMT_2418,Terminology Substitution,بُساط,بسيطتين,النهارده هنعمل شوية أشغال يدوية تقليدية وجميلة بمناسبة عيد الفصح. تابعونا! أنا براندي، وده برنامج Making It My Own DIYs. أهلاً! مشروعنا الأول هيكون تحضير زينتين لعيد الفصح. هبدأ مع زينتين بُساط هنا، وأنتوا كمان ممكن تستخدموا أي حاجة متوفرة عندكم. معايا هنا بيض زينة صغير من Dollar Tree.,سنصنع اليوم بعض الأعمال اليدوية التقليدية والجميلة لعيد الفصح. تابعونا! أنا براندي، وهذا هو برنامج Making It My Own DIYs. مرحبًا! سيكون مشروعنا الأول إعداد زينتين لعيد الفصح. سأبدأ مع زينتين بسيطتين هنا، كما يمكنكم استخدام أي شيء متوفر لديكم. لدي هنا بيض الزينة الصغير هذا من Dollar Tree.,"Today we're making some beautiful vintage Easter crafts. Keep watching! I'm Brandy, and this is Making It My Own DIYs. Welcome! The first project are going to be two Easter ornaments. I'm going to start off with two little ornaments here, and you can use whatever you have on hand. I've got these little decor eggs from Dollar Tree.",1,Minor,4,True,,0.6458333333333333,1.0,0.963138461112976,0.6512455516014235,1.0,diagnostic,F,A,,,0.55,0.68,1.0,1,0,1,light,بُساط,بسيطتين,,exact,exact,speech
WMT_2427,Spelling Error,وللشعور,والشعور,بيقولوا إن الملك لاليبلا قطع 1.600 ميل عشان يسافر للقدس. ده اللي بتقوله الأسطورة، ولما رجع وسقطت القدس في الفتح الإسلامي، أصدر لاليبلا أوامره إنه يبني مقر جديد للمسيحية. وكل كنيسة تم نحتها من صخرة واحدة عشان تبقى رمز للروحانية وللشعور بالخزي من اللي حصل. الدين المسيحي استلهم كتير من الحاجات اللي بتاخد أسماء مقدسة. حتى نهر لاليبلا بقى معروف دلوقتي بنهر الأردن. وظلت مدينة لاليبلا عاصمة لأثيوبيا من آخر القرن الـ12 لحد نهاية القرن الـ13.,يُقال أن الملك لاليبلا قطع مسافة 1.600 ميل للسفر إلى القدس. هذا ما تحكيه الأسطورة، وعندما عاد وسقطت القدس في الفتح الإسلامي، أصدر لاليبلا أوامره بإنشاء مقرًا جديدًا للمسيحية. حيث نحتت كل كنسية من صخرة واحدة لتكون رمزًا للروحانية والشعور بالخزي لما حدث. فالدين المسيحي يستلهم الكثير من الخصائص التي تأخذ أسماءً مقدسة. حتى إن نهر لاليبلا يُعرف الآن باسم نهر الأردن. وقد ظلت مدينة لاليبلا عاصمة لأثيوبيا في الفترة من أواخر القرن الثاني عشر حتى نهاية القرن الثالث عشر.,"The king, Lalibela, is said to have traveled the 1,600 miles to Jerusalem. Legend has it, when he returned and Jerusalem fell to the Islamic conquest, Lalibela ordered a new home for Christianity. Each church was carved from a single piece of rock to symbolize spirituality and humility. The Christian faith inspired many features receiving Biblical names. Even Lalibela's river is known as the River Jordan. Lalibela remained the capital of Ethiopia from the late-12th into the 13th century.",1,Minor,21,True,,0.6788793103448276,1.0,0.9603902101516724,0.6761487964989059,1.0,score,F,A,,,0.55,0.78,1.0,1,0,1,light,وللشعور,والشعور,,exact,exact,speech
WMT_2433,Terminology Substitution,آخر,أواخر,بيقولوا إن الملك لاليبلا قطع 1.600 ميل عشان يسافر للقدس. ده اللي بتقوله الأسطورة، ولما رجع وسقطت القدس في الفتح الإسلامي، أصدر لاليبلا أوامره إنه يبني مقر جديد للمسيحية. وكل كنيسة تم نحتها من صخرة واحدة عشان تبقى رمز للروحانية وللشعور بالخزي من اللي حصل. الدين المسيحي استلهم كتير من الحاجات اللي بتاخد أسماء مقدسة. حتى نهر لاليبلا بقى معروف دلوقتي بنهر الأردن. وظلت مدينة لاليبلا عاصمة لأثيوبيا من آخر القرن الـ12 لحد نهاية القرن الـ13.,يُقال أن الملك لاليبلا قطع مسافة 1.600 ميل للسفر إلى القدس. هذا ما تحكيه الأسطورة، وعندما عاد وسقطت القدس في الفتح الإسلامي، أصدر لاليبلا أوامره بإنشاء مقرًا جديدًا للمسيحية. حيث نحتت كل كنسية من صخرة واحدة لتكون رمزًا للروحانية والشعور بالخزي لما حدث. فالدين المسيحي يستلهم الكثير من الخصائص التي تأخذ أسماءً مقدسة. حتى إن نهر لاليبلا يُعرف الآن باسم نهر الأردن. وقد ظلت مدينة لاليبلا عاصمة لأثيوبيا في الفترة من أواخر القرن الثاني عشر حتى نهاية القرن الثالث عشر.,"The king, Lalibela, is said to have traveled the 1,600 miles to Jerusalem. Legend has it, when he returned and Jerusalem fell to the Islamic conquest, Lalibela ordered a new home for Christianity. Each church was carved from a single piece of rock to symbolize spirituality and humility. The Christian faith inspired many features receiving Biblical names. Even Lalibela's river is known as the River Jordan. Lalibela remained the capital of Ethiopia from the late-12th into the 13th century.",1,Minor,4,True,,0.6788793103448276,1.0,0.9603902101516724,0.681917211328976,1.0,diagnostic,F,A,,,0.55,0.68,1.0,1,0,1,light,اخر,اواخر,,exact,exact,speech
WMT_2472,Spelling Error,الحكومة,الحكومية,الفيلم الوثائقي اللي هتشوفوه دلوقتي عن السيد ألكسندر كيرينسكي، رئيس وزراء الحكومة الديمقراطية المؤقتة لروسيا، اللي أطاح بيها الشيوعيين سنة 1917. السيد كيرينسكي وافق إنه يعمل شوية ملاحظات افتتاحية بسيطة حوالين فيلمنا. بنقدملكم ألكسندر كيرينسكي اللي عنده دلوقتي 80 سنة في شقته الجديدة في نيويورك يوم 10 أكتوبر سنة 1962.,تم عرض الفيلم الوثائقي الذي ستشاهدونه الآن على السيد ألكسندر كيرينسكي، رئيس وزراء الحكومية الديمقراطية المؤقتة لدولة روسيا التي أطاح بها الشيوعيون عام 1917. وقد وافق السيد كيرينسكي على إجراء بعض الملاحظات الافتتاحية البسيطة حول صورتنا. نقدم لكم ألكسندر كيرنسكي البالغ من العمر 80 عام في شقته الجديدة في نيويورك في 10 أكتوبر 1962.,"The documentary film you are about to see was shown to Mr. Alexander Kerensky, President of the Democratic Provisional Government of Russia overthrown by the Communists in 1917. Mr. Kerensky consented to make a few introductory remarks about our picture. We present 80-year-old Alexander Kerensky in his New York City apartment on October 10th, 1962.",1,Minor,21,True,,0.7173252279635258,1.0,0.962732195854187,0.7133956386292835,1.0,score,F,A,,,0.55,0.78,1.0,1,0,1,light,الحكومة,الحكومية,,exact,exact,speech
WMT_2476,Terminology Substitution,سنة,عام,الفيلم الوثائقي اللي هتشوفوه دلوقتي عن السيد ألكسندر كيرينسكي، رئيس وزراء الحكومة الديمقراطية المؤقتة لروسيا، اللي أطاح بيها الشيوعيين سنة 1917. السيد كيرينسكي وافق إنه يعمل شوية ملاحظات افتتاحية بسيطة حوالين فيلمنا. بنقدملكم ألكسندر كيرينسكي اللي عنده دلوقتي 80 سنة في شقته الجديدة في نيويورك يوم 10 أكتوبر سنة 1962.,تم عرض الفيلم الوثائقي الذي ستشاهدونه الآن على السيد ألكسندر كيرينسكي، رئيس وزراء الحكومية الديمقراطية المؤقتة لدولة روسيا التي أطاح بها الشيوعيون عام 1917. وقد وافق السيد كيرينسكي على إجراء بعض الملاحظات الافتتاحية البسيطة حول صورتنا. نقدم لكم ألكسندر كيرنسكي البالغ من العمر 80 عام في شقته الجديدة في نيويورك في 10 أكتوبر 1962.,"The documentary film you are about to see was shown to Mr. Alexander Kerensky, President of the Democratic Provisional Government of Russia overthrown by the Communists in 1917. Mr. Kerensky consented to make a few introductory remarks about our picture. We present 80-year-old Alexander Kerensky in his New York City apartment on October 10th, 1962.",1,Minor,4,True,,0.7173252279635258,1.0,0.962732195854187,0.7239263803680982,1.0,diagnostic,F,A,,,0.55,0.68,1.0,3,0,2,light,سنة,عام,,exact,exact,speech
WMT_2477,Terminology Substitution,يوم,في,الفيلم الوثائقي اللي هتشوفوه دلوقتي عن السيد ألكسندر كيرينسكي، رئيس وزراء الحكومة الديمقراطية المؤقتة لروسيا، اللي أطاح بيها الشيوعيين سنة 1917. السيد كيرينسكي وافق إنه يعمل شوية ملاحظات افتتاحية بسيطة حوالين فيلمنا. بنقدملكم ألكسندر كيرينسكي اللي عنده دلوقتي 80 سنة في شقته الجديدة في نيويورك يوم 10 أكتوبر سنة 1962.,تم عرض الفيلم الوثائقي الذي ستشاهدونه الآن على السيد ألكسندر كيرينسكي، رئيس وزراء الحكومية الديمقراطية المؤقتة لدولة روسيا التي أطاح بها الشيوعيون عام 1917. وقد وافق السيد كيرينسكي على إجراء بعض الملاحظات الافتتاحية البسيطة حول صورتنا. نقدم لكم ألكسندر كيرنسكي البالغ من العمر 80 عام في شقته الجديدة في نيويورك في 10 أكتوبر 1962.,"The documentary film you are about to see was shown to Mr. Alexander Kerensky, President of the Democratic Provisional Government of Russia overthrown by the Communists in 1917. Mr. Kerensky consented to make a few introductory remarks about our picture. We present 80-year-old Alexander Kerensky in his New York City apartment on October 10th, 1962.",1,Minor,4,True,,0.7173252279635258,1.0,0.962732195854187,0.7125382262996942,1.0,diagnostic,F,A,,,0.55,0.68,1.0,1,0,3,light,يوم,في,,exact,exact,speech
WMT_2478,Total Omission,سنة,[OMITTED],الفيلم الوثائقي اللي هتشوفوه دلوقتي عن السيد ألكسندر كيرينسكي، رئيس وزراء الحكومة الديمقراطية المؤقتة لروسيا، اللي أطاح بيها الشيوعيين سنة 1917. السيد كيرينسكي وافق إنه يعمل شوية ملاحظات افتتاحية بسيطة حوالين فيلمنا. بنقدملكم ألكسندر كيرينسكي اللي عنده دلوقتي 80 سنة في شقته الجديدة في نيويورك يوم 10 أكتوبر سنة 1962.,تم عرض الفيلم الوثائقي الذي ستشاهدونه الآن على السيد ألكسندر كيرينسكي، رئيس وزراء الحكومية الديمقراطية المؤقتة لدولة روسيا التي أطاح بها الشيوعيون عام 1917. وقد وافق السيد كيرينسكي على إجراء بعض الملاحظات الافتتاحية البسيطة حول صورتنا. نقدم لكم ألكسندر كيرنسكي البالغ من العمر 80 عام في شقته الجديدة في نيويورك في 10 أكتوبر 1962.,"The documentary film you are about to see was shown to Mr. Alexander Kerensky, President of the Democratic Provisional Government of Russia overthrown by the Communists in 1917. Mr. Kerensky consented to make a few introductory remarks about our picture. We present 80-year-old Alexander Kerensky in his New York City apartment on October 10th, 1962.",1,Minor,1,True,,0.7173252279635258,1.0,0.962732195854187,0.7173252279635258,1.0,diagnostic,F,A,,,0.55,0.5,0.8,3,0,0,light,سنة,[OMITTED],,exact,,speech
WMT_2694,Spelling Error,مكرونة,المعكرونة,"أهلاً وسهلاً بيكم، نورتونا تاني في برنامج الطبخ ""Its Dwight"". وصفة النهاردة هي سلطة مكرونة بالتونة. وصفة سهلة ولذيذة، وكمان بسيطة. دي المقادير: فلفل حلو، وبصل أخضر، وبصل أبيض، ونصف معلقة صغيرة ملح، وفلفل أسود، أو لو عندك فلفل مطحون تقدر تستخدمه، ومكرونة، و3 بيضات مسلوقين، وتونة.",أهلًا بالجميع نرحب بكم مجددًا في برنامج الطبخ Its Dwight. وصفتنا اليوم هي سلطة المعكرونة بالتونة. إنها وصفة سهلة ولذيذة. وبسيطة أيضًا. هذه هي مقادير وصفتنا: فلفل حلو، وبصل أخضر، وبصل أبيض، ونصف ملعقة صغيرة من الملح، وفلفل أسود، أو إذا كان لديك فلفل مطحون، يمكنك استخدامه، ومعكرونة، وثلاث بيضات مسلوقة، والتونة.,"Hi everyone, welcome back to the Its Dwight cooking show. Today I'll be giving you a tuna macaroni salad recipe. Nice and easy. Just a simple recipe. Here you see a list of my ingredients: my bell pepper, my green onions, my white onions, half a teaspoon of salt for taste, black pepper, or if you have ground pepper, you can use it, my macaroni, three eggs that are going to be boiled, and my tuna.",1,Minor,21,True,,0.6774193548387097,1.0,0.9218943119049072,0.6777408637873754,1.0,score,F,A,,,0.55,0.78,1.0,1,0,1,light,مكرونة,المعكرونة,,exact,exact,speech
WMT_2695,Spelling Error,معلقة,ملعقة,"أهلاً وسهلاً بيكم، نورتونا تاني في برنامج الطبخ ""Its Dwight"". وصفة النهاردة هي سلطة مكرونة بالتونة. وصفة سهلة ولذيذة، وكمان بسيطة. دي المقادير: فلفل حلو، وبصل أخضر، وبصل أبيض، ونصف معلقة صغيرة ملح، وفلفل أسود، أو لو عندك فلفل مطحون تقدر تستخدمه، ومكرونة، و3 بيضات مسلوقين، وتونة.",أهلًا بالجميع نرحب بكم مجددًا في برنامج الطبخ Its Dwight. وصفتنا اليوم هي سلطة المعكرونة بالتونة. إنها وصفة سهلة ولذيذة. وبسيطة أيضًا. هذه هي مقادير وصفتنا: فلفل حلو، وبصل أخضر، وبصل أبيض، ونصف ملعقة صغيرة من الملح، وفلفل أسود، أو إذا كان لديك فلفل مطحون، يمكنك استخدامه، ومعكرونة، وثلاث بيضات مسلوقة، والتونة.,"Hi everyone, welcome back to the Its Dwight cooking show. Today I'll be giving you a tuna macaroni salad recipe. Nice and easy. Just a simple recipe. Here you see a list of my ingredients: my bell pepper, my green onions, my white onions, half a teaspoon of salt for taste, black pepper, or if you have ground pepper, you can use it, my macaroni, three eggs that are going to be boiled, and my tuna.",1,Minor,21,True,,0.6774193548387097,1.0,0.9218943119049072,0.6786885245901639,1.0,score,F,A,,,0.55,0.78,1.0,1,0,1,light,معلقة,ملعقة,,exact,exact,speech
WMT_2699,Spelling Error,مسلوقين، وتونة.,مسلوقة، والتونة.,"أهلاً وسهلاً بيكم، نورتونا تاني في برنامج الطبخ ""Its Dwight"". وصفة النهاردة هي سلطة مكرونة بالتونة. وصفة سهلة ولذيذة، وكمان بسيطة. دي المقادير: فلفل حلو، وبصل أخضر، وبصل أبيض، ونصف معلقة صغيرة ملح، وفلفل أسود، أو لو عندك فلفل مطحون تقدر تستخدمه، ومكرونة، و3 بيضات مسلوقين، وتونة.",أهلًا بالجميع نرحب بكم مجددًا في برنامج الطبخ Its Dwight. وصفتنا اليوم هي سلطة المعكرونة بالتونة. إنها وصفة سهلة ولذيذة. وبسيطة أيضًا. هذه هي مقادير وصفتنا: فلفل حلو، وبصل أخضر، وبصل أبيض، ونصف ملعقة صغيرة من الملح، وفلفل أسود، أو إذا كان لديك فلفل مطحون، يمكنك استخدامه، ومعكرونة، وثلاث بيضات مسلوقة، والتونة.,"Hi everyone, welcome back to the Its Dwight cooking show. Today I'll be giving you a tuna macaroni salad recipe. Nice and easy. Just a simple recipe. Here you see a list of my ingredients: my bell pepper, my green onions, my white onions, half a teaspoon of salt for taste, black pepper, or if you have ground pepper, you can use it, my macaroni, three eggs that are going to be boiled, and my tuna.",1,Minor,21,True,,0.6774193548387097,1.0,0.9218943119049072,0.6734693877551021,1.0,score,F,A,,,0.55,0.78,1.0,1,0,1,light,مسلوقين، وتونة.,مسلوقة، والتونة.,,exact_seq,exact_seq,speech
WMT_2924,Terminology Substitution,اركب.,اصعد.,اركب.,اصعد.,"""Climb on.""",1,Minor,4,True,,0.4,1.0,0.6844180822372437,0.9,1.0,diagnostic,F,A,,,0.55,0.68,1.0,1,0,1,light,اركب.,اصعد.,,exact,exact,literary
WMT_3012,Spelling Error,"اللي ساعدنا نقتله؟"".",الذي ساعدْنا في قتله؟,"تينوك رد بتردد: ""تقصد... الوحش الإلهي المرعب اللي ساعدنا نقتله؟"".",تلعثمَ تينوك قائلًا: هل تقصد... الوحش الإلهي المرعب الذي ساعدْنا في قتله؟,"""You mean... the horrible god monster thing that we... helped kill?"" Tenuk stuttered.",1,Minor,21,True,,0.6575342465753424,1.0,0.9498304128646852,0.6538461538461539,1.0,score,F,A,,,0.55,0.78,1.0,1,0,1,light,"اللي ساعدنا نقتله؟"".",الذي ساعدْنا في قتله؟,,exact_seq,exact_seq,literary
WMT_3081,Total Omission,ودي,[OMITTED],"قالت: ""عيشي حياتك يا كاري"". ودي كانت نهاية عهد الملكة إيروين.","""اهنئي بالحياة، يا كاري"". كانت هذه نهاية عهد الملكة إيروين.","“Live on, Kari.” That was the end of the reign of Queen Eirwen.",1,Minor,1,True,,0.6557377049180328,1.0,0.9234826564788818,0.6949152542372881,1.0,diagnostic,F,A,,,0.55,0.5,0.8,1,0,0,light,ودي,[OMITTED],,exact,,literary
WMT_3126,Terminology Substitution,فاضية,فارغة,"كاري فتحت صفحة فاضية في النوتة وكتبت عليها التاريخ، وكتبت تحتيه: ""5/11/648-12/13/648"".","فتحت كاري صفحة فارغة في دفتر ملاحظاتها ودونت عليها التاريخ. وكتبت أسفلها ""5/11/648-12/13/648"".","She flipped to a blank page and wrote the date on it. Under it, she wrote, “5/11/648 -12/13/648.”",1,Minor,4,True,,0.6702127659574468,1.0,0.92314612865448,0.6741573033707865,1.0,diagnostic,F,A,,,0.55,0.68,1.0,1,0,1,light,فاضية,فارغة,,exact,exact,literary
WMT_3128,Spelling Error,التاريخ،,التاريخ.,"كاري فتحت صفحة فاضية في النوتة وكتبت عليها التاريخ، وكتبت تحتيه: ""5/11/648-12/13/648"".","فتحت كاري صفحة فارغة في دفتر ملاحظاتها ودونت عليها التاريخ. وكتبت أسفلها ""5/11/648-12/13/648"".","She flipped to a blank page and wrote the date on it. Under it, she wrote, “5/11/648 -12/13/648.”",1,Minor,21,True,,0.6702127659574468,1.0,0.92314612865448,0.6511627906976745,1.0,score,F,A,,,0.55,0.78,1.0,1,0,1,light,التاريخ،,التاريخ.,,exact,exact,literary
WMT_3129,Terminology Substitution,تحتيه:,أسفلها,"كاري فتحت صفحة فاضية في النوتة وكتبت عليها التاريخ، وكتبت تحتيه: ""5/11/648-12/13/648"".","فتحت كاري صفحة فارغة في دفتر ملاحظاتها ودونت عليها التاريخ. وكتبت أسفلها ""5/11/648-12/13/648"".","She flipped to a blank page and wrote the date on it. Under it, she wrote, “5/11/648 -12/13/648.”",1,Minor,4,True,,0.6702127659574468,1.0,0.92314612865448,0.7045454545454546,1.0,diagnostic,F,A,,,0.55,0.68,1.0,1,0,1,light,تحتيه:,اسفلها,,exact,exact,literary
WMT_3156,Terminology Substitution,بوصة,بوصات,لوحة قماش مقاس 6 بوصة × 6 بوصة,لوحة رسم من القماش مقاس 6 بوصات × 6 بوصات,6in x 6in painting canvas,1,Minor,4,True,,0.6829268292682926,1.0,0.9514546394348145,0.6944444444444444,1.0,diagnostic,F,A,,,0.55,0.68,1.0,2,0,2,light,بوصة,بوصات,,exact,exact,literary
WMT_3157,Terminology Substitution,بوصة,بوصات,لوحة قماش مقاس 6 بوصة × 6 بوصة,لوحة رسم من القماش مقاس 6 بوصات × 6 بوصات,6in x 6in painting canvas,1,Minor,4,True,,0.6829268292682926,1.0,0.9514546394348145,0.6944444444444444,1.0,diagnostic,F,A,,,0.55,0.68,1.0,2,0,2,light,بوصة,بوصات,,exact,exact,literary
WMT_3170,Spelling Error,الملكي اللي,الملكي، التي,غطت آيفوري ودانها علشان ما تسمعش، بس المحاولة ما نفعتش. ومشيت ناحية أوضة الرسام الملكي اللي كانت في الجناح الشرقي، الباب التاني على الشمال.,غطت آيفوري أذنيها، لأن محاولة عدم السماع لم تُجدِ نفعًا. وسارت نحو غرفة الرسام الملكي، التي كانت في الجناح الشرقي، الباب الثاني على اليسار.,"They covered their ears, as tuning them out wasn’t working. They made their way to the royal painter’s room, which was on the east wing, second door on the left.",1,Minor,21,True,,0.6762589928057554,1.0,0.8066732883453369,0.6640625,1.0,score,F,A,,,0.55,0.78,1.0,1,0,1,light,الملكي اللي,الملكي، التي,,exact_seq,exact_seq,literary
WMT_3171,Spelling Error,التاني,الثاني,غطت آيفوري ودانها علشان ما تسمعش، بس المحاولة ما نفعتش. ومشيت ناحية أوضة الرسام الملكي اللي كانت في الجناح الشرقي، الباب التاني على الشمال.,غطت آيفوري أذنيها، لأن محاولة عدم السماع لم تُجدِ نفعًا. وسارت نحو غرفة الرسام الملكي، التي كانت في الجناح الشرقي، الباب الثاني على اليسار.,"They covered their ears, as tuning them out wasn’t working. They made their way to the royal painter’s room, which was on the east wing, second door on the left.",1,Minor,21,True,,0.6762589928057554,1.0,0.8066732883453369,0.6691729323308271,1.0,score,F,A,,,0.55,0.78,1.0,1,0,1,light,التاني,الثاني,,exact,exact,literary
WMT_3172,Terminology Substitution,الشمال.,اليسار.,غطت آيفوري ودانها علشان ما تسمعش، بس المحاولة ما نفعتش. ومشيت ناحية أوضة الرسام الملكي اللي كانت في الجناح الشرقي، الباب التاني على الشمال.,غطت آيفوري أذنيها، لأن محاولة عدم السماع لم تُجدِ نفعًا. وسارت نحو غرفة الرسام الملكي، التي كانت في الجناح الشرقي، الباب الثاني على اليسار.,"They covered their ears, as tuning them out wasn’t working. They made their way to the royal painter’s room, which was on the east wing, second door on the left.",1,Minor,4,True,,0.6762589928057554,1.0,0.8066732883453369,0.6818181818181819,1.0,diagnostic,F,A,,,0.55,0.68,1.0,1,0,1,light,الشمال.,اليسار.,,exact,exact,literary
WMT_3175,Terminology Substitution,زي,مثل,قربت آيفوري من الباب اللي كانت أجزاؤه متشابكة زي باب أوضة كاري. كان على الباب التنين الأبيض، اللي هو واحد من ال6 تنانين البدائيين، واللي بيقولوا إنه هو اللي خلق فروستفِل. عشان كده كان منطقي إنه الرسام يحط الصورة بتاعته على بابه، هو كان بيحب التاريخ.,اقتربت آيفوري من الباب الذي كانت أجزاؤه متشابكة مثل باب غرفة كاري. كان على الباب التنين الأبيض، وهو أحد التنانين الستة البدائية، الذي يُزعم أنه أنشأ فروستفِل. فمن المنطقي أن يضعه الرسام على بابه، لقد أحبَ التاريخ.,"Ivory approached the door that was just as intricate as Kari’s. On it was the White Dragon, one of the 6 primordial dragons, who allegedly created Frostfell. It would make sense for the painter to have it on his door though, he liked history.",1,Minor,4,True,,0.642570281124498,1.0,0.9202017188072203,0.6518218623481782,1.0,diagnostic,F,A,,,0.55,0.68,1.0,1,0,1,light,زي,مثل,,exact,exact,literary
WMT_3178,Total Omission,يحط الصورة بتاعته,[OMITTED],قربت آيفوري من الباب اللي كانت أجزاؤه متشابكة زي باب أوضة كاري. كان على الباب التنين الأبيض، اللي هو واحد من ال6 تنانين البدائيين، واللي بيقولوا إنه هو اللي خلق فروستفِل. عشان كده كان منطقي إنه الرسام يحط الصورة بتاعته على بابه، هو كان بيحب التاريخ.,اقتربت آيفوري من الباب الذي كانت أجزاؤه متشابكة مثل باب غرفة كاري. كان على الباب التنين الأبيض، وهو أحد التنانين الستة البدائية، الذي يُزعم أنه أنشأ فروستفِل. فمن المنطقي أن يضعه الرسام على بابه، لقد أحبَ التاريخ.,"Ivory approached the door that was just as intricate as Kari’s. On it was the White Dragon, one of the 6 primordial dragons, who allegedly created Frostfell. It would make sense for the painter to have it on his door though, he liked history.",3,Major,1,True,,0.642570281124498,1.0,0.9202017188072203,0.6810344827586207,1.0,diagnostic,F,A,,,0.55,0.5,0.8,1,0,0,light,يحط الصورة بتاعته,[OMITTED],,exact_seq,,literary
WMT_3190,Spelling Error,بيغمز ليها,يغمز لها,"سأل أكويلو آيفوري وهو بيغمز ليها بعينه وقال لها: ""أوه، صباح الفل، آيفوري! عايزة تشوفي ملكك المستقبلي وهو بيترسم صورته؟"".","سأل أكويلو آيفوري وهو يغمز لها بعينه قائلًا لها: ""أوه، صباح الخير، آيفوري!. هل تودين مشاهدة مَلكُكِ المستقبلي خلال رسم صورته؟"".","“Ah, good morning, Ivory! Care to watch your future king get his portrait done?” Aquilo inquired, winking at Ivory.",1,Minor,21,True,,0.7401574803149606,1.0,0.925345540046692,0.7394957983193278,1.0,score,F,A,,,0.55,0.78,1.0,1,0,1,light,بيغمز ليها,يغمز لها,,exact_seq,exact_seq,literary
WMT_3191,Terminology Substitution,وقال,قائلًا,"سأل أكويلو آيفوري وهو بيغمز ليها بعينه وقال لها: ""أوه، صباح الفل، آيفوري! عايزة تشوفي ملكك المستقبلي وهو بيترسم صورته؟"".","سأل أكويلو آيفوري وهو يغمز لها بعينه قائلًا لها: ""أوه، صباح الخير، آيفوري!. هل تودين مشاهدة مَلكُكِ المستقبلي خلال رسم صورته؟"".","“Ah, good morning, Ivory! Care to watch your future king get his portrait done?” Aquilo inquired, winking at Ivory.",1,Minor,4,True,,0.7401574803149606,1.0,0.925345540046692,0.7603305785123967,1.0,diagnostic,F,A,,,0.55,0.68,1.0,1,0,1,light,وقال,قائلًا,,exact,exact,literary
WMT_3419,Terminology Substitution,وفجأة،,انبعث,"وفجأة، صوت جه من اللاسلكي بتاع كوهرين: ""إشارة لمساعد قائد أكسودس، أنا قائد أكسودس. إحنا بنلقط إشارات حرارية على بعد 350 ياردة، 20 درجة يمين"".","انبعث صوت من جهاز الاتصالات اللاسلكي لكوهرين قائلًا: ""إلى مساعد قائد أكسودس، إلى قائد إكسودس"". ""نحن نلتقط إشارات حرارية على مسافة 350 ياردة، 20 درجة يمين"".","“Exodus XO, Exodus CO” Cohrens radio crackled. “We're picking up heat signatures 350 yards out, 20 degrees right”",1,Minor,4,True,,0.6645161290322581,1.0,0.8775078058242798,0.6933333333333334,1.0,diagnostic,F,A,,,0.55,0.68,1.0,1,0,1,light,وفجاة،,انبعث,,exact,exact,literary
WMT_3420,Total Omission,جه,[OMITTED],"وفجأة، صوت جه من اللاسلكي بتاع كوهرين: ""إشارة لمساعد قائد أكسودس، أنا قائد أكسودس. إحنا بنلقط إشارات حرارية على بعد 350 ياردة، 20 درجة يمين"".","انبعث صوت من جهاز الاتصالات اللاسلكي لكوهرين قائلًا: ""إلى مساعد قائد أكسودس، إلى قائد إكسودس"". ""نحن نلتقط إشارات حرارية على مسافة 350 ياردة، 20 درجة يمين"".","“Exodus XO, Exodus CO” Cohrens radio crackled. “We're picking up heat signatures 350 yards out, 20 degrees right”",1,Minor,1,True,,0.6645161290322581,1.0,0.8775078058242798,0.6645161290322581,1.0,diagnostic,F,A,,,0.55,0.5,0.8,1,0,0,light,جه,[OMITTED],,exact,,literary
WMT_3422,Terminology Substitution,أنا,إلى,"وفجأة، صوت جه من اللاسلكي بتاع كوهرين: ""إشارة لمساعد قائد أكسودس، أنا قائد أكسودس. إحنا بنلقط إشارات حرارية على بعد 350 ياردة، 20 درجة يمين"".","انبعث صوت من جهاز الاتصالات اللاسلكي لكوهرين قائلًا: ""إلى مساعد قائد أكسودس، إلى قائد إكسودس"". ""نحن نلتقط إشارات حرارية على مسافة 350 ياردة، 20 درجة يمين"".","“Exodus XO, Exodus CO” Cohrens radio crackled. “We're picking up heat signatures 350 yards out, 20 degrees right”",1,Minor,4,True,,0.6645161290322581,1.0,0.8775078058242798,0.6710526315789473,1.0,diagnostic,F,A,,,0.55,0.68,1.0,1,0,2,light,انا,الي,,exact,exact,literary
WMT_3423,Spelling Error,أكسودس. إحنا بنلقط,"إكسودس"". ""نحن نلتقط","وفجأة، صوت جه من اللاسلكي بتاع كوهرين: ""إشارة لمساعد قائد أكسودس، أنا قائد أكسودس. إحنا بنلقط إشارات حرارية على بعد 350 ياردة، 20 درجة يمين"".","انبعث صوت من جهاز الاتصالات اللاسلكي لكوهرين قائلًا: ""إلى مساعد قائد أكسودس، إلى قائد إكسودس"". ""نحن نلتقط إشارات حرارية على مسافة 350 ياردة، 20 درجة يمين"".","“Exodus XO, Exodus CO” Cohrens radio crackled. “We're picking up heat signatures 350 yards out, 20 degrees right”",1,Minor,21,True,,0.6645161290322581,1.0,0.8775078058242798,0.6691176470588236,1.0,score,F,A,,,0.55,0.78,1.0,1,0,1,light,اكسودس. احنا بنلقط,"اكسودس"". ""نحن نلتقط",,exact_seq,exact_seq,literary
WMT_3424,Terminology Substitution,بعد,مسافة,"وفجأة، صوت جه من اللاسلكي بتاع كوهرين: ""إشارة لمساعد قائد أكسودس، أنا قائد أكسودس. إحنا بنلقط إشارات حرارية على بعد 350 ياردة، 20 درجة يمين"".","انبعث صوت من جهاز الاتصالات اللاسلكي لكوهرين قائلًا: ""إلى مساعد قائد أكسودس، إلى قائد إكسودس"". ""نحن نلتقط إشارات حرارية على مسافة 350 ياردة، 20 درجة يمين"".","“Exodus XO, Exodus CO” Cohrens radio crackled. “We're picking up heat signatures 350 yards out, 20 degrees right”",1,Minor,4,True,,0.6645161290322581,1.0,0.8775078058242798,0.6866666666666666,1.0,diagnostic,F,A,,,0.55,0.68,1.0,1,0,1,light,بعد,مسافة,,exact,exact,literary
WMT_3560,Total Omission,خلال الفترة,[OMITTED],"يذكر البنك العالمي أمثلة أخرى. خلال الفترة من عام 1970 حتى 2022، في بنجلاديش تضاعفت معدلات محو الأمية أربع مرات وتضاعفت مرتين مشاركة المرأة في سوق العمل. وأيضًا زادت مشاركتها في الناتج المحلي بأكثر من ثلاثة أضعاف. وحقق التغيير قوة دفع خاصة به. زوّد توظيف المرأة بأجر كمعلمة وعاملة في مجال الصحة داخل مجتمعها المحلي الثقة ""وجعل حركة المرأة وعملها يلقى قبولاً اجتماعياً بشكل أكبر.""","يذكر البنك العالمي أمثلة أخرى. من عام 1970 حتى 2022، في بنجلاديش تضاعفت معدلات محو الأمية أربع مرات وتضاعفت مرتين مشاركة الإناث في قوة العمل. وتتضاعف كامل إنتاجها المحلي أكثر من ثلاث أضعاف. اكتسب التغيير قوة دفع خاص به. إن توظيف النساء بأجر كمعلمات وعاملات في الصحة من داخل مجتمعاتهم المحلية عزز الثقة ""وجعل حركة النساء وعملهن مقبولاً اجتماعيًا أكثر.""","The World Bank cites other examples. From 1970 to 2022, Bangladesh quadrupled female literacy rates and doubled female participation in the labor force. Its gross domestic product more than tripled. The change gathered its own momentum. Recruiting salaried women as teachers and health workers from within their own communities boosted trust ""and made women's mobility and work more socially acceptable.""",1,Minor,1,True,,0.7546174142480211,1.0,0.9735369682312012,0.7771739130434783,1.0,diagnostic,F,A,,,0.55,0.5,0.8,1,0,0,light,خلال الفترة,[OMITTED],,exact_seq,,news
WMT_3561,Terminology Substitution,المرأة,الإناث,"يذكر البنك العالمي أمثلة أخرى. خلال الفترة من عام 1970 حتى 2022، في بنجلاديش تضاعفت معدلات محو الأمية أربع مرات وتضاعفت مرتين مشاركة المرأة في سوق العمل. وأيضًا زادت مشاركتها في الناتج المحلي بأكثر من ثلاثة أضعاف. وحقق التغيير قوة دفع خاصة به. زوّد توظيف المرأة بأجر كمعلمة وعاملة في مجال الصحة داخل مجتمعها المحلي الثقة ""وجعل حركة المرأة وعملها يلقى قبولاً اجتماعياً بشكل أكبر.""","يذكر البنك العالمي أمثلة أخرى. من عام 1970 حتى 2022، في بنجلاديش تضاعفت معدلات محو الأمية أربع مرات وتضاعفت مرتين مشاركة الإناث في قوة العمل. وتتضاعف كامل إنتاجها المحلي أكثر من ثلاث أضعاف. اكتسب التغيير قوة دفع خاص به. إن توظيف النساء بأجر كمعلمات وعاملات في الصحة من داخل مجتمعاتهم المحلية عزز الثقة ""وجعل حركة النساء وعملهن مقبولاً اجتماعيًا أكثر.""","The World Bank cites other examples. From 1970 to 2022, Bangladesh quadrupled female literacy rates and doubled female participation in the labor force. Its gross domestic product more than tripled. The change gathered its own momentum. Recruiting salaried women as teachers and health workers from within their own communities boosted trust ""and made women's mobility and work more socially acceptable.""",1,Minor,4,True,,0.7546174142480211,1.0,0.9735369682312012,0.7613941018766757,1.0,diagnostic,F,A,,,0.55,0.68,1.0,3,0,1,light,المراة,الاناث,,exact,exact,news
WMT_3562,Terminology Substitution,سوق,قوة,"يذكر البنك العالمي أمثلة أخرى. خلال الفترة من عام 1970 حتى 2022، في بنجلاديش تضاعفت معدلات محو الأمية أربع مرات وتضاعفت مرتين مشاركة المرأة في سوق العمل. وأيضًا زادت مشاركتها في الناتج المحلي بأكثر من ثلاثة أضعاف. وحقق التغيير قوة دفع خاصة به. زوّد توظيف المرأة بأجر كمعلمة وعاملة في مجال الصحة داخل مجتمعها المحلي الثقة ""وجعل حركة المرأة وعملها يلقى قبولاً اجتماعياً بشكل أكبر.""","يذكر البنك العالمي أمثلة أخرى. من عام 1970 حتى 2022، في بنجلاديش تضاعفت معدلات محو الأمية أربع مرات وتضاعفت مرتين مشاركة الإناث في قوة العمل. وتتضاعف كامل إنتاجها المحلي أكثر من ثلاث أضعاف. اكتسب التغيير قوة دفع خاص به. إن توظيف النساء بأجر كمعلمات وعاملات في الصحة من داخل مجتمعاتهم المحلية عزز الثقة ""وجعل حركة النساء وعملهن مقبولاً اجتماعيًا أكثر.""","The World Bank cites other examples. From 1970 to 2022, Bangladesh quadrupled female literacy rates and doubled female participation in the labor force. Its gross domestic product more than tripled. The change gathered its own momentum. Recruiting salaried women as teachers and health workers from within their own communities boosted trust ""and made women's mobility and work more socially acceptable.""",1,Minor,4,True,,0.7546174142480211,1.0,0.9735369682312012,0.7579787234042553,1.0,diagnostic,F,A,,,0.55,0.68,1.0,1,0,2,light,سوق,قوة,,exact,exact,news
WMT_3566,Terminology Substitution,وحقق,اكتسب,"يذكر البنك العالمي أمثلة أخرى. خلال الفترة من عام 1970 حتى 2022، في بنجلاديش تضاعفت معدلات محو الأمية أربع مرات وتضاعفت مرتين مشاركة المرأة في سوق العمل. وأيضًا زادت مشاركتها في الناتج المحلي بأكثر من ثلاثة أضعاف. وحقق التغيير قوة دفع خاصة به. زوّد توظيف المرأة بأجر كمعلمة وعاملة في مجال الصحة داخل مجتمعها المحلي الثقة ""وجعل حركة المرأة وعملها يلقى قبولاً اجتماعياً بشكل أكبر.""","يذكر البنك العالمي أمثلة أخرى. من عام 1970 حتى 2022، في بنجلاديش تضاعفت معدلات محو الأمية أربع مرات وتضاعفت مرتين مشاركة الإناث في قوة العمل. وتتضاعف كامل إنتاجها المحلي أكثر من ثلاث أضعاف. اكتسب التغيير قوة دفع خاص به. إن توظيف النساء بأجر كمعلمات وعاملات في الصحة من داخل مجتمعاتهم المحلية عزز الثقة ""وجعل حركة النساء وعملهن مقبولاً اجتماعيًا أكثر.""","The World Bank cites other examples. From 1970 to 2022, Bangladesh quadrupled female literacy rates and doubled female participation in the labor force. Its gross domestic product more than tripled. The change gathered its own momentum. Recruiting salaried women as teachers and health workers from within their own communities boosted trust ""and made women's mobility and work more socially acceptable.""",1,Minor,4,True,,0.7546174142480211,1.0,0.9735369682312012,0.7653333333333333,1.0,diagnostic,F,A,,,0.55,0.68,1.0,1,0,1,light,وحقق,اكتسب,,exact,exact,news
WMT_3568,Terminology Substitution,زوّد,إن,"يذكر البنك العالمي أمثلة أخرى. خلال الفترة من عام 1970 حتى 2022، في بنجلاديش تضاعفت معدلات محو الأمية أربع مرات وتضاعفت مرتين مشاركة المرأة في سوق العمل. وأيضًا زادت مشاركتها في الناتج المحلي بأكثر من ثلاثة أضعاف. وحقق التغيير قوة دفع خاصة به. زوّد توظيف المرأة بأجر كمعلمة وعاملة في مجال الصحة داخل مجتمعها المحلي الثقة ""وجعل حركة المرأة وعملها يلقى قبولاً اجتماعياً بشكل أكبر.""","يذكر البنك العالمي أمثلة أخرى. من عام 1970 حتى 2022، في بنجلاديش تضاعفت معدلات محو الأمية أربع مرات وتضاعفت مرتين مشاركة الإناث في قوة العمل. وتتضاعف كامل إنتاجها المحلي أكثر من ثلاث أضعاف. اكتسب التغيير قوة دفع خاص به. إن توظيف النساء بأجر كمعلمات وعاملات في الصحة من داخل مجتمعاتهم المحلية عزز الثقة ""وجعل حركة النساء وعملهن مقبولاً اجتماعيًا أكثر.""","The World Bank cites other examples. From 1970 to 2022, Bangladesh quadrupled female literacy rates and doubled female participation in the labor force. Its gross domestic product more than tripled. The change gathered its own momentum. Recruiting salaried women as teachers and health workers from within their own communities boosted trust ""and made women's mobility and work more socially acceptable.""",1,Minor,4,True,,0.7546174142480211,1.0,0.9735369682312012,0.7573333333333333,1.0,diagnostic,F,A,,,0.55,0.68,1.0,1,0,1,light,زوّد,ان,,exact,exact,news
WMT_3569,Terminology Substitution,المرأة,النساء,"يذكر البنك العالمي أمثلة أخرى. خلال الفترة من عام 1970 حتى 2022، في بنجلاديش تضاعفت معدلات محو الأمية أربع مرات وتضاعفت مرتين مشاركة المرأة في سوق العمل. وأيضًا زادت مشاركتها في الناتج المحلي بأكثر من ثلاثة أضعاف. وحقق التغيير قوة دفع خاصة به. زوّد توظيف المرأة بأجر كمعلمة وعاملة في مجال الصحة داخل مجتمعها المحلي الثقة ""وجعل حركة المرأة وعملها يلقى قبولاً اجتماعياً بشكل أكبر.""","يذكر البنك العالمي أمثلة أخرى. من عام 1970 حتى 2022، في بنجلاديش تضاعفت معدلات محو الأمية أربع مرات وتضاعفت مرتين مشاركة الإناث في قوة العمل. وتتضاعف كامل إنتاجها المحلي أكثر من ثلاث أضعاف. اكتسب التغيير قوة دفع خاص به. إن توظيف النساء بأجر كمعلمات وعاملات في الصحة من داخل مجتمعاتهم المحلية عزز الثقة ""وجعل حركة النساء وعملهن مقبولاً اجتماعيًا أكثر.""","The World Bank cites other examples. From 1970 to 2022, Bangladesh quadrupled female literacy rates and doubled female participation in the labor force. Its gross domestic product more than tripled. The change gathered its own momentum. Recruiting salaried women as teachers and health workers from within their own communities boosted trust ""and made women's mobility and work more socially acceptable.""",1,Minor,4,True,,0.7546174142480211,1.0,0.9735369682312012,0.739946380697051,1.0,diagnostic,F,A,,,0.55,0.68,1.0,3,0,2,light,المراة,النساء,,exact,exact,news
WMT_3570,Spelling Error,كمعلمة وعاملة,كمعلمات وعاملات,"يذكر البنك العالمي أمثلة أخرى. خلال الفترة من عام 1970 حتى 2022، في بنجلاديش تضاعفت معدلات محو الأمية أربع مرات وتضاعفت مرتين مشاركة المرأة في سوق العمل. وأيضًا زادت مشاركتها في الناتج المحلي بأكثر من ثلاثة أضعاف. وحقق التغيير قوة دفع خاصة به. زوّد توظيف المرأة بأجر كمعلمة وعاملة في مجال الصحة داخل مجتمعها المحلي الثقة ""وجعل حركة المرأة وعملها يلقى قبولاً اجتماعياً بشكل أكبر.""","يذكر البنك العالمي أمثلة أخرى. من عام 1970 حتى 2022، في بنجلاديش تضاعفت معدلات محو الأمية أربع مرات وتضاعفت مرتين مشاركة الإناث في قوة العمل. وتتضاعف كامل إنتاجها المحلي أكثر من ثلاث أضعاف. اكتسب التغيير قوة دفع خاص به. إن توظيف النساء بأجر كمعلمات وعاملات في الصحة من داخل مجتمعاتهم المحلية عزز الثقة ""وجعل حركة النساء وعملهن مقبولاً اجتماعيًا أكثر.""","The World Bank cites other examples. From 1970 to 2022, Bangladesh quadrupled female literacy rates and doubled female participation in the labor force. Its gross domestic product more than tripled. The change gathered its own momentum. Recruiting salaried women as teachers and health workers from within their own communities boosted trust ""and made women's mobility and work more socially acceptable.""",1,Minor,21,True,,0.7546174142480211,1.0,0.9735369682312012,0.7568306010928962,1.0,score,F,A,,,0.55,0.78,1.0,1,0,1,light,كمعلمة وعاملة,كمعلمات وعاملات,,exact_seq,exact_seq,news
WMT_3571,Total Omission,مجال,[OMITTED],"يذكر البنك العالمي أمثلة أخرى. خلال الفترة من عام 1970 حتى 2022، في بنجلاديش تضاعفت معدلات محو الأمية أربع مرات وتضاعفت مرتين مشاركة المرأة في سوق العمل. وأيضًا زادت مشاركتها في الناتج المحلي بأكثر من ثلاثة أضعاف. وحقق التغيير قوة دفع خاصة به. زوّد توظيف المرأة بأجر كمعلمة وعاملة في مجال الصحة داخل مجتمعها المحلي الثقة ""وجعل حركة المرأة وعملها يلقى قبولاً اجتماعياً بشكل أكبر.""","يذكر البنك العالمي أمثلة أخرى. من عام 1970 حتى 2022، في بنجلاديش تضاعفت معدلات محو الأمية أربع مرات وتضاعفت مرتين مشاركة الإناث في قوة العمل. وتتضاعف كامل إنتاجها المحلي أكثر من ثلاث أضعاف. اكتسب التغيير قوة دفع خاص به. إن توظيف النساء بأجر كمعلمات وعاملات في الصحة من داخل مجتمعاتهم المحلية عزز الثقة ""وجعل حركة النساء وعملهن مقبولاً اجتماعيًا أكثر.""","The World Bank cites other examples. From 1970 to 2022, Bangladesh quadrupled female literacy rates and doubled female participation in the labor force. Its gross domestic product more than tripled. The change gathered its own momentum. Recruiting salaried women as teachers and health workers from within their own communities boosted trust ""and made women's mobility and work more socially acceptable.""",1,Minor,1,True,,0.7546174142480211,1.0,0.9735369682312012,0.7626666666666666,1.0,diagnostic,F,A,,,0.55,0.5,0.8,1,0,0,light,مجال,[OMITTED],,exact,,news
WMT_3692,Terminology Substitution,الدولة,البلد,"في حين كان بإمكان ممثل لويزيانا الجمهوري تفادي هذا الموضوع حاليًا، لكن الدولة في 19 يناير لديها موعد نهائي لتمرير أربعة من أصل 12 مشروع قانون إنفاق سنوي. جونسون صرّح علنًا إنه ما راح يكون في دعم ""قرار تمديد مؤقت""  لتأجيل الموعد النهائي لمشاريع هذه القوانين الأربعة إلى 2 فبراير، وهو موعد المشاريع الثمانية المتبقية.","بينما بإمكان ممثل لويزيانا الجمهوري تفادي تلك المسألة حاليًا، لكن البلد في التاسع عشر من يناير أمام موعد نهائي لتمرير أربعة من أصل 12 مشروع قانون إنفاق سنوي. وقد صرّح جونسون علنًا أنه لن يدعم ""قرار تمديد مؤقت""  لإرجاء الموعد النهائي لمشاريع هذه القوانين الأربعة إلى الثاني من فبراير المحدد موعدًا نهائيًا للثمانية الباقية.","While the Louisiana Republican can avoid confronting the issue for now, on January 19 the country will face its deadline to pass four of 12 annual spending bills. Johnson has publicly stated that he would not support a ""continuing resolution"" (CR) to extend the deadline on these four bills to the February 2 due date for the remaining eight.",1,Minor,4,True,,0.7236024844720497,1.0,0.954100489616394,0.7287066246056783,1.0,diagnostic,F,A,,,0.55,0.68,1.0,1,0,1,light,الدولة,البلد,,exact,exact,news
WMT_3693,Terminology Substitution,لديها,أمام,"في حين كان بإمكان ممثل لويزيانا الجمهوري تفادي هذا الموضوع حاليًا، لكن الدولة في 19 يناير لديها موعد نهائي لتمرير أربعة من أصل 12 مشروع قانون إنفاق سنوي. جونسون صرّح علنًا إنه ما راح يكون في دعم ""قرار تمديد مؤقت""  لتأجيل الموعد النهائي لمشاريع هذه القوانين الأربعة إلى 2 فبراير، وهو موعد المشاريع الثمانية المتبقية.","بينما بإمكان ممثل لويزيانا الجمهوري تفادي تلك المسألة حاليًا، لكن البلد في التاسع عشر من يناير أمام موعد نهائي لتمرير أربعة من أصل 12 مشروع قانون إنفاق سنوي. وقد صرّح جونسون علنًا أنه لن يدعم ""قرار تمديد مؤقت""  لإرجاء الموعد النهائي لمشاريع هذه القوانين الأربعة إلى الثاني من فبراير المحدد موعدًا نهائيًا للثمانية الباقية.","While the Louisiana Republican can avoid confronting the issue for now, on January 19 the country will face its deadline to pass four of 12 annual spending bills. Johnson has publicly stated that he would not support a ""continuing resolution"" (CR) to extend the deadline on these four bills to the February 2 due date for the remaining eight.",1,Minor,4,True,,0.7236024844720497,1.0,0.954100489616394,0.7358490566037736,1.0,diagnostic,F,A,,,0.55,0.68,1.0,1,0,1,light,لديها,امام,,exact,exact,news
WMT_3695,Terminology Substitution,لتأجيل,لإرجاء,"في حين كان بإمكان ممثل لويزيانا الجمهوري تفادي هذا الموضوع حاليًا، لكن الدولة في 19 يناير لديها موعد نهائي لتمرير أربعة من أصل 12 مشروع قانون إنفاق سنوي. جونسون صرّح علنًا إنه ما راح يكون في دعم ""قرار تمديد مؤقت""  لتأجيل الموعد النهائي لمشاريع هذه القوانين الأربعة إلى 2 فبراير، وهو موعد المشاريع الثمانية المتبقية.","بينما بإمكان ممثل لويزيانا الجمهوري تفادي تلك المسألة حاليًا، لكن البلد في التاسع عشر من يناير أمام موعد نهائي لتمرير أربعة من أصل 12 مشروع قانون إنفاق سنوي. وقد صرّح جونسون علنًا أنه لن يدعم ""قرار تمديد مؤقت""  لإرجاء الموعد النهائي لمشاريع هذه القوانين الأربعة إلى الثاني من فبراير المحدد موعدًا نهائيًا للثمانية الباقية.","While the Louisiana Republican can avoid confronting the issue for now, on January 19 the country will face its deadline to pass four of 12 annual spending bills. Johnson has publicly stated that he would not support a ""continuing resolution"" (CR) to extend the deadline on these four bills to the February 2 due date for the remaining eight.",1,Minor,4,True,,0.7236024844720497,1.0,0.954100489616394,0.7310126582278481,1.0,diagnostic,F,A,,,0.55,0.68,1.0,1,0,1,light,لتاجيل,لارجاء,,exact,exact,news
WMT_3719,Total Omission,ولا,[OMITTED],"أما عضو الكونغرس توماس ماسي عن ولا كنتاكي، وأحد أبرز المدافعين من الحزب الجمهوري عن خفض الإنفاق، لكنه ما كان من ضمن المحتجين على تصويت يوم الأربعاء، قال إن قرار تمديد مؤقت لمدة سنة ينص على تخفيض بنسبة 1 بالمئة من الإنفاق ربما يكون الحل الناجح لحماية الحكومة من الإغلاق ووضع حد ""لسياسة حافة الهاوية"" الحالية.","أما عضو الكونغرس توماس ماسي عن كنتاكي، وأحد أبرز مدافعي الحزب الجمهوري عن تقليص الإنفاق، لكن لم يكن ضمن المحتجين على تصويت الأربعاء، فقد أشار إلى أن قرار تمديد مؤقت لمدة سنة ينص على تخفيض بنسبة 1 بالمئة من الإنفاق قد يكون الحل الناجع لحماية الحكومة من الإغلاق ووضع حد ""لسياسة حافة الهاوية"" القائمة حاليًا.","Congressman Thomas Massie of Kentucky, one of the Republican Party's most vocal budget hawks but not among those who protested the Wednesday vote, said a yearlong CR that triggers the 1 percent spending cut may be the most feasible way to keep the government open while ending ongoing ""brinkmanship.""",1,Minor,1,True,,0.8371335504885994,1.0,0.9818174242973328,0.8459016393442623,1.0,diagnostic,F,A,,,0.55,0.5,0.8,1,0,0,light,ولا,[OMITTED],,exact,,news
WMT_3721,Terminology Substitution,خفض,تقليص,"أما عضو الكونغرس توماس ماسي عن ولا كنتاكي، وأحد أبرز المدافعين من الحزب الجمهوري عن خفض الإنفاق، لكنه ما كان من ضمن المحتجين على تصويت يوم الأربعاء، قال إن قرار تمديد مؤقت لمدة سنة ينص على تخفيض بنسبة 1 بالمئة من الإنفاق ربما يكون الحل الناجح لحماية الحكومة من الإغلاق ووضع حد ""لسياسة حافة الهاوية"" الحالية.","أما عضو الكونغرس توماس ماسي عن كنتاكي، وأحد أبرز مدافعي الحزب الجمهوري عن تقليص الإنفاق، لكن لم يكن ضمن المحتجين على تصويت الأربعاء، فقد أشار إلى أن قرار تمديد مؤقت لمدة سنة ينص على تخفيض بنسبة 1 بالمئة من الإنفاق قد يكون الحل الناجع لحماية الحكومة من الإغلاق ووضع حد ""لسياسة حافة الهاوية"" القائمة حاليًا.","Congressman Thomas Massie of Kentucky, one of the Republican Party's most vocal budget hawks but not among those who protested the Wednesday vote, said a yearlong CR that triggers the 1 percent spending cut may be the most feasible way to keep the government open while ending ongoing ""brinkmanship.""",1,Minor,4,True,,0.8371335504885994,1.0,0.9818174242973328,0.8519736842105263,1.0,diagnostic,F,A,,,0.55,0.68,1.0,1,0,1,light,خفض,تقليص,,exact,exact,news
WMT_3723,Total Omission,يوم,[OMITTED],"أما عضو الكونغرس توماس ماسي عن ولا كنتاكي، وأحد أبرز المدافعين من الحزب الجمهوري عن خفض الإنفاق، لكنه ما كان من ضمن المحتجين على تصويت يوم الأربعاء، قال إن قرار تمديد مؤقت لمدة سنة ينص على تخفيض بنسبة 1 بالمئة من الإنفاق ربما يكون الحل الناجح لحماية الحكومة من الإغلاق ووضع حد ""لسياسة حافة الهاوية"" الحالية.","أما عضو الكونغرس توماس ماسي عن كنتاكي، وأحد أبرز مدافعي الحزب الجمهوري عن تقليص الإنفاق، لكن لم يكن ضمن المحتجين على تصويت الأربعاء، فقد أشار إلى أن قرار تمديد مؤقت لمدة سنة ينص على تخفيض بنسبة 1 بالمئة من الإنفاق قد يكون الحل الناجع لحماية الحكومة من الإغلاق ووضع حد ""لسياسة حافة الهاوية"" القائمة حاليًا.","Congressman Thomas Massie of Kentucky, one of the Republican Party's most vocal budget hawks but not among those who protested the Wednesday vote, said a yearlong CR that triggers the 1 percent spending cut may be the most feasible way to keep the government open while ending ongoing ""brinkmanship.""",1,Minor,1,True,,0.8371335504885994,1.0,0.9818174242973328,0.8459016393442623,1.0,diagnostic,F,A,,,0.55,0.5,0.8,1,0,0,light,يوم,[OMITTED],,exact,,news
WMT_3725,Terminology Substitution,ربما,قد,"أما عضو الكونغرس توماس ماسي عن ولا كنتاكي، وأحد أبرز المدافعين من الحزب الجمهوري عن خفض الإنفاق، لكنه ما كان من ضمن المحتجين على تصويت يوم الأربعاء، قال إن قرار تمديد مؤقت لمدة سنة ينص على تخفيض بنسبة 1 بالمئة من الإنفاق ربما يكون الحل الناجح لحماية الحكومة من الإغلاق ووضع حد ""لسياسة حافة الهاوية"" الحالية.","أما عضو الكونغرس توماس ماسي عن كنتاكي، وأحد أبرز مدافعي الحزب الجمهوري عن تقليص الإنفاق، لكن لم يكن ضمن المحتجين على تصويت الأربعاء، فقد أشار إلى أن قرار تمديد مؤقت لمدة سنة ينص على تخفيض بنسبة 1 بالمئة من الإنفاق قد يكون الحل الناجع لحماية الحكومة من الإغلاق ووضع حد ""لسياسة حافة الهاوية"" القائمة حاليًا.","Congressman Thomas Massie of Kentucky, one of the Republican Party's most vocal budget hawks but not among those who protested the Wednesday vote, said a yearlong CR that triggers the 1 percent spending cut may be the most feasible way to keep the government open while ending ongoing ""brinkmanship.""",1,Minor,4,True,,0.8371335504885994,1.0,0.9818174242973328,0.8448844884488449,1.0,diagnostic,F,A,,,0.55,0.68,1.0,1,0,2,light,ربما,قد,,exact,prefix_ف,news
WMT_3726,Spelling Error,الناجح,الناجع,"أما عضو الكونغرس توماس ماسي عن ولا كنتاكي، وأحد أبرز المدافعين من الحزب الجمهوري عن خفض الإنفاق، لكنه ما كان من ضمن المحتجين على تصويت يوم الأربعاء، قال إن قرار تمديد مؤقت لمدة سنة ينص على تخفيض بنسبة 1 بالمئة من الإنفاق ربما يكون الحل الناجح لحماية الحكومة من الإغلاق ووضع حد ""لسياسة حافة الهاوية"" الحالية.","أما عضو الكونغرس توماس ماسي عن كنتاكي، وأحد أبرز مدافعي الحزب الجمهوري عن تقليص الإنفاق، لكن لم يكن ضمن المحتجين على تصويت الأربعاء، فقد أشار إلى أن قرار تمديد مؤقت لمدة سنة ينص على تخفيض بنسبة 1 بالمئة من الإنفاق قد يكون الحل الناجع لحماية الحكومة من الإغلاق ووضع حد ""لسياسة حافة الهاوية"" القائمة حاليًا.","Congressman Thomas Massie of Kentucky, one of the Republican Party's most vocal budget hawks but not among those who protested the Wednesday vote, said a yearlong CR that triggers the 1 percent spending cut may be the most feasible way to keep the government open while ending ongoing ""brinkmanship.""",1,Minor,21,True,,0.8371335504885994,1.0,0.9818174242973328,0.8372093023255813,1.0,score,F,A,,,0.55,0.78,1.0,1,0,1,light,الناجح,الناجع,,exact,exact,news
WMT_3731,Partial Translation,الاثناشر,[OMITTED],"على الرغم من ذا، قال أيضًا إن ""أكثر الطرق مسؤولية"" لخفض الإنفاق راح تكون عبر تمرير الاثناشر مشروع مع بعض. ونظرًا لتحفظ الكثيرين من الجمهوريين على مواجهة الإغلاق الحكومي والخفض بنسبة 1 بالمئة على الإنفاق الدفاعي، فربما يحتّم ضيق الوقت لتمرير مشاريع القوانين فرض تحالف أكبر بين الجمهوريين والديمقراطيين لتمديد الموعد النهائي لمشاريع قوانين الإنفاق الأربعة والتوصل لاتفاق لتمويل الحكومة حتى لو أدّى ذا إلى إحراج جونسون أمام اليمين المتطرف.","وعلى الرغم من هذا فقد أردف قائلًا بأن ""أكثر الطرق مسؤولية"" لخفض النفقات ستكون عبر تمرير 12 مشروع قانون معًا. ونظرًا لتحفظ الكثير من الجمهوريين حول مواجهة الإغلاق الحكومي والخفض بنسبة واحد بالمئة على الإنفاق الدفاعي، فقد يحتّم ضيق الوقت في تمرير مشاريع القوانين فرض تحالف أكبر بين الجمهوريين والديمقراطيين لتمديد الموعد النهائي على مشاريع قوانين الإنفاق الأربعة والتوصل إلى اتفاق لتمويل الحكومة حتى لو أدّى هذا إلى وضع جونسون في موقف حرج أمام اليمين المتطرف.","However, he said the most ""responsible way"" to cut spending would be to pass all 12 bills. With many Republicans reticent to see a shutdown and a 1 percent cut to defense spending, the urgency to pass the bills could see enough Republicans ally with Democrats to extend the deadline on the four spending bills and reach an agreement to fund the government, even if doing so puts Johnson in hot water with some of those on the hard right.",3,Major,2,True,,0.8293216630196937,1.0,0.9571175575256348,0.8424507658643325,1.0,diagnostic,F,A,,,0.55,0.55,1.0,1,0,0,light,الاثناشر,[OMITTED],,exact,,news
WMT_3735,Terminology Substitution,فربما,فقد,"على الرغم من ذا، قال أيضًا إن ""أكثر الطرق مسؤولية"" لخفض الإنفاق راح تكون عبر تمرير الاثناشر مشروع مع بعض. ونظرًا لتحفظ الكثيرين من الجمهوريين على مواجهة الإغلاق الحكومي والخفض بنسبة 1 بالمئة على الإنفاق الدفاعي، فربما يحتّم ضيق الوقت لتمرير مشاريع القوانين فرض تحالف أكبر بين الجمهوريين والديمقراطيين لتمديد الموعد النهائي لمشاريع قوانين الإنفاق الأربعة والتوصل لاتفاق لتمويل الحكومة حتى لو أدّى ذا إلى إحراج جونسون أمام اليمين المتطرف.","وعلى الرغم من هذا فقد أردف قائلًا بأن ""أكثر الطرق مسؤولية"" لخفض النفقات ستكون عبر تمرير 12 مشروع قانون معًا. ونظرًا لتحفظ الكثير من الجمهوريين حول مواجهة الإغلاق الحكومي والخفض بنسبة واحد بالمئة على الإنفاق الدفاعي، فقد يحتّم ضيق الوقت في تمرير مشاريع القوانين فرض تحالف أكبر بين الجمهوريين والديمقراطيين لتمديد الموعد النهائي على مشاريع قوانين الإنفاق الأربعة والتوصل إلى اتفاق لتمويل الحكومة حتى لو أدّى هذا إلى وضع جونسون في موقف حرج أمام اليمين المتطرف.","However, he said the most ""responsible way"" to cut spending would be to pass all 12 bills. With many Republicans reticent to see a shutdown and a 1 percent cut to defense spending, the urgency to pass the bills could see enough Republicans ally with Democrats to extend the deadline on the four spending bills and reach an agreement to fund the government, even if doing so puts Johnson in hot water with some of those on the hard right.",1,Minor,4,True,,0.8293216630196937,1.0,0.9571175575256348,0.8370044052863437,1.0,diagnostic,F,A,,,0.55,0.68,1.0,1,0,2,light,فربما,فقد,,exact,exact,news
WMT_3739,Terminology Substitution,ذا,هذا,"على الرغم من ذا، قال أيضًا إن ""أكثر الطرق مسؤولية"" لخفض الإنفاق راح تكون عبر تمرير الاثناشر مشروع مع بعض. ونظرًا لتحفظ الكثيرين من الجمهوريين على مواجهة الإغلاق الحكومي والخفض بنسبة 1 بالمئة على الإنفاق الدفاعي، فربما يحتّم ضيق الوقت لتمرير مشاريع القوانين فرض تحالف أكبر بين الجمهوريين والديمقراطيين لتمديد الموعد النهائي لمشاريع قوانين الإنفاق الأربعة والتوصل لاتفاق لتمويل الحكومة حتى لو أدّى ذا إلى إحراج جونسون أمام اليمين المتطرف.","وعلى الرغم من هذا فقد أردف قائلًا بأن ""أكثر الطرق مسؤولية"" لخفض النفقات ستكون عبر تمرير 12 مشروع قانون معًا. ونظرًا لتحفظ الكثير من الجمهوريين حول مواجهة الإغلاق الحكومي والخفض بنسبة واحد بالمئة على الإنفاق الدفاعي، فقد يحتّم ضيق الوقت في تمرير مشاريع القوانين فرض تحالف أكبر بين الجمهوريين والديمقراطيين لتمديد الموعد النهائي على مشاريع قوانين الإنفاق الأربعة والتوصل إلى اتفاق لتمويل الحكومة حتى لو أدّى هذا إلى وضع جونسون في موقف حرج أمام اليمين المتطرف.","However, he said the most ""responsible way"" to cut spending would be to pass all 12 bills. With many Republicans reticent to see a shutdown and a 1 percent cut to defense spending, the urgency to pass the bills could see enough Republicans ally with Democrats to extend the deadline on the four spending bills and reach an agreement to fund the government, even if doing so puts Johnson in hot water with some of those on the hard right.",1,Minor,4,True,,0.8293216630196937,1.0,0.9571175575256348,0.8303964757709251,1.0,diagnostic,F,A,,,0.55,0.68,1.0,1,0,2,light,ذا,هذا,,exact,exact,news
WMT_3740,Terminology Substitution,إحراج,وضع,"على الرغم من ذا، قال أيضًا إن ""أكثر الطرق مسؤولية"" لخفض الإنفاق راح تكون عبر تمرير الاثناشر مشروع مع بعض. ونظرًا لتحفظ الكثيرين من الجمهوريين على مواجهة الإغلاق الحكومي والخفض بنسبة 1 بالمئة على الإنفاق الدفاعي، فربما يحتّم ضيق الوقت لتمرير مشاريع القوانين فرض تحالف أكبر بين الجمهوريين والديمقراطيين لتمديد الموعد النهائي لمشاريع قوانين الإنفاق الأربعة والتوصل لاتفاق لتمويل الحكومة حتى لو أدّى ذا إلى إحراج جونسون أمام اليمين المتطرف.","وعلى الرغم من هذا فقد أردف قائلًا بأن ""أكثر الطرق مسؤولية"" لخفض النفقات ستكون عبر تمرير 12 مشروع قانون معًا. ونظرًا لتحفظ الكثير من الجمهوريين حول مواجهة الإغلاق الحكومي والخفض بنسبة واحد بالمئة على الإنفاق الدفاعي، فقد يحتّم ضيق الوقت في تمرير مشاريع القوانين فرض تحالف أكبر بين الجمهوريين والديمقراطيين لتمديد الموعد النهائي على مشاريع قوانين الإنفاق الأربعة والتوصل إلى اتفاق لتمويل الحكومة حتى لو أدّى هذا إلى وضع جونسون في موقف حرج أمام اليمين المتطرف.","However, he said the most ""responsible way"" to cut spending would be to pass all 12 bills. With many Republicans reticent to see a shutdown and a 1 percent cut to defense spending, the urgency to pass the bills could see enough Republicans ally with Democrats to extend the deadline on the four spending bills and reach an agreement to fund the government, even if doing so puts Johnson in hot water with some of those on the hard right.",1,Minor,4,True,,0.8293216630196937,1.0,0.9571175575256348,0.8392070484581498,1.0,diagnostic,F,A,,,0.55,0.68,1.0,1,0,1,light,احراج,وضع,,exact,exact,news
WMT_3750,Spelling Error,اللي بتطرحها,التي تطرحها,صدقت اللجنة على 10 صناديق متداولة في البورصة، واللي بتستثمر في البيتكوين، بما فيها الصناديق اللي بتطرحها الشركات المالية العملاقة مثل Blackrock وFidelity، بالإضافة إلى الصناديق اللي بتطرحها الشركات المالية الأصغر.,صدقت اللجنة على 10 صناديق متداولة في البورصة، أو صناديق الاستثمار المتداولة، التي تستثمر في البيتكوين، بما في ذلك الصناديق التي تطرحها الشركات المالية العملاقة مثل Blackrock وFidelity، بالإضافة إلى تلك التي تطرحها الشركات المالية الأصغر.,"The commission authorized 10 exchange-traded funds, or ETFs, that invest in bitcoin, including funds proposed by giants such as Blackrock and Fidelity as well as by smaller financial companies.",1,Minor,21,True,,0.8059071729957806,1.0,0.9775136709213256,0.8053097345132744,1.0,score,F,A,,,0.55,0.78,1.0,1,0,1,light,اللي بتطرحها,التي تطرحها,,exact_seq,exact_seq,news
WMT_3760,Terminology Substitution,بالاستناد,استنادًا,وقال غينسلر أيضًا إن الموافقة على صناديق البيتكوين ما تتضمن أي إشارة إلى إن لجنة هيئة الأوراق المالية والبورصات الأمريكية قد توافق على الصناديق أو المنتجات المتداولة في البورصة بالاستناد إلى الأصول أو العملات الرقمية الأخرى.,كما أضاف غينسلر أن الموافقة على صناديق البيتكوين لم تشر إلى أن لجنة هيئة الأوراق المالية والبورصات الأمريكية قد توافق على الصناديق أو المنتجات المتداولة في البورصة استنادًا إلى العملات الرقمية الأخرى أو الأصول.,Gensler also added that the approval of the bitcoin funds did not imply the SEC would approve funds or exchange-traded products (ETPs) based on other digital currencies or assets.,1,Minor,4,True,,0.7678571428571428,1.0,0.9799318313598632,0.7813953488372093,1.0,diagnostic,F,A,,,0.55,0.68,1.0,1,0,1,light,بالاستناد,استنادًا,,exact,exact,news
WMT_3761,Total Omission,الأصول أو,[OMITTED],وقال غينسلر أيضًا إن الموافقة على صناديق البيتكوين ما تتضمن أي إشارة إلى إن لجنة هيئة الأوراق المالية والبورصات الأمريكية قد توافق على الصناديق أو المنتجات المتداولة في البورصة بالاستناد إلى الأصول أو العملات الرقمية الأخرى.,كما أضاف غينسلر أن الموافقة على صناديق البيتكوين لم تشر إلى أن لجنة هيئة الأوراق المالية والبورصات الأمريكية قد توافق على الصناديق أو المنتجات المتداولة في البورصة استنادًا إلى العملات الرقمية الأخرى أو الأصول.,Gensler also added that the approval of the bitcoin funds did not imply the SEC would approve funds or exchange-traded products (ETPs) based on other digital currencies or assets.,1,Minor,1,True,,0.7678571428571428,1.0,0.9799318313598632,0.8,1.0,diagnostic,F,A,,,0.55,0.5,0.8,1,0,0,light,الاصول او,[OMITTED],,exact_seq,,news
WMT_3763,Terminology Substitution,وقال,وأضاف,وقال غينسلر إن الأهم من ذا هو إن إجراء اللجنة اليوم يقتصر على المنتجات المتداولة في البورصة اللي بتضم سلعة واحدة ليست من الأوراق المالية، وهي البيتكوين. وما في أي دلالة إن ذا بيشير إلى رغبة اللجنة في الموافقة على معايير إدراج الأوراق المالية لأصول العملات المشفرة. والموافقة أيضًا ما بتشير إلى أي شيء يتعلق بآراء اللجنة حول حالة أصول العملات المشفرة الأخرى بموجب قانون الأوراق المالية الفيدرالي أو بخصوص الحالة الحالية لعدم امتثال بعض المشاركين في سوق أصول العملات المشفرة لقانون الأوراق المالية الفيدرالي.,وأضاف غينسلر أن الأهم من ذلك هو أن إجراء اللجنة اليوم يقتصر على المنتجات المتداولة في البورصة التي تحتوي على سلعة واحدة ليست ضمن الأوراق المالية، وهي البيتكوين. ولا ينبغي بأي حال من الأحوال أن يشير هذا إلى رغبة اللجنة في الموافقة على معايير إدراج الأوراق المالية لأصول العملات المشفرة. ولا تشير الموافقة على أي شيء يتعلق بآراء اللجنة حول حالة أصول العملات المشفرة الأخرى بموجب قانون الأوراق المالية الفيدرالي أو حول الحالة الحالية لعدم امتثال بعض المشاركين في سوق أصول العملات المشفرة لقانون الأوراق المالية الفيدرالي.,"""Importantly, today's Commission action is cabined to ETPs holding one non-security commodity, bitcoin. It should in no way signal the Commission's willingness to approve listing standards for crypto asset securities. Nor does the approval signal anything about the Commission's views as to the status of other crypto assets under the federal securities laws or about the current state of non-compliance of certain crypto asset market participants with the federal securities laws,"" Gensler said.",1,Minor,4,True,,0.8783783783783784,1.0,0.9872878789901732,0.8830409356725146,1.0,diagnostic,F,A,,,0.55,0.68,1.0,1,0,1,light,وقال,واضاف,,exact,exact,news
WMT_3765,Terminology Substitution,ذا,ذلك,وقال غينسلر إن الأهم من ذا هو إن إجراء اللجنة اليوم يقتصر على المنتجات المتداولة في البورصة اللي بتضم سلعة واحدة ليست من الأوراق المالية، وهي البيتكوين. وما في أي دلالة إن ذا بيشير إلى رغبة اللجنة في الموافقة على معايير إدراج الأوراق المالية لأصول العملات المشفرة. والموافقة أيضًا ما بتشير إلى أي شيء يتعلق بآراء اللجنة حول حالة أصول العملات المشفرة الأخرى بموجب قانون الأوراق المالية الفيدرالي أو بخصوص الحالة الحالية لعدم امتثال بعض المشاركين في سوق أصول العملات المشفرة لقانون الأوراق المالية الفيدرالي.,وأضاف غينسلر أن الأهم من ذلك هو أن إجراء اللجنة اليوم يقتصر على المنتجات المتداولة في البورصة التي تحتوي على سلعة واحدة ليست ضمن الأوراق المالية، وهي البيتكوين. ولا ينبغي بأي حال من الأحوال أن يشير هذا إلى رغبة اللجنة في الموافقة على معايير إدراج الأوراق المالية لأصول العملات المشفرة. ولا تشير الموافقة على أي شيء يتعلق بآراء اللجنة حول حالة أصول العملات المشفرة الأخرى بموجب قانون الأوراق المالية الفيدرالي أو حول الحالة الحالية لعدم امتثال بعض المشاركين في سوق أصول العملات المشفرة لقانون الأوراق المالية الفيدرالي.,"""Importantly, today's Commission action is cabined to ETPs holding one non-security commodity, bitcoin. It should in no way signal the Commission's willingness to approve listing standards for crypto asset securities. Nor does the approval signal anything about the Commission's views as to the status of other crypto assets under the federal securities laws or about the current state of non-compliance of certain crypto asset market participants with the federal securities laws,"" Gensler said.",1,Minor,4,True,,0.8783783783783784,1.0,0.9872878789901732,0.8815533980582524,1.0,diagnostic,F,A,,,0.55,0.68,1.0,2,0,1,light,ذا,ذلك,,exact,exact,news
WMT_3770,Terminology Substitution,بخصوص,حول,وقال غينسلر إن الأهم من ذا هو إن إجراء اللجنة اليوم يقتصر على المنتجات المتداولة في البورصة اللي بتضم سلعة واحدة ليست من الأوراق المالية، وهي البيتكوين. وما في أي دلالة إن ذا بيشير إلى رغبة اللجنة في الموافقة على معايير إدراج الأوراق المالية لأصول العملات المشفرة. والموافقة أيضًا ما بتشير إلى أي شيء يتعلق بآراء اللجنة حول حالة أصول العملات المشفرة الأخرى بموجب قانون الأوراق المالية الفيدرالي أو بخصوص الحالة الحالية لعدم امتثال بعض المشاركين في سوق أصول العملات المشفرة لقانون الأوراق المالية الفيدرالي.,وأضاف غينسلر أن الأهم من ذلك هو أن إجراء اللجنة اليوم يقتصر على المنتجات المتداولة في البورصة التي تحتوي على سلعة واحدة ليست ضمن الأوراق المالية، وهي البيتكوين. ولا ينبغي بأي حال من الأحوال أن يشير هذا إلى رغبة اللجنة في الموافقة على معايير إدراج الأوراق المالية لأصول العملات المشفرة. ولا تشير الموافقة على أي شيء يتعلق بآراء اللجنة حول حالة أصول العملات المشفرة الأخرى بموجب قانون الأوراق المالية الفيدرالي أو حول الحالة الحالية لعدم امتثال بعض المشاركين في سوق أصول العملات المشفرة لقانون الأوراق المالية الفيدرالي.,"""Importantly, today's Commission action is cabined to ETPs holding one non-security commodity, bitcoin. It should in no way signal the Commission's willingness to approve listing standards for crypto asset securities. Nor does the approval signal anything about the Commission's views as to the status of other crypto assets under the federal securities laws or about the current state of non-compliance of certain crypto asset market participants with the federal securities laws,"" Gensler said.",1,Minor,4,True,,0.8783783783783784,1.0,0.9872878789901732,0.8737864077669903,1.0,diagnostic,F,A,,,0.55,0.68,1.0,1,0,2,light,بخصوص,حول,,exact,exact,news
WMT_3774,Terminology Substitution,وضّح,وأوضح,وضّح غينسلر إنه وفقًا للظروف الحالة واللي تمت مناقشتها بشكل كامل في أمر الموافقة، إنه يرى إن الخيار الأمثل للمستقبل هو الموافقة على إدراج وتداول أسهم المنتجات المتداولة في البورصة بعملة البيتكوين.,وأوضح غينسلر أنه وفقًا لهذه الظروف وتلك التي تمت مناقشتها بشكل كامل في أمر الموافقة، فإنه يشعر بأن أكثر الطرق استدامة للمضي قدمًا هي الموافقة على الإدراج والتداول لأسهم المنتجات المتداولة في البورصة الفورية بعملة البيتكوين.,"""Based on these circumstances and those discussed more fully in the approval order, I feel the most sustainable path forward is to approve the listing and trading of these spot bitcoin ETP shares,"" Gensler explained.",1,Minor,4,True,,0.7443946188340806,1.0,0.9007346034049988,0.7522935779816513,1.0,diagnostic,F,A,,,0.55,0.68,1.0,1,0,1,light,وضّح,واوضح,,exact,exact,news
WMT_3775,Spelling Error,إنه,أنه,وضّح غينسلر إنه وفقًا للظروف الحالة واللي تمت مناقشتها بشكل كامل في أمر الموافقة، إنه يرى إن الخيار الأمثل للمستقبل هو الموافقة على إدراج وتداول أسهم المنتجات المتداولة في البورصة بعملة البيتكوين.,وأوضح غينسلر أنه وفقًا لهذه الظروف وتلك التي تمت مناقشتها بشكل كامل في أمر الموافقة، فإنه يشعر بأن أكثر الطرق استدامة للمضي قدمًا هي الموافقة على الإدراج والتداول لأسهم المنتجات المتداولة في البورصة الفورية بعملة البيتكوين.,"""Based on these circumstances and those discussed more fully in the approval order, I feel the most sustainable path forward is to approve the listing and trading of these spot bitcoin ETP shares,"" Gensler explained.",1,Minor,21,True,,0.7443946188340806,1.0,0.9007346034049988,0.7454545454545455,1.0,score,F,A,,,0.55,0.78,1.0,3,2,2,light,انه,انه,,exact,exact,news
WMT_3777,Spelling Error,إدراج وتداول أسهم,الإدراج والتداول لأسهم,وضّح غينسلر إنه وفقًا للظروف الحالة واللي تمت مناقشتها بشكل كامل في أمر الموافقة، إنه يرى إن الخيار الأمثل للمستقبل هو الموافقة على إدراج وتداول أسهم المنتجات المتداولة في البورصة بعملة البيتكوين.,وأوضح غينسلر أنه وفقًا لهذه الظروف وتلك التي تمت مناقشتها بشكل كامل في أمر الموافقة، فإنه يشعر بأن أكثر الطرق استدامة للمضي قدمًا هي الموافقة على الإدراج والتداول لأسهم المنتجات المتداولة في البورصة الفورية بعملة البيتكوين.,"""Based on these circumstances and those discussed more fully in the approval order, I feel the most sustainable path forward is to approve the listing and trading of these spot bitcoin ETP shares,"" Gensler explained.",1,Minor,21,True,,0.7443946188340806,1.0,0.9007346034049988,0.7412935323383085,1.0,score,F,A,,,0.55,0.78,1.0,1,0,1,light,ادراج وتداول اسهم,الادراج والتداول لاسهم,,exact_seq,exact_seq,news
WMT_3779,Terminology Substitution,اللي,التي,كان فيه ترحيب كبير بالموافقة اللي طال انتظارها باعتبارها علامة فارقة في تاريخ العملات الرقمية اللي بيقول المؤيدين إنها راح تعزز الاستثمار في البيتكوين ومن المحتمل أن تؤدي إلى موافقة بشكل أوسع على العملات المشفرة كأصول مالية مشروعة. ارتفع سعر البيتكوين بشكل كبير في الشهور الأخيرة، من 25000 دولار أمريكي تقريبًا في سبتمبر إلى أكثر من 45000 دولار أمريكي، وذا بسبب إن العديد من المستثمرين في البيتكوين يرون أن الصناديق المتداولة في البورصة راح تزيد من الطلب على الأصول.,وتم الترحيب بالموافقة التي طال انتظارها بوصفها حدثًا فارقًا للعملات الرقمية التي يقول المؤيدون إنها ستوسع الوصول إلى الاستثمار في البيتكوين ومن المحتمل أن تؤدي إلى موافقة بشكل أوسع على العملات المشفرة كأصول مالية مشروعة. وقد ارتفع سعر البيتكوين بشكل كبير في الشهور الأخيرة، من 25000 دولار أمريكي تقريبًا في سبتمبر إلى ما يزيد عن 45000 دولار أمريكي، ويرجع ذلك جزئيًا إلى أن العديد من المستثمرين في البيتكوين يعتقدون أن الصناديق المتداولة في البورصة ستحقق طلبًا متزايدًا على الأصول.,"The much-anticipated approval has been hailed as a watershed event for digital currencies that proponents say will broaden access to investing in bitcoin and possibly lead to broader acceptance of cryptocurrencies as legitimate financial assets. The price of bitcoin has exploded higher in recent months, rising from around $25,000 in September to more than $45,000, in part because many bitcoin investors believe the ETFs will create more demand for the asset.",1,Minor,4,True,,0.7916666666666666,1.0,0.9665547609329224,0.792016806722689,1.0,diagnostic,F,A,,,0.55,0.68,1.0,2,0,2,light,اللي,التي,,exact,exact,news
WMT_3780,Spelling Error,اللي بيقول المؤيدين,التي يقول المؤيدون,كان فيه ترحيب كبير بالموافقة اللي طال انتظارها باعتبارها علامة فارقة في تاريخ العملات الرقمية اللي بيقول المؤيدين إنها راح تعزز الاستثمار في البيتكوين ومن المحتمل أن تؤدي إلى موافقة بشكل أوسع على العملات المشفرة كأصول مالية مشروعة. ارتفع سعر البيتكوين بشكل كبير في الشهور الأخيرة، من 25000 دولار أمريكي تقريبًا في سبتمبر إلى أكثر من 45000 دولار أمريكي، وذا بسبب إن العديد من المستثمرين في البيتكوين يرون أن الصناديق المتداولة في البورصة راح تزيد من الطلب على الأصول.,وتم الترحيب بالموافقة التي طال انتظارها بوصفها حدثًا فارقًا للعملات الرقمية التي يقول المؤيدون إنها ستوسع الوصول إلى الاستثمار في البيتكوين ومن المحتمل أن تؤدي إلى موافقة بشكل أوسع على العملات المشفرة كأصول مالية مشروعة. وقد ارتفع سعر البيتكوين بشكل كبير في الشهور الأخيرة، من 25000 دولار أمريكي تقريبًا في سبتمبر إلى ما يزيد عن 45000 دولار أمريكي، ويرجع ذلك جزئيًا إلى أن العديد من المستثمرين في البيتكوين يعتقدون أن الصناديق المتداولة في البورصة ستحقق طلبًا متزايدًا على الأصول.,"The much-anticipated approval has been hailed as a watershed event for digital currencies that proponents say will broaden access to investing in bitcoin and possibly lead to broader acceptance of cryptocurrencies as legitimate financial assets. The price of bitcoin has exploded higher in recent months, rising from around $25,000 in September to more than $45,000, in part because many bitcoin investors believe the ETFs will create more demand for the asset.",1,Minor,21,True,,0.7916666666666666,1.0,0.9665547609329224,0.7900432900432901,1.0,score,F,A,,,0.55,0.78,1.0,1,0,1,light,اللي بيقول المؤيدين,التي يقول المؤيدون,,exact_seq,exact_seq,news
WMT_3784,Terminology Substitution,يرون,يعتقدون,كان فيه ترحيب كبير بالموافقة اللي طال انتظارها باعتبارها علامة فارقة في تاريخ العملات الرقمية اللي بيقول المؤيدين إنها راح تعزز الاستثمار في البيتكوين ومن المحتمل أن تؤدي إلى موافقة بشكل أوسع على العملات المشفرة كأصول مالية مشروعة. ارتفع سعر البيتكوين بشكل كبير في الشهور الأخيرة، من 25000 دولار أمريكي تقريبًا في سبتمبر إلى أكثر من 45000 دولار أمريكي، وذا بسبب إن العديد من المستثمرين في البيتكوين يرون أن الصناديق المتداولة في البورصة راح تزيد من الطلب على الأصول.,وتم الترحيب بالموافقة التي طال انتظارها بوصفها حدثًا فارقًا للعملات الرقمية التي يقول المؤيدون إنها ستوسع الوصول إلى الاستثمار في البيتكوين ومن المحتمل أن تؤدي إلى موافقة بشكل أوسع على العملات المشفرة كأصول مالية مشروعة. وقد ارتفع سعر البيتكوين بشكل كبير في الشهور الأخيرة، من 25000 دولار أمريكي تقريبًا في سبتمبر إلى ما يزيد عن 45000 دولار أمريكي، ويرجع ذلك جزئيًا إلى أن العديد من المستثمرين في البيتكوين يعتقدون أن الصناديق المتداولة في البورصة ستحقق طلبًا متزايدًا على الأصول.,"The much-anticipated approval has been hailed as a watershed event for digital currencies that proponents say will broaden access to investing in bitcoin and possibly lead to broader acceptance of cryptocurrencies as legitimate financial assets. The price of bitcoin has exploded higher in recent months, rising from around $25,000 in September to more than $45,000, in part because many bitcoin investors believe the ETFs will create more demand for the asset.",1,Minor,4,True,,0.7916666666666666,1.0,0.9665547609329224,0.7970401691331924,1.0,diagnostic,F,A,,,0.55,0.68,1.0,1,0,1,light,يرون,يعتقدون,,exact,exact,news
WMT_3798,Terminology Substitution,طلبت,وتحث,طلبت السلطات من الشعب رفع تقارير في محاولة لمنع استخدام اللغة الروسية في الدولة,وتحث السلطات الشعب على تقديم تقارير في دعوة لمنع استخدام اللغة الروسية في الدولة,Authorities are urging the population to file reports in a bid to de-Russify the country,1,Minor,4,True,,0.75,1.0,0.9404480457305908,0.7894736842105263,1.0,diagnostic,F,A,,,0.55,0.68,1.0,1,0,1,light,طلبت,وتحث,,exact,exact,news
WMT_3799,Total Omission,من,[OMITTED],طلبت السلطات من الشعب رفع تقارير في محاولة لمنع استخدام اللغة الروسية في الدولة,وتحث السلطات الشعب على تقديم تقارير في دعوة لمنع استخدام اللغة الروسية في الدولة,Authorities are urging the population to file reports in a bid to de-Russify the country,1,Minor,1,True,,0.75,1.0,0.9404480457305908,0.775,1.0,diagnostic,F,A,,,0.55,0.5,0.8,1,0,0,light,من,[OMITTED],,exact,,news
WMT_3801,Terminology Substitution,محاولة,دعوة,طلبت السلطات من الشعب رفع تقارير في محاولة لمنع استخدام اللغة الروسية في الدولة,وتحث السلطات الشعب على تقديم تقارير في دعوة لمنع استخدام اللغة الروسية في الدولة,Authorities are urging the population to file reports in a bid to de-Russify the country,1,Minor,4,True,,0.75,1.0,0.9404480457305908,0.7894736842105263,1.0,diagnostic,F,A,,,0.55,0.68,1.0,1,0,1,light,محاولة,دعوة,,exact,exact,news
WMT_3802,Terminology Substitution,زاد,وارتفع,"زاد عدد الشكاوى المقدمة إلى السلطات في أوكرانيا بخصوص استخدام الناس للغة الروسية بنسبة 30% مقارنة بالعام. تشجع كييف الشعب على الإبلاغ عن الحالات ذي في محاولة ""لحماية"" الدولة من التأثير الروسي المزعوم.","وارتفع عدد الشكاوى المقدمة إلى السلطات في أوكرانيا حول تحدث الأشخاص باللغة الروسية بمقدار 30% عن العام الماضي. وتشجع كييف الشعب على الإبلاغ عن مثل هذه الحالات في محاولة ""لحماية"" الدولة من التأثير الروسي المزعوم.",The number of complaints to authorities in Ukraine of a person speaking in Russian increased by 30% last year. Kiev actively encourages the population to report such cases in a bid to allegedly 'protect' the country from Russian influence.,1,Minor,4,True,,0.7725118483412322,1.0,0.9688844680786132,0.7902439024390244,1.0,diagnostic,F,A,,,0.55,0.68,1.0,1,0,1,light,زاد,وارتفع,,exact,exact,news
WMT_3804,Terminology Substitution,بنسبة,بمقدار,"زاد عدد الشكاوى المقدمة إلى السلطات في أوكرانيا بخصوص استخدام الناس للغة الروسية بنسبة 30% مقارنة بالعام. تشجع كييف الشعب على الإبلاغ عن الحالات ذي في محاولة ""لحماية"" الدولة من التأثير الروسي المزعوم.","وارتفع عدد الشكاوى المقدمة إلى السلطات في أوكرانيا حول تحدث الأشخاص باللغة الروسية بمقدار 30% عن العام الماضي. وتشجع كييف الشعب على الإبلاغ عن مثل هذه الحالات في محاولة ""لحماية"" الدولة من التأثير الروسي المزعوم.",The number of complaints to authorities in Ukraine of a person speaking in Russian increased by 30% last year. Kiev actively encourages the population to report such cases in a bid to allegedly 'protect' the country from Russian influence.,1,Minor,4,True,,0.7725118483412322,1.0,0.9688844680786132,0.7902439024390244,1.0,diagnostic,F,A,,,0.55,0.68,1.0,1,0,1,light,بنسبة,بمقدار,,exact,exact,news
WMT_3806,Total Omission,ذي,[OMITTED],"زاد عدد الشكاوى المقدمة إلى السلطات في أوكرانيا بخصوص استخدام الناس للغة الروسية بنسبة 30% مقارنة بالعام. تشجع كييف الشعب على الإبلاغ عن الحالات ذي في محاولة ""لحماية"" الدولة من التأثير الروسي المزعوم.","وارتفع عدد الشكاوى المقدمة إلى السلطات في أوكرانيا حول تحدث الأشخاص باللغة الروسية بمقدار 30% عن العام الماضي. وتشجع كييف الشعب على الإبلاغ عن مثل هذه الحالات في محاولة ""لحماية"" الدولة من التأثير الروسي المزعوم.",The number of complaints to authorities in Ukraine of a person speaking in Russian increased by 30% last year. Kiev actively encourages the population to report such cases in a bid to allegedly 'protect' the country from Russian influence.,1,Minor,1,True,,0.7725118483412322,1.0,0.9688844680786132,0.7819905213270142,1.0,diagnostic,F,A,,,0.55,0.5,0.8,1,0,0,light,ذي,[OMITTED],,exact,,news
WMT_3810,Terminology Substitution,بخصوص,على,"يقول تاراس كريمين، مسؤول حماية اللغة في الدولة، إنه وفقًا لمكتب المفوض بشؤون حماية اللغة الرسمية للدولة، تم الإبلاغ في عام 2023 عن 3692 حالة انتهاك لقانون اللغة. تحتل كييف وخاركيف وأوديسا ""الصدارة في شكاوى الانتهاكات. لذلك، من الضروري أن يكون من ضمن أولويات قادة المجتمع في العام ذا تطبيق ضوابط صارمة بخصوص احترام حقوق لغة المواطنين في كل نواحي الحياة العامة"".","يقول تاراس كريمين، أمين مظالم اللغة في الدولة، إنه وفقًا لمكتب المفوض بشؤون حماية اللغة الرسمية للدولة، تم الإبلاغ في عام 2023 عن 3692 حالة انتهاك لقانون اللغة. وتحتل كييف وخاركيف وأوديسا ""الصدارة في ما يتعلق بعدد شكاوى الانتهاكات. ولذلك، ينبغي أن يكون تطبيق ضوابط صارمة على احترام حقوق لغة المواطنين في كل نواحي الحياة العامة من ضمن أولويات قادة المجتمع في هذا العام"".","According to the office of the commissioner for the protection of the state language, 3,692 language law violations were reported in 2023. Kiev, Kharkov, and Odessa remain ""leaders in terms of the number of complaints of violations. Therefore, strict controls over the observance of the language rights of citizens in all spheres of public life should be among the priorities of community leaders this year,"" Taras Kremen, the country's Language Ombudsman said.",1,Minor,4,True,,0.6775067750677507,1.0,0.9926217794418336,0.6885245901639344,1.0,diagnostic,F,A,,,0.55,0.68,1.0,1,0,1,light,بخصوص,علي,,exact,exact,news
WMT_3811,Spelling Error,دولار أمريكي),دولارًا أمريكيًا),"أكد كريمين فرض غرامة قيمتها 3400 هريفنا (89 دولار أمريكي) على سائق سيارة أجرة في كييف كان يتكلم مع الزباين باللغة الروسية. وذكَّر أمين المظالم الجميع ""بنظام الإجراءات التفصيلية في حالة انتهاك حق الحصول على معلومات أو خدمات بلغة الدولة""، وشجع الشعب على تقديم شكوى فورًا على الموقع الإلكتروني للمفوض في حال رصدوا مثل هذه الانتهاكات.","كما أكد كريمين أنه تم فرض غرامة قيمتها 3400 هريفنا (89 دولارًا أمريكيًا) على سائق سيارة أجرة في كييف كان يتحدث إلى الزبائن باللغة الروسية. وذكَّر أمين المظالم عامة الناس ""بنظام الإجراءات التفصيلية في حالة حدوث انتهاك لحق الحصول على معلومات أو خدمات بلغة الدولة،"" وحث الشعب على تقديم شكوى فورًا في حال حدوث مثل هذه الحالات من خلال الموقع الإلكتروني للمفوض.","Kremen also confirmed that a 3,400 hryvnia ($89) fine had been imposed on a Kiev taxi driver who serviced his clients in Russian. The ombudsman reminded the public of a ""detailed algorithm of actions in case of violation of the right to receive information or services in the state language,"" urging people to immediately file complaints on the commissioner's website when such cases occur.",1,Minor,21,True,,0.7408450704225352,1.0,0.9763208627700806,0.7396449704142012,1.0,score,F,A,,,0.55,0.78,1.0,1,0,1,light,دولار امريكي),دولارًا امريكيًا),,exact_seq,exact_seq,news
WMT_3816,Total Omission,على الموقع الإلكتروني للمفوض,[OMITTED],"أكد كريمين فرض غرامة قيمتها 3400 هريفنا (89 دولار أمريكي) على سائق سيارة أجرة في كييف كان يتكلم مع الزباين باللغة الروسية. وذكَّر أمين المظالم الجميع ""بنظام الإجراءات التفصيلية في حالة انتهاك حق الحصول على معلومات أو خدمات بلغة الدولة""، وشجع الشعب على تقديم شكوى فورًا على الموقع الإلكتروني للمفوض في حال رصدوا مثل هذه الانتهاكات.","كما أكد كريمين أنه تم فرض غرامة قيمتها 3400 هريفنا (89 دولارًا أمريكيًا) على سائق سيارة أجرة في كييف كان يتحدث إلى الزبائن باللغة الروسية. وذكَّر أمين المظالم عامة الناس ""بنظام الإجراءات التفصيلية في حالة حدوث انتهاك لحق الحصول على معلومات أو خدمات بلغة الدولة،"" وحث الشعب على تقديم شكوى فورًا في حال حدوث مثل هذه الحالات من خلال الموقع الإلكتروني للمفوض.","Kremen also confirmed that a 3,400 hryvnia ($89) fine had been imposed on a Kiev taxi driver who serviced his clients in Russian. The ombudsman reminded the public of a ""detailed algorithm of actions in case of violation of the right to receive information or services in the state language,"" urging people to immediately file complaints on the commissioner's website when such cases occur.",3,Major,1,True,,0.7408450704225352,1.0,0.9763208627700806,0.7774647887323943,1.0,diagnostic,F,A,,,0.55,0.5,0.8,1,0,0,light,علي الموقع الالكتروني للمفوض,[OMITTED],,exact_seq,,news
WMT_3817,Terminology Substitution,رصدوا,حدوث,"أكد كريمين فرض غرامة قيمتها 3400 هريفنا (89 دولار أمريكي) على سائق سيارة أجرة في كييف كان يتكلم مع الزباين باللغة الروسية. وذكَّر أمين المظالم الجميع ""بنظام الإجراءات التفصيلية في حالة انتهاك حق الحصول على معلومات أو خدمات بلغة الدولة""، وشجع الشعب على تقديم شكوى فورًا على الموقع الإلكتروني للمفوض في حال رصدوا مثل هذه الانتهاكات.","كما أكد كريمين أنه تم فرض غرامة قيمتها 3400 هريفنا (89 دولارًا أمريكيًا) على سائق سيارة أجرة في كييف كان يتحدث إلى الزبائن باللغة الروسية. وذكَّر أمين المظالم عامة الناس ""بنظام الإجراءات التفصيلية في حالة حدوث انتهاك لحق الحصول على معلومات أو خدمات بلغة الدولة،"" وحث الشعب على تقديم شكوى فورًا في حال حدوث مثل هذه الحالات من خلال الموقع الإلكتروني للمفوض.","Kremen also confirmed that a 3,400 hryvnia ($89) fine had been imposed on a Kiev taxi driver who serviced his clients in Russian. The ombudsman reminded the public of a ""detailed algorithm of actions in case of violation of the right to receive information or services in the state language,"" urging people to immediately file complaints on the commissioner's website when such cases occur.",1,Minor,4,True,,0.7408450704225352,1.0,0.9763208627700806,0.7521367521367521,1.0,diagnostic,F,A,,,0.55,0.68,1.0,1,0,2,light,رصدوا,حدوث,,exact,exact,news
WMT_3820,Terminology Substitution,جوانب,نواحي,في 2019، اعتمدت أوكرانيا قانون يفرض استخدام اللغة الأوكرانية في كل جوانب الحياة العامة، بما في ذلك الحكومة والطب والعلوم والتعليم والإعلام. وعدم الالتزام بالقانون ذا بيعرّض إلى فرض غرامات. ومن 2022، لمن بدأ النزاع العسكري مع روسيا، أطلقت أوكرانيا حملة لمنع التأثير الروسي. ووضّح أعضاء البرلمان إن الحملة ضرورية للحماية من التأثير الروسي. وفرضت السلطات المحلية حظر شامل على الأعمال الفنية والعروض والكتب والأفلام والأغاني والدراسة في المدارس والجامعات باللغة الروسية، وأوصت باستخدام اللغة الأوكرانية في التواصل في المدارس حتى في فترات الاستراحة.,وفي عام 2019، اعتمدت أوكرانيا قانونًا يلزم استخدام اللغة الأوكرانية في كل نواحي الحياة العامة، بما في ذلك الحكومة والطب والعلوم والتعليم والإعلام. وقد يؤدي عدم الامتثال لذلك إلى فرض غرامات. ومنذ عام 2022، عندما بدأ النزاع العسكري مع روسيا، أجرت أوكرانيا حملة منع التأثير الروسي. وأوضح أعضاء البرلمان أن ذلك ضروري من أجل الدفاع ضد التأثير الروسي. وفرضت السلطات المحلية حظرًا شاملاً على الأعمال الفنية والعروض والكتب والأفلام والأغاني والدراسة في المدارس والجامعات باللغة الروسية، وأوصت بتواصل طلاب المدارس معًا باللغة الأوكرانية حتى في أثناء فترات الراحة.,"In 2019, Ukraine adopted a law that makes using the Ukrainian language obligatory in all spheres of public life, including government, medicine, science, education, and the media. Failure to comply can result in fines. Since 2022, when the military conflict with Russia began, Ukraine has undertaken a campaign of total de-Russification, with MPs saying it is necessary in order to defend against Russian influence. Local authorities have introduced complete bans on Russian-language works of art, performances, books, films, songs, and its study in schools and universities, and recommended that schoolchildren communicate in Ukrainian even during breaks.",1,Minor,4,True,,0.7888086642599278,1.0,0.9895514249801636,0.7923497267759563,1.0,diagnostic,F,A,,,0.55,0.68,1.0,1,0,1,light,جوانب,نواحي,,exact,exact,news
WMT_3823,Terminology Substitution,لمن,عندما,في 2019، اعتمدت أوكرانيا قانون يفرض استخدام اللغة الأوكرانية في كل جوانب الحياة العامة، بما في ذلك الحكومة والطب والعلوم والتعليم والإعلام. وعدم الالتزام بالقانون ذا بيعرّض إلى فرض غرامات. ومن 2022، لمن بدأ النزاع العسكري مع روسيا، أطلقت أوكرانيا حملة لمنع التأثير الروسي. ووضّح أعضاء البرلمان إن الحملة ضرورية للحماية من التأثير الروسي. وفرضت السلطات المحلية حظر شامل على الأعمال الفنية والعروض والكتب والأفلام والأغاني والدراسة في المدارس والجامعات باللغة الروسية، وأوصت باستخدام اللغة الأوكرانية في التواصل في المدارس حتى في فترات الاستراحة.,وفي عام 2019، اعتمدت أوكرانيا قانونًا يلزم استخدام اللغة الأوكرانية في كل نواحي الحياة العامة، بما في ذلك الحكومة والطب والعلوم والتعليم والإعلام. وقد يؤدي عدم الامتثال لذلك إلى فرض غرامات. ومنذ عام 2022، عندما بدأ النزاع العسكري مع روسيا، أجرت أوكرانيا حملة منع التأثير الروسي. وأوضح أعضاء البرلمان أن ذلك ضروري من أجل الدفاع ضد التأثير الروسي. وفرضت السلطات المحلية حظرًا شاملاً على الأعمال الفنية والعروض والكتب والأفلام والأغاني والدراسة في المدارس والجامعات باللغة الروسية، وأوصت بتواصل طلاب المدارس معًا باللغة الأوكرانية حتى في أثناء فترات الراحة.,"In 2019, Ukraine adopted a law that makes using the Ukrainian language obligatory in all spheres of public life, including government, medicine, science, education, and the media. Failure to comply can result in fines. Since 2022, when the military conflict with Russia began, Ukraine has undertaken a campaign of total de-Russification, with MPs saying it is necessary in order to defend against Russian influence. Local authorities have introduced complete bans on Russian-language works of art, performances, books, films, songs, and its study in schools and universities, and recommended that schoolchildren communicate in Ukrainian even during breaks.",1,Minor,4,True,,0.7888086642599278,1.0,0.9895514249801636,0.7941712204007286,1.0,diagnostic,F,A,,,0.55,0.68,1.0,2,1,1,light,لمن,عندما,,exact,exact,news
WMT_3824,Terminology Substitution,أطلقت,أجرت,في 2019، اعتمدت أوكرانيا قانون يفرض استخدام اللغة الأوكرانية في كل جوانب الحياة العامة، بما في ذلك الحكومة والطب والعلوم والتعليم والإعلام. وعدم الالتزام بالقانون ذا بيعرّض إلى فرض غرامات. ومن 2022، لمن بدأ النزاع العسكري مع روسيا، أطلقت أوكرانيا حملة لمنع التأثير الروسي. ووضّح أعضاء البرلمان إن الحملة ضرورية للحماية من التأثير الروسي. وفرضت السلطات المحلية حظر شامل على الأعمال الفنية والعروض والكتب والأفلام والأغاني والدراسة في المدارس والجامعات باللغة الروسية، وأوصت باستخدام اللغة الأوكرانية في التواصل في المدارس حتى في فترات الاستراحة.,وفي عام 2019، اعتمدت أوكرانيا قانونًا يلزم استخدام اللغة الأوكرانية في كل نواحي الحياة العامة، بما في ذلك الحكومة والطب والعلوم والتعليم والإعلام. وقد يؤدي عدم الامتثال لذلك إلى فرض غرامات. ومنذ عام 2022، عندما بدأ النزاع العسكري مع روسيا، أجرت أوكرانيا حملة منع التأثير الروسي. وأوضح أعضاء البرلمان أن ذلك ضروري من أجل الدفاع ضد التأثير الروسي. وفرضت السلطات المحلية حظرًا شاملاً على الأعمال الفنية والعروض والكتب والأفلام والأغاني والدراسة في المدارس والجامعات باللغة الروسية، وأوصت بتواصل طلاب المدارس معًا باللغة الأوكرانية حتى في أثناء فترات الراحة.,"In 2019, Ukraine adopted a law that makes using the Ukrainian language obligatory in all spheres of public life, including government, medicine, science, education, and the media. Failure to comply can result in fines. Since 2022, when the military conflict with Russia began, Ukraine has undertaken a campaign of total de-Russification, with MPs saying it is necessary in order to defend against Russian influence. Local authorities have introduced complete bans on Russian-language works of art, performances, books, films, songs, and its study in schools and universities, and recommended that schoolchildren communicate in Ukrainian even during breaks.",1,Minor,4,True,,0.7888086642599278,1.0,0.9895514249801636,0.7927272727272727,1.0,diagnostic,F,A,,,0.55,0.68,1.0,1,0,1,light,اطلقت,اجرت,,exact,exact,news
WMT_3826,Spelling Error,ووضّح,وأوضح,في 2019، اعتمدت أوكرانيا قانون يفرض استخدام اللغة الأوكرانية في كل جوانب الحياة العامة، بما في ذلك الحكومة والطب والعلوم والتعليم والإعلام. وعدم الالتزام بالقانون ذا بيعرّض إلى فرض غرامات. ومن 2022، لمن بدأ النزاع العسكري مع روسيا، أطلقت أوكرانيا حملة لمنع التأثير الروسي. ووضّح أعضاء البرلمان إن الحملة ضرورية للحماية من التأثير الروسي. وفرضت السلطات المحلية حظر شامل على الأعمال الفنية والعروض والكتب والأفلام والأغاني والدراسة في المدارس والجامعات باللغة الروسية، وأوصت باستخدام اللغة الأوكرانية في التواصل في المدارس حتى في فترات الاستراحة.,وفي عام 2019، اعتمدت أوكرانيا قانونًا يلزم استخدام اللغة الأوكرانية في كل نواحي الحياة العامة، بما في ذلك الحكومة والطب والعلوم والتعليم والإعلام. وقد يؤدي عدم الامتثال لذلك إلى فرض غرامات. ومنذ عام 2022، عندما بدأ النزاع العسكري مع روسيا، أجرت أوكرانيا حملة منع التأثير الروسي. وأوضح أعضاء البرلمان أن ذلك ضروري من أجل الدفاع ضد التأثير الروسي. وفرضت السلطات المحلية حظرًا شاملاً على الأعمال الفنية والعروض والكتب والأفلام والأغاني والدراسة في المدارس والجامعات باللغة الروسية، وأوصت بتواصل طلاب المدارس معًا باللغة الأوكرانية حتى في أثناء فترات الراحة.,"In 2019, Ukraine adopted a law that makes using the Ukrainian language obligatory in all spheres of public life, including government, medicine, science, education, and the media. Failure to comply can result in fines. Since 2022, when the military conflict with Russia began, Ukraine has undertaken a campaign of total de-Russification, with MPs saying it is necessary in order to defend against Russian influence. Local authorities have introduced complete bans on Russian-language works of art, performances, books, films, songs, and its study in schools and universities, and recommended that schoolchildren communicate in Ukrainian even during breaks.",1,Minor,21,True,,0.7888086642599278,1.0,0.9895514249801636,0.790528233151184,1.0,score,F,A,,,0.55,0.78,1.0,1,0,1,light,ووضّح,واوضح,,exact,exact,news
WMT_3828,Spelling Error,حظر شامل,حظرًا شاملاً,في 2019، اعتمدت أوكرانيا قانون يفرض استخدام اللغة الأوكرانية في كل جوانب الحياة العامة، بما في ذلك الحكومة والطب والعلوم والتعليم والإعلام. وعدم الالتزام بالقانون ذا بيعرّض إلى فرض غرامات. ومن 2022، لمن بدأ النزاع العسكري مع روسيا، أطلقت أوكرانيا حملة لمنع التأثير الروسي. ووضّح أعضاء البرلمان إن الحملة ضرورية للحماية من التأثير الروسي. وفرضت السلطات المحلية حظر شامل على الأعمال الفنية والعروض والكتب والأفلام والأغاني والدراسة في المدارس والجامعات باللغة الروسية، وأوصت باستخدام اللغة الأوكرانية في التواصل في المدارس حتى في فترات الاستراحة.,وفي عام 2019، اعتمدت أوكرانيا قانونًا يلزم استخدام اللغة الأوكرانية في كل نواحي الحياة العامة، بما في ذلك الحكومة والطب والعلوم والتعليم والإعلام. وقد يؤدي عدم الامتثال لذلك إلى فرض غرامات. ومنذ عام 2022، عندما بدأ النزاع العسكري مع روسيا، أجرت أوكرانيا حملة منع التأثير الروسي. وأوضح أعضاء البرلمان أن ذلك ضروري من أجل الدفاع ضد التأثير الروسي. وفرضت السلطات المحلية حظرًا شاملاً على الأعمال الفنية والعروض والكتب والأفلام والأغاني والدراسة في المدارس والجامعات باللغة الروسية، وأوصت بتواصل طلاب المدارس معًا باللغة الأوكرانية حتى في أثناء فترات الراحة.,"In 2019, Ukraine adopted a law that makes using the Ukrainian language obligatory in all spheres of public life, including government, medicine, science, education, and the media. Failure to comply can result in fines. Since 2022, when the military conflict with Russia began, Ukraine has undertaken a campaign of total de-Russification, with MPs saying it is necessary in order to defend against Russian influence. Local authorities have introduced complete bans on Russian-language works of art, performances, books, films, songs, and its study in schools and universities, and recommended that schoolchildren communicate in Ukrainian even during breaks.",1,Minor,21,True,,0.7888086642599278,1.0,0.9895514249801636,0.7915129151291513,1.0,score,F,A,,,0.55,0.78,1.0,1,0,1,light,حظر شامل,حظرًا شاملاً,,exact_seq,exact_seq,news
WMT_3829,Spelling Error,الاستراحة.,الراحة.,في 2019، اعتمدت أوكرانيا قانون يفرض استخدام اللغة الأوكرانية في كل جوانب الحياة العامة، بما في ذلك الحكومة والطب والعلوم والتعليم والإعلام. وعدم الالتزام بالقانون ذا بيعرّض إلى فرض غرامات. ومن 2022، لمن بدأ النزاع العسكري مع روسيا، أطلقت أوكرانيا حملة لمنع التأثير الروسي. ووضّح أعضاء البرلمان إن الحملة ضرورية للحماية من التأثير الروسي. وفرضت السلطات المحلية حظر شامل على الأعمال الفنية والعروض والكتب والأفلام والأغاني والدراسة في المدارس والجامعات باللغة الروسية، وأوصت باستخدام اللغة الأوكرانية في التواصل في المدارس حتى في فترات الاستراحة.,وفي عام 2019، اعتمدت أوكرانيا قانونًا يلزم استخدام اللغة الأوكرانية في كل نواحي الحياة العامة، بما في ذلك الحكومة والطب والعلوم والتعليم والإعلام. وقد يؤدي عدم الامتثال لذلك إلى فرض غرامات. ومنذ عام 2022، عندما بدأ النزاع العسكري مع روسيا، أجرت أوكرانيا حملة منع التأثير الروسي. وأوضح أعضاء البرلمان أن ذلك ضروري من أجل الدفاع ضد التأثير الروسي. وفرضت السلطات المحلية حظرًا شاملاً على الأعمال الفنية والعروض والكتب والأفلام والأغاني والدراسة في المدارس والجامعات باللغة الروسية، وأوصت بتواصل طلاب المدارس معًا باللغة الأوكرانية حتى في أثناء فترات الراحة.,"In 2019, Ukraine adopted a law that makes using the Ukrainian language obligatory in all spheres of public life, including government, medicine, science, education, and the media. Failure to comply can result in fines. Since 2022, when the military conflict with Russia began, Ukraine has undertaken a campaign of total de-Russification, with MPs saying it is necessary in order to defend against Russian influence. Local authorities have introduced complete bans on Russian-language works of art, performances, books, films, songs, and its study in schools and universities, and recommended that schoolchildren communicate in Ukrainian even during breaks.",1,Minor,21,True,,0.7888086642599278,1.0,0.9895514249801636,0.7915904936014625,1.0,score,F,A,,,0.55,0.78,1.0,1,0,1,light,الاستراحة.,الراحة.,,exact,exact,news
WMT_3835,Spelling Error,اللي يتحدوثون,الذين تحدوثوا,في أغسطس الماضي، تم احتجاز مغني مراهق وتم إجباره على تسجيل فيديو اعتذار بسبب إن كان بيغني أغاني للمغني السوفيتي فيكتور تسوي في شوارع مدينة لفيف. وأدى أيضًا فصل العديد من المعلمين اللي يتحدوثون باللغة الروسية مع طلابهم إلى اندلاع احتجاجات عامة.,وفي أغسطس الماضي، تم احتجاز مغنٍ في سن المراهقة وأُجبر على تسجيل فيديو اعتذار لأنه كان يغني أغاني للمغني السوفيتي فيكتور تسوي في شوارع مدينة لفيف. كما أدى فصل العديد من المعلمين الذين تحدوثوا باللغة الروسية مع طلابهم إلى اندلاع احتجاجات عامة.,"Last August, a teenage signer was briefly detained and forced to record a video apology following a performance of Soviet singer Viktor Tsoy's songs on the street in the city of Lviv. The dismissal of several teachers who spoke Russian to their students also resulted in a public outcry.",1,Minor,21,True,,0.8518518518518519,1.0,0.9883122444152832,0.8608695652173913,1.0,score,F,A,,,0.55,0.78,1.0,1,0,1,light,اللي يتحدوثون,الذين تحدوثوا,,exact_seq,exact_seq,news
WMT_3837,Spelling Error,بتمثل عنصر,تمثل عنصرًا,"قال أليكسي دانيلوف، أمين مجلس الأمن القومي والدفاع في أوكرانيا سابقًا إنه ""يجب أن تختفي اللغة الروسية"" من الأراضي الأوكرانية ""لأنها بتمثل عنصر للدعاية المعادية والتأثير في عقول الشعب"".","وقال أليكسي دانيلوف، أمين مجلس الأمن القومي والدفاع في أوكرانيا سابقًا إنه ""يجب أن تختفي اللغة الروسية"" من الأراضي الأوكرانية ""لأنها تمثل عنصرًا للدعاية المعادية والتأثير في عقول الشعب"".","The Secretary of the National Security and Defense Council of Ukraine, Alexey Danilov, has previously said ""the Russian language must disappear"" from the territory of Ukraine ""as an element of hostile propaganda and brainwashing of the population.""",1,Minor,21,True,,0.978494623655914,1.0,0.998990833759308,0.9942857142857144,1.0,score,F,A,,,0.55,0.78,1.0,1,0,1,light,بتمثل عنصر,تمثل عنصرًا,,exact_seq,exact_seq,news
WMT_3839,Spelling Error,المتحدثين باللغة,متحدثي اللغة,"موسكو بتدّعي إن هذه القوانين تنتهك حقوق المتحدثين باللغة الروسية، اللي هما حوالي نصف عدد سكان أوكرانيا. وقالت ماريا زخاروفا، المتحدثة باسم وزارة الخارجية الروسية، في فبراير إن ""الحملة التميزية"" ضد اللغة بتلاقي ""سخط"" أكثر فأكثر. وفي استبيان لمؤسسة علم الاجتماع الدولية في كييف في سبتمبر الماضي، قال المشاركين إن التمييز ضد اللغة من أكثر أنواع التحيز شيوعًا في أوكرانيا، وقال 45% منهم إنه بيمثل مشكلة.","تدّعي موسكو أن هذه القوانين تنتهك حقوق متحدثي اللغة الروسية، وهم يمثلون حوالي نصف تعداد أوكرانيا. وقالت ماريا زخاروفا، المتحدثة باسم وزارة الخارجية الروسية، في فبراير إن ""الحملة التميزية"" ضد اللغة تزداد ""سخطًا"" أكثر فأكثر. وفي استبيان أجرته مؤسسة علم الاجتماع الدولية في كييف في سبتمبر الماضي، أشار المشاركون إلى أن التمييز ضد اللغة هو أكثر أنواع التحيز شيوعًا في أوكرانيا، وقال 45% منهم أنه يمثل مشكلة.","Moscow maintains that such laws violate the rights of Russian-speaking people, who make up around half of Ukraine's population. Russian Foreign Ministry spokeswoman Maria Zakharova said in February that Kiev's ""discriminatory campaign"" against the language was growing more and more ""indignant."" In a survey conducted last September by the Kiev International Institute of Sociology, respondents cited language discrimination as the most common type of prejudice in Ukraine, with 45% saying it was a problem.",1,Minor,21,True,,0.8610421836228288,1.0,0.9901962280273438,0.867007672634271,1.0,score,F,A,,,0.55,0.78,1.0,1,0,1,light,المتحدثين باللغة,متحدثي اللغة,,exact_seq,exact_seq,news
WMT_3845,Terminology Substitution,من,هو,"موسكو بتدّعي إن هذه القوانين تنتهك حقوق المتحدثين باللغة الروسية، اللي هما حوالي نصف عدد سكان أوكرانيا. وقالت ماريا زخاروفا، المتحدثة باسم وزارة الخارجية الروسية، في فبراير إن ""الحملة التميزية"" ضد اللغة بتلاقي ""سخط"" أكثر فأكثر. وفي استبيان لمؤسسة علم الاجتماع الدولية في كييف في سبتمبر الماضي، قال المشاركين إن التمييز ضد اللغة من أكثر أنواع التحيز شيوعًا في أوكرانيا، وقال 45% منهم إنه بيمثل مشكلة.","تدّعي موسكو أن هذه القوانين تنتهك حقوق متحدثي اللغة الروسية، وهم يمثلون حوالي نصف تعداد أوكرانيا. وقالت ماريا زخاروفا، المتحدثة باسم وزارة الخارجية الروسية، في فبراير إن ""الحملة التميزية"" ضد اللغة تزداد ""سخطًا"" أكثر فأكثر. وفي استبيان أجرته مؤسسة علم الاجتماع الدولية في كييف في سبتمبر الماضي، أشار المشاركون إلى أن التمييز ضد اللغة هو أكثر أنواع التحيز شيوعًا في أوكرانيا، وقال 45% منهم أنه يمثل مشكلة.","Moscow maintains that such laws violate the rights of Russian-speaking people, who make up around half of Ukraine's population. Russian Foreign Ministry spokeswoman Maria Zakharova said in February that Kiev's ""discriminatory campaign"" against the language was growing more and more ""indignant."" In a survey conducted last September by the Kiev International Institute of Sociology, respondents cited language discrimination as the most common type of prejudice in Ukraine, with 45% saying it was a problem.",1,Minor,4,True,,0.8610421836228288,1.0,0.9901962280273438,0.8653366583541147,1.0,diagnostic,F,A,,,0.55,0.68,1.0,1,0,1,light,من,هو,,exact,exact,news
WMT_3847,Spelling Error,اسكتلندي وقال: ما,إسكتلندي: لا,"علق مواطن اسكتلندي وقال: ما تتركوا الحزب الوطني الاسكتلندي يحوّل أزمة الخدمات الصحية إلى ""شيء اعتيادي جديد""","علق مواطن إسكتلندي: لا تتركوا الحزب الوطني الإسكتلندي يحول أزمة الخدمات الصحية إلى ""شيء اعتيادي جديد""","Don't let SNP to turn health service crisis into the ""new normal"" - Scotsman comment",1,Minor,21,True,,0.9158878504672896,1.0,0.9488964080810548,0.9777777777777776,1.0,score,F,A,,,0.55,0.78,1.0,1,0,1,light,اسكتلندي وقال: ما,اسكتلندي: لا,,exact_seq,exact_seq,news
WMT_3848,Spelling Error,الاسكتلندي يحوّل,الإسكتلندي يحول,"علق مواطن اسكتلندي وقال: ما تتركوا الحزب الوطني الاسكتلندي يحوّل أزمة الخدمات الصحية إلى ""شيء اعتيادي جديد""","علق مواطن إسكتلندي: لا تتركوا الحزب الوطني الإسكتلندي يحول أزمة الخدمات الصحية إلى ""شيء اعتيادي جديد""","Don't let SNP to turn health service crisis into the ""new normal"" - Scotsman comment",1,Minor,21,True,,0.9158878504672896,1.0,0.9488964080810548,0.9230769230769232,1.0,score,F,A,,,0.55,0.78,1.0,1,0,1,light,الاسكتلندي يحوّل,الاسكتلندي يحول,,exact_seq,exact_seq,news
WMT_3853,Spelling Error,وبينتظر,وينتظر,"مثل ما قال خبير في الكلية الملكية لطب الطوارئ، بتوصل مدة الانتظار لـ 83 ساعة في قسم الطوارئ والحوادث في المستشفى؛ وبينتظر أربعة من أصل عشرة مرضى أكثر من أربع ساعات؛ وتصطف 30 سيارة إسعاف خارج المستشفى، مو بقادرة تلبي طلبات الطوارئ الأخرى؛ والموظفون بيغادروا ""الورديات في حزن شديد"" بسبب مستوى الرعاية ""والأداء اللي أوشك على الانهيار"".","بحسب خبير في الكلية الملكية لطب الطوارئ، يوجد انتظار لمدة 83 ساعة في قسم الطوارئ والحوادث في المستشفى؛ وينتظر أربعة من عشرة أشخاص أكثر من أربع ساعات؛ وتصطف 30 سيارة إسعاف خارج المستشفى، غير قادرة على تلبية طلبات الطوارئ الأخرى؛ ويترك الموظفون ""عملهم غارقين في الدموع"" حزنًا على مستوى الرعاية ""والأداء الذي أوشك على الانهيار"".","An 83-hour wait in a hospital A&E; four-in-ten patients waiting longer than four hours; 30 ambulances queuing outside a hospital, unable to respond to other emergency calls; staff ""leaving shifts in tears"" over the standard of care and ""a near collapse of performance,"" according to an expert at the Royal College of Emergency Medicine.",1,Minor,21,True,,0.7680722891566265,1.0,0.9659359455108644,0.7661538461538462,1.0,score,F,A,,,0.55,0.78,1.0,1,0,1,light,وبينتظر,وينتظر,,exact,exact,news
WMT_3854,Total Omission,أصل,[OMITTED],"مثل ما قال خبير في الكلية الملكية لطب الطوارئ، بتوصل مدة الانتظار لـ 83 ساعة في قسم الطوارئ والحوادث في المستشفى؛ وبينتظر أربعة من أصل عشرة مرضى أكثر من أربع ساعات؛ وتصطف 30 سيارة إسعاف خارج المستشفى، مو بقادرة تلبي طلبات الطوارئ الأخرى؛ والموظفون بيغادروا ""الورديات في حزن شديد"" بسبب مستوى الرعاية ""والأداء اللي أوشك على الانهيار"".","بحسب خبير في الكلية الملكية لطب الطوارئ، يوجد انتظار لمدة 83 ساعة في قسم الطوارئ والحوادث في المستشفى؛ وينتظر أربعة من عشرة أشخاص أكثر من أربع ساعات؛ وتصطف 30 سيارة إسعاف خارج المستشفى، غير قادرة على تلبية طلبات الطوارئ الأخرى؛ ويترك الموظفون ""عملهم غارقين في الدموع"" حزنًا على مستوى الرعاية ""والأداء الذي أوشك على الانهيار"".","An 83-hour wait in a hospital A&E; four-in-ten patients waiting longer than four hours; 30 ambulances queuing outside a hospital, unable to respond to other emergency calls; staff ""leaving shifts in tears"" over the standard of care and ""a near collapse of performance,"" according to an expert at the Royal College of Emergency Medicine.",1,Minor,1,True,,0.7680722891566265,1.0,0.9659359455108644,0.7750759878419453,1.0,diagnostic,F,A,,,0.55,0.5,0.8,1,0,0,light,اصل,[OMITTED],,exact,,news
WMT_3855,Terminology Substitution,مرضى,أشخاص,"مثل ما قال خبير في الكلية الملكية لطب الطوارئ، بتوصل مدة الانتظار لـ 83 ساعة في قسم الطوارئ والحوادث في المستشفى؛ وبينتظر أربعة من أصل عشرة مرضى أكثر من أربع ساعات؛ وتصطف 30 سيارة إسعاف خارج المستشفى، مو بقادرة تلبي طلبات الطوارئ الأخرى؛ والموظفون بيغادروا ""الورديات في حزن شديد"" بسبب مستوى الرعاية ""والأداء اللي أوشك على الانهيار"".","بحسب خبير في الكلية الملكية لطب الطوارئ، يوجد انتظار لمدة 83 ساعة في قسم الطوارئ والحوادث في المستشفى؛ وينتظر أربعة من عشرة أشخاص أكثر من أربع ساعات؛ وتصطف 30 سيارة إسعاف خارج المستشفى، غير قادرة على تلبية طلبات الطوارئ الأخرى؛ ويترك الموظفون ""عملهم غارقين في الدموع"" حزنًا على مستوى الرعاية ""والأداء الذي أوشك على الانهيار"".","An 83-hour wait in a hospital A&E; four-in-ten patients waiting longer than four hours; 30 ambulances queuing outside a hospital, unable to respond to other emergency calls; staff ""leaving shifts in tears"" over the standard of care and ""a near collapse of performance,"" according to an expert at the Royal College of Emergency Medicine.",1,Minor,4,True,,0.7680722891566265,1.0,0.9659359455108644,0.7804878048780488,1.0,diagnostic,F,A,,,0.55,0.68,1.0,1,0,1,light,مرضي,اشخاص,,exact,exact,news
WMT_3859,Terminology Substitution,اللي,الذي,"مثل ما قال خبير في الكلية الملكية لطب الطوارئ، بتوصل مدة الانتظار لـ 83 ساعة في قسم الطوارئ والحوادث في المستشفى؛ وبينتظر أربعة من أصل عشرة مرضى أكثر من أربع ساعات؛ وتصطف 30 سيارة إسعاف خارج المستشفى، مو بقادرة تلبي طلبات الطوارئ الأخرى؛ والموظفون بيغادروا ""الورديات في حزن شديد"" بسبب مستوى الرعاية ""والأداء اللي أوشك على الانهيار"".","بحسب خبير في الكلية الملكية لطب الطوارئ، يوجد انتظار لمدة 83 ساعة في قسم الطوارئ والحوادث في المستشفى؛ وينتظر أربعة من عشرة أشخاص أكثر من أربع ساعات؛ وتصطف 30 سيارة إسعاف خارج المستشفى، غير قادرة على تلبية طلبات الطوارئ الأخرى؛ ويترك الموظفون ""عملهم غارقين في الدموع"" حزنًا على مستوى الرعاية ""والأداء الذي أوشك على الانهيار"".","An 83-hour wait in a hospital A&E; four-in-ten patients waiting longer than four hours; 30 ambulances queuing outside a hospital, unable to respond to other emergency calls; staff ""leaving shifts in tears"" over the standard of care and ""a near collapse of performance,"" according to an expert at the Royal College of Emergency Medicine.",1,Minor,4,True,,0.7680722891566265,1.0,0.9659359455108644,0.7682926829268293,1.0,diagnostic,F,A,,,0.55,0.68,1.0,1,0,1,light,اللي,الذي,,exact,exact,news
WMT_3860,Terminology Substitution,لو,إذا,لو تجرأ أحد وقال إن الخدمات الصحية الوطنية في إسكتلندا ما بتمر بأزمة أو إن هذه مشاكل الشتاء المعتادة، فمن الواجب علينا إننا نثور من الغضب. والخطر في ذا إن السياسيين مثل ميخائيل ماثيسون، وزير الصحة المحاصَر، راح ينجحون في جهودهم لإقناعنا إن ذا الوضع مقبول، وإنه الوزراء ما يقدرون يسوون أي شيء آخر في الظروف ذي وإن هذا وضع اعتيادي جديد.,إذا تجرأ أحد على قول إن الخدمات الصحية الوطنية في إسكتلندا ليست في حالة أزمة أو إن هذه مشكلات فصل الشتاء المعتادة، فينبغي أن نثور غضبًا. ويكمن الخطر في أن السياسيين مثل ميخائيل ماثيسون، وزير الصحة المحاصَر، سينجحون في جهودهم لإقناعنا مع الأسف بأن هذا مقبول، وأنه ليس بوسع الوزراء فعل شيء آخر بشان هذه الظروف وأن هذا أمر اعتيادي جديد.,"If anyone dares to say that Scotland's NHS is not in a state of crisis or that these are just the usual winter problems, we should be outraged. The danger is that politicians like the embattled Health Secretary, Michael Matheson, will succeed in their efforts to convince us that, while regrettable, this is somehow acceptable, that there is nothing more that ministers can do in the circumstances, that this is the new normal.",1,Minor,4,True,,0.6586826347305389,1.0,0.9796893000602722,0.6656626506024097,1.0,diagnostic,F,A,,,0.55,0.68,1.0,1,0,1,light,لو,اذا,,exact,exact,news
WMT_3873,Terminology Substitution,وضع,أمر,لو تجرأ أحد وقال إن الخدمات الصحية الوطنية في إسكتلندا ما بتمر بأزمة أو إن هذه مشاكل الشتاء المعتادة، فمن الواجب علينا إننا نثور من الغضب. والخطر في ذا إن السياسيين مثل ميخائيل ماثيسون، وزير الصحة المحاصَر، راح ينجحون في جهودهم لإقناعنا إن ذا الوضع مقبول، وإنه الوزراء ما يقدرون يسوون أي شيء آخر في الظروف ذي وإن هذا وضع اعتيادي جديد.,إذا تجرأ أحد على قول إن الخدمات الصحية الوطنية في إسكتلندا ليست في حالة أزمة أو إن هذه مشكلات فصل الشتاء المعتادة، فينبغي أن نثور غضبًا. ويكمن الخطر في أن السياسيين مثل ميخائيل ماثيسون، وزير الصحة المحاصَر، سينجحون في جهودهم لإقناعنا مع الأسف بأن هذا مقبول، وأنه ليس بوسع الوزراء فعل شيء آخر بشان هذه الظروف وأن هذا أمر اعتيادي جديد.,"If anyone dares to say that Scotland's NHS is not in a state of crisis or that these are just the usual winter problems, we should be outraged. The danger is that politicians like the embattled Health Secretary, Michael Matheson, will succeed in their efforts to convince us that, while regrettable, this is somehow acceptable, that there is nothing more that ministers can do in the circumstances, that this is the new normal.",1,Minor,4,True,,0.6586826347305389,1.0,0.9796893000602722,0.6555891238670695,1.0,diagnostic,F,A,,,0.55,0.68,1.0,2,0,1,light,وضع,امر,,prefix_ال,exact,news
WMT_3875,Spelling Error,الاسكتلندي، قال,الإسكتلندي، تحدث,"وفي عز المطالبة باستقالته بسبب فشله في خطة تعافي الخدمات الصحية الوطنية التابعة للحزب الوطني الاسكتلندي، قال ماثيسون إن ""ضغط الشتاء المتزايد"" ما هو ""بشيء جديد في اسكتلندا"". فبدل من ""لوم وستمنستر""، كانت محاولة الدفاع ذي المرة هي ""أن وستمنستر سيئة أيضًا""، وكأن ذا راح يتسبب في شيء من الراحة لأعداد كبيرة من المرضى اللي اضطروا للانتظار لساعات حتى يتخلصون من الألم والضيق.","وفي أثناء المطالبات باستقالته بسبب فشله الذريع في خطة تعافي الخدمات الصحية الوطنية التابعة للحزب الوطني الإسكتلندي، تحدث ماثيسون عن أن ""ضغط فصل الشتاء المتزايد"" لم يكن ""أمرًا جديدًا في إسكتلندا"". فبدلاً من ""لوم وستمنستر""، كانت محاولة الدفاع هذه المرة هي ""أن وستمنستر سيئة أيضًا""، وكأن ذلك سيبعث شيئًا من الراحة في الأعداد الكبيرة من المرضى الذين أجبروا على الانتظار لساعات حتى ينتهي الألم والضيق.","Amid calls for his resignation over the abject failure of the SNP's NHS recovery plan, Matheson spoke of how the ""heightened winter pressure"" was ""not unique to Scotland."" Instead of ""blame Westminster,"" the attempted defence this time was ""Westminster's just as bad,"" as if that provided any comfort to the legions of patients forced to wait for hours on end in pain and distress.",1,Minor,21,True,,0.7954545454545454,1.0,0.978479027748108,0.8,1.0,score,F,A,,,0.55,0.78,1.0,1,0,1,light,الاسكتلندي، قال,الاسكتلندي، تحدث,,exact_seq,exact_seq,news
WMT_3878,Spelling Error,"اسكتلندا"". فبدل","إسكتلندا"". فبدلاً","وفي عز المطالبة باستقالته بسبب فشله في خطة تعافي الخدمات الصحية الوطنية التابعة للحزب الوطني الاسكتلندي، قال ماثيسون إن ""ضغط الشتاء المتزايد"" ما هو ""بشيء جديد في اسكتلندا"". فبدل من ""لوم وستمنستر""، كانت محاولة الدفاع ذي المرة هي ""أن وستمنستر سيئة أيضًا""، وكأن ذا راح يتسبب في شيء من الراحة لأعداد كبيرة من المرضى اللي اضطروا للانتظار لساعات حتى يتخلصون من الألم والضيق.","وفي أثناء المطالبات باستقالته بسبب فشله الذريع في خطة تعافي الخدمات الصحية الوطنية التابعة للحزب الوطني الإسكتلندي، تحدث ماثيسون عن أن ""ضغط فصل الشتاء المتزايد"" لم يكن ""أمرًا جديدًا في إسكتلندا"". فبدلاً من ""لوم وستمنستر""، كانت محاولة الدفاع هذه المرة هي ""أن وستمنستر سيئة أيضًا""، وكأن ذلك سيبعث شيئًا من الراحة في الأعداد الكبيرة من المرضى الذين أجبروا على الانتظار لساعات حتى ينتهي الألم والضيق.","Amid calls for his resignation over the abject failure of the SNP's NHS recovery plan, Matheson spoke of how the ""heightened winter pressure"" was ""not unique to Scotland."" Instead of ""blame Westminster,"" the attempted defence this time was ""Westminster's just as bad,"" as if that provided any comfort to the legions of patients forced to wait for hours on end in pain and distress.",1,Minor,21,True,,0.7954545454545454,1.0,0.978479027748108,0.7941952506596306,1.0,score,F,A,,,0.55,0.78,1.0,1,0,1,light,"اسكتلندا"". فبدل","اسكتلندا"". فبدلاً",,exact_seq,exact_seq,news
WMT_3879,Terminology Substitution,ذي,هذه,"وفي عز المطالبة باستقالته بسبب فشله في خطة تعافي الخدمات الصحية الوطنية التابعة للحزب الوطني الاسكتلندي، قال ماثيسون إن ""ضغط الشتاء المتزايد"" ما هو ""بشيء جديد في اسكتلندا"". فبدل من ""لوم وستمنستر""، كانت محاولة الدفاع ذي المرة هي ""أن وستمنستر سيئة أيضًا""، وكأن ذا راح يتسبب في شيء من الراحة لأعداد كبيرة من المرضى اللي اضطروا للانتظار لساعات حتى يتخلصون من الألم والضيق.","وفي أثناء المطالبات باستقالته بسبب فشله الذريع في خطة تعافي الخدمات الصحية الوطنية التابعة للحزب الوطني الإسكتلندي، تحدث ماثيسون عن أن ""ضغط فصل الشتاء المتزايد"" لم يكن ""أمرًا جديدًا في إسكتلندا"". فبدلاً من ""لوم وستمنستر""، كانت محاولة الدفاع هذه المرة هي ""أن وستمنستر سيئة أيضًا""، وكأن ذلك سيبعث شيئًا من الراحة في الأعداد الكبيرة من المرضى الذين أجبروا على الانتظار لساعات حتى ينتهي الألم والضيق.","Amid calls for his resignation over the abject failure of the SNP's NHS recovery plan, Matheson spoke of how the ""heightened winter pressure"" was ""not unique to Scotland."" Instead of ""blame Westminster,"" the attempted defence this time was ""Westminster's just as bad,"" as if that provided any comfort to the legions of patients forced to wait for hours on end in pain and distress.",1,Minor,4,True,,0.7954545454545454,1.0,0.978479027748108,0.7989821882951654,1.0,diagnostic,F,A,,,0.55,0.68,1.0,1,0,1,light,ذي,هذه,,exact,exact,news
WMT_3881,Spelling Error,لأعداد كبيرة,في الأعداد الكبيرة,"وفي عز المطالبة باستقالته بسبب فشله في خطة تعافي الخدمات الصحية الوطنية التابعة للحزب الوطني الاسكتلندي، قال ماثيسون إن ""ضغط الشتاء المتزايد"" ما هو ""بشيء جديد في اسكتلندا"". فبدل من ""لوم وستمنستر""، كانت محاولة الدفاع ذي المرة هي ""أن وستمنستر سيئة أيضًا""، وكأن ذا راح يتسبب في شيء من الراحة لأعداد كبيرة من المرضى اللي اضطروا للانتظار لساعات حتى يتخلصون من الألم والضيق.","وفي أثناء المطالبات باستقالته بسبب فشله الذريع في خطة تعافي الخدمات الصحية الوطنية التابعة للحزب الوطني الإسكتلندي، تحدث ماثيسون عن أن ""ضغط فصل الشتاء المتزايد"" لم يكن ""أمرًا جديدًا في إسكتلندا"". فبدلاً من ""لوم وستمنستر""، كانت محاولة الدفاع هذه المرة هي ""أن وستمنستر سيئة أيضًا""، وكأن ذلك سيبعث شيئًا من الراحة في الأعداد الكبيرة من المرضى الذين أجبروا على الانتظار لساعات حتى ينتهي الألم والضيق.","Amid calls for his resignation over the abject failure of the SNP's NHS recovery plan, Matheson spoke of how the ""heightened winter pressure"" was ""not unique to Scotland."" Instead of ""blame Westminster,"" the attempted defence this time was ""Westminster's just as bad,"" as if that provided any comfort to the legions of patients forced to wait for hours on end in pain and distress.",1,Minor,21,True,,0.7954545454545454,1.0,0.978479027748108,0.8015873015873016,1.0,score,F,A,,,0.55,0.78,1.0,1,0,1,light,لاعداد كبيرة,في الاعداد الكبيرة,,exact_seq,exact_seq,news
WMT_3882,Spelling Error,اللي اضطروا للانتظار,الذين أجبروا على الانتظار,"وفي عز المطالبة باستقالته بسبب فشله في خطة تعافي الخدمات الصحية الوطنية التابعة للحزب الوطني الاسكتلندي، قال ماثيسون إن ""ضغط الشتاء المتزايد"" ما هو ""بشيء جديد في اسكتلندا"". فبدل من ""لوم وستمنستر""، كانت محاولة الدفاع ذي المرة هي ""أن وستمنستر سيئة أيضًا""، وكأن ذا راح يتسبب في شيء من الراحة لأعداد كبيرة من المرضى اللي اضطروا للانتظار لساعات حتى يتخلصون من الألم والضيق.","وفي أثناء المطالبات باستقالته بسبب فشله الذريع في خطة تعافي الخدمات الصحية الوطنية التابعة للحزب الوطني الإسكتلندي، تحدث ماثيسون عن أن ""ضغط فصل الشتاء المتزايد"" لم يكن ""أمرًا جديدًا في إسكتلندا"". فبدلاً من ""لوم وستمنستر""، كانت محاولة الدفاع هذه المرة هي ""أن وستمنستر سيئة أيضًا""، وكأن ذلك سيبعث شيئًا من الراحة في الأعداد الكبيرة من المرضى الذين أجبروا على الانتظار لساعات حتى ينتهي الألم والضيق.","Amid calls for his resignation over the abject failure of the SNP's NHS recovery plan, Matheson spoke of how the ""heightened winter pressure"" was ""not unique to Scotland."" Instead of ""blame Westminster,"" the attempted defence this time was ""Westminster's just as bad,"" as if that provided any comfort to the legions of patients forced to wait for hours on end in pain and distress.",1,Minor,21,True,,0.7954545454545454,1.0,0.978479027748108,0.8059299191374663,1.0,score,F,A,,,0.55,0.78,1.0,1,0,1,light,اللي اضطروا للانتظار,الذين اجبروا علي الانتظار,,exact_seq,exact_seq,news
WMT_3893,Terminology Substitution,في,وفي,في الواقع، بتوضح أرقام الصحة العامة الجديدة في اسكتلندا إن الوضع بيتحول من سيء لأسوأ: اتأخر 1910 شخص في دخول المستشفى في نوفمبر مقارنة بحوالي 1730 شخص في إبريل. ومن أسباب عدم قدرة سيارات الإسعاف على نقل المرضى في الحال هو امتلاء أقسام الطوارئ والحوادث بسبب امتلاء الأجنحة بالكامل.,وفي الواقع، تظهر أرقام الصحة العامة الجديدة في إسكتلندا أن الوضع يزداد سوءًا: فقد تأخر 1910 أشخاص عن دخول المستشفى في نوفمبر مقارنة بما يصل إلى 1730 شخصًا في إبريل. وأحد أسباب عدم قدرة سيارات الإسعاف على نقل المرضى في الحال هي أن أقسام الطوارئ والحوادث ممتلئة بسبب امتلاء الأجنحة بالكامل.,"Indeed, new Public Health Scotland figures show the situation is actually getting worse: 1,910 people were delayed in hospital in November, up from 1,730 in April. One reason why ambulances cannot drop off patients promptly is that A&E departments are full because wards are full.",1,Minor,4,True,,0.8055555555555556,1.0,0.9738858938217164,0.8070175438596492,1.0,diagnostic,F,A,,,0.55,0.68,1.0,6,5,5,light,في,وفي,,exact,exact,news
WMT_3894,Terminology Substitution,بتوضح,تظهر,في الواقع، بتوضح أرقام الصحة العامة الجديدة في اسكتلندا إن الوضع بيتحول من سيء لأسوأ: اتأخر 1910 شخص في دخول المستشفى في نوفمبر مقارنة بحوالي 1730 شخص في إبريل. ومن أسباب عدم قدرة سيارات الإسعاف على نقل المرضى في الحال هو امتلاء أقسام الطوارئ والحوادث بسبب امتلاء الأجنحة بالكامل.,وفي الواقع، تظهر أرقام الصحة العامة الجديدة في إسكتلندا أن الوضع يزداد سوءًا: فقد تأخر 1910 أشخاص عن دخول المستشفى في نوفمبر مقارنة بما يصل إلى 1730 شخصًا في إبريل. وأحد أسباب عدم قدرة سيارات الإسعاف على نقل المرضى في الحال هي أن أقسام الطوارئ والحوادث ممتلئة بسبب امتلاء الأجنحة بالكامل.,"Indeed, new Public Health Scotland figures show the situation is actually getting worse: 1,910 people were delayed in hospital in November, up from 1,730 in April. One reason why ambulances cannot drop off patients promptly is that A&E departments are full because wards are full.",1,Minor,4,True,,0.8055555555555556,1.0,0.9738858938217164,0.8169014084507042,1.0,diagnostic,F,A,,,0.55,0.68,1.0,1,0,1,light,بتوضح,تظهر,,exact,exact,news
WMT_3899,Terminology Substitution,شخص,شخصًا,في الواقع، بتوضح أرقام الصحة العامة الجديدة في اسكتلندا إن الوضع بيتحول من سيء لأسوأ: اتأخر 1910 شخص في دخول المستشفى في نوفمبر مقارنة بحوالي 1730 شخص في إبريل. ومن أسباب عدم قدرة سيارات الإسعاف على نقل المرضى في الحال هو امتلاء أقسام الطوارئ والحوادث بسبب امتلاء الأجنحة بالكامل.,وفي الواقع، تظهر أرقام الصحة العامة الجديدة في إسكتلندا أن الوضع يزداد سوءًا: فقد تأخر 1910 أشخاص عن دخول المستشفى في نوفمبر مقارنة بما يصل إلى 1730 شخصًا في إبريل. وأحد أسباب عدم قدرة سيارات الإسعاف على نقل المرضى في الحال هي أن أقسام الطوارئ والحوادث ممتلئة بسبب امتلاء الأجنحة بالكامل.,"Indeed, new Public Health Scotland figures show the situation is actually getting worse: 1,910 people were delayed in hospital in November, up from 1,730 in April. One reason why ambulances cannot drop off patients promptly is that A&E departments are full because wards are full.",1,Minor,4,True,,0.8055555555555556,1.0,0.9738858938217164,0.7879858657243817,1.0,diagnostic,F,A,,,0.55,0.68,1.0,2,0,1,light,شخص,شخصًا,,exact,exact,news
WMT_3900,Terminology Substitution,ومن,وأحد,في الواقع، بتوضح أرقام الصحة العامة الجديدة في اسكتلندا إن الوضع بيتحول من سيء لأسوأ: اتأخر 1910 شخص في دخول المستشفى في نوفمبر مقارنة بحوالي 1730 شخص في إبريل. ومن أسباب عدم قدرة سيارات الإسعاف على نقل المرضى في الحال هو امتلاء أقسام الطوارئ والحوادث بسبب امتلاء الأجنحة بالكامل.,وفي الواقع، تظهر أرقام الصحة العامة الجديدة في إسكتلندا أن الوضع يزداد سوءًا: فقد تأخر 1910 أشخاص عن دخول المستشفى في نوفمبر مقارنة بما يصل إلى 1730 شخصًا في إبريل. وأحد أسباب عدم قدرة سيارات الإسعاف على نقل المرضى في الحال هي أن أقسام الطوارئ والحوادث ممتلئة بسبب امتلاء الأجنحة بالكامل.,"Indeed, new Public Health Scotland figures show the situation is actually getting worse: 1,910 people were delayed in hospital in November, up from 1,730 in April. One reason why ambulances cannot drop off patients promptly is that A&E departments are full because wards are full.",1,Minor,4,True,,0.8055555555555556,1.0,0.9738858938217164,0.8133802816901409,1.0,diagnostic,F,A,,,0.55,0.68,1.0,2,0,1,light,ومن,واحد,,kw_prefix_و,exact,news
WMT_3904,Total Omission,ببساطة، وذا أمر,[OMITTED],إذا بنينا حكمنا على أساس حالة مستشفياتنا، فإن حديث الحزب الوطني الاسكتلندي عن خطط التعافي وخطط العمل هو مجرد كلام ببساطة، وذا أمر خطير. يجب ألا نسمح للسياسيين غير الأكفاء بإقناعنا بالتواطؤ على زوال هذه المؤسسة البريطانية العظيمة، وهي مؤسسة الخدمات الصحية الوطنية.,وإذا قضينا من خلال حالة مستشفياتنا، فإن حديث الحزب الوطني الإسكتلندي عن خطط التعافي وخطط العمل هو ببساطة مجرد كلام، وهو كلام خطير. ويجب ألا نسمح للسياسيين غير الأكفاء بإقناعنا بالتواطؤ على زوال هذه المؤسسة البريطانية العظيمة، وهي مؤسسة الخدمات الصحية الوطنية.,"Judging by the state of our hospitals, the SNP's talk of recovery plans and action plans is simply that - talk, and dangerous talk at that. We must not allow incompetent politicians to lull us into complicity in the demise of that great British institution, the National Health Service.",3,Major,1,True,,0.870722433460076,1.0,0.9668596386909484,0.8841698841698842,1.0,diagnostic,F,A,,,0.55,0.5,0.8,1,0,0,light,ببساطة، وذا امر,[OMITTED],,exact_seq,,news
WMT_3906,Terminology Substitution,دعم,دفع,شركة إعادة تدوير نفايات البناء تفتتح محطة Cumbernauld في ظل دعم الاقتصاد الدائري,شركة إعادة تدوير نفايات البناء تفتتح محطة Cumbernauld في ظل دفع الاقتصاد الدائري,Construction waste recycling firm opens new Cumbernauld plant amid circular economy drive,1,Minor,4,True,,0.975,1.0,0.9791686534881592,1.0,1.0,diagnostic,F,A,,,0.55,0.68,1.0,1,0,1,light,دعم,دفع,,exact,exact,news
WMT_3907,Total Omission,راح تساعد,[OMITTED],هذه الخطوة راح تساعد على الاستفادة من الأرض في موقع Gartchore Works المهجور.,ستساعد هذه الخطوة على تحويل الأرض في موقع Gartchore Works المهجور.,Move will also help transform land at the derelict Gartshore Works site.,1,Minor,1,True,,0.631578947368421,1.0,0.9109334945678712,0.7164179104477613,1.0,diagnostic,F,A,,,0.55,0.5,0.8,1,0,0,light,راح تساعد,[OMITTED],,exact_seq,,news
WMT_3910,Spelling Error,الاسكتلندية، اللي,الإسكتلندية، التي,بعد استثمار كلف ملايين الجنيهات، افتتحت شركة إعادة التدوير الاسكتلندية، اللي عالجت بالفعل أكثر من مليون طن من نفايات البناء، محطة ثانية.,بعد الاستثمار بالكثير من ملايين الجنيهات، افتتحت شركة إعادة التدوير الإسكتلندية، التي عالجت بالفعل أكثر من مليون طن من نفايات البناء، محطة ثانية.,A Scottish recycling business that has already processed more than a million tonnes of construction waste has opened a second plant following a multi-million pound investment.,1,Minor,21,True,,0.9103448275862068,1.0,0.9915320873260498,0.9140625,1.0,score,F,A,,,0.55,0.78,1.0,1,0,1,light,الاسكتلندية، اللي,الاسكتلندية، التي,,exact_seq,exact_seq,news
WMT_3911,Partial Translation,‏مية,[OMITTED],حوّلت محطات غسيل Brewster Brothers ‏مية في المية من التربة المستخرجة والأنقاض، اللي بتعالجها من صناعة البناء والتشييد، إلى ركام عالي القيمة من أجل إعادة استخدامه. على مدار آخر ست أعوام، منع موقع الشركة القريب من Livingston، West Lothian من انتقال 1.35 مليون طن تقريبًا من نفايات البناء والهدم والحفر إلى مكبات النفايات. وذا شكّل أكثر من مليون طن من الركام المعاد تدويره ليُباع في الصناعة.,لقد حوّلت محطات غسيل Brewster Brothers 100 في المائة من التربة المستخرجة والأنقاض، التي تعالجها من صناعة البناء والتشييد إلى ركام ذو قيمة عالية من أجل إعادة استخدامه. على مدار الست سنوات السابقة، منع موقع الشركة القريب من Livingston، West Lothian من انتقال 1.35 مليون طن تقريبًا من نفايات البناء والهدم والحفر إلى مكبات النفايات. ولقد شكّلت أكثر من مليون طن من الركام المعاد تدويره ليُباع في الصناعة.,"Brewster Brothers"" wash plants transform 100 per cent of the excavated soils and rubble they process from the construction industry into high-value aggregates for reuse. Over the past six years, the firm's site near Livingston, West Lothian has prevented almost 1.35 million tonnes of construction, demolition and excavation waste going to landfill. It has created more than one million tonnes of recycled aggregates to sell into the industry.",3,Major,2,True,,0.9025,1.0,0.9648799300193788,0.905,1.0,diagnostic,F,A,,,0.55,0.55,1.0,2,0,0,light,‏مية,[OMITTED],,exact,,news
WMT_3912,Terminology Substitution,المية,المائة,حوّلت محطات غسيل Brewster Brothers ‏مية في المية من التربة المستخرجة والأنقاض، اللي بتعالجها من صناعة البناء والتشييد، إلى ركام عالي القيمة من أجل إعادة استخدامه. على مدار آخر ست أعوام، منع موقع الشركة القريب من Livingston، West Lothian من انتقال 1.35 مليون طن تقريبًا من نفايات البناء والهدم والحفر إلى مكبات النفايات. وذا شكّل أكثر من مليون طن من الركام المعاد تدويره ليُباع في الصناعة.,لقد حوّلت محطات غسيل Brewster Brothers 100 في المائة من التربة المستخرجة والأنقاض، التي تعالجها من صناعة البناء والتشييد إلى ركام ذو قيمة عالية من أجل إعادة استخدامه. على مدار الست سنوات السابقة، منع موقع الشركة القريب من Livingston، West Lothian من انتقال 1.35 مليون طن تقريبًا من نفايات البناء والهدم والحفر إلى مكبات النفايات. ولقد شكّلت أكثر من مليون طن من الركام المعاد تدويره ليُباع في الصناعة.,"Brewster Brothers"" wash plants transform 100 per cent of the excavated soils and rubble they process from the construction industry into high-value aggregates for reuse. Over the past six years, the firm's site near Livingston, West Lothian has prevented almost 1.35 million tonnes of construction, demolition and excavation waste going to landfill. It has created more than one million tonnes of recycled aggregates to sell into the industry.",1,Minor,4,True,,0.9025,1.0,0.9648799300193788,0.9060913705583756,1.0,diagnostic,F,A,,,0.55,0.68,1.0,2,0,1,light,المية,المائة,,kw_prefix_ال,exact,news
WMT_3913,Spelling Error,اللي بتعالجها,التي تعالجها,حوّلت محطات غسيل Brewster Brothers ‏مية في المية من التربة المستخرجة والأنقاض، اللي بتعالجها من صناعة البناء والتشييد، إلى ركام عالي القيمة من أجل إعادة استخدامه. على مدار آخر ست أعوام، منع موقع الشركة القريب من Livingston، West Lothian من انتقال 1.35 مليون طن تقريبًا من نفايات البناء والهدم والحفر إلى مكبات النفايات. وذا شكّل أكثر من مليون طن من الركام المعاد تدويره ليُباع في الصناعة.,لقد حوّلت محطات غسيل Brewster Brothers 100 في المائة من التربة المستخرجة والأنقاض، التي تعالجها من صناعة البناء والتشييد إلى ركام ذو قيمة عالية من أجل إعادة استخدامه. على مدار الست سنوات السابقة، منع موقع الشركة القريب من Livingston، West Lothian من انتقال 1.35 مليون طن تقريبًا من نفايات البناء والهدم والحفر إلى مكبات النفايات. ولقد شكّلت أكثر من مليون طن من الركام المعاد تدويره ليُباع في الصناعة.,"Brewster Brothers"" wash plants transform 100 per cent of the excavated soils and rubble they process from the construction industry into high-value aggregates for reuse. Over the past six years, the firm's site near Livingston, West Lothian has prevented almost 1.35 million tonnes of construction, demolition and excavation waste going to landfill. It has created more than one million tonnes of recycled aggregates to sell into the industry.",1,Minor,21,True,,0.9025,1.0,0.9648799300193788,0.904639175257732,1.0,score,F,A,,,0.55,0.78,1.0,1,0,1,light,اللي بتعالجها,التي تعالجها,,exact_seq,exact_seq,news
WMT_3914,Spelling Error,والتشييد،,والتشييد,حوّلت محطات غسيل Brewster Brothers ‏مية في المية من التربة المستخرجة والأنقاض، اللي بتعالجها من صناعة البناء والتشييد، إلى ركام عالي القيمة من أجل إعادة استخدامه. على مدار آخر ست أعوام، منع موقع الشركة القريب من Livingston، West Lothian من انتقال 1.35 مليون طن تقريبًا من نفايات البناء والهدم والحفر إلى مكبات النفايات. وذا شكّل أكثر من مليون طن من الركام المعاد تدويره ليُباع في الصناعة.,لقد حوّلت محطات غسيل Brewster Brothers 100 في المائة من التربة المستخرجة والأنقاض، التي تعالجها من صناعة البناء والتشييد إلى ركام ذو قيمة عالية من أجل إعادة استخدامه. على مدار الست سنوات السابقة، منع موقع الشركة القريب من Livingston، West Lothian من انتقال 1.35 مليون طن تقريبًا من نفايات البناء والهدم والحفر إلى مكبات النفايات. ولقد شكّلت أكثر من مليون طن من الركام المعاد تدويره ليُباع في الصناعة.,"Brewster Brothers"" wash plants transform 100 per cent of the excavated soils and rubble they process from the construction industry into high-value aggregates for reuse. Over the past six years, the firm's site near Livingston, West Lothian has prevented almost 1.35 million tonnes of construction, demolition and excavation waste going to landfill. It has created more than one million tonnes of recycled aggregates to sell into the industry.",1,Minor,21,True,,0.9025,1.0,0.9648799300193788,0.903061224489796,1.0,score,F,A,,,0.55,0.78,1.0,1,0,1,light,والتشييد،,والتشييد,,exact,exact,news
WMT_3929,Terminology Substitution,بمساعدة,بجانب,"قال سكوت بروستر، المدير الإداري، واللي أسس الشركة في 2017 بمساعدة والده، أليكس ""من الواضح إن قطاع البناء في إسكتلندا مدرك الحاجة إلى تخفيض كمية الموارد الطبيعية اللي بُتستخدم في الصناعة وكمية الكربون المنبعث مع زيادة استخدام المواد المعاد تدويرها والثانوية. حجم نفايات البناء والهدم والحفر اللي تم إعادة تدويره على مدار الست سنوات بيزيد بشكل كبير، بيتيح استثمارنا في المحطة الثانية مجال للتوسع أكثر في المنطقة.","قال سكوت بروستر، المدير الإداري، الذي أنشأ الشركة في عام 2017 بجانب والده، أليكس ""من الواضح بشكل متزايد أن قطاع البناء في إسكتلندا يُقدر الحاجة إلى تقليل كمية الموارد الطبيعية التي تستخدمها الصناعة وكمية الكربون الذي ينبعث مع زيادة استخدام المواد المعاد تدويرها والثانوية. يتطور حجم نفايات البناء والهدم والحفر الذي تم إعادة تدويره على مدار الست سنوات بشكل كبير، ويظهر استثمارنا في هذه المحطة الثانية الذي يُتيح مجالاً لمزيد من التوسع في المنطقة.","Scott Brewster, managing director, who set up the business in 2017 alongside his father, Alex, said: ""It's increasingly clear that the construction sector in Scotland appreciates the need to reduce the amount of natural resources that the industry uses and the amount of carbon it emits while increasing use of recycled and secondary materials. The volume of construction, demolition and excavation waste that's been recycled over the last six years has grown enormously, and our investment into this second site demonstrates that there's room for a further expansion in this area.",1,Minor,4,True,,0.7959641255605381,1.0,0.9881522059440612,0.8049886621315192,1.0,diagnostic,F,A,,,0.55,0.68,1.0,1,0,1,light,بمساعدة,بجانب,,exact,exact,news
WMT_3931,Terminology Substitution,مدرك,يُقدر,"قال سكوت بروستر، المدير الإداري، واللي أسس الشركة في 2017 بمساعدة والده، أليكس ""من الواضح إن قطاع البناء في إسكتلندا مدرك الحاجة إلى تخفيض كمية الموارد الطبيعية اللي بُتستخدم في الصناعة وكمية الكربون المنبعث مع زيادة استخدام المواد المعاد تدويرها والثانوية. حجم نفايات البناء والهدم والحفر اللي تم إعادة تدويره على مدار الست سنوات بيزيد بشكل كبير، بيتيح استثمارنا في المحطة الثانية مجال للتوسع أكثر في المنطقة.","قال سكوت بروستر، المدير الإداري، الذي أنشأ الشركة في عام 2017 بجانب والده، أليكس ""من الواضح بشكل متزايد أن قطاع البناء في إسكتلندا يُقدر الحاجة إلى تقليل كمية الموارد الطبيعية التي تستخدمها الصناعة وكمية الكربون الذي ينبعث مع زيادة استخدام المواد المعاد تدويرها والثانوية. يتطور حجم نفايات البناء والهدم والحفر الذي تم إعادة تدويره على مدار الست سنوات بشكل كبير، ويظهر استثمارنا في هذه المحطة الثانية الذي يُتيح مجالاً لمزيد من التوسع في المنطقة.","Scott Brewster, managing director, who set up the business in 2017 alongside his father, Alex, said: ""It's increasingly clear that the construction sector in Scotland appreciates the need to reduce the amount of natural resources that the industry uses and the amount of carbon it emits while increasing use of recycled and secondary materials. The volume of construction, demolition and excavation waste that's been recycled over the last six years has grown enormously, and our investment into this second site demonstrates that there's room for a further expansion in this area.",1,Minor,4,True,,0.7959641255605381,1.0,0.9881522059440612,0.8027210884353742,1.0,diagnostic,F,A,,,0.55,0.68,1.0,1,0,1,light,مدرك,يُقدر,,exact,exact,news
WMT_3932,Terminology Substitution,تخفيض,تقليل,"قال سكوت بروستر، المدير الإداري، واللي أسس الشركة في 2017 بمساعدة والده، أليكس ""من الواضح إن قطاع البناء في إسكتلندا مدرك الحاجة إلى تخفيض كمية الموارد الطبيعية اللي بُتستخدم في الصناعة وكمية الكربون المنبعث مع زيادة استخدام المواد المعاد تدويرها والثانوية. حجم نفايات البناء والهدم والحفر اللي تم إعادة تدويره على مدار الست سنوات بيزيد بشكل كبير، بيتيح استثمارنا في المحطة الثانية مجال للتوسع أكثر في المنطقة.","قال سكوت بروستر، المدير الإداري، الذي أنشأ الشركة في عام 2017 بجانب والده، أليكس ""من الواضح بشكل متزايد أن قطاع البناء في إسكتلندا يُقدر الحاجة إلى تقليل كمية الموارد الطبيعية التي تستخدمها الصناعة وكمية الكربون الذي ينبعث مع زيادة استخدام المواد المعاد تدويرها والثانوية. يتطور حجم نفايات البناء والهدم والحفر الذي تم إعادة تدويره على مدار الست سنوات بشكل كبير، ويظهر استثمارنا في هذه المحطة الثانية الذي يُتيح مجالاً لمزيد من التوسع في المنطقة.","Scott Brewster, managing director, who set up the business in 2017 alongside his father, Alex, said: ""It's increasingly clear that the construction sector in Scotland appreciates the need to reduce the amount of natural resources that the industry uses and the amount of carbon it emits while increasing use of recycled and secondary materials. The volume of construction, demolition and excavation waste that's been recycled over the last six years has grown enormously, and our investment into this second site demonstrates that there's room for a further expansion in this area.",1,Minor,4,True,,0.7959641255605381,1.0,0.9881522059440612,0.800453514739229,1.0,diagnostic,F,A,,,0.55,0.68,1.0,1,0,1,light,تخفيض,تقليل,,exact,exact,news
WMT_3935,Terminology Substitution,اللي,الذي,"قال سكوت بروستر، المدير الإداري، واللي أسس الشركة في 2017 بمساعدة والده، أليكس ""من الواضح إن قطاع البناء في إسكتلندا مدرك الحاجة إلى تخفيض كمية الموارد الطبيعية اللي بُتستخدم في الصناعة وكمية الكربون المنبعث مع زيادة استخدام المواد المعاد تدويرها والثانوية. حجم نفايات البناء والهدم والحفر اللي تم إعادة تدويره على مدار الست سنوات بيزيد بشكل كبير، بيتيح استثمارنا في المحطة الثانية مجال للتوسع أكثر في المنطقة.","قال سكوت بروستر، المدير الإداري، الذي أنشأ الشركة في عام 2017 بجانب والده، أليكس ""من الواضح بشكل متزايد أن قطاع البناء في إسكتلندا يُقدر الحاجة إلى تقليل كمية الموارد الطبيعية التي تستخدمها الصناعة وكمية الكربون الذي ينبعث مع زيادة استخدام المواد المعاد تدويرها والثانوية. يتطور حجم نفايات البناء والهدم والحفر الذي تم إعادة تدويره على مدار الست سنوات بشكل كبير، ويظهر استثمارنا في هذه المحطة الثانية الذي يُتيح مجالاً لمزيد من التوسع في المنطقة.","Scott Brewster, managing director, who set up the business in 2017 alongside his father, Alex, said: ""It's increasingly clear that the construction sector in Scotland appreciates the need to reduce the amount of natural resources that the industry uses and the amount of carbon it emits while increasing use of recycled and secondary materials. The volume of construction, demolition and excavation waste that's been recycled over the last six years has grown enormously, and our investment into this second site demonstrates that there's room for a further expansion in this area.",1,Minor,4,True,,0.7959641255605381,1.0,0.9881522059440612,0.7963800904977376,1.0,diagnostic,F,A,,,0.55,0.68,1.0,2,0,4,light,اللي,الذي,,exact,exact,news
WMT_3936,Total Omission,بيزيد,[OMITTED],"قال سكوت بروستر، المدير الإداري، واللي أسس الشركة في 2017 بمساعدة والده، أليكس ""من الواضح إن قطاع البناء في إسكتلندا مدرك الحاجة إلى تخفيض كمية الموارد الطبيعية اللي بُتستخدم في الصناعة وكمية الكربون المنبعث مع زيادة استخدام المواد المعاد تدويرها والثانوية. حجم نفايات البناء والهدم والحفر اللي تم إعادة تدويره على مدار الست سنوات بيزيد بشكل كبير، بيتيح استثمارنا في المحطة الثانية مجال للتوسع أكثر في المنطقة.","قال سكوت بروستر، المدير الإداري، الذي أنشأ الشركة في عام 2017 بجانب والده، أليكس ""من الواضح بشكل متزايد أن قطاع البناء في إسكتلندا يُقدر الحاجة إلى تقليل كمية الموارد الطبيعية التي تستخدمها الصناعة وكمية الكربون الذي ينبعث مع زيادة استخدام المواد المعاد تدويرها والثانوية. يتطور حجم نفايات البناء والهدم والحفر الذي تم إعادة تدويره على مدار الست سنوات بشكل كبير، ويظهر استثمارنا في هذه المحطة الثانية الذي يُتيح مجالاً لمزيد من التوسع في المنطقة.","Scott Brewster, managing director, who set up the business in 2017 alongside his father, Alex, said: ""It's increasingly clear that the construction sector in Scotland appreciates the need to reduce the amount of natural resources that the industry uses and the amount of carbon it emits while increasing use of recycled and secondary materials. The volume of construction, demolition and excavation waste that's been recycled over the last six years has grown enormously, and our investment into this second site demonstrates that there's room for a further expansion in this area.",1,Minor,1,True,,0.7959641255605381,1.0,0.9881522059440612,0.8071748878923767,1.0,diagnostic,F,A,,,0.55,0.5,0.8,1,0,0,light,بيزيد,[OMITTED],,exact,,news
WMT_3937,Terminology Substitution,بيتيح,ويظهر,"قال سكوت بروستر، المدير الإداري، واللي أسس الشركة في 2017 بمساعدة والده، أليكس ""من الواضح إن قطاع البناء في إسكتلندا مدرك الحاجة إلى تخفيض كمية الموارد الطبيعية اللي بُتستخدم في الصناعة وكمية الكربون المنبعث مع زيادة استخدام المواد المعاد تدويرها والثانوية. حجم نفايات البناء والهدم والحفر اللي تم إعادة تدويره على مدار الست سنوات بيزيد بشكل كبير، بيتيح استثمارنا في المحطة الثانية مجال للتوسع أكثر في المنطقة.","قال سكوت بروستر، المدير الإداري، الذي أنشأ الشركة في عام 2017 بجانب والده، أليكس ""من الواضح بشكل متزايد أن قطاع البناء في إسكتلندا يُقدر الحاجة إلى تقليل كمية الموارد الطبيعية التي تستخدمها الصناعة وكمية الكربون الذي ينبعث مع زيادة استخدام المواد المعاد تدويرها والثانوية. يتطور حجم نفايات البناء والهدم والحفر الذي تم إعادة تدويره على مدار الست سنوات بشكل كبير، ويظهر استثمارنا في هذه المحطة الثانية الذي يُتيح مجالاً لمزيد من التوسع في المنطقة.","Scott Brewster, managing director, who set up the business in 2017 alongside his father, Alex, said: ""It's increasingly clear that the construction sector in Scotland appreciates the need to reduce the amount of natural resources that the industry uses and the amount of carbon it emits while increasing use of recycled and secondary materials. The volume of construction, demolition and excavation waste that's been recycled over the last six years has grown enormously, and our investment into this second site demonstrates that there's room for a further expansion in this area.",1,Minor,4,True,,0.7959641255605381,1.0,0.9881522059440612,0.8027210884353742,1.0,diagnostic,F,A,,,0.55,0.68,1.0,1,0,1,light,بيتيح,ويظهر,,exact,exact,news
WMT_3938,Spelling Error,اسكتلندا عندها,إن إسكتلندا لديها,اسكتلندا عندها طموح كبير للانتقال إلى الاقتصاد الدائري، والحكومة بتخطط لفرض ضريبة جديدة على الركام علشان تساعد في تسريع الابتعاد عن استخدام المنتجات البكر.,إن إسكتلندا لديها طموح كبير للانتقال إلى الاقتصاد الدائري، وتخطط الحكومة لإدخال ضريبة الركام المنقولة الجديدة التي يجب أن تُساعد في تسريع التحوّل بعيدًا عن استخدام المنتجات البكر.,"""Scotland has big ambitions for transitioning to a circular economy, and the government plans to bring in a new devolved aggregates tax that should accelerate the shift away from the use of virgin products.""",1,Minor,21,True,,0.6703910614525139,1.0,0.9501082301139832,0.6790123456790124,1.0,score,F,A,,,0.55,0.78,1.0,1,0,1,light,اسكتلندا عندها,ان اسكتلندا لديها,,exact_seq,exact_seq,news
WMT_3940,Total Omission,جديدة على,[OMITTED],اسكتلندا عندها طموح كبير للانتقال إلى الاقتصاد الدائري، والحكومة بتخطط لفرض ضريبة جديدة على الركام علشان تساعد في تسريع الابتعاد عن استخدام المنتجات البكر.,إن إسكتلندا لديها طموح كبير للانتقال إلى الاقتصاد الدائري، وتخطط الحكومة لإدخال ضريبة الركام المنقولة الجديدة التي يجب أن تُساعد في تسريع التحوّل بعيدًا عن استخدام المنتجات البكر.,"""Scotland has big ambitions for transitioning to a circular economy, and the government plans to bring in a new devolved aggregates tax that should accelerate the shift away from the use of virgin products.""",1,Minor,1,True,,0.6703910614525139,1.0,0.9501082301139832,0.6759776536312849,1.0,diagnostic,F,A,,,0.55,0.5,0.8,1,0,0,light,جديدة علي,[OMITTED],,exact_seq,,news
WMT_3948,Terminology Substitution,لو,إذا,دائمًا يميل السياسيين للتدخُل في المواقف اللي يشوفون إنهم يقدرون يسون فارق. بالطبع، لو كان فيه حل واضح وبسيط للمشكلة لكان أي شخص لديه معرفة وفهم أكثر للمشاكل راح ينفذ هذا الحل بالفعل.,هناك دائمًا نزعة لدى السياسيين للتدخُل في المواقف التي يعتقدون أنهم سيصنعون فارقًا فيها. بالطبع، إذا كان هناك حلاً واضحًا بسيطًا للمشكلة، لكان شخص ما يتمتع بمعرفة وفهم أكثر للمشاكل سيُنفذ هذا الحل بالفعل.,"There is always the temptation for politicians to intervene in situations where they think they can make a difference. Of course, if there was an obvious simple solution to a problem somebody with more knowledge and understanding of the problems would already have implemented it.",1,Minor,4,True,,0.696078431372549,1.0,0.952824056148529,0.7064676616915423,1.0,diagnostic,F,A,,,0.55,0.68,1.0,1,0,1,light,لو,اذا,,exact,exact,news
WMT_3949,Spelling Error,فيه حل واضح وبسيط للمشكلة,هناك حلاً واضحًا بسيطًا للمشكلة،,دائمًا يميل السياسيين للتدخُل في المواقف اللي يشوفون إنهم يقدرون يسون فارق. بالطبع، لو كان فيه حل واضح وبسيط للمشكلة لكان أي شخص لديه معرفة وفهم أكثر للمشاكل راح ينفذ هذا الحل بالفعل.,هناك دائمًا نزعة لدى السياسيين للتدخُل في المواقف التي يعتقدون أنهم سيصنعون فارقًا فيها. بالطبع، إذا كان هناك حلاً واضحًا بسيطًا للمشكلة، لكان شخص ما يتمتع بمعرفة وفهم أكثر للمشاكل سيُنفذ هذا الحل بالفعل.,"There is always the temptation for politicians to intervene in situations where they think they can make a difference. Of course, if there was an obvious simple solution to a problem somebody with more knowledge and understanding of the problems would already have implemented it.",1,Minor,21,True,,0.696078431372549,1.0,0.952824056148529,0.7093023255813953,1.0,score,F,A,,,0.55,0.78,1.0,1,0,1,light,فيه حل واضح وبسيط للمشكلة,هناك حلاً واضحًا بسيطًا للمشكلة،,,exact_seq,exact_seq,news
WMT_3950,Total Omission,أي,[OMITTED],دائمًا يميل السياسيين للتدخُل في المواقف اللي يشوفون إنهم يقدرون يسون فارق. بالطبع، لو كان فيه حل واضح وبسيط للمشكلة لكان أي شخص لديه معرفة وفهم أكثر للمشاكل راح ينفذ هذا الحل بالفعل.,هناك دائمًا نزعة لدى السياسيين للتدخُل في المواقف التي يعتقدون أنهم سيصنعون فارقًا فيها. بالطبع، إذا كان هناك حلاً واضحًا بسيطًا للمشكلة، لكان شخص ما يتمتع بمعرفة وفهم أكثر للمشاكل سيُنفذ هذا الحل بالفعل.,"There is always the temptation for politicians to intervene in situations where they think they can make a difference. Of course, if there was an obvious simple solution to a problem somebody with more knowledge and understanding of the problems would already have implemented it.",1,Minor,1,True,,0.696078431372549,1.0,0.952824056148529,0.7058823529411764,1.0,diagnostic,F,A,,,0.55,0.5,0.8,1,0,0,light,اي,[OMITTED],,exact,,news
WMT_3954,Terminology Substitution,تم,لدينا,علشان كذا كان تم طرح قانون تكلفة المعيشة (حماية المستأجر) لعام 2022 من حوالي 18 شهر واللي بيهدف لوضع حد أقصى للإيجارات لفترة محددة لتخفيف ضغوط أزمة تكلفة المعيشة. اللي قاعدين نشوفه الحين من أحدث إحصائيات الحكومة الاسكتلندية هو إن في العام زاد متوسط الإيجارات على مستوى جميع أحجام العقارات، وتراوحت الزيادة بين 11.7 في المائة لمنزل بغرفة نوم واحدة إلى 14.3 في المائة لمنزل بغرفتي نوم. في الواقع زادت إيجارات كل أنواع العقارات (من عقار بغرفة نوم واحدة إلى أربع غرف نوم) زيادة مضاعفة من وقت طرح تشريع تكلفة المعيشة في أكتوبر 2022، والزيادة هذه تجاوزت المتوسط السنوي لزيادة الإيجارات على مدار آخر 12 عام بحوالي ثلاثة أضعاف.,ولهذا كان لدينا طرح قانون تكلفة المعيشة (حماية المستأجر) لعام 2022 منذ 18 شهر تقريبًا الذي يهدف إلى وضع حد للإيجارات لفترة محددة لتخفيف ضغوط أزمة تكلفة المعيشة. ما نجده الآن من أحدث إحصائيات الحكومة الإسكتلندية هو أن في العام السابق وحده زاد متوسط الإيجارات على مستوى جميع أحجام العقارات، الذي يتراوح من أقل ارتفاع 11.7 في المائة لمنزل بغرفة نوم واحدة إلى أعلى نسبة تبلغ 14.3 في المائة لمنزل بغرفتي نوم. لقد زاد إيجار كل نوع من العقارات (من عقار بغرفة نوم واحدة إلى أربع غرف نوم) زيادة مضاعفة منذ طرح تشريع تكلفة المعيشة في أكتوبر عام 2022، متجاوزًا المتوسط السنوي لزيادة الإيجارات على مدار السنوات 12 الماضية بمقدار لا يقل عن ثلاثة.,"Thus, we had the introduction of the Cost of Living (Tenant protection) (Scotland) Act 2022 nearly 18 months ago which sought to cap rents for a limited period to ease the pressures of the cost-of-living crisis. What we find now from the latest Scottish Government statistics is that, in the last year alone, average rents have increased in all sized properties, ranging from the lowest rise of 11.7 per cent for one-bedroom to the highest figure of 14.3 per cent for two-bedroom homes. Every type of property (from one to four bedroom to a room in a property) has had a double digit increase in rents since the Cost of Living legislation was introduced in October 2022, exceeding the annual average increases in rents over the previous 12 years by a factor of at least three.",1,Minor,4,True,,0.7393364928909952,1.0,0.9743832349777222,0.7452229299363058,1.0,diagnostic,F,A,,,0.55,0.68,1.0,1,0,1,light,تم,لدينا,,exact,exact,news
WMT_3957,Total Omission,أقصى,[OMITTED],علشان كذا كان تم طرح قانون تكلفة المعيشة (حماية المستأجر) لعام 2022 من حوالي 18 شهر واللي بيهدف لوضع حد أقصى للإيجارات لفترة محددة لتخفيف ضغوط أزمة تكلفة المعيشة. اللي قاعدين نشوفه الحين من أحدث إحصائيات الحكومة الاسكتلندية هو إن في العام زاد متوسط الإيجارات على مستوى جميع أحجام العقارات، وتراوحت الزيادة بين 11.7 في المائة لمنزل بغرفة نوم واحدة إلى 14.3 في المائة لمنزل بغرفتي نوم. في الواقع زادت إيجارات كل أنواع العقارات (من عقار بغرفة نوم واحدة إلى أربع غرف نوم) زيادة مضاعفة من وقت طرح تشريع تكلفة المعيشة في أكتوبر 2022، والزيادة هذه تجاوزت المتوسط السنوي لزيادة الإيجارات على مدار آخر 12 عام بحوالي ثلاثة أضعاف.,ولهذا كان لدينا طرح قانون تكلفة المعيشة (حماية المستأجر) لعام 2022 منذ 18 شهر تقريبًا الذي يهدف إلى وضع حد للإيجارات لفترة محددة لتخفيف ضغوط أزمة تكلفة المعيشة. ما نجده الآن من أحدث إحصائيات الحكومة الإسكتلندية هو أن في العام السابق وحده زاد متوسط الإيجارات على مستوى جميع أحجام العقارات، الذي يتراوح من أقل ارتفاع 11.7 في المائة لمنزل بغرفة نوم واحدة إلى أعلى نسبة تبلغ 14.3 في المائة لمنزل بغرفتي نوم. لقد زاد إيجار كل نوع من العقارات (من عقار بغرفة نوم واحدة إلى أربع غرف نوم) زيادة مضاعفة منذ طرح تشريع تكلفة المعيشة في أكتوبر عام 2022، متجاوزًا المتوسط السنوي لزيادة الإيجارات على مدار السنوات 12 الماضية بمقدار لا يقل عن ثلاثة.,"Thus, we had the introduction of the Cost of Living (Tenant protection) (Scotland) Act 2022 nearly 18 months ago which sought to cap rents for a limited period to ease the pressures of the cost-of-living crisis. What we find now from the latest Scottish Government statistics is that, in the last year alone, average rents have increased in all sized properties, ranging from the lowest rise of 11.7 per cent for one-bedroom to the highest figure of 14.3 per cent for two-bedroom homes. Every type of property (from one to four bedroom to a room in a property) has had a double digit increase in rents since the Cost of Living legislation was introduced in October 2022, exceeding the annual average increases in rents over the previous 12 years by a factor of at least three.",1,Minor,1,True,,0.7393364928909952,1.0,0.9743832349777222,0.74565560821485,1.0,diagnostic,F,A,,,0.55,0.5,0.8,1,0,0,light,اقصي,[OMITTED],,exact,,news
WMT_3966,Terminology Substitution,آخر,السنوات,علشان كذا كان تم طرح قانون تكلفة المعيشة (حماية المستأجر) لعام 2022 من حوالي 18 شهر واللي بيهدف لوضع حد أقصى للإيجارات لفترة محددة لتخفيف ضغوط أزمة تكلفة المعيشة. اللي قاعدين نشوفه الحين من أحدث إحصائيات الحكومة الاسكتلندية هو إن في العام زاد متوسط الإيجارات على مستوى جميع أحجام العقارات، وتراوحت الزيادة بين 11.7 في المائة لمنزل بغرفة نوم واحدة إلى 14.3 في المائة لمنزل بغرفتي نوم. في الواقع زادت إيجارات كل أنواع العقارات (من عقار بغرفة نوم واحدة إلى أربع غرف نوم) زيادة مضاعفة من وقت طرح تشريع تكلفة المعيشة في أكتوبر 2022، والزيادة هذه تجاوزت المتوسط السنوي لزيادة الإيجارات على مدار آخر 12 عام بحوالي ثلاثة أضعاف.,ولهذا كان لدينا طرح قانون تكلفة المعيشة (حماية المستأجر) لعام 2022 منذ 18 شهر تقريبًا الذي يهدف إلى وضع حد للإيجارات لفترة محددة لتخفيف ضغوط أزمة تكلفة المعيشة. ما نجده الآن من أحدث إحصائيات الحكومة الإسكتلندية هو أن في العام السابق وحده زاد متوسط الإيجارات على مستوى جميع أحجام العقارات، الذي يتراوح من أقل ارتفاع 11.7 في المائة لمنزل بغرفة نوم واحدة إلى أعلى نسبة تبلغ 14.3 في المائة لمنزل بغرفتي نوم. لقد زاد إيجار كل نوع من العقارات (من عقار بغرفة نوم واحدة إلى أربع غرف نوم) زيادة مضاعفة منذ طرح تشريع تكلفة المعيشة في أكتوبر عام 2022، متجاوزًا المتوسط السنوي لزيادة الإيجارات على مدار السنوات 12 الماضية بمقدار لا يقل عن ثلاثة.,"Thus, we had the introduction of the Cost of Living (Tenant protection) (Scotland) Act 2022 nearly 18 months ago which sought to cap rents for a limited period to ease the pressures of the cost-of-living crisis. What we find now from the latest Scottish Government statistics is that, in the last year alone, average rents have increased in all sized properties, ranging from the lowest rise of 11.7 per cent for one-bedroom to the highest figure of 14.3 per cent for two-bedroom homes. Every type of property (from one to four bedroom to a room in a property) has had a double digit increase in rents since the Cost of Living legislation was introduced in October 2022, exceeding the annual average increases in rents over the previous 12 years by a factor of at least three.",1,Minor,4,True,,0.7393364928909952,1.0,0.9743832349777222,0.7476038338658146,1.0,diagnostic,F,A,,,0.55,0.68,1.0,1,0,1,light,اخر,السنوات,,exact,exact,news
WMT_3967,Terminology Substitution,كل,جميع,كان هناك تحذيرات كثيرة من كل المشاركين في قطاع الإسكان بحدوث هذه الزيادة، لكن ما في حد بيسمع. رغبة البعض في عدم تصديق إن قوة السوق هي اللي  بتحدد الأسعار مو الحكومة أدت إلى زيادة أسعار الإيجارات بشكل كبير وكان يمكن تجنب الزيادة ذي لو كان فيه فهم أفضل للمشكة وتفاوض ومناقشة مع القطاع ووضع خطة تراعي مبادئ العرض والطلب.,كان هناك تحذيرات كثيرة من جميع المشاركين في قطاع الإسكان أن هذا سيحدث، ولكن لم تجد آذانًا صاغية. عدم رغبة تصديق أن قوة السوق هي التي تُحدد الأسعار بدلاً من الحكومة التي أدت إلى ارتفاع سعر الإيجار بشكل كبير والذي كان يُمكن تجنبه بالفهم أفضل والتفاوض والتناقش مع القطاع ووضع خطة مراعية مبادئ العرض والطلب.,"There were plenty of warnings from all involved in the housing sector that this would happen, but these went unheeded. An unwillingness to believe that market forces are what dictates prices rather than government has led to enormous rent price rises which could have been avoided with greater understanding, negotiation and discussion with the sector and a plan that understood the principles of supply and demand.",1,Minor,4,True,,0.6498422712933754,1.0,0.9377962946891784,0.6603174603174603,1.0,diagnostic,F,A,,,0.55,0.68,1.0,1,0,1,light,كل,جميع,,exact,exact,news
WMT_3974,Terminology Substitution,تراعي,مراعية,كان هناك تحذيرات كثيرة من كل المشاركين في قطاع الإسكان بحدوث هذه الزيادة، لكن ما في حد بيسمع. رغبة البعض في عدم تصديق إن قوة السوق هي اللي  بتحدد الأسعار مو الحكومة أدت إلى زيادة أسعار الإيجارات بشكل كبير وكان يمكن تجنب الزيادة ذي لو كان فيه فهم أفضل للمشكة وتفاوض ومناقشة مع القطاع ووضع خطة تراعي مبادئ العرض والطلب.,كان هناك تحذيرات كثيرة من جميع المشاركين في قطاع الإسكان أن هذا سيحدث، ولكن لم تجد آذانًا صاغية. عدم رغبة تصديق أن قوة السوق هي التي تُحدد الأسعار بدلاً من الحكومة التي أدت إلى ارتفاع سعر الإيجار بشكل كبير والذي كان يُمكن تجنبه بالفهم أفضل والتفاوض والتناقش مع القطاع ووضع خطة مراعية مبادئ العرض والطلب.,"There were plenty of warnings from all involved in the housing sector that this would happen, but these went unheeded. An unwillingness to believe that market forces are what dictates prices rather than government has led to enormous rent price rises which could have been avoided with greater understanding, negotiation and discussion with the sector and a plan that understood the principles of supply and demand.",1,Minor,4,True,,0.6498422712933754,1.0,0.9377962946891784,0.6506410256410257,1.0,diagnostic,F,A,,,0.55,0.68,1.0,1,0,1,light,تراعي,مراعية,,exact,exact,news
WMT_3986,Terminology Substitution,زيادة,ارتفاع,اقتراح التناقص التدريجي ذا راح يحدد زيادات الإيجار بين 6 في المائة و15 في المائة كحد أقصى. الغريب إن الزيادة راح تكون أعلى من أي زيادة سنوي في التاريخ. لكن الأهم، إن الخطة ذي ماهي بعملية، ومعقدة عمومًا وتكاليف متابعتها وتنفيذها جدًا باهظة. حنّا عندنا نظام بالفعل بيضم هيئة تحكيم الإسكان من الدرجة الأولى وهي الجهة المسؤولة عن الحكم على عدالة زيادة الإيجار. الأمر يبدو وإنه زيادة الإجراءات البيروقراطية من غير أي فايدة للملاك أو المستأجرين.,اقتراح التناقص التدريجي هذا سيُحدد زيادات الإيجار بين 6 في المائة و15 في المائة كحد أقصى، والمثير للسخرية أنه سيكون أعلى من أي ارتفاع سنوي في التاريخ. لكن، من المهم للغاية أكثر، أن هذه الخطة لن تكون عملية، ومعقدة عمومًا وباهظة التكلفة لمراقبتها وتنفيذها. نحن لدينا نظامًا بالفعل يتضمن هيئة تحكيم الإسكان من الدرجة الأولى والتي تحكم ما إذا كانت زيادة الإيجار عادلة. هذا يبدو وكأنه إضافة طبقات من البيروقراطية دون أي فائدة للملاك أو المستأجرين.,"This tapering proposal would set rent increases between 6 per cent and a maximum of 15 per cent which, ironically, would be higher than historic annual price rises. But, more importantly, this scheme would be unwieldy, overly complex and prohibitively expensive to monitor and implement. We already have a system involving the first-tier housing tribunal which rules on whether a rent increase is fair. This seems like adding further layers of bureaucracy with no gain for landlords or tenants.",1,Minor,4,True,,0.6538461538461539,1.0,0.9319289922714232,0.6536697247706422,1.0,diagnostic,F,A,,,0.55,0.68,1.0,4,1,1,light,زيادة,ارتفاع,,prefix_ال,exact,news
WMT_3988,Terminology Substitution,بيضم,يتضمن,اقتراح التناقص التدريجي ذا راح يحدد زيادات الإيجار بين 6 في المائة و15 في المائة كحد أقصى. الغريب إن الزيادة راح تكون أعلى من أي زيادة سنوي في التاريخ. لكن الأهم، إن الخطة ذي ماهي بعملية، ومعقدة عمومًا وتكاليف متابعتها وتنفيذها جدًا باهظة. حنّا عندنا نظام بالفعل بيضم هيئة تحكيم الإسكان من الدرجة الأولى وهي الجهة المسؤولة عن الحكم على عدالة زيادة الإيجار. الأمر يبدو وإنه زيادة الإجراءات البيروقراطية من غير أي فايدة للملاك أو المستأجرين.,اقتراح التناقص التدريجي هذا سيُحدد زيادات الإيجار بين 6 في المائة و15 في المائة كحد أقصى، والمثير للسخرية أنه سيكون أعلى من أي ارتفاع سنوي في التاريخ. لكن، من المهم للغاية أكثر، أن هذه الخطة لن تكون عملية، ومعقدة عمومًا وباهظة التكلفة لمراقبتها وتنفيذها. نحن لدينا نظامًا بالفعل يتضمن هيئة تحكيم الإسكان من الدرجة الأولى والتي تحكم ما إذا كانت زيادة الإيجار عادلة. هذا يبدو وكأنه إضافة طبقات من البيروقراطية دون أي فائدة للملاك أو المستأجرين.,"This tapering proposal would set rent increases between 6 per cent and a maximum of 15 per cent which, ironically, would be higher than historic annual price rises. But, more importantly, this scheme would be unwieldy, overly complex and prohibitively expensive to monitor and implement. We already have a system involving the first-tier housing tribunal which rules on whether a rent increase is fair. This seems like adding further layers of bureaucracy with no gain for landlords or tenants.",1,Minor,4,True,,0.6538461538461539,1.0,0.9319289922714232,0.6567505720823799,1.0,diagnostic,F,A,,,0.55,0.68,1.0,1,0,1,light,بيضم,يتضمن,,exact,exact,news
WMT_3992,Spelling Error,فايدة,فائدة,اقتراح التناقص التدريجي ذا راح يحدد زيادات الإيجار بين 6 في المائة و15 في المائة كحد أقصى. الغريب إن الزيادة راح تكون أعلى من أي زيادة سنوي في التاريخ. لكن الأهم، إن الخطة ذي ماهي بعملية، ومعقدة عمومًا وتكاليف متابعتها وتنفيذها جدًا باهظة. حنّا عندنا نظام بالفعل بيضم هيئة تحكيم الإسكان من الدرجة الأولى وهي الجهة المسؤولة عن الحكم على عدالة زيادة الإيجار. الأمر يبدو وإنه زيادة الإجراءات البيروقراطية من غير أي فايدة للملاك أو المستأجرين.,اقتراح التناقص التدريجي هذا سيُحدد زيادات الإيجار بين 6 في المائة و15 في المائة كحد أقصى، والمثير للسخرية أنه سيكون أعلى من أي ارتفاع سنوي في التاريخ. لكن، من المهم للغاية أكثر، أن هذه الخطة لن تكون عملية، ومعقدة عمومًا وباهظة التكلفة لمراقبتها وتنفيذها. نحن لدينا نظامًا بالفعل يتضمن هيئة تحكيم الإسكان من الدرجة الأولى والتي تحكم ما إذا كانت زيادة الإيجار عادلة. هذا يبدو وكأنه إضافة طبقات من البيروقراطية دون أي فائدة للملاك أو المستأجرين.,"This tapering proposal would set rent increases between 6 per cent and a maximum of 15 per cent which, ironically, would be higher than historic annual price rises. But, more importantly, this scheme would be unwieldy, overly complex and prohibitively expensive to monitor and implement. We already have a system involving the first-tier housing tribunal which rules on whether a rent increase is fair. This seems like adding further layers of bureaucracy with no gain for landlords or tenants.",1,Minor,21,True,,0.6538461538461539,1.0,0.9319289922714232,0.6521739130434783,1.0,score,F,A,,,0.55,0.78,1.0,1,0,1,light,فايدة,فائدة,,exact,exact,news
WMT_4018,Terminology Substitution,لشركة,لـ,"صرحت رويزين كوري الرئيسة التنفيذية لشركة PA ""بعدم وجود خُطط حاليًا"" لرفع الأسعار لأنه يُتوقع استقرار أكبر في أساس التكاليف على مدار العام القادم. ومع ذلك، قال أنه راح يكون هناك ""وقت طويل قبل أن نشهد انكماشًا"" وده راح يسمح للمجموعة ببدء تقليل الأسعار، مع تجار التجزئة من بينهم الذين يواجهون ارتفاع فاتورة الأجور بسبب الزيادة في أجر حسب الحد الأدنى الوطني للمعيشة - وبالرغم من كذا أضافت أن التوجه للحصول على رواتب أكبر بيمثل ""أخبار جيدة لأنه راح يضخ فلوس أكثر في جيوب المستهلكين""","لقد قالت رويزين كوري الرئيسة التنفيذية لـ PA أنه ""لا تُوجد خُطط حاليًا"" لرفع الأسعار عند صندوق الدفع لأنه يُتوقع استقرارًا أكثر في أساس التكاليف على مدار العام القادم. ومع ذلك، أضافت أنه سيكون هناك ""وقت طويل قبل أن نشهد انكماشًا"" والذي سيسمح للمجموعة ببدء تقليل الأسعار، مع تجار التجزئة من بينهم الذين يواجهون ارتفاع فاتورة الأجور بسبب الزيادة في أجر الكفاف المعيشي الوطني - وبالرغم من ذلك أضافت أن التوجه المتمثل في الحصول على مرتبات أكبر يُشكل ""أخبار جيدة لأنه سيضيف المزيد من الأموال في جيوب المستهلكين""","Chief executive Roisin Currie told PA she has ""no plans currently"" to up prices at the till as it expects a more stable cost base over the year ahead. However, she added that it would be ""a long time before we see deflation"" that would allow the group to start reducing prices, with retailers among those facing higher wage bills due to increases in the national living wage - although she added that the trend of bigger pay packets is ""good news as it puts more money into consumers"" pockets.""",1,Minor,4,True,,0.7707509881422925,1.0,0.9631346464157104,0.7757936507936508,1.0,diagnostic,F,A,,,0.55,0.68,1.0,1,0,2,light,لشركة,ل,,exact,exact,news
WMT_4020,Spelling Error,استقرار أكبر,استقرارًا أكثر,"صرحت رويزين كوري الرئيسة التنفيذية لشركة PA ""بعدم وجود خُطط حاليًا"" لرفع الأسعار لأنه يُتوقع استقرار أكبر في أساس التكاليف على مدار العام القادم. ومع ذلك، قال أنه راح يكون هناك ""وقت طويل قبل أن نشهد انكماشًا"" وده راح يسمح للمجموعة ببدء تقليل الأسعار، مع تجار التجزئة من بينهم الذين يواجهون ارتفاع فاتورة الأجور بسبب الزيادة في أجر حسب الحد الأدنى الوطني للمعيشة - وبالرغم من كذا أضافت أن التوجه للحصول على رواتب أكبر بيمثل ""أخبار جيدة لأنه راح يضخ فلوس أكثر في جيوب المستهلكين""","لقد قالت رويزين كوري الرئيسة التنفيذية لـ PA أنه ""لا تُوجد خُطط حاليًا"" لرفع الأسعار عند صندوق الدفع لأنه يُتوقع استقرارًا أكثر في أساس التكاليف على مدار العام القادم. ومع ذلك، أضافت أنه سيكون هناك ""وقت طويل قبل أن نشهد انكماشًا"" والذي سيسمح للمجموعة ببدء تقليل الأسعار، مع تجار التجزئة من بينهم الذين يواجهون ارتفاع فاتورة الأجور بسبب الزيادة في أجر الكفاف المعيشي الوطني - وبالرغم من ذلك أضافت أن التوجه المتمثل في الحصول على مرتبات أكبر يُشكل ""أخبار جيدة لأنه سيضيف المزيد من الأموال في جيوب المستهلكين""","Chief executive Roisin Currie told PA she has ""no plans currently"" to up prices at the till as it expects a more stable cost base over the year ahead. However, she added that it would be ""a long time before we see deflation"" that would allow the group to start reducing prices, with retailers among those facing higher wage bills due to increases in the national living wage - although she added that the trend of bigger pay packets is ""good news as it puts more money into consumers"" pockets.""",1,Minor,21,True,,0.7707509881422925,1.0,0.9631346464157104,0.7703252032520325,1.0,score,F,A,,,0.55,0.78,1.0,1,0,1,light,استقرار اكبر,استقرارًا اكثر,,exact_seq,exact_seq,news
WMT_4021,Terminology Substitution,قال,أضافت,"صرحت رويزين كوري الرئيسة التنفيذية لشركة PA ""بعدم وجود خُطط حاليًا"" لرفع الأسعار لأنه يُتوقع استقرار أكبر في أساس التكاليف على مدار العام القادم. ومع ذلك، قال أنه راح يكون هناك ""وقت طويل قبل أن نشهد انكماشًا"" وده راح يسمح للمجموعة ببدء تقليل الأسعار، مع تجار التجزئة من بينهم الذين يواجهون ارتفاع فاتورة الأجور بسبب الزيادة في أجر حسب الحد الأدنى الوطني للمعيشة - وبالرغم من كذا أضافت أن التوجه للحصول على رواتب أكبر بيمثل ""أخبار جيدة لأنه راح يضخ فلوس أكثر في جيوب المستهلكين""","لقد قالت رويزين كوري الرئيسة التنفيذية لـ PA أنه ""لا تُوجد خُطط حاليًا"" لرفع الأسعار عند صندوق الدفع لأنه يُتوقع استقرارًا أكثر في أساس التكاليف على مدار العام القادم. ومع ذلك، أضافت أنه سيكون هناك ""وقت طويل قبل أن نشهد انكماشًا"" والذي سيسمح للمجموعة ببدء تقليل الأسعار، مع تجار التجزئة من بينهم الذين يواجهون ارتفاع فاتورة الأجور بسبب الزيادة في أجر الكفاف المعيشي الوطني - وبالرغم من ذلك أضافت أن التوجه المتمثل في الحصول على مرتبات أكبر يُشكل ""أخبار جيدة لأنه سيضيف المزيد من الأموال في جيوب المستهلكين""","Chief executive Roisin Currie told PA she has ""no plans currently"" to up prices at the till as it expects a more stable cost base over the year ahead. However, she added that it would be ""a long time before we see deflation"" that would allow the group to start reducing prices, with retailers among those facing higher wage bills due to increases in the national living wage - although she added that the trend of bigger pay packets is ""good news as it puts more money into consumers"" pockets.""",1,Minor,4,True,,0.7707509881422925,1.0,0.9631346464157104,0.7764471057884231,1.0,diagnostic,F,A,,,0.55,0.68,1.0,1,0,2,light,قال,اضافت,,exact,exact,news
WMT_4025,Total Omission,للمعيشة,[OMITTED],"صرحت رويزين كوري الرئيسة التنفيذية لشركة PA ""بعدم وجود خُطط حاليًا"" لرفع الأسعار لأنه يُتوقع استقرار أكبر في أساس التكاليف على مدار العام القادم. ومع ذلك، قال أنه راح يكون هناك ""وقت طويل قبل أن نشهد انكماشًا"" وده راح يسمح للمجموعة ببدء تقليل الأسعار، مع تجار التجزئة من بينهم الذين يواجهون ارتفاع فاتورة الأجور بسبب الزيادة في أجر حسب الحد الأدنى الوطني للمعيشة - وبالرغم من كذا أضافت أن التوجه للحصول على رواتب أكبر بيمثل ""أخبار جيدة لأنه راح يضخ فلوس أكثر في جيوب المستهلكين""","لقد قالت رويزين كوري الرئيسة التنفيذية لـ PA أنه ""لا تُوجد خُطط حاليًا"" لرفع الأسعار عند صندوق الدفع لأنه يُتوقع استقرارًا أكثر في أساس التكاليف على مدار العام القادم. ومع ذلك، أضافت أنه سيكون هناك ""وقت طويل قبل أن نشهد انكماشًا"" والذي سيسمح للمجموعة ببدء تقليل الأسعار، مع تجار التجزئة من بينهم الذين يواجهون ارتفاع فاتورة الأجور بسبب الزيادة في أجر الكفاف المعيشي الوطني - وبالرغم من ذلك أضافت أن التوجه المتمثل في الحصول على مرتبات أكبر يُشكل ""أخبار جيدة لأنه سيضيف المزيد من الأموال في جيوب المستهلكين""","Chief executive Roisin Currie told PA she has ""no plans currently"" to up prices at the till as it expects a more stable cost base over the year ahead. However, she added that it would be ""a long time before we see deflation"" that would allow the group to start reducing prices, with retailers among those facing higher wage bills due to increases in the national living wage - although she added that the trend of bigger pay packets is ""good news as it puts more money into consumers"" pockets.""",1,Minor,1,True,,0.7707509881422925,1.0,0.9631346464157104,0.7845849802371542,1.0,diagnostic,F,A,,,0.55,0.5,0.8,1,0,0,light,للمعيشة,[OMITTED],,exact,,news
WMT_4026,Terminology Substitution,كذا,ذلك,"صرحت رويزين كوري الرئيسة التنفيذية لشركة PA ""بعدم وجود خُطط حاليًا"" لرفع الأسعار لأنه يُتوقع استقرار أكبر في أساس التكاليف على مدار العام القادم. ومع ذلك، قال أنه راح يكون هناك ""وقت طويل قبل أن نشهد انكماشًا"" وده راح يسمح للمجموعة ببدء تقليل الأسعار، مع تجار التجزئة من بينهم الذين يواجهون ارتفاع فاتورة الأجور بسبب الزيادة في أجر حسب الحد الأدنى الوطني للمعيشة - وبالرغم من كذا أضافت أن التوجه للحصول على رواتب أكبر بيمثل ""أخبار جيدة لأنه راح يضخ فلوس أكثر في جيوب المستهلكين""","لقد قالت رويزين كوري الرئيسة التنفيذية لـ PA أنه ""لا تُوجد خُطط حاليًا"" لرفع الأسعار عند صندوق الدفع لأنه يُتوقع استقرارًا أكثر في أساس التكاليف على مدار العام القادم. ومع ذلك، أضافت أنه سيكون هناك ""وقت طويل قبل أن نشهد انكماشًا"" والذي سيسمح للمجموعة ببدء تقليل الأسعار، مع تجار التجزئة من بينهم الذين يواجهون ارتفاع فاتورة الأجور بسبب الزيادة في أجر الكفاف المعيشي الوطني - وبالرغم من ذلك أضافت أن التوجه المتمثل في الحصول على مرتبات أكبر يُشكل ""أخبار جيدة لأنه سيضيف المزيد من الأموال في جيوب المستهلكين""","Chief executive Roisin Currie told PA she has ""no plans currently"" to up prices at the till as it expects a more stable cost base over the year ahead. However, she added that it would be ""a long time before we see deflation"" that would allow the group to start reducing prices, with retailers among those facing higher wage bills due to increases in the national living wage - although she added that the trend of bigger pay packets is ""good news as it puts more money into consumers"" pockets.""",1,Minor,4,True,,0.7707509881422925,1.0,0.9631346464157104,0.7634194831013916,1.0,diagnostic,F,A,,,0.55,0.68,1.0,1,0,1,light,كذا,ذلك,,exact,exact,news
WMT_4028,Terminology Substitution,رواتب,مرتبات,"صرحت رويزين كوري الرئيسة التنفيذية لشركة PA ""بعدم وجود خُطط حاليًا"" لرفع الأسعار لأنه يُتوقع استقرار أكبر في أساس التكاليف على مدار العام القادم. ومع ذلك، قال أنه راح يكون هناك ""وقت طويل قبل أن نشهد انكماشًا"" وده راح يسمح للمجموعة ببدء تقليل الأسعار، مع تجار التجزئة من بينهم الذين يواجهون ارتفاع فاتورة الأجور بسبب الزيادة في أجر حسب الحد الأدنى الوطني للمعيشة - وبالرغم من كذا أضافت أن التوجه للحصول على رواتب أكبر بيمثل ""أخبار جيدة لأنه راح يضخ فلوس أكثر في جيوب المستهلكين""","لقد قالت رويزين كوري الرئيسة التنفيذية لـ PA أنه ""لا تُوجد خُطط حاليًا"" لرفع الأسعار عند صندوق الدفع لأنه يُتوقع استقرارًا أكثر في أساس التكاليف على مدار العام القادم. ومع ذلك، أضافت أنه سيكون هناك ""وقت طويل قبل أن نشهد انكماشًا"" والذي سيسمح للمجموعة ببدء تقليل الأسعار، مع تجار التجزئة من بينهم الذين يواجهون ارتفاع فاتورة الأجور بسبب الزيادة في أجر الكفاف المعيشي الوطني - وبالرغم من ذلك أضافت أن التوجه المتمثل في الحصول على مرتبات أكبر يُشكل ""أخبار جيدة لأنه سيضيف المزيد من الأموال في جيوب المستهلكين""","Chief executive Roisin Currie told PA she has ""no plans currently"" to up prices at the till as it expects a more stable cost base over the year ahead. However, she added that it would be ""a long time before we see deflation"" that would allow the group to start reducing prices, with retailers among those facing higher wage bills due to increases in the national living wage - although she added that the trend of bigger pay packets is ""good news as it puts more money into consumers"" pockets.""",1,Minor,4,True,,0.7707509881422925,1.0,0.9631346464157104,0.776,1.0,diagnostic,F,A,,,0.55,0.68,1.0,1,0,1,light,رواتب,مرتبات,,exact,exact,news
WMT_4029,Terminology Substitution,بيمثل,يُشكل,"صرحت رويزين كوري الرئيسة التنفيذية لشركة PA ""بعدم وجود خُطط حاليًا"" لرفع الأسعار لأنه يُتوقع استقرار أكبر في أساس التكاليف على مدار العام القادم. ومع ذلك، قال أنه راح يكون هناك ""وقت طويل قبل أن نشهد انكماشًا"" وده راح يسمح للمجموعة ببدء تقليل الأسعار، مع تجار التجزئة من بينهم الذين يواجهون ارتفاع فاتورة الأجور بسبب الزيادة في أجر حسب الحد الأدنى الوطني للمعيشة - وبالرغم من كذا أضافت أن التوجه للحصول على رواتب أكبر بيمثل ""أخبار جيدة لأنه راح يضخ فلوس أكثر في جيوب المستهلكين""","لقد قالت رويزين كوري الرئيسة التنفيذية لـ PA أنه ""لا تُوجد خُطط حاليًا"" لرفع الأسعار عند صندوق الدفع لأنه يُتوقع استقرارًا أكثر في أساس التكاليف على مدار العام القادم. ومع ذلك، أضافت أنه سيكون هناك ""وقت طويل قبل أن نشهد انكماشًا"" والذي سيسمح للمجموعة ببدء تقليل الأسعار، مع تجار التجزئة من بينهم الذين يواجهون ارتفاع فاتورة الأجور بسبب الزيادة في أجر الكفاف المعيشي الوطني - وبالرغم من ذلك أضافت أن التوجه المتمثل في الحصول على مرتبات أكبر يُشكل ""أخبار جيدة لأنه سيضيف المزيد من الأموال في جيوب المستهلكين""","Chief executive Roisin Currie told PA she has ""no plans currently"" to up prices at the till as it expects a more stable cost base over the year ahead. However, she added that it would be ""a long time before we see deflation"" that would allow the group to start reducing prices, with retailers among those facing higher wage bills due to increases in the national living wage - although she added that the trend of bigger pay packets is ""good news as it puts more money into consumers"" pockets.""",1,Minor,4,True,,0.7707509881422925,1.0,0.9631346464157104,0.7764471057884231,1.0,diagnostic,F,A,,,0.55,0.68,1.0,1,0,1,light,بيمثل,يُشكل,,exact,exact,news
WMT_4031,Terminology Substitution,لافتتاح,لظهور,كشفت Greggs عن خطط لافتتاح 160 متجر جديد العام القادم، والاحتفال بنهاية قوية لعام 2023. افتتحت المجموعة 220 متجر جديد مسجل على مدار عام 2023، مع إغلاق 33 متجر ونقل 42 متجر، وكذا يتبقى 145 موقع جديد، وذا يخلي إجمالي الفروع 2473 فرع.,لقد كشفت Greggs أيضًا عن خطط لظهور 160 متجر آخر في العام القادم، والاحتفال بنهاية قوية لعام 2023. لقد افتتحت المجموعة 220 متجرًا جديدًا مسجلاً على مدار عام 2023، مع إغلاق 33 متجر ونقل 42 متجر، متبقيًا بذلك 145 موقعًا جديدًا بشكل صافي، مما يجعل إجمالي الممتلكات يبلغ 2473.,"Greggs has also revealed plans to debut up to another 160 stores in the year ahead, and cheered a strong end to 2023. The group opened a record 220 new shops over 2023, with 33 closures and 42 relocations, leaving it with 145 new sites on a net basis and taking its total estate to 2,473.",1,Minor,4,True,,0.7158671586715868,1.0,0.9631598591804504,0.7330827067669172,1.0,diagnostic,F,A,,,0.55,0.68,1.0,1,0,1,light,لافتتاح,لظهور,,exact,exact,news
WMT_4033,Spelling Error,متجر جديد مسجل,متجرًا جديدًا مسجلاً,كشفت Greggs عن خطط لافتتاح 160 متجر جديد العام القادم، والاحتفال بنهاية قوية لعام 2023. افتتحت المجموعة 220 متجر جديد مسجل على مدار عام 2023، مع إغلاق 33 متجر ونقل 42 متجر، وكذا يتبقى 145 موقع جديد، وذا يخلي إجمالي الفروع 2473 فرع.,لقد كشفت Greggs أيضًا عن خطط لظهور 160 متجر آخر في العام القادم، والاحتفال بنهاية قوية لعام 2023. لقد افتتحت المجموعة 220 متجرًا جديدًا مسجلاً على مدار عام 2023، مع إغلاق 33 متجر ونقل 42 متجر، متبقيًا بذلك 145 موقعًا جديدًا بشكل صافي، مما يجعل إجمالي الممتلكات يبلغ 2473.,"Greggs has also revealed plans to debut up to another 160 stores in the year ahead, and cheered a strong end to 2023. The group opened a record 220 new shops over 2023, with 33 closures and 42 relocations, leaving it with 145 new sites on a net basis and taking its total estate to 2,473.",1,Minor,21,True,,0.7158671586715868,1.0,0.9631598591804504,0.7171314741035857,1.0,score,F,A,,,0.55,0.78,1.0,1,0,1,light,متجر جديد مسجل,متجرًا جديدًا مسجلاً,,exact_seq,exact_seq,news
WMT_4037,Terminology Substitution,في,عبر,"تهدف شركة FTSE 250 إلى افتتاح فيما بين 140 و160 منفذ بشكل صافي في عام 2024 حيث تتطلع إلى توفير وصولاً مريحًا للمستهلكين إلى متاجرها. وكمان هتستمر في النظر في التوسُّع في متنزهات البيع بالتجزئة ومواقع السفر والأماكن على جانب الطريق بالإضافة إلى المناطق الصناعية. قالت كوري: ""أي موقع لا يُمكنك فيه الوصول إلى Greggs حاليًا بسهولة، راح نحاول التواجد فيه.""","تهدف شركة FTSE 250 إلى افتتاح فيما بين 140 و160 منفذ بشكل صافي في عام 2024 حيث تتطلع إلى توفير وصولاً مريحًا للمستهلكين إلى متاجرها. كما أنها ستواصل النظر في التوسُّع عبر متنزهات البيع بالتجزئة ومواقع السفر والأماكن على جانب الطريق بالإضافة إلى المناطق الصناعية. قالت كوري: ""أي موقع لا يُمكنك فيه الوصول إلى Greggs حاليًا بسهولة، سنرغب في محاولة التواجد فيه.""","The FTSE 250 firm is to open between 140 and 160 outlets on a net basis in 2024 as it looks to give customers more convenient access to its stores. It will keep looking at expanding across retail parks, travel sites, and roadside locations, plus industrial estates. Currie said: ""Where there's any location where you can't currently access a Greggs easily, we want to try and get into that location.""",1,Minor,4,True,,0.935933147632312,1.0,0.9966131448745728,0.9325842696629214,1.0,diagnostic,F,A,,,0.55,0.68,1.0,6,5,1,light,في,عبر,,exact,exact,news
WMT_4072,Spelling Error,فروع مكاتب,فرع مكتب,على مدار أعوام ذكرت صحيفة The Scotsman من ضمن مصادر أخرى إن الإدانات الخاطئة لمئات من مديري فروع مكاتب البريد في فضيحة هورايزون تعبر واحدة من أكثر إساءات تطبيق العدالة الخطيرة في التاريخ. اتسجن المظلومين وفقدوا بيوتهم وأزواجهم وسمعتهم، وتحمّلوا العذاب النفسي ومعاملتهم كمجرمين على الرغم من براءتهم.,كما ذُكر لسنوات، من بين جهات أخرى، The Scotsman، تُعد الإدانات الخاطئة لمئات من مديري فرع مكتب البريد في فضيحة هورايزون واحدة من أكثر إساءات تطبيق العدالة الخطيرة في التاريخ. لقد سُجنوا وفقدوا بيوتهم وأزواجهم وسمعتهم، وتحمّل العذاب النفسي شخص أمين تمت معاملته كمُرجم.,"As has been pointed out for years by, among others, The Scotsman, the wrongful conviction of hundreds of Post Office branch managers in the Horizon scandal is one of the most serious miscarriages of justice in history. People were sent to prison, lost homes, marriages and reputations, and endured the mental torment of an honest person treated as a criminal.",1,Minor,21,True,,0.6812080536912752,1.0,0.9610961079597472,0.6770833333333333,1.0,score,F,A,,,0.55,0.78,1.0,1,0,1,light,فروع مكاتب,فرع مكتب,,exact_seq,exact_seq,news
WMT_4073,Total Omission,تعبر,[OMITTED],على مدار أعوام ذكرت صحيفة The Scotsman من ضمن مصادر أخرى إن الإدانات الخاطئة لمئات من مديري فروع مكاتب البريد في فضيحة هورايزون تعبر واحدة من أكثر إساءات تطبيق العدالة الخطيرة في التاريخ. اتسجن المظلومين وفقدوا بيوتهم وأزواجهم وسمعتهم، وتحمّلوا العذاب النفسي ومعاملتهم كمجرمين على الرغم من براءتهم.,كما ذُكر لسنوات، من بين جهات أخرى، The Scotsman، تُعد الإدانات الخاطئة لمئات من مديري فرع مكتب البريد في فضيحة هورايزون واحدة من أكثر إساءات تطبيق العدالة الخطيرة في التاريخ. لقد سُجنوا وفقدوا بيوتهم وأزواجهم وسمعتهم، وتحمّل العذاب النفسي شخص أمين تمت معاملته كمُرجم.,"As has been pointed out for years by, among others, The Scotsman, the wrongful conviction of hundreds of Post Office branch managers in the Horizon scandal is one of the most serious miscarriages of justice in history. People were sent to prison, lost homes, marriages and reputations, and endured the mental torment of an honest person treated as a criminal.",1,Minor,1,True,,0.6812080536912752,1.0,0.9610961079597472,0.6904761904761905,1.0,diagnostic,F,A,,,0.55,0.5,0.8,1,0,0,light,تعبر,[OMITTED],,exact,,news
WMT_4075,Spelling Error,وتحمّلوا,وتحمّل,على مدار أعوام ذكرت صحيفة The Scotsman من ضمن مصادر أخرى إن الإدانات الخاطئة لمئات من مديري فروع مكاتب البريد في فضيحة هورايزون تعبر واحدة من أكثر إساءات تطبيق العدالة الخطيرة في التاريخ. اتسجن المظلومين وفقدوا بيوتهم وأزواجهم وسمعتهم، وتحمّلوا العذاب النفسي ومعاملتهم كمجرمين على الرغم من براءتهم.,كما ذُكر لسنوات، من بين جهات أخرى، The Scotsman، تُعد الإدانات الخاطئة لمئات من مديري فرع مكتب البريد في فضيحة هورايزون واحدة من أكثر إساءات تطبيق العدالة الخطيرة في التاريخ. لقد سُجنوا وفقدوا بيوتهم وأزواجهم وسمعتهم، وتحمّل العذاب النفسي شخص أمين تمت معاملته كمُرجم.,"As has been pointed out for years by, among others, The Scotsman, the wrongful conviction of hundreds of Post Office branch managers in the Horizon scandal is one of the most serious miscarriages of justice in history. People were sent to prison, lost homes, marriages and reputations, and endured the mental torment of an honest person treated as a criminal.",1,Minor,21,True,,0.6812080536912752,1.0,0.9610961079597472,0.6793103448275862,1.0,score,F,A,,,0.55,0.78,1.0,1,0,1,light,وتحمّلوا,وتحمّل,,exact,exact,news
WMT_4076,Terminology Substitution,لمن,حين,"لمن كان السبب الرئيسي للمشاكل ذي هو نظام كمبيوتر هورايزون المعيب، أخبر وزير مكتب البريد كيفين هولينريك أعضاء البرلمان أمس إن الدليل أكد ""مو عدم الكفاءة بس لكن الحقد أيضًا"" في مكتب البريد. وعبّر عن أسفه أنه تم إسقاط 95 إدانة فقط من أكثر من 900 إدانة. الحين، راح يتم طرح قانون جديد في إنجلتر وويلز لتبرئة ضحايا الفضيحة، مع التصريح من مكتب رئيس الوزار البريطاني أنه سيتم العمل مع حكومة إسكتلندا على خطوات مماثلة.","حين كان السبب الرئيس لهذه المشاكل نظام كمبيوتر هورايزون المعيب، أخبر وزير مكتب البريد كيفين هولينريك أعضاء البرلمان أمس أنه قد شُوهد الدليل ""ليس فقط عدم الكفاءة لكن أيضًا حقد"" في مكتب البريد. وأعرب عن أسفه أنه أُسقط فقط 95 من أكثر من 900 إدانة. الآن، سيُطرح قانون جديد في إنجلتر وويلز لتبرئة ضحايا الفضيحة، مع قول دوانينج ستريت أنه سيتم العمل مع حكومة إسكتلندا على خطوات مماثلة.","While the root cause of their problems was the flawed Horizon computer system, Post Office minister Kevin Hollinrake told MPs yesterday that the evidence showed ""not only incompetence but malevolence"" by the Post Office. He lamented that just 95 out of more than 900 convictions had been overturned. Now, a new law is to be introduced in England and Wales to exonerate the scandal's victims, with Downing Street saying it will work with the Scottish Government on similar steps.",1,Minor,4,True,,0.7408312958435208,1.0,0.9675806760787964,0.7438423645320197,1.0,diagnostic,F,A,,,0.55,0.68,1.0,4,2,1,light,لمن,حين,,exact,exact,news
WMT_4080,Total Omission,بس,[OMITTED],"لمن كان السبب الرئيسي للمشاكل ذي هو نظام كمبيوتر هورايزون المعيب، أخبر وزير مكتب البريد كيفين هولينريك أعضاء البرلمان أمس إن الدليل أكد ""مو عدم الكفاءة بس لكن الحقد أيضًا"" في مكتب البريد. وعبّر عن أسفه أنه تم إسقاط 95 إدانة فقط من أكثر من 900 إدانة. الحين، راح يتم طرح قانون جديد في إنجلتر وويلز لتبرئة ضحايا الفضيحة، مع التصريح من مكتب رئيس الوزار البريطاني أنه سيتم العمل مع حكومة إسكتلندا على خطوات مماثلة.","حين كان السبب الرئيس لهذه المشاكل نظام كمبيوتر هورايزون المعيب، أخبر وزير مكتب البريد كيفين هولينريك أعضاء البرلمان أمس أنه قد شُوهد الدليل ""ليس فقط عدم الكفاءة لكن أيضًا حقد"" في مكتب البريد. وأعرب عن أسفه أنه أُسقط فقط 95 من أكثر من 900 إدانة. الآن، سيُطرح قانون جديد في إنجلتر وويلز لتبرئة ضحايا الفضيحة، مع قول دوانينج ستريت أنه سيتم العمل مع حكومة إسكتلندا على خطوات مماثلة.","While the root cause of their problems was the flawed Horizon computer system, Post Office minister Kevin Hollinrake told MPs yesterday that the evidence showed ""not only incompetence but malevolence"" by the Post Office. He lamented that just 95 out of more than 900 convictions had been overturned. Now, a new law is to be introduced in England and Wales to exonerate the scandal's victims, with Downing Street saying it will work with the Scottish Government on similar steps.",1,Minor,1,True,,0.7408312958435208,1.0,0.9675806760787964,0.7444717444717445,1.0,diagnostic,F,A,,,0.55,0.5,0.8,1,0,0,light,بس,[OMITTED],,exact,,news
WMT_4082,Terminology Substitution,وعبّر,وأعرب,"لمن كان السبب الرئيسي للمشاكل ذي هو نظام كمبيوتر هورايزون المعيب، أخبر وزير مكتب البريد كيفين هولينريك أعضاء البرلمان أمس إن الدليل أكد ""مو عدم الكفاءة بس لكن الحقد أيضًا"" في مكتب البريد. وعبّر عن أسفه أنه تم إسقاط 95 إدانة فقط من أكثر من 900 إدانة. الحين، راح يتم طرح قانون جديد في إنجلتر وويلز لتبرئة ضحايا الفضيحة، مع التصريح من مكتب رئيس الوزار البريطاني أنه سيتم العمل مع حكومة إسكتلندا على خطوات مماثلة.","حين كان السبب الرئيس لهذه المشاكل نظام كمبيوتر هورايزون المعيب، أخبر وزير مكتب البريد كيفين هولينريك أعضاء البرلمان أمس أنه قد شُوهد الدليل ""ليس فقط عدم الكفاءة لكن أيضًا حقد"" في مكتب البريد. وأعرب عن أسفه أنه أُسقط فقط 95 من أكثر من 900 إدانة. الآن، سيُطرح قانون جديد في إنجلتر وويلز لتبرئة ضحايا الفضيحة، مع قول دوانينج ستريت أنه سيتم العمل مع حكومة إسكتلندا على خطوات مماثلة.","While the root cause of their problems was the flawed Horizon computer system, Post Office minister Kevin Hollinrake told MPs yesterday that the evidence showed ""not only incompetence but malevolence"" by the Post Office. He lamented that just 95 out of more than 900 convictions had been overturned. Now, a new law is to be introduced in England and Wales to exonerate the scandal's victims, with Downing Street saying it will work with the Scottish Government on similar steps.",1,Minor,4,True,,0.7408312958435208,1.0,0.9675806760787964,0.7475247524752475,1.0,diagnostic,F,A,,,0.55,0.68,1.0,1,0,1,light,وعبّر,واعرب,,exact,exact,news
WMT_4090,Terminology Substitution,الشيء,الأمر,أول شيء القانون الشامل برأ مئات الأشخاص بدون قصد من ضمنهم بعض المُدانين، لكن بسبب الحاجة الملحة لتبرئة الأبرياء، ربما لازم ندفع الثمن. أما الشيء الثاني الأكثر خطورة، فهو إن إلغاء حكم المحكمة ربما سابقة خطيرة في الوقت اللي الشعبويين بيختبروا فيه حدود سلطة السياسيين.,أول أمر أن القانون الشامل برأ مئات من الأشخاص دون قصد من ضمنهم بعض المُدانين، لكن نظرًا للحاجة الملحة لتبرئة الأبرياء، قد يكون هذا ثمنًا يستحق دفعه. أما الأمر الثاني الأكثر خطورة. أحكام محكمة إسقاط القانون قد يُمثل سابقة خطيرة في الوقت الذي يختبر الشعبويون حدود سلطة السياسيين.,"The first is that a blanket law clearing hundreds of people may inadvertently include some who were guilty but, given the pressing need to clear the innocent, this may be a price worth paying. The second is more serious. A law overturning court verdicts may set a dangerous precedent at a time when populists are testing the boundaries of political power.",1,Minor,4,True,,0.6750902527075813,1.0,0.9574825167655944,0.6801470588235294,1.0,diagnostic,F,A,,,0.55,0.68,1.0,2,0,2,light,الشيء,الامر,,kw_prefix_ال,kw_prefix_ال,news
WMT_4127,Spelling Error,بالحديث,وبالحديث,بالحديث عن الوطن، وضعت أو طوّرت واشنطن نظام للرِّقابة المستقلة على سجون الولاية والشرطة والمدارس والكيانات الأخرى. تعتبر السجون الاستثناء الأبرز من الرقابة على المؤسسات المسؤولة عن صحة وأمان عشرات الآلاف من الأشخاص.,وبالحديث عن الوطن، لقد أنشئت واشنطن أو وسّعت الرِّقابة المستقلة على سجون الولاية والشرطة والمدارس والكيانات الأخرى. تُعد السجون الاستثناء الأبرز من الرِّقابة على المؤسسات المسؤولة عن صحة وآمان عشرات الآلاف من الأشخاص.,"Closer to home, Washington has recently established or expanded independent oversight of state prisons, police, schools, and other entities. Jails are the notable exception to oversight of institutions that are responsible for the health and safety of tens of thousands of people.",1,Minor,21,True,,0.8755760368663594,1.0,0.9538989663124084,0.8755980861244019,1.0,score,F,A,,,0.55,0.78,1.0,1,0,1,light,بالحديث,وبالحديث,,exact,exact,news
WMT_4130,Terminology Substitution,تعتبر,تُعد,بالحديث عن الوطن، وضعت أو طوّرت واشنطن نظام للرِّقابة المستقلة على سجون الولاية والشرطة والمدارس والكيانات الأخرى. تعتبر السجون الاستثناء الأبرز من الرقابة على المؤسسات المسؤولة عن صحة وأمان عشرات الآلاف من الأشخاص.,وبالحديث عن الوطن، لقد أنشئت واشنطن أو وسّعت الرِّقابة المستقلة على سجون الولاية والشرطة والمدارس والكيانات الأخرى. تُعد السجون الاستثناء الأبرز من الرِّقابة على المؤسسات المسؤولة عن صحة وآمان عشرات الآلاف من الأشخاص.,"Closer to home, Washington has recently established or expanded independent oversight of state prisons, police, schools, and other entities. Jails are the notable exception to oversight of institutions that are responsible for the health and safety of tens of thousands of people.",1,Minor,4,True,,0.8755760368663594,1.0,0.9538989663124084,0.892018779342723,1.0,diagnostic,F,A,,,0.55,0.68,1.0,1,0,1,light,تعتبر,تُعد,,exact,exact,news
WMT_4131,Spelling Error,الرقابة,الرِّقابة,بالحديث عن الوطن، وضعت أو طوّرت واشنطن نظام للرِّقابة المستقلة على سجون الولاية والشرطة والمدارس والكيانات الأخرى. تعتبر السجون الاستثناء الأبرز من الرقابة على المؤسسات المسؤولة عن صحة وأمان عشرات الآلاف من الأشخاص.,وبالحديث عن الوطن، لقد أنشئت واشنطن أو وسّعت الرِّقابة المستقلة على سجون الولاية والشرطة والمدارس والكيانات الأخرى. تُعد السجون الاستثناء الأبرز من الرِّقابة على المؤسسات المسؤولة عن صحة وآمان عشرات الآلاف من الأشخاص.,"Closer to home, Washington has recently established or expanded independent oversight of state prisons, police, schools, and other entities. Jails are the notable exception to oversight of institutions that are responsible for the health and safety of tens of thousands of people.",1,Minor,21,True,,0.8755760368663594,1.0,0.9538989663124084,0.8221153846153846,1.0,score,F,A,,,0.55,0.78,1.0,1,0,2,light,الرقابة,الرِّقابة,,exact,exact,news
WMT_4153,Spelling Error,هيلي أوكينغا ناشطة,إن هايلي أوكينجا ناشط,هيلي أوكينغا ناشطة ضد الاعتقال ومنظِّمة فعاليات اجتماعية، والمديرة التنفيذية لمؤسسة Beyond These Walls في ولاية واشنطن.,إن هايلي أوكينجا ناشط ضد السَجن ومنظّم مجتمع ومدير تنفيذي لـ Beyond These Walls في ولاية واشنطن.,"Hailey Ockinga is an anti-incarceration activist and community organizer, and the executive director of Beyond These Walls in Washington state.",1,Minor,21,True,,0.680672268907563,1.0,0.9264044165611268,0.6831683168316831,1.0,score,F,A,,,0.55,0.78,1.0,1,0,1,light,هيلي اوكينغا ناشطة,ان هايلي اوكينجا ناشط,,exact_seq,exact_seq,news
WMT_4164,Spelling Error,حجز الرحلة.,الحجز للرحلة.,"عادة ما بيتم ذكر طراز الطيارة في معلومات حجز الرحلة. في ""رحلات Google""، بتظهر تفاصيل الرحلة لمن نوسع القائمة، وتُدرج عادة في صفحات حجز خطوط الطيران الفردية. ولسبب ما، إذا ما ظهر نوع الطيارة في ""رحلات Google"" أو صفحة الحجز أو مواقع مثل Expert Flyer وSeat Guru أو معلومات رحلة الطيران المجمعة مثل خرائط المقعد ونوع الطائرة.",إن طراز الطائرة يُذكر عادة في معلومات الحجز للرحلة. في Google Flights، ترد في تفاصيل الرحلة عند توسيع القائمة، وتُدرج عادة في صفحات حجز خطوط الطيران الفردية. ولبعض الأسباب، إذا كان نوع الطائرة ليس ظاهرًا على Google Flights أو صفحة الحجز أو مواقع مثل Expert Flyer وSeat Guru أو معلومات رحلة الطيران المجمعة مثل خرائط المقعد ونوع الطائرة.,"The airplane model is typically noted in the booking information for a flight. On Google Flights, it's included in the flight details when a listing is expanded, and it's usually listed on individual airlines"" reservation pages. If, for some reason, the plane type isn't apparent on Google Flights or the reservation page, sites like Expert Flyer and Seat Guru aggregate flight information like seat maps and aircraft type.",1,Minor,21,True,,0.7440476190476191,1.0,0.9614792466163636,0.7430340557275541,1.0,score,F,A,,,0.55,0.78,1.0,1,0,1,light,حجز الرحلة.,الحجز للرحلة.,,exact_seq,exact_seq,news
WMT_4177,Terminology Substitution,في,هناك,في مصدر ثاني مفيد لروابط FAA وهو ملخص إحصائي حول العالم لبوينغ بشأن حوادث الطيران المدني بين عامي 1959 و2022، وبيتم تقييم سلامة نوع الطيارة من خلال تقسيم الحوادث حسب طراز الطيارة. وفقًا للتقرير اللي نُشر في سبتمبر 2023، إن بوينغ 787 وآيرباص A350 هما الطرازان الأقل في خسائر الهيكل، أي حادثة تُدمر فيه الطائرة بشكل يتعذر إصلاحها. فيه طرازات أخرى قليلة في التقرير، التي لم تتعرض أبدًا لخسائر في الهيكل، منها طائرة آيرباص A380 العملاقة ذات الطابقين. لكن ذي الطرازات ما طلعت سوى أقل من مليون رحلة مغلدرة في وقت إعداد التقرير.,هناك مصدر آخر مفيد لروابط FAA هو ملخص إحصائي حول العالم لبوينغ بشأن حوادث الطائرات التجارية بين عامي 1959 و2022 والتي تُقيّم سلامة نوع الطائرة من خلال تقسيم الحوادث حسب طراز الطائرة. وفقًا للتقرير الذي نُشر في سبتمبر 2023، إن بوينغ 787 وآيرباص A350 هما الطرازان الأقل إجمالاً في خسائر الهيكل، أي حادثة تُدمر فيه الطائرة بشكل يتعذر إصلاحها. هناك طرازات أخرى قليلة في التقرير، التي لم تتعرض أبدًا لخسائر في الهيكل، منها طائرة آيرباص A380 العملاقة ذات الطابقين. لكن هذه الطرازات ليس لديها سوى أقل من 1 مليون مغادرة في وقت إعداد التقرير.,"Another useful resource the FAA links to is the Boeing Worldwide Statistical Summary of Commercial Jet Airplane Accidents 1959-2022, which assesses plane-type safety by breaking down accidents based on the aircraft model. According to the report, which was published in September 2023, the Boeing 787 and Airbus A350 are the aircraft models with the fewest total hull losses, an accident in which the aircraft is destroyed beyond repair. There are a few additional models in the report that have never experienced a hull loss, including the double-decker behemoth Airbus A380. But those models had accumulated fewer than 1 million departures at the time of the report.",1,Minor,4,True,,0.8911819887429644,1.0,0.9872435331344604,0.8979206049149339,1.0,diagnostic,F,A,,,0.55,0.68,1.0,8,6,2,light,في,هناك,,exact,exact,news
WMT_4178,Terminology Substitution,ثاني,آخر,في مصدر ثاني مفيد لروابط FAA وهو ملخص إحصائي حول العالم لبوينغ بشأن حوادث الطيران المدني بين عامي 1959 و2022، وبيتم تقييم سلامة نوع الطيارة من خلال تقسيم الحوادث حسب طراز الطيارة. وفقًا للتقرير اللي نُشر في سبتمبر 2023، إن بوينغ 787 وآيرباص A350 هما الطرازان الأقل في خسائر الهيكل، أي حادثة تُدمر فيه الطائرة بشكل يتعذر إصلاحها. فيه طرازات أخرى قليلة في التقرير، التي لم تتعرض أبدًا لخسائر في الهيكل، منها طائرة آيرباص A380 العملاقة ذات الطابقين. لكن ذي الطرازات ما طلعت سوى أقل من مليون رحلة مغلدرة في وقت إعداد التقرير.,هناك مصدر آخر مفيد لروابط FAA هو ملخص إحصائي حول العالم لبوينغ بشأن حوادث الطائرات التجارية بين عامي 1959 و2022 والتي تُقيّم سلامة نوع الطائرة من خلال تقسيم الحوادث حسب طراز الطائرة. وفقًا للتقرير الذي نُشر في سبتمبر 2023، إن بوينغ 787 وآيرباص A350 هما الطرازان الأقل إجمالاً في خسائر الهيكل، أي حادثة تُدمر فيه الطائرة بشكل يتعذر إصلاحها. هناك طرازات أخرى قليلة في التقرير، التي لم تتعرض أبدًا لخسائر في الهيكل، منها طائرة آيرباص A380 العملاقة ذات الطابقين. لكن هذه الطرازات ليس لديها سوى أقل من 1 مليون مغادرة في وقت إعداد التقرير.,"Another useful resource the FAA links to is the Boeing Worldwide Statistical Summary of Commercial Jet Airplane Accidents 1959-2022, which assesses plane-type safety by breaking down accidents based on the aircraft model. According to the report, which was published in September 2023, the Boeing 787 and Airbus A350 are the aircraft models with the fewest total hull losses, an accident in which the aircraft is destroyed beyond repair. There are a few additional models in the report that have never experienced a hull loss, including the double-decker behemoth Airbus A380. But those models had accumulated fewer than 1 million departures at the time of the report.",1,Minor,4,True,,0.8911819887429644,1.0,0.9872435331344604,0.8981132075471698,1.0,diagnostic,F,A,,,0.55,0.68,1.0,1,0,2,light,ثاني,اخر,,exact,exact,news
WMT_4182,Spelling Error,الطيارة,الطائرة,في مصدر ثاني مفيد لروابط FAA وهو ملخص إحصائي حول العالم لبوينغ بشأن حوادث الطيران المدني بين عامي 1959 و2022، وبيتم تقييم سلامة نوع الطيارة من خلال تقسيم الحوادث حسب طراز الطيارة. وفقًا للتقرير اللي نُشر في سبتمبر 2023، إن بوينغ 787 وآيرباص A350 هما الطرازان الأقل في خسائر الهيكل، أي حادثة تُدمر فيه الطائرة بشكل يتعذر إصلاحها. فيه طرازات أخرى قليلة في التقرير، التي لم تتعرض أبدًا لخسائر في الهيكل، منها طائرة آيرباص A380 العملاقة ذات الطابقين. لكن ذي الطرازات ما طلعت سوى أقل من مليون رحلة مغلدرة في وقت إعداد التقرير.,هناك مصدر آخر مفيد لروابط FAA هو ملخص إحصائي حول العالم لبوينغ بشأن حوادث الطائرات التجارية بين عامي 1959 و2022 والتي تُقيّم سلامة نوع الطائرة من خلال تقسيم الحوادث حسب طراز الطائرة. وفقًا للتقرير الذي نُشر في سبتمبر 2023، إن بوينغ 787 وآيرباص A350 هما الطرازان الأقل إجمالاً في خسائر الهيكل، أي حادثة تُدمر فيه الطائرة بشكل يتعذر إصلاحها. هناك طرازات أخرى قليلة في التقرير، التي لم تتعرض أبدًا لخسائر في الهيكل، منها طائرة آيرباص A380 العملاقة ذات الطابقين. لكن هذه الطرازات ليس لديها سوى أقل من 1 مليون مغادرة في وقت إعداد التقرير.,"Another useful resource the FAA links to is the Boeing Worldwide Statistical Summary of Commercial Jet Airplane Accidents 1959-2022, which assesses plane-type safety by breaking down accidents based on the aircraft model. According to the report, which was published in September 2023, the Boeing 787 and Airbus A350 are the aircraft models with the fewest total hull losses, an accident in which the aircraft is destroyed beyond repair. There are a few additional models in the report that have never experienced a hull loss, including the double-decker behemoth Airbus A380. But those models had accumulated fewer than 1 million departures at the time of the report.",1,Minor,21,True,,0.8911819887429644,1.0,0.9872435331344604,0.8935361216730038,1.0,score,F,A,,,0.55,0.78,1.0,2,0,4,light,الطيارة,الطائرة,,exact,exact,news
WMT_4183,Spelling Error,الطيارة.,الطائرة.,في مصدر ثاني مفيد لروابط FAA وهو ملخص إحصائي حول العالم لبوينغ بشأن حوادث الطيران المدني بين عامي 1959 و2022، وبيتم تقييم سلامة نوع الطيارة من خلال تقسيم الحوادث حسب طراز الطيارة. وفقًا للتقرير اللي نُشر في سبتمبر 2023، إن بوينغ 787 وآيرباص A350 هما الطرازان الأقل في خسائر الهيكل، أي حادثة تُدمر فيه الطائرة بشكل يتعذر إصلاحها. فيه طرازات أخرى قليلة في التقرير، التي لم تتعرض أبدًا لخسائر في الهيكل، منها طائرة آيرباص A380 العملاقة ذات الطابقين. لكن ذي الطرازات ما طلعت سوى أقل من مليون رحلة مغلدرة في وقت إعداد التقرير.,هناك مصدر آخر مفيد لروابط FAA هو ملخص إحصائي حول العالم لبوينغ بشأن حوادث الطائرات التجارية بين عامي 1959 و2022 والتي تُقيّم سلامة نوع الطائرة من خلال تقسيم الحوادث حسب طراز الطائرة. وفقًا للتقرير الذي نُشر في سبتمبر 2023، إن بوينغ 787 وآيرباص A350 هما الطرازان الأقل إجمالاً في خسائر الهيكل، أي حادثة تُدمر فيه الطائرة بشكل يتعذر إصلاحها. هناك طرازات أخرى قليلة في التقرير، التي لم تتعرض أبدًا لخسائر في الهيكل، منها طائرة آيرباص A380 العملاقة ذات الطابقين. لكن هذه الطرازات ليس لديها سوى أقل من 1 مليون مغادرة في وقت إعداد التقرير.,"Another useful resource the FAA links to is the Boeing Worldwide Statistical Summary of Commercial Jet Airplane Accidents 1959-2022, which assesses plane-type safety by breaking down accidents based on the aircraft model. According to the report, which was published in September 2023, the Boeing 787 and Airbus A350 are the aircraft models with the fewest total hull losses, an accident in which the aircraft is destroyed beyond repair. There are a few additional models in the report that have never experienced a hull loss, including the double-decker behemoth Airbus A380. But those models had accumulated fewer than 1 million departures at the time of the report.",1,Minor,21,True,,0.8911819887429644,1.0,0.9872435331344604,0.8933333333333333,1.0,score,F,A,,,0.55,0.78,1.0,2,0,4,light,الطيارة.,الطائرة.,,exact,exact,news
WMT_4184,Terminology Substitution,اللي,الذي,في مصدر ثاني مفيد لروابط FAA وهو ملخص إحصائي حول العالم لبوينغ بشأن حوادث الطيران المدني بين عامي 1959 و2022، وبيتم تقييم سلامة نوع الطيارة من خلال تقسيم الحوادث حسب طراز الطيارة. وفقًا للتقرير اللي نُشر في سبتمبر 2023، إن بوينغ 787 وآيرباص A350 هما الطرازان الأقل في خسائر الهيكل، أي حادثة تُدمر فيه الطائرة بشكل يتعذر إصلاحها. فيه طرازات أخرى قليلة في التقرير، التي لم تتعرض أبدًا لخسائر في الهيكل، منها طائرة آيرباص A380 العملاقة ذات الطابقين. لكن ذي الطرازات ما طلعت سوى أقل من مليون رحلة مغلدرة في وقت إعداد التقرير.,هناك مصدر آخر مفيد لروابط FAA هو ملخص إحصائي حول العالم لبوينغ بشأن حوادث الطائرات التجارية بين عامي 1959 و2022 والتي تُقيّم سلامة نوع الطائرة من خلال تقسيم الحوادث حسب طراز الطائرة. وفقًا للتقرير الذي نُشر في سبتمبر 2023، إن بوينغ 787 وآيرباص A350 هما الطرازان الأقل إجمالاً في خسائر الهيكل، أي حادثة تُدمر فيه الطائرة بشكل يتعذر إصلاحها. هناك طرازات أخرى قليلة في التقرير، التي لم تتعرض أبدًا لخسائر في الهيكل، منها طائرة آيرباص A380 العملاقة ذات الطابقين. لكن هذه الطرازات ليس لديها سوى أقل من 1 مليون مغادرة في وقت إعداد التقرير.,"Another useful resource the FAA links to is the Boeing Worldwide Statistical Summary of Commercial Jet Airplane Accidents 1959-2022, which assesses plane-type safety by breaking down accidents based on the aircraft model. According to the report, which was published in September 2023, the Boeing 787 and Airbus A350 are the aircraft models with the fewest total hull losses, an accident in which the aircraft is destroyed beyond repair. There are a few additional models in the report that have never experienced a hull loss, including the double-decker behemoth Airbus A380. But those models had accumulated fewer than 1 million departures at the time of the report.",1,Minor,4,True,,0.8911819887429644,1.0,0.9872435331344604,0.8922495274102079,1.0,diagnostic,F,A,,,0.55,0.68,1.0,1,0,1,light,اللي,الذي,,exact,exact,news
WMT_4185,Terminology Substitution,فيه,هناك,في مصدر ثاني مفيد لروابط FAA وهو ملخص إحصائي حول العالم لبوينغ بشأن حوادث الطيران المدني بين عامي 1959 و2022، وبيتم تقييم سلامة نوع الطيارة من خلال تقسيم الحوادث حسب طراز الطيارة. وفقًا للتقرير اللي نُشر في سبتمبر 2023، إن بوينغ 787 وآيرباص A350 هما الطرازان الأقل في خسائر الهيكل، أي حادثة تُدمر فيه الطائرة بشكل يتعذر إصلاحها. فيه طرازات أخرى قليلة في التقرير، التي لم تتعرض أبدًا لخسائر في الهيكل، منها طائرة آيرباص A380 العملاقة ذات الطابقين. لكن ذي الطرازات ما طلعت سوى أقل من مليون رحلة مغلدرة في وقت إعداد التقرير.,هناك مصدر آخر مفيد لروابط FAA هو ملخص إحصائي حول العالم لبوينغ بشأن حوادث الطائرات التجارية بين عامي 1959 و2022 والتي تُقيّم سلامة نوع الطائرة من خلال تقسيم الحوادث حسب طراز الطائرة. وفقًا للتقرير الذي نُشر في سبتمبر 2023، إن بوينغ 787 وآيرباص A350 هما الطرازان الأقل إجمالاً في خسائر الهيكل، أي حادثة تُدمر فيه الطائرة بشكل يتعذر إصلاحها. هناك طرازات أخرى قليلة في التقرير، التي لم تتعرض أبدًا لخسائر في الهيكل، منها طائرة آيرباص A380 العملاقة ذات الطابقين. لكن هذه الطرازات ليس لديها سوى أقل من 1 مليون مغادرة في وقت إعداد التقرير.,"Another useful resource the FAA links to is the Boeing Worldwide Statistical Summary of Commercial Jet Airplane Accidents 1959-2022, which assesses plane-type safety by breaking down accidents based on the aircraft model. According to the report, which was published in September 2023, the Boeing 787 and Airbus A350 are the aircraft models with the fewest total hull losses, an accident in which the aircraft is destroyed beyond repair. There are a few additional models in the report that have never experienced a hull loss, including the double-decker behemoth Airbus A380. But those models had accumulated fewer than 1 million departures at the time of the report.",1,Minor,4,True,,0.8911819887429644,1.0,0.9872435331344604,0.888468809073724,1.0,diagnostic,F,A,,,0.55,0.68,1.0,8,6,2,light,فيه,هناك,,kw_suffix_ه,exact,news
WMT_4190,Spelling Error,الخساير,الخسائر,ورد في التقرير مقارنة معدلات حوادث الخساير في الهيكل لكل مليون رحلة مغادرة، وذا بيساعد على تفسير حقيقة أن بعض الطرازات أكثر شيوعًا أو كانت موجودة لمدّة أطول. آيرباص A310، اللي اتقدمت في عام 1983، كانت صاحبة أكبر معدل في خساير الهيكل - 2.53 لكل 1 مليون رحلة مغادرة - من بين طرازات أخرى لا تزال في الخدمة كطيارة مدنية. كان لدى مجموعة آيرباص 320 التي تشمل A321 وA319neo، أقل معدل يبلغ 0.11. ويبلغ معدل خط بوينغ 737 ماكس الموجودة منذ عام 2017 تقريبًا 1.48.,كما يشمل التقرير مقارنة معدلات حوادث الخسائر في الهيكل لكل مليون رحلة مغادرة، والتي تساعد على تفسير حقيقة أن بعض الطرازات أكثر شيوعًا أو كانت موجودة مدّة أطول من غيرها. إن آيرباص A310، التي قُدمت في عام 1983، كان لديها أكبر معدل في خسائر الهيكل - 2.53 لكل 1 مليون رحلة مغادرة - من بين طرازات أخرى لا تزال في الخدمة كطائرة ركّاب. كان لدى مجموعة آيرباص 320 التي تشمل A321 وA319neo، أقل معدل يبلغ 0.11. ويبلغ معدل خط بوينغ 737 ماكس الموجودة منذ عام 2017 تقريبًا 1.48.,"The report also includes a comparison of hull loss accident rates per million departures, which helps account for the fact that some of the models are more common or have been around longer than others. The Airbus A310, which was introduced in 1983, has the highest rate of hull losses - 2.53 per 1 million departures - among the models that are still in service as passenger aircraft. The Airbus 320 family, which includes the A321 and A319neo, has the lowest rate, at 0.11. The Boeing 737 MAX line, which has been around since 2017, has a rate of 1.48.",1,Minor,21,True,,0.9051724137931034,1.0,0.984326720237732,0.9059080962800876,1.0,score,F,A,,,0.55,0.78,1.0,2,0,2,light,الخساير,الخسائر,,exact,exact,news
WMT_4193,Spelling Error,اللي اتقدمت,التي قُدمت,ورد في التقرير مقارنة معدلات حوادث الخساير في الهيكل لكل مليون رحلة مغادرة، وذا بيساعد على تفسير حقيقة أن بعض الطرازات أكثر شيوعًا أو كانت موجودة لمدّة أطول. آيرباص A310، اللي اتقدمت في عام 1983، كانت صاحبة أكبر معدل في خساير الهيكل - 2.53 لكل 1 مليون رحلة مغادرة - من بين طرازات أخرى لا تزال في الخدمة كطيارة مدنية. كان لدى مجموعة آيرباص 320 التي تشمل A321 وA319neo، أقل معدل يبلغ 0.11. ويبلغ معدل خط بوينغ 737 ماكس الموجودة منذ عام 2017 تقريبًا 1.48.,كما يشمل التقرير مقارنة معدلات حوادث الخسائر في الهيكل لكل مليون رحلة مغادرة، والتي تساعد على تفسير حقيقة أن بعض الطرازات أكثر شيوعًا أو كانت موجودة مدّة أطول من غيرها. إن آيرباص A310، التي قُدمت في عام 1983، كان لديها أكبر معدل في خسائر الهيكل - 2.53 لكل 1 مليون رحلة مغادرة - من بين طرازات أخرى لا تزال في الخدمة كطائرة ركّاب. كان لدى مجموعة آيرباص 320 التي تشمل A321 وA319neo، أقل معدل يبلغ 0.11. ويبلغ معدل خط بوينغ 737 ماكس الموجودة منذ عام 2017 تقريبًا 1.48.,"The report also includes a comparison of hull loss accident rates per million departures, which helps account for the fact that some of the models are more common or have been around longer than others. The Airbus A310, which was introduced in 1983, has the highest rate of hull losses - 2.53 per 1 million departures - among the models that are still in service as passenger aircraft. The Airbus 320 family, which includes the A321 and A319neo, has the lowest rate, at 0.11. The Boeing 737 MAX line, which has been around since 2017, has a rate of 1.48.",1,Minor,21,True,,0.9051724137931034,1.0,0.984326720237732,0.9118942731277532,1.0,score,F,A,,,0.55,0.78,1.0,1,0,1,light,اللي اتقدمت,التي قُدمت,,exact_seq,exact_seq,news
WMT_4195,Spelling Error,خساير,خسائر,ورد في التقرير مقارنة معدلات حوادث الخساير في الهيكل لكل مليون رحلة مغادرة، وذا بيساعد على تفسير حقيقة أن بعض الطرازات أكثر شيوعًا أو كانت موجودة لمدّة أطول. آيرباص A310، اللي اتقدمت في عام 1983، كانت صاحبة أكبر معدل في خساير الهيكل - 2.53 لكل 1 مليون رحلة مغادرة - من بين طرازات أخرى لا تزال في الخدمة كطيارة مدنية. كان لدى مجموعة آيرباص 320 التي تشمل A321 وA319neo، أقل معدل يبلغ 0.11. ويبلغ معدل خط بوينغ 737 ماكس الموجودة منذ عام 2017 تقريبًا 1.48.,كما يشمل التقرير مقارنة معدلات حوادث الخسائر في الهيكل لكل مليون رحلة مغادرة، والتي تساعد على تفسير حقيقة أن بعض الطرازات أكثر شيوعًا أو كانت موجودة مدّة أطول من غيرها. إن آيرباص A310، التي قُدمت في عام 1983، كان لديها أكبر معدل في خسائر الهيكل - 2.53 لكل 1 مليون رحلة مغادرة - من بين طرازات أخرى لا تزال في الخدمة كطائرة ركّاب. كان لدى مجموعة آيرباص 320 التي تشمل A321 وA319neo، أقل معدل يبلغ 0.11. ويبلغ معدل خط بوينغ 737 ماكس الموجودة منذ عام 2017 تقريبًا 1.48.,"The report also includes a comparison of hull loss accident rates per million departures, which helps account for the fact that some of the models are more common or have been around longer than others. The Airbus A310, which was introduced in 1983, has the highest rate of hull losses - 2.53 per 1 million departures - among the models that are still in service as passenger aircraft. The Airbus 320 family, which includes the A321 and A319neo, has the lowest rate, at 0.11. The Boeing 737 MAX line, which has been around since 2017, has a rate of 1.48.",1,Minor,21,True,,0.9051724137931034,1.0,0.984326720237732,0.906318082788671,1.0,score,F,A,,,0.55,0.78,1.0,2,0,2,light,خساير,خسائر,,prefix_ال,prefix_ال,news
WMT_4197,Terminology Substitution,جدًا,للغاية,من المهم جدًا أن تضع في الاعتبار، أنه بالرغم من ذي المعدلات لكل مليون رحلة مغادرة، إلا إن بعض الطرازات اللي وردت في التقرير ذا، على سيبل المثال، طائرة بوينغ 727 بدأت الخدمة في عام 1964 - كانت موجودة لعقود لذا كان أمامها وقت طويل لتسجيل حوادث مقارنة بالطرازات الأخرى.,من المهم للغاية أن تضع في الاعتبار، أنه بالرغم من هذه المعدلات لكل مليون رحلة مغادرة، بعض طرازات الطائرة في هذا التقرير، على سيبل المثال، طائرة بوينغ 727 قُدمت في عام 1964 - كانت موجودة لعقود لذا كان أمامها وقت طويل لتسجيل حوادث عن الآخرين.,"It's important to keep in mind that, even though these rates are per million departures, some of the plane models in this report - for example, the Boeing 727 introduced in 1964 - have been around for decades and consequently had much longer to accumulate an accident record than others.",1,Minor,4,True,,0.7894736842105263,1.0,0.9719669818878174,0.8053435114503817,1.0,diagnostic,F,A,,,0.55,0.68,1.0,1,0,1,light,جدًا,للغاية,,exact,exact,news
WMT_4198,Terminology Substitution,ذي,هذه,من المهم جدًا أن تضع في الاعتبار، أنه بالرغم من ذي المعدلات لكل مليون رحلة مغادرة، إلا إن بعض الطرازات اللي وردت في التقرير ذا، على سيبل المثال، طائرة بوينغ 727 بدأت الخدمة في عام 1964 - كانت موجودة لعقود لذا كان أمامها وقت طويل لتسجيل حوادث مقارنة بالطرازات الأخرى.,من المهم للغاية أن تضع في الاعتبار، أنه بالرغم من هذه المعدلات لكل مليون رحلة مغادرة، بعض طرازات الطائرة في هذا التقرير، على سيبل المثال، طائرة بوينغ 727 قُدمت في عام 1964 - كانت موجودة لعقود لذا كان أمامها وقت طويل لتسجيل حوادث عن الآخرين.,"It's important to keep in mind that, even though these rates are per million departures, some of the plane models in this report - for example, the Boeing 727 introduced in 1964 - have been around for decades and consequently had much longer to accumulate an accident record than others.",1,Minor,4,True,,0.7894736842105263,1.0,0.9719669818878174,0.7954545454545454,1.0,diagnostic,F,A,,,0.55,0.68,1.0,1,0,1,light,ذي,هذه,,exact,exact,news
WMT_4199,Total Omission,إلا إن,[OMITTED],من المهم جدًا أن تضع في الاعتبار، أنه بالرغم من ذي المعدلات لكل مليون رحلة مغادرة، إلا إن بعض الطرازات اللي وردت في التقرير ذا، على سيبل المثال، طائرة بوينغ 727 بدأت الخدمة في عام 1964 - كانت موجودة لعقود لذا كان أمامها وقت طويل لتسجيل حوادث مقارنة بالطرازات الأخرى.,من المهم للغاية أن تضع في الاعتبار، أنه بالرغم من هذه المعدلات لكل مليون رحلة مغادرة، بعض طرازات الطائرة في هذا التقرير، على سيبل المثال، طائرة بوينغ 727 قُدمت في عام 1964 - كانت موجودة لعقود لذا كان أمامها وقت طويل لتسجيل حوادث عن الآخرين.,"It's important to keep in mind that, even though these rates are per million departures, some of the plane models in this report - for example, the Boeing 727 introduced in 1964 - have been around for decades and consequently had much longer to accumulate an accident record than others.",1,Minor,1,True,,0.7894736842105263,1.0,0.9719669818878174,0.8076923076923077,1.0,diagnostic,F,A,,,0.55,0.5,0.8,1,0,0,light,الا ان,[OMITTED],,exact_seq,,news
WMT_4241,Total Omission,تُعتبر,[OMITTED],"في مقابلة مع Ventures Africa، قال مصدر قانوني كبير من مصرف تجاري رائد، ""فيه مجموعة مشاكل متعلقة بالموضوع ذا. أولاً، وزارتها تُعتبر جديدة نسبيًا وتورطت الوزيرة السابقة سعدية عمر فاروق في أنشطة بدا إنها غير قانونية. ربما يكون ذا مؤشر على كيفية عملهم في الوزارة. ومع ذلك فإن تحويل الأموال العامة إلى الحسابات الشخصية يتعارض مع قواعد المشتريات العامة."" وأضاف إنها إذا لم تتمكن من تقديم سبب وجيه لهذه الموافقة، ما يُعتبر دليل كافي على إثبات نية الاحتيال، لكن يظل الفعل غير سليم والشك في الأمر كله.","في مقابلة مع Ventures Africa، علّق مسؤول قانوني كبير مجهول الهوية من مصرف تجاري رائد، ""هناك عدة مشاكل متعلقة بهذا الأمر. أولاً، تُعد وزارتها جديدة نسبيًا وقد تورطت وزيرتها السابقة والرائدة سعدية عمر فاروق في أنشطة بدت أنها غير قانونية. قد يكون هذا انعكاسًا على كيفية عملهم في الوزارة. ومع ذلك فإن دفع الأموال العامة في الحسابات الشخصية يتعارض مع قواعد المشتريات العامة."" وأضاف أنها إذا لم تتمكن من تقديم سبب وجيه لهذه الموافقة، فلن يكون بالضرورة أن هناك نية احتيال، ولكن مع ذلك هذا فعل غير صحيح وبالطبع فيه قصور.","In an interview with Ventures Africa, an anonymous Senior Legal Official from a leading commercial bank commented, ""There are several issues concerning this matter. First, her ministry is relatively new, and her predecessor and pioneering minister, Sadiya Umar-Farouk, engaged in activities that appeared to be illegal. It might be a reflection of how they operate in the ministry. Nevertheless, paying public money into private accounts goes against public procurement rules."" He added that unless she can provide a valid reason for such approval, it may not necessarily involve fraudulent intent, but it is nonetheless incorrect, and certainty is lacking.",1,Minor,1,True,,0.72265625,1.0,0.9626760482788086,0.734375,1.0,diagnostic,F,A,,,0.55,0.5,0.8,1,0,0,light,تُعتبر,[OMITTED],,exact,,news
WMT_4242,Spelling Error,وتورطت الوزيرة,وقد تورطت وزيرتها,"في مقابلة مع Ventures Africa، قال مصدر قانوني كبير من مصرف تجاري رائد، ""فيه مجموعة مشاكل متعلقة بالموضوع ذا. أولاً، وزارتها تُعتبر جديدة نسبيًا وتورطت الوزيرة السابقة سعدية عمر فاروق في أنشطة بدا إنها غير قانونية. ربما يكون ذا مؤشر على كيفية عملهم في الوزارة. ومع ذلك فإن تحويل الأموال العامة إلى الحسابات الشخصية يتعارض مع قواعد المشتريات العامة."" وأضاف إنها إذا لم تتمكن من تقديم سبب وجيه لهذه الموافقة، ما يُعتبر دليل كافي على إثبات نية الاحتيال، لكن يظل الفعل غير سليم والشك في الأمر كله.","في مقابلة مع Ventures Africa، علّق مسؤول قانوني كبير مجهول الهوية من مصرف تجاري رائد، ""هناك عدة مشاكل متعلقة بهذا الأمر. أولاً، تُعد وزارتها جديدة نسبيًا وقد تورطت وزيرتها السابقة والرائدة سعدية عمر فاروق في أنشطة بدت أنها غير قانونية. قد يكون هذا انعكاسًا على كيفية عملهم في الوزارة. ومع ذلك فإن دفع الأموال العامة في الحسابات الشخصية يتعارض مع قواعد المشتريات العامة."" وأضاف أنها إذا لم تتمكن من تقديم سبب وجيه لهذه الموافقة، فلن يكون بالضرورة أن هناك نية احتيال، ولكن مع ذلك هذا فعل غير صحيح وبالطبع فيه قصور.","In an interview with Ventures Africa, an anonymous Senior Legal Official from a leading commercial bank commented, ""There are several issues concerning this matter. First, her ministry is relatively new, and her predecessor and pioneering minister, Sadiya Umar-Farouk, engaged in activities that appeared to be illegal. It might be a reflection of how they operate in the ministry. Nevertheless, paying public money into private accounts goes against public procurement rules."" He added that unless she can provide a valid reason for such approval, it may not necessarily involve fraudulent intent, but it is nonetheless incorrect, and certainty is lacking.",1,Minor,21,True,,0.72265625,1.0,0.9626760482788086,0.7292929292929293,1.0,score,F,A,,,0.55,0.78,1.0,1,0,1,light,وتورطت الوزيرة,وقد تورطت وزيرتها,,exact_seq,exact_seq,news
WMT_4243,Spelling Error,بدا إنها,بدت أنها,"في مقابلة مع Ventures Africa، قال مصدر قانوني كبير من مصرف تجاري رائد، ""فيه مجموعة مشاكل متعلقة بالموضوع ذا. أولاً، وزارتها تُعتبر جديدة نسبيًا وتورطت الوزيرة السابقة سعدية عمر فاروق في أنشطة بدا إنها غير قانونية. ربما يكون ذا مؤشر على كيفية عملهم في الوزارة. ومع ذلك فإن تحويل الأموال العامة إلى الحسابات الشخصية يتعارض مع قواعد المشتريات العامة."" وأضاف إنها إذا لم تتمكن من تقديم سبب وجيه لهذه الموافقة، ما يُعتبر دليل كافي على إثبات نية الاحتيال، لكن يظل الفعل غير سليم والشك في الأمر كله.","في مقابلة مع Ventures Africa، علّق مسؤول قانوني كبير مجهول الهوية من مصرف تجاري رائد، ""هناك عدة مشاكل متعلقة بهذا الأمر. أولاً، تُعد وزارتها جديدة نسبيًا وقد تورطت وزيرتها السابقة والرائدة سعدية عمر فاروق في أنشطة بدت أنها غير قانونية. قد يكون هذا انعكاسًا على كيفية عملهم في الوزارة. ومع ذلك فإن دفع الأموال العامة في الحسابات الشخصية يتعارض مع قواعد المشتريات العامة."" وأضاف أنها إذا لم تتمكن من تقديم سبب وجيه لهذه الموافقة، فلن يكون بالضرورة أن هناك نية احتيال، ولكن مع ذلك هذا فعل غير صحيح وبالطبع فيه قصور.","In an interview with Ventures Africa, an anonymous Senior Legal Official from a leading commercial bank commented, ""There are several issues concerning this matter. First, her ministry is relatively new, and her predecessor and pioneering minister, Sadiya Umar-Farouk, engaged in activities that appeared to be illegal. It might be a reflection of how they operate in the ministry. Nevertheless, paying public money into private accounts goes against public procurement rules."" He added that unless she can provide a valid reason for such approval, it may not necessarily involve fraudulent intent, but it is nonetheless incorrect, and certainty is lacking.",1,Minor,21,True,,0.72265625,1.0,0.9626760482788086,0.7222222222222222,1.0,score,F,A,,,0.55,0.78,1.0,1,0,1,light,بدا انها,بدت انها,,exact_seq,exact_seq,news
WMT_4244,Terminology Substitution,ربما,قد,"في مقابلة مع Ventures Africa، قال مصدر قانوني كبير من مصرف تجاري رائد، ""فيه مجموعة مشاكل متعلقة بالموضوع ذا. أولاً، وزارتها تُعتبر جديدة نسبيًا وتورطت الوزيرة السابقة سعدية عمر فاروق في أنشطة بدا إنها غير قانونية. ربما يكون ذا مؤشر على كيفية عملهم في الوزارة. ومع ذلك فإن تحويل الأموال العامة إلى الحسابات الشخصية يتعارض مع قواعد المشتريات العامة."" وأضاف إنها إذا لم تتمكن من تقديم سبب وجيه لهذه الموافقة، ما يُعتبر دليل كافي على إثبات نية الاحتيال، لكن يظل الفعل غير سليم والشك في الأمر كله.","في مقابلة مع Ventures Africa، علّق مسؤول قانوني كبير مجهول الهوية من مصرف تجاري رائد، ""هناك عدة مشاكل متعلقة بهذا الأمر. أولاً، تُعد وزارتها جديدة نسبيًا وقد تورطت وزيرتها السابقة والرائدة سعدية عمر فاروق في أنشطة بدت أنها غير قانونية. قد يكون هذا انعكاسًا على كيفية عملهم في الوزارة. ومع ذلك فإن دفع الأموال العامة في الحسابات الشخصية يتعارض مع قواعد المشتريات العامة."" وأضاف أنها إذا لم تتمكن من تقديم سبب وجيه لهذه الموافقة، فلن يكون بالضرورة أن هناك نية احتيال، ولكن مع ذلك هذا فعل غير صحيح وبالطبع فيه قصور.","In an interview with Ventures Africa, an anonymous Senior Legal Official from a leading commercial bank commented, ""There are several issues concerning this matter. First, her ministry is relatively new, and her predecessor and pioneering minister, Sadiya Umar-Farouk, engaged in activities that appeared to be illegal. It might be a reflection of how they operate in the ministry. Nevertheless, paying public money into private accounts goes against public procurement rules."" He added that unless she can provide a valid reason for such approval, it may not necessarily involve fraudulent intent, but it is nonetheless incorrect, and certainty is lacking.",1,Minor,4,True,,0.72265625,1.0,0.9626760482788086,0.7294117647058824,1.0,diagnostic,F,A,,,0.55,0.68,1.0,1,0,2,light,ربما,قد,,exact,prefix_و,news
WMT_4246,Terminology Substitution,تحويل,دفع,"في مقابلة مع Ventures Africa، قال مصدر قانوني كبير من مصرف تجاري رائد، ""فيه مجموعة مشاكل متعلقة بالموضوع ذا. أولاً، وزارتها تُعتبر جديدة نسبيًا وتورطت الوزيرة السابقة سعدية عمر فاروق في أنشطة بدا إنها غير قانونية. ربما يكون ذا مؤشر على كيفية عملهم في الوزارة. ومع ذلك فإن تحويل الأموال العامة إلى الحسابات الشخصية يتعارض مع قواعد المشتريات العامة."" وأضاف إنها إذا لم تتمكن من تقديم سبب وجيه لهذه الموافقة، ما يُعتبر دليل كافي على إثبات نية الاحتيال، لكن يظل الفعل غير سليم والشك في الأمر كله.","في مقابلة مع Ventures Africa، علّق مسؤول قانوني كبير مجهول الهوية من مصرف تجاري رائد، ""هناك عدة مشاكل متعلقة بهذا الأمر. أولاً، تُعد وزارتها جديدة نسبيًا وقد تورطت وزيرتها السابقة والرائدة سعدية عمر فاروق في أنشطة بدت أنها غير قانونية. قد يكون هذا انعكاسًا على كيفية عملهم في الوزارة. ومع ذلك فإن دفع الأموال العامة في الحسابات الشخصية يتعارض مع قواعد المشتريات العامة."" وأضاف أنها إذا لم تتمكن من تقديم سبب وجيه لهذه الموافقة، فلن يكون بالضرورة أن هناك نية احتيال، ولكن مع ذلك هذا فعل غير صحيح وبالطبع فيه قصور.","In an interview with Ventures Africa, an anonymous Senior Legal Official from a leading commercial bank commented, ""There are several issues concerning this matter. First, her ministry is relatively new, and her predecessor and pioneering minister, Sadiya Umar-Farouk, engaged in activities that appeared to be illegal. It might be a reflection of how they operate in the ministry. Nevertheless, paying public money into private accounts goes against public procurement rules."" He added that unless she can provide a valid reason for such approval, it may not necessarily involve fraudulent intent, but it is nonetheless incorrect, and certainty is lacking.",1,Minor,4,True,,0.72265625,1.0,0.9626760482788086,0.730844793713163,1.0,diagnostic,F,A,,,0.55,0.68,1.0,1,0,1,light,تحويل,دفع,,exact,exact,news
WMT_4247,Terminology Substitution,إلى,في,"في مقابلة مع Ventures Africa، قال مصدر قانوني كبير من مصرف تجاري رائد، ""فيه مجموعة مشاكل متعلقة بالموضوع ذا. أولاً، وزارتها تُعتبر جديدة نسبيًا وتورطت الوزيرة السابقة سعدية عمر فاروق في أنشطة بدا إنها غير قانونية. ربما يكون ذا مؤشر على كيفية عملهم في الوزارة. ومع ذلك فإن تحويل الأموال العامة إلى الحسابات الشخصية يتعارض مع قواعد المشتريات العامة."" وأضاف إنها إذا لم تتمكن من تقديم سبب وجيه لهذه الموافقة، ما يُعتبر دليل كافي على إثبات نية الاحتيال، لكن يظل الفعل غير سليم والشك في الأمر كله.","في مقابلة مع Ventures Africa، علّق مسؤول قانوني كبير مجهول الهوية من مصرف تجاري رائد، ""هناك عدة مشاكل متعلقة بهذا الأمر. أولاً، تُعد وزارتها جديدة نسبيًا وقد تورطت وزيرتها السابقة والرائدة سعدية عمر فاروق في أنشطة بدت أنها غير قانونية. قد يكون هذا انعكاسًا على كيفية عملهم في الوزارة. ومع ذلك فإن دفع الأموال العامة في الحسابات الشخصية يتعارض مع قواعد المشتريات العامة."" وأضاف أنها إذا لم تتمكن من تقديم سبب وجيه لهذه الموافقة، فلن يكون بالضرورة أن هناك نية احتيال، ولكن مع ذلك هذا فعل غير صحيح وبالطبع فيه قصور.","In an interview with Ventures Africa, an anonymous Senior Legal Official from a leading commercial bank commented, ""There are several issues concerning this matter. First, her ministry is relatively new, and her predecessor and pioneering minister, Sadiya Umar-Farouk, engaged in activities that appeared to be illegal. It might be a reflection of how they operate in the ministry. Nevertheless, paying public money into private accounts goes against public procurement rules."" He added that unless she can provide a valid reason for such approval, it may not necessarily involve fraudulent intent, but it is nonetheless incorrect, and certainty is lacking.",1,Minor,4,True,,0.72265625,1.0,0.9626760482788086,0.7196078431372549,1.0,diagnostic,F,A,,,0.55,0.68,1.0,1,0,5,light,الي,في,,exact,exact,news
WMT_4258,Terminology Substitution,في,من,"بشكل عام أنا أحب التداخل بين اللعبتين. المِيزة في القصص القصيرة أنه بإمكانك ""التخطي إلى الجزء الجيد"". وراح تستغرق في أحداثها وتشعر بالرضا. والمِيزة من القصص الطويلة أنه يمكنك التعامل معها مهما كان كان البُعد العاطفي فيها، راح تخسر في الحال إذا استبدلت المكافآت الأقوى.","بشكل عام أنا أحب بالفعل التداخل بين اللعبتين. إن المِيزة من القصص بشكل قصير أنه يُمكنك ""التخطي إلى الجزء الجيد"". يمكنهم الاستغراق فيها والشعور بالرضا. والمِيزة من القصص بشكل طويل أنه يمكنك التعامل مهما كان الذي يحدث بطريقة ذات وزن عاطفي أكثر، ستخسر فورًا إذا استبدلت المكافآت الأقوى.","In general I really like the interplay between the two games. The advantage of shortform stories is that you can ""skip to the good part"", they can be more immediately engrossing and satisfying. The advantage of longform stories is that you can imbue whatever happens with way more emotional weight, you lose the immediacy in exchange for stronger payoffs.",1,Minor,4,True,,0.7031802120141343,1.0,0.9613347053527832,0.708185053380783,1.0,diagnostic,F,A,,,0.55,0.68,1.0,3,0,2,light,في,من,,exact,exact,social
WMT_4260,Terminology Substitution,بإمكانك,يُمكنك,"بشكل عام أنا أحب التداخل بين اللعبتين. المِيزة في القصص القصيرة أنه بإمكانك ""التخطي إلى الجزء الجيد"". وراح تستغرق في أحداثها وتشعر بالرضا. والمِيزة من القصص الطويلة أنه يمكنك التعامل معها مهما كان كان البُعد العاطفي فيها، راح تخسر في الحال إذا استبدلت المكافآت الأقوى.","بشكل عام أنا أحب بالفعل التداخل بين اللعبتين. إن المِيزة من القصص بشكل قصير أنه يُمكنك ""التخطي إلى الجزء الجيد"". يمكنهم الاستغراق فيها والشعور بالرضا. والمِيزة من القصص بشكل طويل أنه يمكنك التعامل مهما كان الذي يحدث بطريقة ذات وزن عاطفي أكثر، ستخسر فورًا إذا استبدلت المكافآت الأقوى.","In general I really like the interplay between the two games. The advantage of shortform stories is that you can ""skip to the good part"", they can be more immediately engrossing and satisfying. The advantage of longform stories is that you can imbue whatever happens with way more emotional weight, you lose the immediacy in exchange for stronger payoffs.",1,Minor,4,True,,0.7031802120141343,1.0,0.9613347053527832,0.7075812274368232,1.0,diagnostic,F,A,,,0.55,0.68,1.0,1,0,1,light,بامكانك,يُمكنك,,exact,exact,social
WMT_4263,Total Omission,معها,[OMITTED],"بشكل عام أنا أحب التداخل بين اللعبتين. المِيزة في القصص القصيرة أنه بإمكانك ""التخطي إلى الجزء الجيد"". وراح تستغرق في أحداثها وتشعر بالرضا. والمِيزة من القصص الطويلة أنه يمكنك التعامل معها مهما كان كان البُعد العاطفي فيها، راح تخسر في الحال إذا استبدلت المكافآت الأقوى.","بشكل عام أنا أحب بالفعل التداخل بين اللعبتين. إن المِيزة من القصص بشكل قصير أنه يُمكنك ""التخطي إلى الجزء الجيد"". يمكنهم الاستغراق فيها والشعور بالرضا. والمِيزة من القصص بشكل طويل أنه يمكنك التعامل مهما كان الذي يحدث بطريقة ذات وزن عاطفي أكثر، ستخسر فورًا إذا استبدلت المكافآت الأقوى.","In general I really like the interplay between the two games. The advantage of shortform stories is that you can ""skip to the good part"", they can be more immediately engrossing and satisfying. The advantage of longform stories is that you can imbue whatever happens with way more emotional weight, you lose the immediacy in exchange for stronger payoffs.",1,Minor,1,True,,0.7031802120141343,1.0,0.9613347053527832,0.7173144876325088,1.0,diagnostic,F,A,,,0.55,0.5,0.8,1,0,0,light,معها,[OMITTED],,exact,,social
WMT_4267,Terminology Substitution,مو,ليست,"سيليست مو ""النسخة الجيدة"" أو ""النسخة النهائية"" للعبة pico-8، طريقتها تختلف عن القصة الأساسية المماثلة. كشخص يحب القصص القصيرة والطويلة، ورؤية تكوين العلاقة بذي الطريقة فذا أمر جدًا شيق وممتع.","سيليست ليست ""النسخة الجيدة"" أو ""النسخة النهائية"" للعبة pico-8، إنها تتبع نهجًا مختلفًا عن القصة الأساسية المماثلة. كشخص يحب كلاً من المادة بشكل قصير وشكل طويل، مع رؤية الاتصال مكشوفًا بهذه الطريقة حقًا أمرًا شيقًا وممتعًا.","Celeste isn't ""the good version"" or ""the finished version"" of the pico-8 game, it's just a different approach to the same core story. As someone that loves both shortform and longform stuff, seeing the connection laid bare this way is really interesting and delightful.",1,Minor,4,True,,0.6891891891891893,1.0,0.9036569595336914,0.6926605504587156,1.0,diagnostic,F,A,,,0.55,0.68,1.0,1,0,1,light,مو,ليست,,exact,exact,social
WMT_4287,Total Omission,بالمناسبة،,[OMITTED],بالمناسبة، البيرة كانت مرّة رهيبة,البيرة كانت رهيبة,"tbf, the beer is was fikn awesome",1,Minor,1,True,,0.5151515151515151,1.0,0.7763962149620056,0.7391304347826086,1.0,diagnostic,F,A,,,0.55,0.5,0.8,1,0,0,light,بالمناسبة،,[OMITTED],,exact,,social
WMT_4292,Terminology Substitution,ماني,لست,ماني والدتك,لست والدتك,I'm not your mum,1,Minor,4,True,,0.6363636363636364,1.0,0.7681059837341309,1.0,1.0,diagnostic,F,A,,,0.55,0.68,1.0,1,0,1,light,ماني,لست,,exact,exact,social
WMT_4302,Terminology Substitution,"التجارب""","الخبرة""","‎@user15‏ ‎@user14  أحس أن ""تبادل التجارب"" هو العامل المحدد للترفيه والتسلية، سواء أكن تبادل التجارب بين الجمهور أو تبادل الفنان مع الجمهور. لمن تقدر تسعد نفسك، فقط من أجلك، أنت فقط تستمع","@user15 @user14 أشعر أن ""تبادل الخبرة"" هو العامل المحدد للترفيه. إما التبادل بين الجمهور أو تبادل الفنان مع الجمهور. عندما تصنع ترفيهك الخاص، فقط من أجلك، أنت تتلاعب فقط بنفسك","@user15 @user14 I feel like ""shared experience"" is a defining factor of entertainment. Either sharing among an audience or an entertainer sharing with an audience. When you make your own entertainment, just for you, you're just playing with yourself",1,Minor,4,True,,0.6524064171122994,1.0,0.928131937980652,0.6592178770949721,1.0,diagnostic,F,A,,,0.55,0.68,1.0,2,0,1,light,"التجارب""","الخبرة""",,exact,exact,social
WMT_4304,Terminology Substitution,تستمع,بنفسك,"‎@user15‏ ‎@user14  أحس أن ""تبادل التجارب"" هو العامل المحدد للترفيه والتسلية، سواء أكن تبادل التجارب بين الجمهور أو تبادل الفنان مع الجمهور. لمن تقدر تسعد نفسك، فقط من أجلك، أنت فقط تستمع","@user15 @user14 أشعر أن ""تبادل الخبرة"" هو العامل المحدد للترفيه. إما التبادل بين الجمهور أو تبادل الفنان مع الجمهور. عندما تصنع ترفيهك الخاص، فقط من أجلك، أنت تتلاعب فقط بنفسك","@user15 @user14 I feel like ""shared experience"" is a defining factor of entertainment. Either sharing among an audience or an entertainer sharing with an audience. When you make your own entertainment, just for you, you're just playing with yourself",1,Minor,4,True,,0.6524064171122994,1.0,0.928131937980652,0.6703296703296704,1.0,diagnostic,F,A,,,0.55,0.68,1.0,1,0,1,light,تستمع,بنفسك,,exact,exact,social
WMT_4308,Spelling Error,‎@user13 وجودك,@user13 الوجود,‎@user13 وجودك في العالم يعني إن عندك علاقات.,@user13 الوجود في العالم يعني الوجود في علاقات,@user13 Being in the world is being in relationships,1,Minor,21,True,,0.7173913043478262,1.0,0.8342616558074951,0.71875,1.0,score,F,A,,,0.55,0.78,1.0,1,0,1,light,‎@user13 وجودك,@user13 الوجود,,exact_seq,exact_seq,social
WMT_4311,Total Omission,اتعطلت,[OMITTED],أوف... خدمات شركة AT&T اتعطلت على مستوى البلد. الأمور في غاية السوء الصباح ذا https://www.foxbusiness.com/lifestyle/cell-phone-outage-hits-att-customers-nationwide-verizon-tmobile-users-also-affected,اللعنة... انقطاع AT&T على الصعيد الوطني. لا عجب في أن الأشياء تبدو ميتة هذا الصباح https://www.foxbusiness.com/lifestyle/cell-phone-outage-hits-att-customers-nationwide-verizon-tmobile-users-also-affected,dang... a nationwide AT&T outage. no wonder why things feel dead this morning https://www.foxbusiness.com/lifestyle/cell-phone-outage-hits-att-customers-nationwide-verizon-tmobile-users-also-affected,1,Minor,1,True,,0.7058823529411764,1.0,0.8249979019165039,0.7303921568627452,1.0,diagnostic,F,A,,,0.55,0.5,0.8,1,0,0,light,اتعطلت,[OMITTED],,exact,,social
WMT_4314,Total Omission,ذا,[OMITTED],أوف... خدمات شركة AT&T اتعطلت على مستوى البلد. الأمور في غاية السوء الصباح ذا https://www.foxbusiness.com/lifestyle/cell-phone-outage-hits-att-customers-nationwide-verizon-tmobile-users-also-affected,اللعنة... انقطاع AT&T على الصعيد الوطني. لا عجب في أن الأشياء تبدو ميتة هذا الصباح https://www.foxbusiness.com/lifestyle/cell-phone-outage-hits-att-customers-nationwide-verizon-tmobile-users-also-affected,dang... a nationwide AT&T outage. no wonder why things feel dead this morning https://www.foxbusiness.com/lifestyle/cell-phone-outage-hits-att-customers-nationwide-verizon-tmobile-users-also-affected,1,Minor,1,True,,0.7058823529411764,1.0,0.8249979019165039,0.7156862745098039,1.0,diagnostic,F,A,,,0.55,0.5,0.8,1,0,0,light,ذا,[OMITTED],,exact,,social
WMT_4331,Terminology Substitution,لازم,يلزم,"سويت عملية جراحية واحدة كان لازم فيها تخدير كلي. كانت جراحة أعصاب ""بسيطة"" لتوفير مساحة أكبر للدماغ بسبب حالة انولدت بيها ووظهرت أعراضها (تشوه خياري) بعد ما رُزقت بأطفالي. اللحظة اللي استيقظت فيها ما بتروح من بالي، بتذكرها لمن أشاهد البرامج الطبية وخاصة اللي بتتكلم عن جراحة الأعصاب. قايمة التشغيل في المستشفى لا تزال في قايمتي لفترة طويلة، وأنا بتستمع بيها الآن. #Kdrama","لقد أجريت عملية جراحية واحدة كان يلزم فيها إجراء تخدير عام. لقد كانت جراحة أعصاب ""بسيطة"" لتوفير مساحة أكبر لدماغي من حالة وُلدت بها ظهرت أعراضها (تشوه خياري) بعد ما أنجبت أطفال. اللحظة التي استيقظت فيها عالقة في ذهني، استرجعها قليلاً عندما أشاهد البرامج الطبية وخاصة التي تتناول جراحة الأعصاب. وقائمة التشغيل في المستشفى كانت لا تزال في قائمتي لفترة طويلة، وأنا حقًا استمتع بها الآن. #Kdrama","I’ve only ever had one surgery where I needed general anesthesia. It was a “minor” neurosurgery giving my brain more room from a condition I was born with that became symptomatic after having kids (chiari malformation). The moment I woke up has stuck with me, so I relive it a bit when I watch medical shows particularly with a neurosurgeon 😂. Hospital playlist has been on my list for a long time, and I’m really enjoying it right now. #kdrama",1,Minor,4,True,,0.7647058823529411,1.0,0.9376710057258606,0.7674418604651163,1.0,diagnostic,F,A,,,0.55,0.68,1.0,1,0,1,light,لازم,يلزم,,exact,exact,social
WMT_4334,Spelling Error,انولدت بيها ووظهرت,وُلدت بها ظهرت,"سويت عملية جراحية واحدة كان لازم فيها تخدير كلي. كانت جراحة أعصاب ""بسيطة"" لتوفير مساحة أكبر للدماغ بسبب حالة انولدت بيها ووظهرت أعراضها (تشوه خياري) بعد ما رُزقت بأطفالي. اللحظة اللي استيقظت فيها ما بتروح من بالي، بتذكرها لمن أشاهد البرامج الطبية وخاصة اللي بتتكلم عن جراحة الأعصاب. قايمة التشغيل في المستشفى لا تزال في قايمتي لفترة طويلة، وأنا بتستمع بيها الآن. #Kdrama","لقد أجريت عملية جراحية واحدة كان يلزم فيها إجراء تخدير عام. لقد كانت جراحة أعصاب ""بسيطة"" لتوفير مساحة أكبر لدماغي من حالة وُلدت بها ظهرت أعراضها (تشوه خياري) بعد ما أنجبت أطفال. اللحظة التي استيقظت فيها عالقة في ذهني، استرجعها قليلاً عندما أشاهد البرامج الطبية وخاصة التي تتناول جراحة الأعصاب. وقائمة التشغيل في المستشفى كانت لا تزال في قائمتي لفترة طويلة، وأنا حقًا استمتع بها الآن. #Kdrama","I’ve only ever had one surgery where I needed general anesthesia. It was a “minor” neurosurgery giving my brain more room from a condition I was born with that became symptomatic after having kids (chiari malformation). The moment I woke up has stuck with me, so I relive it a bit when I watch medical shows particularly with a neurosurgeon 😂. Hospital playlist has been on my list for a long time, and I’m really enjoying it right now. #kdrama",1,Minor,21,True,,0.7647058823529411,1.0,0.9376710057258606,0.7718832891246684,1.0,score,F,A,,,0.55,0.78,1.0,1,0,1,light,انولدت بيها ووظهرت,وُلدت بها ظهرت,,exact_seq,exact_seq,social
WMT_4336,Terminology Substitution,اللي,التي,"سويت عملية جراحية واحدة كان لازم فيها تخدير كلي. كانت جراحة أعصاب ""بسيطة"" لتوفير مساحة أكبر للدماغ بسبب حالة انولدت بيها ووظهرت أعراضها (تشوه خياري) بعد ما رُزقت بأطفالي. اللحظة اللي استيقظت فيها ما بتروح من بالي، بتذكرها لمن أشاهد البرامج الطبية وخاصة اللي بتتكلم عن جراحة الأعصاب. قايمة التشغيل في المستشفى لا تزال في قايمتي لفترة طويلة، وأنا بتستمع بيها الآن. #Kdrama","لقد أجريت عملية جراحية واحدة كان يلزم فيها إجراء تخدير عام. لقد كانت جراحة أعصاب ""بسيطة"" لتوفير مساحة أكبر لدماغي من حالة وُلدت بها ظهرت أعراضها (تشوه خياري) بعد ما أنجبت أطفال. اللحظة التي استيقظت فيها عالقة في ذهني، استرجعها قليلاً عندما أشاهد البرامج الطبية وخاصة التي تتناول جراحة الأعصاب. وقائمة التشغيل في المستشفى كانت لا تزال في قائمتي لفترة طويلة، وأنا حقًا استمتع بها الآن. #Kdrama","I’ve only ever had one surgery where I needed general anesthesia. It was a “minor” neurosurgery giving my brain more room from a condition I was born with that became symptomatic after having kids (chiari malformation). The moment I woke up has stuck with me, so I relive it a bit when I watch medical shows particularly with a neurosurgeon 😂. Hospital playlist has been on my list for a long time, and I’m really enjoying it right now. #kdrama",1,Minor,4,True,,0.7647058823529411,1.0,0.9376710057258606,0.7648578811369509,1.0,diagnostic,F,A,,,0.55,0.68,1.0,2,0,2,light,اللي,التي,,exact,exact,social
WMT_4338,Terminology Substitution,قايمة,وقائمة,"سويت عملية جراحية واحدة كان لازم فيها تخدير كلي. كانت جراحة أعصاب ""بسيطة"" لتوفير مساحة أكبر للدماغ بسبب حالة انولدت بيها ووظهرت أعراضها (تشوه خياري) بعد ما رُزقت بأطفالي. اللحظة اللي استيقظت فيها ما بتروح من بالي، بتذكرها لمن أشاهد البرامج الطبية وخاصة اللي بتتكلم عن جراحة الأعصاب. قايمة التشغيل في المستشفى لا تزال في قايمتي لفترة طويلة، وأنا بتستمع بيها الآن. #Kdrama","لقد أجريت عملية جراحية واحدة كان يلزم فيها إجراء تخدير عام. لقد كانت جراحة أعصاب ""بسيطة"" لتوفير مساحة أكبر لدماغي من حالة وُلدت بها ظهرت أعراضها (تشوه خياري) بعد ما أنجبت أطفال. اللحظة التي استيقظت فيها عالقة في ذهني، استرجعها قليلاً عندما أشاهد البرامج الطبية وخاصة التي تتناول جراحة الأعصاب. وقائمة التشغيل في المستشفى كانت لا تزال في قائمتي لفترة طويلة، وأنا حقًا استمتع بها الآن. #Kdrama","I’ve only ever had one surgery where I needed general anesthesia. It was a “minor” neurosurgery giving my brain more room from a condition I was born with that became symptomatic after having kids (chiari malformation). The moment I woke up has stuck with me, so I relive it a bit when I watch medical shows particularly with a neurosurgeon 😂. Hospital playlist has been on my list for a long time, and I’m really enjoying it right now. #kdrama",1,Minor,4,True,,0.7647058823529411,1.0,0.9376710057258606,0.7662337662337663,1.0,diagnostic,F,A,,,0.55,0.68,1.0,1,0,1,light,قايمة,وقائمة,,exact,exact,social
WMT_4339,Spelling Error,قايمتي,قائمتي,"سويت عملية جراحية واحدة كان لازم فيها تخدير كلي. كانت جراحة أعصاب ""بسيطة"" لتوفير مساحة أكبر للدماغ بسبب حالة انولدت بيها ووظهرت أعراضها (تشوه خياري) بعد ما رُزقت بأطفالي. اللحظة اللي استيقظت فيها ما بتروح من بالي، بتذكرها لمن أشاهد البرامج الطبية وخاصة اللي بتتكلم عن جراحة الأعصاب. قايمة التشغيل في المستشفى لا تزال في قايمتي لفترة طويلة، وأنا بتستمع بيها الآن. #Kdrama","لقد أجريت عملية جراحية واحدة كان يلزم فيها إجراء تخدير عام. لقد كانت جراحة أعصاب ""بسيطة"" لتوفير مساحة أكبر لدماغي من حالة وُلدت بها ظهرت أعراضها (تشوه خياري) بعد ما أنجبت أطفال. اللحظة التي استيقظت فيها عالقة في ذهني، استرجعها قليلاً عندما أشاهد البرامج الطبية وخاصة التي تتناول جراحة الأعصاب. وقائمة التشغيل في المستشفى كانت لا تزال في قائمتي لفترة طويلة، وأنا حقًا استمتع بها الآن. #Kdrama","I’ve only ever had one surgery where I needed general anesthesia. It was a “minor” neurosurgery giving my brain more room from a condition I was born with that became symptomatic after having kids (chiari malformation). The moment I woke up has stuck with me, so I relive it a bit when I watch medical shows particularly with a neurosurgeon 😂. Hospital playlist has been on my list for a long time, and I’m really enjoying it right now. #kdrama",1,Minor,21,True,,0.7647058823529411,1.0,0.9376710057258606,0.7636363636363637,1.0,score,F,A,,,0.55,0.78,1.0,1,0,1,light,قايمتي,قائمتي,,exact,exact,social
WMT_4363,Total Omission,أكثر,[OMITTED],أخذت وقت راحة طويل بسبب الجراحة علشان كذا شاهدت الموسم الأول إلى الثالت من Grey's Anatomy. اللي نفع مكدريمي إنه كان جراح أعصاب. حابة ألفت الانتباه إلى كيف إنه بيتم إقحام المريض في الحدث، أقدر أخمن وش اللي صار معي. منذ جراحتي في 2018، كانت قايمة التشغيل في المستشفى مليانة دراما مرتبطة بجراحة الأعصاب أكثر من أي برنامج طبي آخر شاهدته منذ Grey's. من الجميل أن يكون عندنا فن وترفيه يساعدنا على إننا نعيش الحياة بشكل أفضل.,شملت جراحتي الكثير من الراحة لذا شاهدت الموسم الأول إلى الثالت من Grey's Anatomy. لقد ساعد مكدريمي الذي كان جراح أعصاب. أود أن ألفت الانتباه إلى كيف أن المريض يُوضع فقط في الحدث، إنه يمكنني تخمين ما حدث معي. منذ جراحتي في عام 2018، لقد عرضت قائمة التشغيل في المستشفى مزيدًا من الدراما في جراحة الأعصاب من أي برنامج طبي آخر شاهدته منذ Grey's. من الجميل أن يكون لدينا فن وترفيه يساعدنا على إعطاء معنى لحياتنا.,"My surgery involved lots of rest so I watched seasons 1-3 of Grey’s Anatomy. It helped McDreamy was a neurosurgeon. I would pay attention to how the patient was positioned just in the event I could guess what happened to me. Since my surgery in 2018, Hospital Playlist has shown more dramatization of neurosurgery than any other medical show I’ve seen since Grey’s. It is nice to have art and entertainment to help us make sense of our life.",1,Minor,1,True,,0.6866028708133971,1.0,0.9534707069396972,0.6932367149758454,1.0,diagnostic,F,A,,,0.55,0.5,0.8,1,0,0,light,اكثر,[OMITTED],,exact,,social
WMT_4364,Terminology Substitution,عندنا,لدينا,أخذت وقت راحة طويل بسبب الجراحة علشان كذا شاهدت الموسم الأول إلى الثالت من Grey's Anatomy. اللي نفع مكدريمي إنه كان جراح أعصاب. حابة ألفت الانتباه إلى كيف إنه بيتم إقحام المريض في الحدث، أقدر أخمن وش اللي صار معي. منذ جراحتي في 2018، كانت قايمة التشغيل في المستشفى مليانة دراما مرتبطة بجراحة الأعصاب أكثر من أي برنامج طبي آخر شاهدته منذ Grey's. من الجميل أن يكون عندنا فن وترفيه يساعدنا على إننا نعيش الحياة بشكل أفضل.,شملت جراحتي الكثير من الراحة لذا شاهدت الموسم الأول إلى الثالت من Grey's Anatomy. لقد ساعد مكدريمي الذي كان جراح أعصاب. أود أن ألفت الانتباه إلى كيف أن المريض يُوضع فقط في الحدث، إنه يمكنني تخمين ما حدث معي. منذ جراحتي في عام 2018، لقد عرضت قائمة التشغيل في المستشفى مزيدًا من الدراما في جراحة الأعصاب من أي برنامج طبي آخر شاهدته منذ Grey's. من الجميل أن يكون لدينا فن وترفيه يساعدنا على إعطاء معنى لحياتنا.,"My surgery involved lots of rest so I watched seasons 1-3 of Grey’s Anatomy. It helped McDreamy was a neurosurgeon. I would pay attention to how the patient was positioned just in the event I could guess what happened to me. Since my surgery in 2018, Hospital Playlist has shown more dramatization of neurosurgery than any other medical show I’ve seen since Grey’s. It is nice to have art and entertainment to help us make sense of our life.",1,Minor,4,True,,0.6866028708133971,1.0,0.9534707069396972,0.6900726392251816,1.0,diagnostic,F,A,,,0.55,0.68,1.0,1,0,1,light,عندنا,لدينا,,exact,exact,social
WMT_4410,Terminology Substitution,كبيرة.,ضخمة,دفيت نفسي جوه الشق بكُرة بيسبول كبيرة.,دفعت نفسي إلى الشق الجليدي بكرة بيسبول ضخمة,Pushing myself into the crevasse with a giant baseball,1,Minor,4,True,,0.5813953488372092,1.0,0.6911777257919312,0.6666666666666667,1.0,diagnostic,F,A,,,0.55,0.68,1.0,1,0,1,light,كبيرة.,ضخمة,,exact,exact,social
WMT_4425,Total Omission,سطح,[OMITTED],وقت الهبوط على سطح القمر (باقي ساعة تقريبًا على الانطلاق) https://plus.nasa.gov/scheduled-video/intuitive-machines-1-lunar-landing/,وقت الهبوط على القمر (حوالي ساعة لتنطلق) https://plus.nasa.gov/scheduled-video/intuitive-machines-1-lunar-landing/,Moon landing time (about an hour to go) https://plus.nasa.gov/scheduled-video/intuitive-machines-1-lunar-landing/,1,Minor,1,True,,0.83206106870229,1.0,0.967102587223053,0.8515625,1.0,diagnostic,F,A,,,0.55,0.5,0.8,1,0,0,light,سطح,[OMITTED],,exact,,social
WMT_4426,Terminology Substitution,(باقي,(حوالي,وقت الهبوط على سطح القمر (باقي ساعة تقريبًا على الانطلاق) https://plus.nasa.gov/scheduled-video/intuitive-machines-1-lunar-landing/,وقت الهبوط على القمر (حوالي ساعة لتنطلق) https://plus.nasa.gov/scheduled-video/intuitive-machines-1-lunar-landing/,Moon landing time (about an hour to go) https://plus.nasa.gov/scheduled-video/intuitive-machines-1-lunar-landing/,1,Minor,4,True,,0.83206106870229,1.0,0.967102587223053,0.8492063492063492,1.0,diagnostic,F,A,,,0.55,0.68,1.0,1,0,1,light,(باقي,(حوالي,,exact,exact,social
WMT_4447,Terminology Substitution,فيه,هناك,"بالتأكيد، فيه مصادر أخرى مدركة إن ""الحرب سيئة""، لكن إنت لسة بتبيع آلات القتل مثل الشخصيات والبضاعة. وأشياء زي كذا، وش راح نسوي؟","بالتأكيد، هناك مصادر أخرى يجب أن تكون على دراية بها أن ""الحرب سيئة""، لكن أنت لاتزال تبيع آلات القتل مثل الشخصيات والبضاعة. ومثل ذلك، ماذا سنفعل؟","and sure, these other sources are AWARE that ""war is bad"", but then you're still selling the killing machines as figures and merch. So, like, what are we doing?",1,Minor,4,True,,0.6319444444444444,1.0,0.923847794532776,0.65,1.0,diagnostic,F,A,,,0.55,0.68,1.0,1,0,1,light,فيه,هناك,,exact,exact,social
WMT_4454,Terminology Substitution,ذا,ذلك,"لأن الشخصيات واضح إنها مرحة، وأعجبنتي طريقة تصميمها وكيف أن التصميم يعكس سمات معينة، لكن بعد ذا كل مجموعة ملخصها ""أوه هنا سيفك الليز وبنقدية (واحدة على أقل شيء)!""","لأن الشخصيات تبدو مرحة، وأعجبني الطريقة التم تم تصميمها بها وكيف أن التصميم يعكس سمات معينة، لكن بعد ذلك كل مجموعة تبدو ""أوه على كل حال هنا يوجد سيفك الليزر وبندقية (واحدة على أقل تقدير)!""","Bc the figures do look cool, and I like they way they're constructed, and how the design reflects certain characteristics, but then every set is like ""oh by the way here's your laser sword and (at minimum one) gun!""",1,Minor,4,True,,0.7074468085106382,1.0,0.8956913948059082,0.7135135135135136,1.0,diagnostic,F,A,,,0.55,0.68,1.0,1,0,1,light,ذا,ذلك,,exact,exact,social
WMT_4455,Terminology Substitution,ملخصها,تبدو,"لأن الشخصيات واضح إنها مرحة، وأعجبنتي طريقة تصميمها وكيف أن التصميم يعكس سمات معينة، لكن بعد ذا كل مجموعة ملخصها ""أوه هنا سيفك الليز وبنقدية (واحدة على أقل شيء)!""","لأن الشخصيات تبدو مرحة، وأعجبني الطريقة التم تم تصميمها بها وكيف أن التصميم يعكس سمات معينة، لكن بعد ذلك كل مجموعة تبدو ""أوه على كل حال هنا يوجد سيفك الليزر وبندقية (واحدة على أقل تقدير)!""","Bc the figures do look cool, and I like they way they're constructed, and how the design reflects certain characteristics, but then every set is like ""oh by the way here's your laser sword and (at minimum one) gun!""",1,Minor,4,True,,0.7074468085106382,1.0,0.8956913948059082,0.7119565217391304,1.0,diagnostic,F,A,,,0.55,0.68,1.0,1,0,2,light,ملخصها,تبدو,,exact,exact,social
WMT_4456,Spelling Error,الليز وبنقدية,الليزر وبندقية,"لأن الشخصيات واضح إنها مرحة، وأعجبنتي طريقة تصميمها وكيف أن التصميم يعكس سمات معينة، لكن بعد ذا كل مجموعة ملخصها ""أوه هنا سيفك الليز وبنقدية (واحدة على أقل شيء)!""","لأن الشخصيات تبدو مرحة، وأعجبني الطريقة التم تم تصميمها بها وكيف أن التصميم يعكس سمات معينة، لكن بعد ذلك كل مجموعة تبدو ""أوه على كل حال هنا يوجد سيفك الليزر وبندقية (واحدة على أقل تقدير)!""","Bc the figures do look cool, and I like they way they're constructed, and how the design reflects certain characteristics, but then every set is like ""oh by the way here's your laser sword and (at minimum one) gun!""",1,Minor,21,True,,0.7074468085106382,1.0,0.8956913948059082,0.7011494252873562,1.0,score,F,A,,,0.55,0.78,1.0,1,0,1,light,الليز وبنقدية,الليزر وبندقية,,exact_seq,exact_seq,social
WMT_4457,Terminology Substitution,"شيء)!""","تقدير)!""","لأن الشخصيات واضح إنها مرحة، وأعجبنتي طريقة تصميمها وكيف أن التصميم يعكس سمات معينة، لكن بعد ذا كل مجموعة ملخصها ""أوه هنا سيفك الليز وبنقدية (واحدة على أقل شيء)!""","لأن الشخصيات تبدو مرحة، وأعجبني الطريقة التم تم تصميمها بها وكيف أن التصميم يعكس سمات معينة، لكن بعد ذلك كل مجموعة تبدو ""أوه على كل حال هنا يوجد سيفك الليزر وبندقية (واحدة على أقل تقدير)!""","Bc the figures do look cool, and I like they way they're constructed, and how the design reflects certain characteristics, but then every set is like ""oh by the way here's your laser sword and (at minimum one) gun!""",1,Minor,4,True,,0.7074468085106382,1.0,0.8956913948059082,0.7166666666666667,1.0,diagnostic,F,A,,,0.55,0.68,1.0,1,0,1,light,"شيء)!""","تقدير)!""",,exact,exact,social
WMT_4462,Spelling Error,‎@user25 أوف ذي,@user25 أوو هذه,‎@user25 أوف ذي صيحة، واحد قال عندي بعض المهارات فيها,@user25 أوو هذه صيحة، بالطبع واحدًا من قبل قال لدي بعض المهارات فيها,"@user25 ooo thats a shout, defo one once I've got some skills in",1,Minor,21,True,,0.6764705882352942,1.0,0.9056144952774048,0.6603773584905661,1.0,score,F,A,,,0.55,0.78,1.0,1,0,1,light,‎@user25 اوف ذي,@user25 اوو هذه,,exact_seq,exact_seq,social
WMT_4464,Terminology Substitution,عندي,لدي,‎@user25 أوف ذي صيحة، واحد قال عندي بعض المهارات فيها,@user25 أوو هذه صيحة، بالطبع واحدًا من قبل قال لدي بعض المهارات فيها,"@user25 ooo thats a shout, defo one once I've got some skills in",1,Minor,4,True,,0.6764705882352942,1.0,0.9056144952774048,0.6923076923076923,1.0,diagnostic,F,A,,,0.55,0.68,1.0,1,0,1,light,عندي,لدي,,exact,exact,social
WMT_4475,Terminology Substitution,ربما,قد,ربما يكون فيه هناك شخص خاين في، لكن مع الوضع في الاعتبار إلى جذور أهلي الفقيرة بدرجة كبيرة، ربما كانت أي علاقات في الأغلب في القرى المتجانسة، المدن الصغيرة والأحياء العرقية.,قد يكون هناك خائن فردي في عائلتي، ولكن مع النظر إلى جذور أهلي الفقيرة بدرجة كبيرة، ربما كانت أي علاقات في الأغلب في القرى المتجانسة، المدن الصغيرة والأحياء الإثنية.,"Might be the odd cheater in my family, but considering my largely broke folks' roots, any affairs were probably in mostly homogenous villages, small towns, and ethnic ghettos lol.",1,Minor,4,True,,0.7803468208092486,1.0,0.9347858428955078,0.7988165680473372,1.0,diagnostic,F,A,,,0.55,0.68,1.0,2,1,1,light,ربما,قد,,exact,exact,social
WMT_4478,Terminology Substitution,العرقية.,الإثنية.,ربما يكون فيه هناك شخص خاين في، لكن مع الوضع في الاعتبار إلى جذور أهلي الفقيرة بدرجة كبيرة، ربما كانت أي علاقات في الأغلب في القرى المتجانسة، المدن الصغيرة والأحياء العرقية.,قد يكون هناك خائن فردي في عائلتي، ولكن مع النظر إلى جذور أهلي الفقيرة بدرجة كبيرة، ربما كانت أي علاقات في الأغلب في القرى المتجانسة، المدن الصغيرة والأحياء الإثنية.,"Might be the odd cheater in my family, but considering my largely broke folks' roots, any affairs were probably in mostly homogenous villages, small towns, and ethnic ghettos lol.",1,Minor,4,True,,0.7803468208092486,1.0,0.9347858428955078,0.7878787878787878,1.0,diagnostic,F,A,,,0.55,0.68,1.0,1,0,1,light,العرقية.,الاثنية.,,exact,exact,social
WMT_4528,Terminology Substitution,أكثر-فمثلاً,أكثر-إن,في بعض الأحيان بيكون إعادة شحن الطاقة مو مجرد تبني عادات أكثر-فمثلاً الاستماع بمشاهدة فيلم أو قراءة كتاب خيالي شيء مفيد جدًا مثل الابتكار وممارسة التمارين الرياضية. الأهم في كل ذا هو الشعور بأنفسنا وإنه لا بأس بقدر من الاسترخاء وعدم فعل أي شيء. فما في لوم هنا!,أحيانًا يكون إعادة شحن الطاقة ليس فقط بإضافة عادات أكثر-إن الاستماع بمشاهدة فيلم أو قراءة كتاب خيالي أمرًا مفيدًا مثل الابتكار وممارسة أنشطة التدريب البدني. إن المفتاح هو الشعور بأنفسنا أنه لا بأس من الاسترخاء وعدم فعل أي شيء. فلا مجال للوم هنا!,Sometimes recharging is not about adding more habits—enjoying a good movie or a fiction book is just as beneficial as creating and physical training. The key is feeling ourselves that it is ok to relax and not do anything. There’s no room for guilt here!,1,Minor,4,True,,0.7,1.0,0.9379472136497498,0.7108433734939759,1.0,diagnostic,F,A,,,0.55,0.68,1.0,1,0,1,light,اكثر-فمثلاً,اكثر-ان,,exact_seq,exact_seq,social
WMT_4531,Total Omission,بقدر,[OMITTED],في بعض الأحيان بيكون إعادة شحن الطاقة مو مجرد تبني عادات أكثر-فمثلاً الاستماع بمشاهدة فيلم أو قراءة كتاب خيالي شيء مفيد جدًا مثل الابتكار وممارسة التمارين الرياضية. الأهم في كل ذا هو الشعور بأنفسنا وإنه لا بأس بقدر من الاسترخاء وعدم فعل أي شيء. فما في لوم هنا!,أحيانًا يكون إعادة شحن الطاقة ليس فقط بإضافة عادات أكثر-إن الاستماع بمشاهدة فيلم أو قراءة كتاب خيالي أمرًا مفيدًا مثل الابتكار وممارسة أنشطة التدريب البدني. إن المفتاح هو الشعور بأنفسنا أنه لا بأس من الاسترخاء وعدم فعل أي شيء. فلا مجال للوم هنا!,Sometimes recharging is not about adding more habits—enjoying a good movie or a fiction book is just as beneficial as creating and physical training. The key is feeling ourselves that it is ok to relax and not do anything. There’s no room for guilt here!,1,Minor,1,True,,0.7,1.0,0.9379472136497498,0.7109375,1.0,diagnostic,F,A,,,0.55,0.5,0.8,1,0,0,light,بقدر,[OMITTED],,exact,,social
WMT_4545,Terminology Substitution,ونسحب,والسحب,علشان كذا أعتقد إنه المفروض نحدد خط على السقف ونسحب لأسفل ثم نضيف واحد ثاني للأعلى بأقصى سرعة ممكنة.,لذا أعتقد في التالي نُحدد خط على السقف والسحب لأسفل ثم وضع آخر جديد لأعلى بأقصى سرعة لديّ.,So I guess next is scoring a line on the ceiling and pulling that down then putting the new one up as fast as I can.,1,Minor,4,True,,0.6599999999999999,1.0,0.9050687551498412,0.6631578947368422,1.0,diagnostic,F,A,,,0.55,0.68,1.0,1,0,1,light,ونسحب,والسحب,,exact,exact,social
WMT_4547,Terminology Substitution,ممكنة.,لديّ.,علشان كذا أعتقد إنه المفروض نحدد خط على السقف ونسحب لأسفل ثم نضيف واحد ثاني للأعلى بأقصى سرعة ممكنة.,لذا أعتقد في التالي نُحدد خط على السقف والسحب لأسفل ثم وضع آخر جديد لأعلى بأقصى سرعة لديّ.,So I guess next is scoring a line on the ceiling and pulling that down then putting the new one up as fast as I can.,1,Minor,4,True,,0.6599999999999999,1.0,0.9050687551498412,0.6914893617021276,1.0,diagnostic,F,A,,,0.55,0.68,1.0,1,0,1,light,ممكنة.,لديّ.,,exact,exact,social
WMT_4562,Spelling Error,لأنها بتتجه لأرقام نسبية,لأنه متجه للأرقام الكسرية,لأنها بتتجه لأرقام نسبية,لأنه متجه للأرقام الكسرية,because it's a vector of rational numbers,1,Minor,21,True,,0.6799999999999999,1.0,0.8059705495834351,0.9,1.0,score,F,A,,,0.55,0.78,1.0,1,0,1,light,لانها بتتجه لارقام نسبية,لانه متجه للارقام الكسرية,,exact_seq,exact_seq,social
WMT_4566,Terminology Substitution,ما,لا,ما أحب هذا,لا أحب هذا,i do not like this,1,Minor,4,True,,0.9,1.0,0.9188685417175292,1.0,1.0,diagnostic,F,A,,,0.55,0.68,1.0,1,0,1,light,ما,لا,,exact,exact,social
WMT_4601,Terminology Substitution,ركّبت,علّقت,المهم، اليوم ركّبت صندوق التعشيش الجديد. هو يبدون مكانه الأصلي في الحديقة.,حسنًا، لذا خلال اليوم علّقت صندوق التعشيش الجديد. هذا يبدو أنه في مكان شبكته في الحديقة.,"Ok, so during the day I hung up the new nesting box. This is what It looks like in its net place in the garden.",1,Minor,4,True,,0.6477272727272727,1.0,0.8113558888435364,0.6626506024096386,1.0,diagnostic,F,A,,,0.55,0.68,1.0,1,0,1,light,ركّبت,علّقت,,exact,exact,social
WMT_4612,Spelling Error,المعلق,المعلّق,الصندوق الرمادي المعلق على جانب صندوق التعشيش هو مكان البطارية.,الصندوق الرمادي المعلّق على جانب صندوق التعشيش هو مكان البطارية.,The gray box that hangs on the side of the nesting box is where the battery lives.,1,Minor,21,True,,0.984375,1.0,0.997435450553894,1.0,1.0,score,F,A,,,0.55,0.78,1.0,1,0,1,light,المعلق,المعلّق,,exact,exact,social
WMT_4640,Terminology Substitution,ممتاز.,عظيم.,ممتاز.,عظيم.,Great.,1,Minor,4,True,,0.1666666666666666,1.0,0.8940410614013672,0.9,1.0,diagnostic,F,A,,,0.55,0.68,1.0,1,0,1,light,ممتاز.,عظيم.,,exact,exact,social
WMT_4645,Terminology Substitution,لسه,تزال,لسه غير متصلة بالإنترنت.,تزال غير متصلة بالإنترنت.,Still offline.,1,Minor,4,True,,0.84,1.0,0.8846744298934937,1.0,1.0,diagnostic,F,A,,,0.55,0.68,1.0,1,0,1,light,لسه,تزال,,exact,exact,social
WMT_4678,Terminology Substitution,لمتابعة,لمراقبة,حقيقة مضحكة: أنا بستخدم دمج ping في Home Assistance لمتابعة إذا كان متصل بالإنترنت ولا لا.,حقيقة مضحكة: أنا استخدم إدماج بينج في Home Assistance لمراقبة إذا كان متصلاً بالإنترنت أم لا.,Funfact: I'm using the ping integration in Home Assistant to monitor if it's online or not.,1,Minor,4,True,,0.8387096774193549,1.0,0.9604794383049012,0.8604651162790697,1.0,diagnostic,F,A,,,0.55,0.68,1.0,1,0,1,light,لمتابعة,لمراقبة,,exact,exact,social
WMT_4679,Spelling Error,متصل,متصلاً,حقيقة مضحكة: أنا بستخدم دمج ping في Home Assistance لمتابعة إذا كان متصل بالإنترنت ولا لا.,حقيقة مضحكة: أنا استخدم إدماج بينج في Home Assistance لمراقبة إذا كان متصلاً بالإنترنت أم لا.,Funfact: I'm using the ping integration in Home Assistant to monitor if it's online or not.,1,Minor,21,True,,0.8387096774193549,1.0,0.9604794383049012,0.8505747126436781,1.0,score,F,A,,,0.55,0.78,1.0,1,0,1,light,متصل,متصلاً,,exact,exact,social
WMT_4680,Terminology Substitution,ولا,أم,حقيقة مضحكة: أنا بستخدم دمج ping في Home Assistance لمتابعة إذا كان متصل بالإنترنت ولا لا.,حقيقة مضحكة: أنا استخدم إدماج بينج في Home Assistance لمراقبة إذا كان متصلاً بالإنترنت أم لا.,Funfact: I'm using the ping integration in Home Assistant to monitor if it's online or not.,1,Minor,4,True,,0.8387096774193549,1.0,0.9604794383049012,0.8681318681318682,1.0,diagnostic,F,A,,,0.55,0.68,1.0,2,1,1,light,ولا,ام,,exact,exact,social
WMT_4689,Terminology Substitution,بدور,العثور,بدور على بديل قريب...,العثور على بديل عما قريب...,Finding an alternative shortly…,1,Minor,4,True,,0.7037037037037037,1.0,0.7610952854156494,0.8095238095238095,1.0,diagnostic,F,A,,,0.55,0.68,1.0,1,0,1,light,بدور,العثور,,exact,exact,social
WMT_4690,Terminology Substitution,ستيكرات,ملصقات,ستيكرات مات جراي مجانية.,ملصقات مات جراي مجانًا.,Free Matt Gray stickers.,1,Minor,4,True,,0.7083333333333333,1.0,0.8457686901092529,0.8823529411764706,1.0,diagnostic,F,A,,,0.55,0.68,1.0,1,0,1,light,ستيكرات,ملصقات,,exact,exact,social
WMT_4691,Terminology Substitution,مجانية.,مجانًا.,ستيكرات مات جراي مجانية.,ملصقات مات جراي مجانًا.,Free Matt Gray stickers.,1,Minor,4,True,,0.7083333333333333,1.0,0.8457686901092529,0.7058823529411764,1.0,diagnostic,F,A,,,0.55,0.68,1.0,1,0,1,light,مجانية.,مجانًا.,,exact,exact,social
WMT_4716,Terminology Substitution,جدًا,حقًا,من الصعب جدًا عدم تصديق إن الرابطة بتطلب من المسؤولين مساعدة ميامي لمن ما تكون ركلة جزاء. #DCU #MLS #mastodonfc,من الصعب حقًا عدم الشراء، إن الدوري يطلب من المسؤولين مساعدة ميامي عندما لا تكون هذه ركلة جزاء. #DCU #MLS #mastodonfc,Really tough not to buy that the league tells officials to help Miami when that’s not a penalty. #DCU #MLS #mastodonfc,1,Minor,4,True,,0.7863247863247863,1.0,0.8313907980918884,0.7964601769911505,1.0,diagnostic,F,A,,,0.55,0.68,1.0,1,0,1,light,جدًا,حقًا,,exact,exact,social
WMT_4717,Terminology Substitution,تصديق,الشراء،,من الصعب جدًا عدم تصديق إن الرابطة بتطلب من المسؤولين مساعدة ميامي لمن ما تكون ركلة جزاء. #DCU #MLS #mastodonfc,من الصعب حقًا عدم الشراء، إن الدوري يطلب من المسؤولين مساعدة ميامي عندما لا تكون هذه ركلة جزاء. #DCU #MLS #mastodonfc,Really tough not to buy that the league tells officials to help Miami when that’s not a penalty. #DCU #MLS #mastodonfc,1,Minor,4,True,,0.7863247863247863,1.0,0.8313907980918884,0.8363636363636364,1.0,diagnostic,F,A,,,0.55,0.68,1.0,1,0,1,light,تصديق,الشراء،,,exact,exact,social
WMT_4729,Spelling Error,كانت,كان,غريب جدًا رؤية كيف إن فريق #DCU يتفاعل مع مباراة من الأفضل نسيانها. كانت بدايتهم واعدة وأحيانًا يؤدون مباريات سيئة. لكنهم بدوا متفوقين مع استمرار المباريات. #MLS #mastodonfc,غريب جدًا رؤية كيف أن فريق #DCU يستجيب لمباراة من الأفضل نسيانها. كان بدايتهم لامعة وأحيانًا تكون المباريات سيئة. لكنهم بدوا متفوقين مع استمرار المباراة. #MLS #mastodonfc,"Very curious to see how this #DCU team responds to a game that's best forgotten. They've had a bright start and sometimes bad games just happen, but they looked completely outclasses as the game went on. #MLS #mastodonfc",1,Minor,21,True,,0.8843930635838151,1.0,0.9835251569747924,0.8875739644970414,1.0,score,F,A,,,0.55,0.78,1.0,1,0,2,light,كانت,كان,,exact,kw_prefix_ك,social
WMT_4730,Terminology Substitution,واعدة,لامعة,غريب جدًا رؤية كيف إن فريق #DCU يتفاعل مع مباراة من الأفضل نسيانها. كانت بدايتهم واعدة وأحيانًا يؤدون مباريات سيئة. لكنهم بدوا متفوقين مع استمرار المباريات. #MLS #mastodonfc,غريب جدًا رؤية كيف أن فريق #DCU يستجيب لمباراة من الأفضل نسيانها. كان بدايتهم لامعة وأحيانًا تكون المباريات سيئة. لكنهم بدوا متفوقين مع استمرار المباراة. #MLS #mastodonfc,"Very curious to see how this #DCU team responds to a game that's best forgotten. They've had a bright start and sometimes bad games just happen, but they looked completely outclasses as the game went on. #MLS #mastodonfc",1,Minor,4,True,,0.8843930635838151,1.0,0.9835251569747924,0.8988095238095238,1.0,diagnostic,F,A,,,0.55,0.68,1.0,1,0,1,light,واعدة,لامعة,,exact,exact,social
WMT_4732,Spelling Error,المباريات.,المباراة.,غريب جدًا رؤية كيف إن فريق #DCU يتفاعل مع مباراة من الأفضل نسيانها. كانت بدايتهم واعدة وأحيانًا يؤدون مباريات سيئة. لكنهم بدوا متفوقين مع استمرار المباريات. #MLS #mastodonfc,غريب جدًا رؤية كيف أن فريق #DCU يستجيب لمباراة من الأفضل نسيانها. كان بدايتهم لامعة وأحيانًا تكون المباريات سيئة. لكنهم بدوا متفوقين مع استمرار المباراة. #MLS #mastodonfc,"Very curious to see how this #DCU team responds to a game that's best forgotten. They've had a bright start and sometimes bad games just happen, but they looked completely outclasses as the game went on. #MLS #mastodonfc",1,Minor,21,True,,0.8843930635838151,1.0,0.9835251569747924,0.8895705521472392,1.0,score,F,A,,,0.55,0.78,1.0,2,1,1,light,المباريات.,المباراة.,,kw_prefix_ال,exact,social
WMT_4744,Terminology Substitution,يجب,ينبغي,أخيرًا البطارية فصلت شحن. نجحت في تحريكها مع إزالة آخر برغي، لكن يجب معالجة ذا البرغي. وذي مهمتي في الصباح.,أخيرًا نفد شحن البطارية. نجحت في تحريكها مع إزالة آخر برغي لازم، لكن ينبغي معالجة هذا البرغي. إنها مهمة الغد صباحًا.,"Finally the battery is out. Managed to wiggle it out w/o removing the last screw needed, but that screw will need dealing with. Tomorrow morning's task.",1,Minor,4,True,,0.6724137931034483,1.0,0.942119002342224,0.6846846846846847,1.0,diagnostic,F,A,,,0.55,0.68,1.0,1,0,1,light,يجب,ينبغي,,exact,exact,social
WMT_4745,Terminology Substitution,ذا,هذا,أخيرًا البطارية فصلت شحن. نجحت في تحريكها مع إزالة آخر برغي، لكن يجب معالجة ذا البرغي. وذي مهمتي في الصباح.,أخيرًا نفد شحن البطارية. نجحت في تحريكها مع إزالة آخر برغي لازم، لكن ينبغي معالجة هذا البرغي. إنها مهمة الغد صباحًا.,"Finally the battery is out. Managed to wiggle it out w/o removing the last screw needed, but that screw will need dealing with. Tomorrow morning's task.",1,Minor,4,True,,0.6724137931034483,1.0,0.942119002342224,0.6725663716814159,1.0,diagnostic,F,A,,,0.55,0.68,1.0,1,0,1,light,ذا,هذا,,exact,exact,social
WMT_4750,Terminology Substitution,بس،,بل,هاهاها مش واحد بس، ثلاثة!,هيهيهي ليس واحد بل ثلاثة!,Heheh not one but three!,1,Minor,4,True,,0.6799999999999999,1.0,0.9020995497703552,0.7391304347826086,1.0,diagnostic,F,A,,,0.55,0.68,1.0,1,0,1,light,بس،,بل,,exact,exact,social
WMT_4766,Terminology Substitution,عندي,لدي,أحب يكون عندي نظارة شمسية بالمواصفات ذي لكنهم ما يصنّعونها للغرض ذا 😆 اشتريت نظارات أفياتور الذهبية في واحد من أعياد ميلادي.,أميل لأن يكون لدي نظارة شمسية بهذه المواصفات لكنهم لا يصنعوها لهذا الغرض 😆 لقد اشتريت نظارات أفياتور الذهبية في إحدى نزوات عيد ميلاد.,I’ve been tempted to get sunglasses with prescriptions but they don’t make these for that purpose 😆 I bought the golden aviators on a whim one birthday.,1,Minor,4,True,,0.6992481203007519,1.0,0.9582899808883668,0.7076923076923076,1.0,diagnostic,F,A,,,0.55,0.68,1.0,1,0,1,light,عندي,لدي,,exact,exact,social
WMT_4769,Spelling Error,واحد من أعياد ميلادي.,إحدى نزوات عيد ميلاد.,أحب يكون عندي نظارة شمسية بالمواصفات ذي لكنهم ما يصنّعونها للغرض ذا 😆 اشتريت نظارات أفياتور الذهبية في واحد من أعياد ميلادي.,أميل لأن يكون لدي نظارة شمسية بهذه المواصفات لكنهم لا يصنعوها لهذا الغرض 😆 لقد اشتريت نظارات أفياتور الذهبية في إحدى نزوات عيد ميلاد.,I’ve been tempted to get sunglasses with prescriptions but they don’t make these for that purpose 😆 I bought the golden aviators on a whim one birthday.,1,Minor,21,True,,0.6992481203007519,1.0,0.9582899808883668,0.7410714285714286,1.0,score,F,A,,,0.55,0.78,1.0,1,0,1,light,واحد من اعياد ميلادي.,احدي نزوات عيد ميلاد.,,exact_seq,exact_seq,social
WMT_4778,Spelling Error,اتمنالي,تمنوا لي,اتمنالي التوفيق!,تمنوا لي التوفيق!,Wish me luck!,1,Minor,21,True,,0.8235294117647058,1.0,0.9461302161216736,1.0,1.0,score,F,A,,,0.55,0.78,1.0,1,0,1,light,اتمنالي,تمنوا لي,,exact,exact_seq,social
WMT_4815,Terminology Substitution,هنا.,فيه.,*صوت الهاكر* أنا هنا.,*صوت هاكر* أنا فيه.,*hacker voice* I'm in.,1,Minor,4,True,,0.7619047619047619,1.0,0.8447182178497314,0.8823529411764706,1.0,diagnostic,F,A,,,0.55,0.68,1.0,1,0,1,light,هنا.,فيه.,,exact,exact,social
WMT_4830,Terminology Substitution,باقي,بقى,باقي 7 صفحات في الفصل الخامس وهو فصلي المفضل وفي حالة جيدة - أغلب التغييرات في إعداد الكتابة وتعديلات طفيفة للغاية زي المبني للمعلوم والإيجاز. لكن أقدر آخذ استراحة وأشرب فنجان شاهي في حين الرجال قاعد يسوي عمله في مطبخي.,بقى 7 صفحات في الفصل الخامس. لا يزال فصلي المفضل وإنه في حالة جيدة - أغلب التغييرات في إعداد الكتابة وتعديلات طفيفة للغاية على المبني للمعلوم والإيجاز. لكن يمكنني حقًا أخذ استراحة مع تناول كوب شاي والرجل لا يزال يؤدي عمله في مطبخي.,7 pages left in chapter five. Still my fave chapter and it's in pretty good shape - mostly typesetting changes and very minor edits for active voice and conciseness. But I could really do with a break and a cuppa and the dude is still doing things to my kitchen.,1,Minor,4,True,,0.7575757575757576,1.0,0.9404300451278688,0.7631578947368421,1.0,diagnostic,F,A,,,0.55,0.68,1.0,1,0,1,light,باقي,بقي,,exact,exact,social
WMT_4833,Terminology Substitution,زي,على,باقي 7 صفحات في الفصل الخامس وهو فصلي المفضل وفي حالة جيدة - أغلب التغييرات في إعداد الكتابة وتعديلات طفيفة للغاية زي المبني للمعلوم والإيجاز. لكن أقدر آخذ استراحة وأشرب فنجان شاهي في حين الرجال قاعد يسوي عمله في مطبخي.,بقى 7 صفحات في الفصل الخامس. لا يزال فصلي المفضل وإنه في حالة جيدة - أغلب التغييرات في إعداد الكتابة وتعديلات طفيفة للغاية على المبني للمعلوم والإيجاز. لكن يمكنني حقًا أخذ استراحة مع تناول كوب شاي والرجل لا يزال يؤدي عمله في مطبخي.,7 pages left in chapter five. Still my fave chapter and it's in pretty good shape - mostly typesetting changes and very minor edits for active voice and conciseness. But I could really do with a break and a cuppa and the dude is still doing things to my kitchen.,1,Minor,4,True,,0.7575757575757576,1.0,0.9404300451278688,0.7675438596491229,1.0,diagnostic,F,A,,,0.55,0.68,1.0,1,0,1,light,زي,علي,,exact,exact,social
WMT_4845,Terminology Substitution,زالت,تزال,أفضل جزء في منصة The Stack حق Hugging Face هو إن معظم اتفاقيات إعادة الشراء اللي اتعرضت عليا، كانت ولا زالت اتفاقيات خاصة.,"إن أفضل جزء في ""The Stack"" الخاص بـ Hugging Face هو أن معظم اتفاقيات إعادة الشراء التي يقدمها لي على شكل قائمة، كانت ولا تزال اتفاقيات خاصة.",The best part of Hugging Face’s “The Stack” is that ~the majority of~ many of the repos it lists for me are — and always have been — private repos.,1,Minor,4,True,,0.7142857142857143,1.0,0.9396014213562012,0.7205882352941176,1.0,diagnostic,F,A,,,0.55,0.68,1.0,1,0,1,light,زالت,تزال,,exact,exact,social
WMT_4847,Terminology Substitution,مثل...,أعجبني...,مثل...,أعجبني...,Like…,1,Minor,4,True,,0.3333333333333333,1.0,0.7050075531005859,0.9,1.0,diagnostic,F,A,,,0.55,0.68,1.0,1,0,1,light,مثل...,اعجبني...,,exact,exact,social
WMT_4907,Terminology Substitution,اللي,الذي,الأمر ماهو مثل الذهاب بالسيارة في جولة يوم الأحد. بل هو أقرب إلى أن يكون رياضة أكثر منه رحلة بحرية في رأيي اللي تبنيته مؤخرًا.,إنه لا يشبه التنقل في سيارة والذهاب في جولة يوم الأحد. بل هو أقرب إلى أن يكون رياضة من كونه رحلة بحرية حسب رأيي الذي تبنيته مؤخرًا.,This isn't like hopping in the car for a Sunday drive stuff. It's closer to a sport than a cruise in my newly initiated opinion.,1,Minor,4,True,,0.7175572519083969,1.0,0.97162926197052,0.7165354330708662,1.0,diagnostic,F,A,,,0.55,0.68,1.0,1,0,1,light,اللي,الذي,,exact,exact,social
WMT_4928,Terminology Substitution,ممتاز,رائع,ممتاز,رائع,Yay,1,Minor,4,True,,0.0,1.0,0.886060893535614,0.9,0.0,diagnostic,F,A,low_mpqs,,0.55,0.68,1.0,1,0,1,light,ممتاز,رائع,,exact,exact,social
WMT_4929,Terminology Substitution,ثاني,آخر,واحد ثاني,واحد آخر,Another one,1,Minor,4,True,,0.5555555555555556,1.0,0.8516668081283569,1.0,1.0,diagnostic,F,A,,,0.55,0.68,1.0,1,0,1,light,ثاني,اخر,,exact,exact,social
WMT_4938,Terminology Substitution,إجازة,عطلة,إجازة سعيدة،,عطلة سعيدة،,"Happy Sunday,",1,Minor,4,True,,0.6666666666666667,1.0,0.9736366868019104,1.0,1.0,diagnostic,F,A,,,0.55,0.68,1.0,1,0,1,light,اجازة,عطلة,,exact,exact,social
WMT_4947,Terminology Substitution,مخطط,جدول,مخطط قواعد الطيران البصرية VFR للرحلة.,جدول قواعد الطيران المرئي للرحلة,The VFR Chart for the trip,1,Minor,4,True,,0.6578947368421053,1.0,0.6835858225822449,0.7352941176470589,1.0,diagnostic,F,A,,,0.55,0.68,1.0,1,0,1,light,مخطط,جدول,,exact,exact,social
WMT_4949,Terminology Substitution,بنات!,أحبائي!,سبت سعيد يا بنات!,يوم سبت سعيد يا أحبائي!,Happy Saturday lovelies!,1,Minor,4,True,,0.6086956521739131,1.0,0.7829630374908447,0.75,1.0,diagnostic,F,A,,,0.55,0.68,1.0,1,0,1,light,بنات!,احبائي!,,exact,exact,social
WMT_4978,Total Omission,عبارات,[OMITTED],ما عليك إلا تحديث عبارات الحشو بين الفقرات يا طويل العمر,"""ما عليك سوى تحديث الحشو بين الفقرات أيها الزعيم""",“brb just updating the padding on paragraphs boss”,1,Minor,1,True,,0.625,1.0,0.6388240456581116,0.7,1.0,diagnostic,F,A,,,0.55,0.5,0.8,1,0,0,light,عبارات,[OMITTED],,exact,,social
WMT_4992,Terminology Substitution,كم,كيلومترات,‎@user21 بنسق خلال أيام العمل فقط، علشان كذا متوسط المسافة اللي بنسقها تزيد عن 5 كم يوميًا. وبقسّم المسافة بطرق مختلفة باستخدام مقياس ERG.,@user21 أقوم بالتنسيق خلال أيام العمل فقط، لذا فإنني حتى الآن أبلغ متوسط مسافة تزيد عن 5 كيلومترات يوميًا. وأقسم المسافة بطرق مختلفة. باستخدام مقياس ERG.,"@user21 I only row on weekdays, so I average out to a little over 5K/weekday so far. I break it up in different ways. On an ERG.",1,Minor,4,True,,0.6797385620915033,1.0,0.9382219910621644,0.7083333333333333,1.0,diagnostic,F,A,,,0.55,0.68,1.0,1,0,1,light,كم,كيلومترات,,exact,exact,social
WMT_4993,Terminology Substitution,وبقسّم,وأقسم,‎@user21 بنسق خلال أيام العمل فقط، علشان كذا متوسط المسافة اللي بنسقها تزيد عن 5 كم يوميًا. وبقسّم المسافة بطرق مختلفة باستخدام مقياس ERG.,@user21 أقوم بالتنسيق خلال أيام العمل فقط، لذا فإنني حتى الآن أبلغ متوسط مسافة تزيد عن 5 كيلومترات يوميًا. وأقسم المسافة بطرق مختلفة. باستخدام مقياس ERG.,"@user21 I only row on weekdays, so I average out to a little over 5K/weekday so far. I break it up in different ways. On an ERG.",1,Minor,4,True,,0.6797385620915033,1.0,0.9382219910621644,0.6824324324324325,1.0,diagnostic,F,A,,,0.55,0.68,1.0,1,0,1,light,وبقسّم,واقسم,,exact,exact,social
WMT_4995,Spelling Error,اللي يعنيه ذا..,ما يعني هذا..,ارتفاع جديد غير مسبوق. أعلم اللي يعنيه ذا..,ارتفاع جديد غير مسبوق. أعلم ما يعني هذا..,new ath. i know what that means..,1,Minor,21,True,,0.8604651162790697,1.0,0.9820747971534728,1.0,1.0,score,F,A,,,0.55,0.78,1.0,1,0,1,light,اللي يعنيه ذا..,ما يعني هذا..,,exact_seq,exact_seq,social
WMT_5004,Terminology Substitution,إيه!,أجل!,إيه!,أجل!,yeeee!,1,Minor,4,True,,0.25,1.0,0.785707950592041,0.9,1.0,diagnostic,F,A,,,0.55,0.68,1.0,1,0,1,light,ايه!,اجل!,,exact,exact,social
WMT_5043,Terminology Substitution,الفظيعة,المريعة,فك الدفاية الكهربائية الفظيعة والموقد. وبعدين حط صندوق في المدخنة، واستبدل الجص المنفوخ واصقله. وبعدين ابني دولاب ملابس مثل ما تبي.,أزل المدفأة الكهربائية المريعة والموقد. ثم ضع صندوقًا في المدخنة، واستبدل الجص المنفوخ وقم بصقله. قم ببناء خزانة ملابس مخصصة.,"Remove horrible electric fire and hearth. Box in chimney, replace blown plaster and skim. Build custom wardrobe.",1,Minor,4,True,,0.6564885496183206,1.0,0.8373988270759583,0.6532258064516129,1.0,diagnostic,F,A,,,0.55,0.68,1.0,1,0,1,light,الفظيعة,المريعة,,exact,exact,social
WMT_5060,Total Omission,خلّص,[OMITTED],سويب خلّص تركيب السقف وتغطية الأرض. المفروض ذا يكون آمن أكثر أمانًا للغربان اللي بتحب تبني أعشاشها هناك 🪺,أنهى سويب تركيب السقف وتغطية الأرض. يجب أن يكون هذا أكثر أمانًا للغربان التي تحب بناء أعشاشها هناك 🪺,Sweep has done the capping and cowling. Should be a bit safer for the rooks that like to nest up there 🪺,1,Minor,1,True,,0.7619047619047619,1.0,0.902896761894226,0.7722772277227723,1.0,diagnostic,F,A,,,0.55,0.5,0.8,1,0,0,light,خلّص,[OMITTED],,exact,,social
WMT_5062,Terminology Substitution,آمن,هذا,سويب خلّص تركيب السقف وتغطية الأرض. المفروض ذا يكون آمن أكثر أمانًا للغربان اللي بتحب تبني أعشاشها هناك 🪺,أنهى سويب تركيب السقف وتغطية الأرض. يجب أن يكون هذا أكثر أمانًا للغربان التي تحب بناء أعشاشها هناك 🪺,Sweep has done the capping and cowling. Should be a bit safer for the rooks that like to nest up there 🪺,1,Minor,4,True,,0.7619047619047619,1.0,0.902896761894226,0.7843137254901961,1.0,diagnostic,F,A,,,0.55,0.68,1.0,1,0,1,light,امن,هذا,,exact,exact,social
WMT_5089,Spelling Error,إلى <body>.,حتى <body>,1. من أول مستند HTML إلى <body>.,1. بداية مستند HTML حتى <body>,1. start of HTML document up to <body>,1,Minor,21,True,,0.71875,1.0,0.891083836555481,0.7142857142857143,1.0,score,F,A,,,0.55,0.78,1.0,1,0,1,light,الي <body>.,حتي <body>,,exact_seq,exact_seq,social
WMT_5092,Terminology Substitution,لين,إلى,بعدها المتصفح يدخل الأقسام من 1 لين 6 اللي فوق القسم 7 في صفحة الويب.,بعدها سيحرص المتصفح على إدراج الأقسام من 1 إلى 6 *فوق* القسم 7 على صفحة الويب.,The browser would then make sure to insert the sections 1 to 6 *above* section 7 on the web page.,1,Minor,4,True,,0.6666666666666667,1.0,0.8727485537528992,0.6933333333333334,1.0,diagnostic,F,A,,,0.55,0.68,1.0,1,0,1,light,لين,الي,,exact,exact,social
WMT_5094,Terminology Substitution,في,على,بعدها المتصفح يدخل الأقسام من 1 لين 6 اللي فوق القسم 7 في صفحة الويب.,بعدها سيحرص المتصفح على إدراج الأقسام من 1 إلى 6 *فوق* القسم 7 على صفحة الويب.,The browser would then make sure to insert the sections 1 to 6 *above* section 7 on the web page.,1,Minor,4,True,,0.6666666666666667,1.0,0.8727485537528992,0.6933333333333334,1.0,diagnostic,F,A,,,0.55,0.68,1.0,1,0,2,light,في,علي,,exact,exact,social
WMT_5117,Terminology Substitution,يعدّل,تصحيح,‎@user22 أها، أبي المتصفح يعدّل ترتيب الـDOM؟,@user22 أوه، هل تريد من المتصفح تصحيح ترتيب DOM؟,"@user22 oh, you want the browser to fix up the DOM order?",1,Minor,4,True,,0.5833333333333333,1.0,0.8442560434341431,0.6511627906976745,1.0,diagnostic,F,A,,,0.55,0.68,1.0,1,0,1,light,يعدّل,تصحيح,,exact,exact,social
WMT_5147,Terminology Substitution,في,خلال,هلا بيكم في مدينة كوزا في إيطاليا. فيه اعتقاد إن كوزا كانت مستعمرة رومانية قديمة. وكان فيه تنقيب في الموقع أربع مرات على الأقل في القرن الماضي. وش فيه للتنقيب عنه إذا كانت كوزا في الأصل موقع روماني؟ هل تم التنقيب في معبد البانثيون في روما؟ لا، لأن معبد البانثيون يقع على نفس مستوى الأرض مع المباني الحديثة الموجودة حوله. وليش حصل كذا؟ لأن البانثيون اتبنى على الأرجح في العصر الروماني. وكمان موجه بالاتجاهات الأصلية تقريبًا، وذا بيشير إلى إنه من المستحيل يكون قديم جدًا.,مرحبًا بكم في مدينة كوزا الإيطالية. يُعتقد أن كوزا كانت مستعمرة رومانية قديمة. وتم التنقيب في الموقع أربع مرات على الأقل خلال القرن الماضي. ماذا هناك للتنقيب عنه إذا كانت كوزا في الأصل موقعًا رومانيًا؟ هل تم التنقيب في معبد البانثيون في روما؟ لا، فحتى البانثيون يقع على نفس مستوى الأرض مع المباني المعاصرة المحيطة به. ولم حصل ذلك؟ لأن البانثيون بُني على الأرجح في العصر الروماني. كما أنه موجه بالاتجاهات الأصلية تقريبًا، مما يشير إلى أنه لا يمكن أن يكون قديمًا جدًا.,"Welcome to Cosa, in Italy. Cosa is believed to be an ancient Roman settlement. The site was excavated at least four times over the last century. What is there to excavate if Cosa is originally a Roman site? Was the Pantheon in Rome excavated? No, the Pantheon is even at the same ground level as the surrounding, contemporary buildings. And why is that? Because the Pantheon was probably built during the Roman era. It is also almost cardinally oriented, which indicates that it cannot be very ancient.",1,Minor,4,True,,0.814498933901919,1.0,0.969838559627533,0.8137044967880086,1.0,diagnostic,F,A,,,0.55,0.68,1.0,11,6,1,light,في,خلال,,exact,exact,speech
WMT_5149,Spelling Error,موقع روماني؟,موقعًا رومانيًا؟,هلا بيكم في مدينة كوزا في إيطاليا. فيه اعتقاد إن كوزا كانت مستعمرة رومانية قديمة. وكان فيه تنقيب في الموقع أربع مرات على الأقل في القرن الماضي. وش فيه للتنقيب عنه إذا كانت كوزا في الأصل موقع روماني؟ هل تم التنقيب في معبد البانثيون في روما؟ لا، لأن معبد البانثيون يقع على نفس مستوى الأرض مع المباني الحديثة الموجودة حوله. وليش حصل كذا؟ لأن البانثيون اتبنى على الأرجح في العصر الروماني. وكمان موجه بالاتجاهات الأصلية تقريبًا، وذا بيشير إلى إنه من المستحيل يكون قديم جدًا.,مرحبًا بكم في مدينة كوزا الإيطالية. يُعتقد أن كوزا كانت مستعمرة رومانية قديمة. وتم التنقيب في الموقع أربع مرات على الأقل خلال القرن الماضي. ماذا هناك للتنقيب عنه إذا كانت كوزا في الأصل موقعًا رومانيًا؟ هل تم التنقيب في معبد البانثيون في روما؟ لا، فحتى البانثيون يقع على نفس مستوى الأرض مع المباني المعاصرة المحيطة به. ولم حصل ذلك؟ لأن البانثيون بُني على الأرجح في العصر الروماني. كما أنه موجه بالاتجاهات الأصلية تقريبًا، مما يشير إلى أنه لا يمكن أن يكون قديمًا جدًا.,"Welcome to Cosa, in Italy. Cosa is believed to be an ancient Roman settlement. The site was excavated at least four times over the last century. What is there to excavate if Cosa is originally a Roman site? Was the Pantheon in Rome excavated? No, the Pantheon is even at the same ground level as the surrounding, contemporary buildings. And why is that? Because the Pantheon was probably built during the Roman era. It is also almost cardinally oriented, which indicates that it cannot be very ancient.",1,Minor,21,True,,0.814498933901919,1.0,0.969838559627533,0.8183807439824945,1.0,score,F,A,,,0.55,0.78,1.0,1,0,1,light,موقع روماني؟,موقعًا رومانيًا؟,,exact_seq,exact_seq,speech
WMT_5152,Terminology Substitution,كذا؟,ذلك؟,هلا بيكم في مدينة كوزا في إيطاليا. فيه اعتقاد إن كوزا كانت مستعمرة رومانية قديمة. وكان فيه تنقيب في الموقع أربع مرات على الأقل في القرن الماضي. وش فيه للتنقيب عنه إذا كانت كوزا في الأصل موقع روماني؟ هل تم التنقيب في معبد البانثيون في روما؟ لا، لأن معبد البانثيون يقع على نفس مستوى الأرض مع المباني الحديثة الموجودة حوله. وليش حصل كذا؟ لأن البانثيون اتبنى على الأرجح في العصر الروماني. وكمان موجه بالاتجاهات الأصلية تقريبًا، وذا بيشير إلى إنه من المستحيل يكون قديم جدًا.,مرحبًا بكم في مدينة كوزا الإيطالية. يُعتقد أن كوزا كانت مستعمرة رومانية قديمة. وتم التنقيب في الموقع أربع مرات على الأقل خلال القرن الماضي. ماذا هناك للتنقيب عنه إذا كانت كوزا في الأصل موقعًا رومانيًا؟ هل تم التنقيب في معبد البانثيون في روما؟ لا، فحتى البانثيون يقع على نفس مستوى الأرض مع المباني المعاصرة المحيطة به. ولم حصل ذلك؟ لأن البانثيون بُني على الأرجح في العصر الروماني. كما أنه موجه بالاتجاهات الأصلية تقريبًا، مما يشير إلى أنه لا يمكن أن يكون قديمًا جدًا.,"Welcome to Cosa, in Italy. Cosa is believed to be an ancient Roman settlement. The site was excavated at least four times over the last century. What is there to excavate if Cosa is originally a Roman site? Was the Pantheon in Rome excavated? No, the Pantheon is even at the same ground level as the surrounding, contemporary buildings. And why is that? Because the Pantheon was probably built during the Roman era. It is also almost cardinally oriented, which indicates that it cannot be very ancient.",1,Minor,4,True,,0.814498933901919,1.0,0.969838559627533,0.8193548387096774,1.0,diagnostic,F,A,,,0.55,0.68,1.0,1,0,1,light,كذا؟,ذلك؟,,exact,exact,speech
WMT_5153,Terminology Substitution,اتبنى,بُني,هلا بيكم في مدينة كوزا في إيطاليا. فيه اعتقاد إن كوزا كانت مستعمرة رومانية قديمة. وكان فيه تنقيب في الموقع أربع مرات على الأقل في القرن الماضي. وش فيه للتنقيب عنه إذا كانت كوزا في الأصل موقع روماني؟ هل تم التنقيب في معبد البانثيون في روما؟ لا، لأن معبد البانثيون يقع على نفس مستوى الأرض مع المباني الحديثة الموجودة حوله. وليش حصل كذا؟ لأن البانثيون اتبنى على الأرجح في العصر الروماني. وكمان موجه بالاتجاهات الأصلية تقريبًا، وذا بيشير إلى إنه من المستحيل يكون قديم جدًا.,مرحبًا بكم في مدينة كوزا الإيطالية. يُعتقد أن كوزا كانت مستعمرة رومانية قديمة. وتم التنقيب في الموقع أربع مرات على الأقل خلال القرن الماضي. ماذا هناك للتنقيب عنه إذا كانت كوزا في الأصل موقعًا رومانيًا؟ هل تم التنقيب في معبد البانثيون في روما؟ لا، فحتى البانثيون يقع على نفس مستوى الأرض مع المباني المعاصرة المحيطة به. ولم حصل ذلك؟ لأن البانثيون بُني على الأرجح في العصر الروماني. كما أنه موجه بالاتجاهات الأصلية تقريبًا، مما يشير إلى أنه لا يمكن أن يكون قديمًا جدًا.,"Welcome to Cosa, in Italy. Cosa is believed to be an ancient Roman settlement. The site was excavated at least four times over the last century. What is there to excavate if Cosa is originally a Roman site? Was the Pantheon in Rome excavated? No, the Pantheon is even at the same ground level as the surrounding, contemporary buildings. And why is that? Because the Pantheon was probably built during the Roman era. It is also almost cardinally oriented, which indicates that it cannot be very ancient.",1,Minor,4,True,,0.814498933901919,1.0,0.969838559627533,0.8211206896551724,1.0,diagnostic,F,A,,,0.55,0.68,1.0,1,0,1,light,اتبني,بُني,,exact,exact,speech
WMT_5157,Spelling Error,قديم,قديمًا,هلا بيكم في مدينة كوزا في إيطاليا. فيه اعتقاد إن كوزا كانت مستعمرة رومانية قديمة. وكان فيه تنقيب في الموقع أربع مرات على الأقل في القرن الماضي. وش فيه للتنقيب عنه إذا كانت كوزا في الأصل موقع روماني؟ هل تم التنقيب في معبد البانثيون في روما؟ لا، لأن معبد البانثيون يقع على نفس مستوى الأرض مع المباني الحديثة الموجودة حوله. وليش حصل كذا؟ لأن البانثيون اتبنى على الأرجح في العصر الروماني. وكمان موجه بالاتجاهات الأصلية تقريبًا، وذا بيشير إلى إنه من المستحيل يكون قديم جدًا.,مرحبًا بكم في مدينة كوزا الإيطالية. يُعتقد أن كوزا كانت مستعمرة رومانية قديمة. وتم التنقيب في الموقع أربع مرات على الأقل خلال القرن الماضي. ماذا هناك للتنقيب عنه إذا كانت كوزا في الأصل موقعًا رومانيًا؟ هل تم التنقيب في معبد البانثيون في روما؟ لا، فحتى البانثيون يقع على نفس مستوى الأرض مع المباني المعاصرة المحيطة به. ولم حصل ذلك؟ لأن البانثيون بُني على الأرجح في العصر الروماني. كما أنه موجه بالاتجاهات الأصلية تقريبًا، مما يشير إلى أنه لا يمكن أن يكون قديمًا جدًا.,"Welcome to Cosa, in Italy. Cosa is believed to be an ancient Roman settlement. The site was excavated at least four times over the last century. What is there to excavate if Cosa is originally a Roman site? Was the Pantheon in Rome excavated? No, the Pantheon is even at the same ground level as the surrounding, contemporary buildings. And why is that? Because the Pantheon was probably built during the Roman era. It is also almost cardinally oriented, which indicates that it cannot be very ancient.",1,Minor,21,True,,0.814498933901919,1.0,0.969838559627533,0.8,1.0,score,F,A,,,0.55,0.78,1.0,2,1,1,light,قديم,قديمًا,,suffix_ة,exact,speech
WMT_5181,Terminology Substitution,ذا,إنه,ذا مشروع سهل بشكل مبالغ فيه. على سبيل المثال، مو من الصعب مطابقة الأشياء معًا. وذا هو أجمل ما في المشروع. تمام، انتهينا؟ الآن راح أبدأ بذي الطريقة. راح أضع الغراء على طول الطريق وأعمل على جانب واحد في كل مرة. حنّا نبدأ الحين. أمرره فوق القصدير مباشرةً، وفوق الحافة... القصدير، الحافة. يا الله. راح آخذ ذا أحرّكه على طول الطريق.,إنه مشروع سهل للغاية، على نحو مدهش. مثلاً، ليس من الصعب مطابقة الأشياء معًا. لذا هذا هو أجمل ما في المشروع. حسنًا إذاً لقد انتهينا أليس كذلك؟ فالآن سأبدأ بهذه الطريقة. فقط سأقوم بوضع الغراء على طول الطريق وأعمل على جانب واحد في كل مرة. ها نحن نبدأ. أقوم بتمريره فوق القصدير مباشرةً، وفوق الحافة... القصدير، الحافة. يا إلهي. إذًا سآخذ هذا وأقوم بتحريكه على طول الطريق.,"This is a super, super easy project, surprisingly. Like, it's not hard to match things up. So that's the nice thing about this project. Okay, so that's down, right? So now I'm going to start this way. I'm just going to run the glue all the way around and do one side at a time. So here we go. I'm running it right above the tin, the rin... the rim tin. Jeez. So I'm just going to take this and move it along.",1,Minor,4,True,,0.7138964577656676,1.0,0.967337131500244,0.7197802197802198,1.0,diagnostic,F,A,,,0.55,0.68,1.0,3,1,1,light,ذا,انه,,exact,exact,speech
WMT_5216,Terminology Substitution,اللي,الذي,كان المكان اللي أقف فيه هو قاع البحر الداخلي الغربي، من حوالي 85 مليون عام. مايك إيفرهارت واحد من أبرز الخبراء على مستوى العالم في مجال دراسة السحالي المائية. كان الأفق عبارة عن محيط ممتد إلى أقصى حد يمكن تشوفونه، امتد الممر البحري إلى مئات الأميال من المكان اللي واقفين فيه. في الوقت الحالي، المناخ أصبح أكثر دفئًا، علشان كذا ما في أغطية جليدية قطبية.,كان المكان الذي أقف فيه هو قاع البحر الداخلي الغربي، منذ حوالي 85 مليون عام. مايك إيفرهارت واحد من أبرز الخبراء الرائدين على مستوى العالم في مجال دراسة السحالي المائية. كان الأفق عبارة عن محيط ممتد إلى أقصى حد يمكنكم رؤيته، حيث امتد الممر البحري إلى مئات الأميال من المكان الذي نقف فيه. في الوقت الحالي، أصبح المناخ أكثر دفئًا، لذا لا توجد أغطية جليدية قطبية.,"Where I'm standing would have been the bottom of the Western Interior Sea, about 85 million years ago. Mike Everhart is one of the world's leading experts on Mosasaurs. The horizon would have been ocean for as far as you could see, that the seaway stretched for hundreds of miles from where we're standing. At this time, the climate is warmer, so there are no polar ice caps.",1,Minor,4,True,,0.8690807799442897,1.0,0.9871202707290648,0.8704225352112676,1.0,diagnostic,F,A,,,0.55,0.68,1.0,2,0,2,light,اللي,الذي,,exact,exact,speech
WMT_5217,Terminology Substitution,من,منذ,كان المكان اللي أقف فيه هو قاع البحر الداخلي الغربي، من حوالي 85 مليون عام. مايك إيفرهارت واحد من أبرز الخبراء على مستوى العالم في مجال دراسة السحالي المائية. كان الأفق عبارة عن محيط ممتد إلى أقصى حد يمكن تشوفونه، امتد الممر البحري إلى مئات الأميال من المكان اللي واقفين فيه. في الوقت الحالي، المناخ أصبح أكثر دفئًا، علشان كذا ما في أغطية جليدية قطبية.,كان المكان الذي أقف فيه هو قاع البحر الداخلي الغربي، منذ حوالي 85 مليون عام. مايك إيفرهارت واحد من أبرز الخبراء الرائدين على مستوى العالم في مجال دراسة السحالي المائية. كان الأفق عبارة عن محيط ممتد إلى أقصى حد يمكنكم رؤيته، حيث امتد الممر البحري إلى مئات الأميال من المكان الذي نقف فيه. في الوقت الحالي، أصبح المناخ أكثر دفئًا، لذا لا توجد أغطية جليدية قطبية.,"Where I'm standing would have been the bottom of the Western Interior Sea, about 85 million years ago. Mike Everhart is one of the world's leading experts on Mosasaurs. The horizon would have been ocean for as far as you could see, that the seaway stretched for hundreds of miles from where we're standing. At this time, the climate is warmer, so there are no polar ice caps.",1,Minor,4,True,,0.8690807799442897,1.0,0.9871202707290648,0.8707865168539326,1.0,diagnostic,F,A,,,0.55,0.68,1.0,3,2,1,light,من,منذ,,exact,exact,speech
WMT_5228,Terminology Substitution,عن,في,راح نتكلم اليوم عن دفاع بن أفليك عن مقابلة. غريغ، ليش ما تكلمنا عن مقطع الفيديو اللي راح نشوفه. إيه، قبل أسبوعين، بن أفليك سوى مقابلة مدتها ساعتان مع هوارد ستيرن. اتكلم عن انفصاله عن زوجته السابقة وعائلته، ومعاناته من تبعات ذي الانفصال. رحبوا معانا ببن أفليك!,سنتحدث اليوم عن دفاع بن أفليك في مقابلة. غريغ، لم لا تحدثنا عن مقطع الفيديو الذي سنشاهده. نعم، إذًا قبل أسبوعين، أجرى بن أفليك مقابلة مدتها ساعتان مع هوارد ستيرن. تحدث عن انفصاله عن زوجته السابقة وعائلته، وعانى من بعض تبعاته. إذًا ها نحن أولاء، وها هو ذا، إنه بن أفليك!,"Today we're going to talk about Ben Affleck defending an interview. Greg, why don't you to tell us about the video we're going to watch. Yeah, so a couple of weeks ago, Ben Affleck went on a two-hour interview with Howard Stern. He talked about his breakup with his ex-wife and family, and he had some fallout from it, so here we go. Here he is, Ben Affleck!",1,Minor,4,True,,0.7063197026022305,1.0,0.9689520597457886,0.696629213483146,1.0,diagnostic,F,A,,,0.55,0.68,1.0,5,4,1,light,عن,في,,exact,exact,speech
WMT_5231,Total Omission,سوى,[OMITTED],راح نتكلم اليوم عن دفاع بن أفليك عن مقابلة. غريغ، ليش ما تكلمنا عن مقطع الفيديو اللي راح نشوفه. إيه، قبل أسبوعين، بن أفليك سوى مقابلة مدتها ساعتان مع هوارد ستيرن. اتكلم عن انفصاله عن زوجته السابقة وعائلته، ومعاناته من تبعات ذي الانفصال. رحبوا معانا ببن أفليك!,سنتحدث اليوم عن دفاع بن أفليك في مقابلة. غريغ، لم لا تحدثنا عن مقطع الفيديو الذي سنشاهده. نعم، إذًا قبل أسبوعين، أجرى بن أفليك مقابلة مدتها ساعتان مع هوارد ستيرن. تحدث عن انفصاله عن زوجته السابقة وعائلته، وعانى من بعض تبعاته. إذًا ها نحن أولاء، وها هو ذا، إنه بن أفليك!,"Today we're going to talk about Ben Affleck defending an interview. Greg, why don't you to tell us about the video we're going to watch. Yeah, so a couple of weeks ago, Ben Affleck went on a two-hour interview with Howard Stern. He talked about his breakup with his ex-wife and family, and he had some fallout from it, so here we go. Here he is, Ben Affleck!",1,Minor,1,True,,0.7063197026022305,1.0,0.9689520597457886,0.7174721189591078,1.0,diagnostic,F,A,,,0.55,0.5,0.8,1,0,0,light,سوي,[OMITTED],,exact,,speech
WMT_5232,Terminology Substitution,اتكلم,تحدث,راح نتكلم اليوم عن دفاع بن أفليك عن مقابلة. غريغ، ليش ما تكلمنا عن مقطع الفيديو اللي راح نشوفه. إيه، قبل أسبوعين، بن أفليك سوى مقابلة مدتها ساعتان مع هوارد ستيرن. اتكلم عن انفصاله عن زوجته السابقة وعائلته، ومعاناته من تبعات ذي الانفصال. رحبوا معانا ببن أفليك!,سنتحدث اليوم عن دفاع بن أفليك في مقابلة. غريغ، لم لا تحدثنا عن مقطع الفيديو الذي سنشاهده. نعم، إذًا قبل أسبوعين، أجرى بن أفليك مقابلة مدتها ساعتان مع هوارد ستيرن. تحدث عن انفصاله عن زوجته السابقة وعائلته، وعانى من بعض تبعاته. إذًا ها نحن أولاء، وها هو ذا، إنه بن أفليك!,"Today we're going to talk about Ben Affleck defending an interview. Greg, why don't you to tell us about the video we're going to watch. Yeah, so a couple of weeks ago, Ben Affleck went on a two-hour interview with Howard Stern. He talked about his breakup with his ex-wife and family, and he had some fallout from it, so here we go. Here he is, Ben Affleck!",1,Minor,4,True,,0.7063197026022305,1.0,0.9689520597457886,0.6981132075471699,1.0,diagnostic,F,A,,,0.55,0.68,1.0,1,0,1,light,اتكلم,تحدث,,exact,exact,speech
WMT_5233,Terminology Substitution,ومعاناته,وعانى,راح نتكلم اليوم عن دفاع بن أفليك عن مقابلة. غريغ، ليش ما تكلمنا عن مقطع الفيديو اللي راح نشوفه. إيه، قبل أسبوعين، بن أفليك سوى مقابلة مدتها ساعتان مع هوارد ستيرن. اتكلم عن انفصاله عن زوجته السابقة وعائلته، ومعاناته من تبعات ذي الانفصال. رحبوا معانا ببن أفليك!,سنتحدث اليوم عن دفاع بن أفليك في مقابلة. غريغ، لم لا تحدثنا عن مقطع الفيديو الذي سنشاهده. نعم، إذًا قبل أسبوعين، أجرى بن أفليك مقابلة مدتها ساعتان مع هوارد ستيرن. تحدث عن انفصاله عن زوجته السابقة وعائلته، وعانى من بعض تبعاته. إذًا ها نحن أولاء، وها هو ذا، إنه بن أفليك!,"Today we're going to talk about Ben Affleck defending an interview. Greg, why don't you to tell us about the video we're going to watch. Yeah, so a couple of weeks ago, Ben Affleck went on a two-hour interview with Howard Stern. He talked about his breakup with his ex-wife and family, and he had some fallout from it, so here we go. Here he is, Ben Affleck!",1,Minor,4,True,,0.7063197026022305,1.0,0.9689520597457886,0.7159090909090908,1.0,diagnostic,F,A,,,0.55,0.68,1.0,1,0,1,light,ومعاناته,وعاني,,exact,exact,speech
WMT_5240,Terminology Substitution,يحصل,يحدث,"الحين بتشوفون إن أي شيء يحصل وراء الكواليس ما هو بمهم لأن العرض راح يستمر. فيه هنا تعليق من لافلي ليتش تقول فيه إن الفيديو عجبها جدًا. وكتبت ""حبيت الأشياء اللي صارت خلف الكواليس، مثل السفر إلى المهرجان، والجو هناك، والطعام وما إلى ذلك. يوم في حياتكم، إن جاز التعبير"". كويس، أتمنى إن هذا الفيديو يكون نال إعجابكم وراح نعرض لكم المزيد حسب ما نقدر. جه وقت الغدا، وديب يحضر البيض المقلي. والخدعة هنا هي إضافة صفار بيض زياد له.","والآن ترون أن أي شيء يحدث وراء الكواليس ليس مهمًا لأن العرض سوف يستمر. ولدي هنا تعليق من لافلي ليتش تقول فيه إن الفيديو أعجبها كثيرًا. حيث كتبت /""أحببت الأشياء التي حدثت خلف الكواليس، مثل السفر إلى المهرجان، والجو هناك، والطعام وما إلى ذلك. يوم في حياتكم، إذا صح التعبير""/. حسنًا آمل أن يكون هذا الفيديو قد نال إعجابكم وسنعرض لكم المزيد قدر الإمكان. إذن حان الآن وقت الغداء، وها هو ديب يحضر بعض البيض المخفوق. والخدعة هنا هي إضافة المزيد من صفار البيض إليه.","And now you see that whatever happens backstage, it doesn't matter because the show will go on. And I got a comment from Lovely Lych that she really liked the video. And she writes, ""I liked the behind-the-scenes things, like traveling to the festival, the atmosphere there, the food and stuff. A day in your life, so to speak."" So I hope you liked this video and we'll show you as much as possible. So now it's time for lunch, and Deep is making some scrambled eggs. And the trick here is to add an extra egg yolk to it.",1,Minor,4,True,,0.7352297592997812,1.0,0.9564242959022522,0.7373068432671082,1.0,diagnostic,F,A,,,0.55,0.68,1.0,1,0,1,light,يحصل,يحدث,,exact,exact,speech
WMT_5242,Terminology Substitution,راح,سوف,"الحين بتشوفون إن أي شيء يحصل وراء الكواليس ما هو بمهم لأن العرض راح يستمر. فيه هنا تعليق من لافلي ليتش تقول فيه إن الفيديو عجبها جدًا. وكتبت ""حبيت الأشياء اللي صارت خلف الكواليس، مثل السفر إلى المهرجان، والجو هناك، والطعام وما إلى ذلك. يوم في حياتكم، إن جاز التعبير"". كويس، أتمنى إن هذا الفيديو يكون نال إعجابكم وراح نعرض لكم المزيد حسب ما نقدر. جه وقت الغدا، وديب يحضر البيض المقلي. والخدعة هنا هي إضافة صفار بيض زياد له.","والآن ترون أن أي شيء يحدث وراء الكواليس ليس مهمًا لأن العرض سوف يستمر. ولدي هنا تعليق من لافلي ليتش تقول فيه إن الفيديو أعجبها كثيرًا. حيث كتبت /""أحببت الأشياء التي حدثت خلف الكواليس، مثل السفر إلى المهرجان، والجو هناك، والطعام وما إلى ذلك. يوم في حياتكم، إذا صح التعبير""/. حسنًا آمل أن يكون هذا الفيديو قد نال إعجابكم وسنعرض لكم المزيد قدر الإمكان. إذن حان الآن وقت الغداء، وها هو ديب يحضر بعض البيض المخفوق. والخدعة هنا هي إضافة المزيد من صفار البيض إليه.","And now you see that whatever happens backstage, it doesn't matter because the show will go on. And I got a comment from Lovely Lych that she really liked the video. And she writes, ""I liked the behind-the-scenes things, like traveling to the festival, the atmosphere there, the food and stuff. A day in your life, so to speak."" So I hope you liked this video and we'll show you as much as possible. So now it's time for lunch, and Deep is making some scrambled eggs. And the trick here is to add an extra egg yolk to it.",1,Minor,4,True,,0.7352297592997812,1.0,0.9564242959022522,0.7400881057268722,1.0,diagnostic,F,A,,,0.55,0.68,1.0,2,0,1,light,راح,سوف,,exact,exact,speech
WMT_5243,Terminology Substitution,فيه,ولدي,"الحين بتشوفون إن أي شيء يحصل وراء الكواليس ما هو بمهم لأن العرض راح يستمر. فيه هنا تعليق من لافلي ليتش تقول فيه إن الفيديو عجبها جدًا. وكتبت ""حبيت الأشياء اللي صارت خلف الكواليس، مثل السفر إلى المهرجان، والجو هناك، والطعام وما إلى ذلك. يوم في حياتكم، إن جاز التعبير"". كويس، أتمنى إن هذا الفيديو يكون نال إعجابكم وراح نعرض لكم المزيد حسب ما نقدر. جه وقت الغدا، وديب يحضر البيض المقلي. والخدعة هنا هي إضافة صفار بيض زياد له.","والآن ترون أن أي شيء يحدث وراء الكواليس ليس مهمًا لأن العرض سوف يستمر. ولدي هنا تعليق من لافلي ليتش تقول فيه إن الفيديو أعجبها كثيرًا. حيث كتبت /""أحببت الأشياء التي حدثت خلف الكواليس، مثل السفر إلى المهرجان، والجو هناك، والطعام وما إلى ذلك. يوم في حياتكم، إذا صح التعبير""/. حسنًا آمل أن يكون هذا الفيديو قد نال إعجابكم وسنعرض لكم المزيد قدر الإمكان. إذن حان الآن وقت الغداء، وها هو ديب يحضر بعض البيض المخفوق. والخدعة هنا هي إضافة المزيد من صفار البيض إليه.","And now you see that whatever happens backstage, it doesn't matter because the show will go on. And I got a comment from Lovely Lych that she really liked the video. And she writes, ""I liked the behind-the-scenes things, like traveling to the festival, the atmosphere there, the food and stuff. A day in your life, so to speak."" So I hope you liked this video and we'll show you as much as possible. So now it's time for lunch, and Deep is making some scrambled eggs. And the trick here is to add an extra egg yolk to it.",1,Minor,4,True,,0.7352297592997812,1.0,0.9564242959022522,0.7417218543046358,1.0,diagnostic,F,A,,,0.55,0.68,1.0,3,2,1,light,فيه,ولدي,,exact,exact,speech
WMT_5249,Spelling Error,الغدا، وديب,الغداء، وها هو ديب,"الحين بتشوفون إن أي شيء يحصل وراء الكواليس ما هو بمهم لأن العرض راح يستمر. فيه هنا تعليق من لافلي ليتش تقول فيه إن الفيديو عجبها جدًا. وكتبت ""حبيت الأشياء اللي صارت خلف الكواليس، مثل السفر إلى المهرجان، والجو هناك، والطعام وما إلى ذلك. يوم في حياتكم، إن جاز التعبير"". كويس، أتمنى إن هذا الفيديو يكون نال إعجابكم وراح نعرض لكم المزيد حسب ما نقدر. جه وقت الغدا، وديب يحضر البيض المقلي. والخدعة هنا هي إضافة صفار بيض زياد له.","والآن ترون أن أي شيء يحدث وراء الكواليس ليس مهمًا لأن العرض سوف يستمر. ولدي هنا تعليق من لافلي ليتش تقول فيه إن الفيديو أعجبها كثيرًا. حيث كتبت /""أحببت الأشياء التي حدثت خلف الكواليس، مثل السفر إلى المهرجان، والجو هناك، والطعام وما إلى ذلك. يوم في حياتكم، إذا صح التعبير""/. حسنًا آمل أن يكون هذا الفيديو قد نال إعجابكم وسنعرض لكم المزيد قدر الإمكان. إذن حان الآن وقت الغداء، وها هو ديب يحضر بعض البيض المخفوق. والخدعة هنا هي إضافة المزيد من صفار البيض إليه.","And now you see that whatever happens backstage, it doesn't matter because the show will go on. And I got a comment from Lovely Lych that she really liked the video. And she writes, ""I liked the behind-the-scenes things, like traveling to the festival, the atmosphere there, the food and stuff. A day in your life, so to speak."" So I hope you liked this video and we'll show you as much as possible. So now it's time for lunch, and Deep is making some scrambled eggs. And the trick here is to add an extra egg yolk to it.",1,Minor,21,True,,0.7352297592997812,1.0,0.9564242959022522,0.7403189066059226,1.0,score,F,A,,,0.55,0.78,1.0,1,0,1,light,الغدا، وديب,الغداء، وها هو ديب,,exact_seq,exact_seq,speech
WMT_5250,Terminology Substitution,المقلي.,المخفوق.,"الحين بتشوفون إن أي شيء يحصل وراء الكواليس ما هو بمهم لأن العرض راح يستمر. فيه هنا تعليق من لافلي ليتش تقول فيه إن الفيديو عجبها جدًا. وكتبت ""حبيت الأشياء اللي صارت خلف الكواليس، مثل السفر إلى المهرجان، والجو هناك، والطعام وما إلى ذلك. يوم في حياتكم، إن جاز التعبير"". كويس، أتمنى إن هذا الفيديو يكون نال إعجابكم وراح نعرض لكم المزيد حسب ما نقدر. جه وقت الغدا، وديب يحضر البيض المقلي. والخدعة هنا هي إضافة صفار بيض زياد له.","والآن ترون أن أي شيء يحدث وراء الكواليس ليس مهمًا لأن العرض سوف يستمر. ولدي هنا تعليق من لافلي ليتش تقول فيه إن الفيديو أعجبها كثيرًا. حيث كتبت /""أحببت الأشياء التي حدثت خلف الكواليس، مثل السفر إلى المهرجان، والجو هناك، والطعام وما إلى ذلك. يوم في حياتكم، إذا صح التعبير""/. حسنًا آمل أن يكون هذا الفيديو قد نال إعجابكم وسنعرض لكم المزيد قدر الإمكان. إذن حان الآن وقت الغداء، وها هو ديب يحضر بعض البيض المخفوق. والخدعة هنا هي إضافة المزيد من صفار البيض إليه.","And now you see that whatever happens backstage, it doesn't matter because the show will go on. And I got a comment from Lovely Lych that she really liked the video. And she writes, ""I liked the behind-the-scenes things, like traveling to the festival, the atmosphere there, the food and stuff. A day in your life, so to speak."" So I hope you liked this video and we'll show you as much as possible. So now it's time for lunch, and Deep is making some scrambled eggs. And the trick here is to add an extra egg yolk to it.",1,Minor,4,True,,0.7352297592997812,1.0,0.9564242959022522,0.7394209354120267,1.0,diagnostic,F,A,,,0.55,0.68,1.0,1,0,1,light,المقلي.,المخفوق.,,exact,exact,speech
WMT_5284,Terminology Substitution,ممتاز!,رائع!,أليكسا، شغلي أغنية It's My Party and I'll Cry if I Want To. نبي ننبسط. أليكسا، شغلي أغنية It's My Party and I'll cry if I Want To. You'd cry too if it happened to you. ممتاز! أليكسا، شغلي أغنية Midnight Train!,أليكسا، شغلي أغنية It's My Party and I'll Cry if I Want To. بو، بو، هيا ندور حول بعضنا البعض. أليكسا، شغلي أغنية It's My Party and I'll cry if I Want To. You'd cry too if it happened to you. رائع! أليكسا، شغلي أغنية Midnight Train!,"Alexa, play It's My Party and I'll Cry if I Want To. Bo, Bo, we gotta spin around. Alexa, play It's My Party and I'll Cry if I Want To. You'd cry too if it happened to you. Woo! Alexa, play Midnight Train!",1,Minor,4,True,,0.8658008658008658,1.0,0.9436300992965698,0.8849557522123894,1.0,diagnostic,F,A,,,0.55,0.68,1.0,1,0,1,light,ممتاز!,رائع!,,exact,exact,speech
WMT_5314,Terminology Substitution,لأنك,لكونك,الحين، وحنّا نتكم عن النجوم، يبدو أن هوارد جونز هو ضيف خاص يؤدي معك أغنية ثنائية في الألبوم، في أغنية I Made a Case، من اللي كان الداعم الأكبر لموسيقاك؟ وهل كان محض صدفة ظهوره في الأغنية؟ حسب ما بلغني كان عليك إعادة الشريط لأنك لم ترغب في وجود شيء يعوق ظهور صوتكم أثناء رواية القصة.,الآن، بالحديث عن النجوم، يبدو أن هوارد جونز هو ضيف خاص يؤدي معك أغنية ثنائية في الألبوم، في أغنية I Made a Case، من الذي قدم لك التشجيع الأكبر في موسيقاك؟ وهل كان محض صدفة أن يظهر في الأغنية؟ فكما سمعتُ كان عليك إعادة الشريط لكونك لم ترغب في وجود شيء يعوق ظهور أصواتكما أثناء رواية القصة.,"Now, talking about stars, Howard Jones appears as a special guest vocalist in a duet with you on the album, on the track, I Made a Case, who has offered you so much encouragement with your music. Was it by chance that he happened to appear on the track? As I hear you had to strip back the track, as didn't want anything being in the way of your voices telling the story.",1,Minor,4,True,,0.8402777777777778,1.0,0.9723445177078248,0.8445229681978799,1.0,diagnostic,F,A,,,0.55,0.68,1.0,1,0,1,light,لانك,لكونك,,exact,exact,speech
WMT_5315,Spelling Error,صوتكم,أصواتكما,الحين، وحنّا نتكم عن النجوم، يبدو أن هوارد جونز هو ضيف خاص يؤدي معك أغنية ثنائية في الألبوم، في أغنية I Made a Case، من اللي كان الداعم الأكبر لموسيقاك؟ وهل كان محض صدفة ظهوره في الأغنية؟ حسب ما بلغني كان عليك إعادة الشريط لأنك لم ترغب في وجود شيء يعوق ظهور صوتكم أثناء رواية القصة.,الآن، بالحديث عن النجوم، يبدو أن هوارد جونز هو ضيف خاص يؤدي معك أغنية ثنائية في الألبوم، في أغنية I Made a Case، من الذي قدم لك التشجيع الأكبر في موسيقاك؟ وهل كان محض صدفة أن يظهر في الأغنية؟ فكما سمعتُ كان عليك إعادة الشريط لكونك لم ترغب في وجود شيء يعوق ظهور أصواتكما أثناء رواية القصة.,"Now, talking about stars, Howard Jones appears as a special guest vocalist in a duet with you on the album, on the track, I Made a Case, who has offered you so much encouragement with your music. Was it by chance that he happened to appear on the track? As I hear you had to strip back the track, as didn't want anything being in the way of your voices telling the story.",1,Minor,21,True,,0.8402777777777778,1.0,0.9723445177078248,0.8464285714285714,1.0,score,F,A,,,0.55,0.78,1.0,1,0,1,light,صوتكم,اصواتكما,,exact,exact,speech
WMT_5328,Spelling Error,وهلا,وأهلاً,هلا متابعي Psych2Goers وهلا بكم من جديد في قناتنا. شكرًا جزيلاً لكل الحب اللي حبتوه لنا. ساعدنا دعمكم المستمر في تسهيل علم النفس والصحة العقلية للجميع. والآن خلونا نكمل. كلنا سوينا شيئ مدمر للذات في وقت ما من حياتنا. في معظم الأحيان ما كان الأمر مقصود وما اتحول لعادة. السلوكيات المدمرة للذات هي اللي من المؤكد أنها راح تؤذيك جسديًا أو عقليًا. ربما يكون ذا غير مقصود، وقد تكون مُدرك وش قاعد تسوي بالضبط. لكن الرغبة قوية جدًا ما إنت بقادر تسيطر عليها. وفي النهاية قد تظهر المشاكل لمن يصير هالسلوك معتاد. علشان ذا، ذي سبع سلوكيات شائعة للشخص اللي بيدمر نفسه.,مرحبًا يا متابعي Psych2Goers وأهلاً بكم من جديد في قناتنا. شكرًا جزيلاً لكل الحب الذي منحتمونا إياه. لقد ساعدنا دعمكم المستمر في جعل علم النفس والصحة العقلية أكثر سهولة في الوصول للجميع. والآن فلنكمل. جميعنا فعلنا شيئًا مدمرًا للذات في وقت ما من حياتنا. معظم الوقت لم يكن الأمر مقصودًا ولم يصبح عادة. السلوكيات المدمرة للذات هي تلك التي من المؤكد أنها ستؤذيك جسديًا أو عقليًا. قد يكون ذلك غير مقصود، وقد تكون عارفًا بما تفعله بالضبط. لكن الرغبة قوية جدًا بحيث لا يمكن السيطرة عليها. وفي النهاية قد تظهر المشاكل عندما يصبح هذا السلوك اعتياديًا. لذا، إليكم سبعة سلوكيات شائعة للشخص المدمر لذاته.,"Hey Psych2Goers, and welcome back to our channel. Thank you so much for all the love you've given us. Your ongoing support has helped us make psychology and mental health more accessible to everyone. Now let's continue. We've all done something self-destructive at some point in our lives. Most of the time, it's not intentional and doesn't become a habit. Self-destructive behaviors are those that are bound to harm you physically or mentally. It may be unintentional, or you may know exactly what you're doing, but the urge is too strong to control. Problems can eventually arise when this type of behavior becomes habitual. So, here are seven common behaviors of a self-destructive person.",1,Minor,21,True,,0.7234401349072512,1.0,0.9619734883308412,0.7240204429301533,1.0,score,F,A,,,0.55,0.78,1.0,2,0,1,light,وهلا,واهلاً,,kw_prefix_و,exact,speech
WMT_5330,Terminology Substitution,تسهيل,جعل,هلا متابعي Psych2Goers وهلا بكم من جديد في قناتنا. شكرًا جزيلاً لكل الحب اللي حبتوه لنا. ساعدنا دعمكم المستمر في تسهيل علم النفس والصحة العقلية للجميع. والآن خلونا نكمل. كلنا سوينا شيئ مدمر للذات في وقت ما من حياتنا. في معظم الأحيان ما كان الأمر مقصود وما اتحول لعادة. السلوكيات المدمرة للذات هي اللي من المؤكد أنها راح تؤذيك جسديًا أو عقليًا. ربما يكون ذا غير مقصود، وقد تكون مُدرك وش قاعد تسوي بالضبط. لكن الرغبة قوية جدًا ما إنت بقادر تسيطر عليها. وفي النهاية قد تظهر المشاكل لمن يصير هالسلوك معتاد. علشان ذا، ذي سبع سلوكيات شائعة للشخص اللي بيدمر نفسه.,مرحبًا يا متابعي Psych2Goers وأهلاً بكم من جديد في قناتنا. شكرًا جزيلاً لكل الحب الذي منحتمونا إياه. لقد ساعدنا دعمكم المستمر في جعل علم النفس والصحة العقلية أكثر سهولة في الوصول للجميع. والآن فلنكمل. جميعنا فعلنا شيئًا مدمرًا للذات في وقت ما من حياتنا. معظم الوقت لم يكن الأمر مقصودًا ولم يصبح عادة. السلوكيات المدمرة للذات هي تلك التي من المؤكد أنها ستؤذيك جسديًا أو عقليًا. قد يكون ذلك غير مقصود، وقد تكون عارفًا بما تفعله بالضبط. لكن الرغبة قوية جدًا بحيث لا يمكن السيطرة عليها. وفي النهاية قد تظهر المشاكل عندما يصبح هذا السلوك اعتياديًا. لذا، إليكم سبعة سلوكيات شائعة للشخص المدمر لذاته.,"Hey Psych2Goers, and welcome back to our channel. Thank you so much for all the love you've given us. Your ongoing support has helped us make psychology and mental health more accessible to everyone. Now let's continue. We've all done something self-destructive at some point in our lives. Most of the time, it's not intentional and doesn't become a habit. Self-destructive behaviors are those that are bound to harm you physically or mentally. It may be unintentional, or you may know exactly what you're doing, but the urge is too strong to control. Problems can eventually arise when this type of behavior becomes habitual. So, here are seven common behaviors of a self-destructive person.",1,Minor,4,True,,0.7234401349072512,1.0,0.9619734883308412,0.728813559322034,1.0,diagnostic,F,A,,,0.55,0.68,1.0,1,0,1,light,تسهيل,جعل,,exact,exact,speech
WMT_5336,Terminology Substitution,ربما,قد,هلا متابعي Psych2Goers وهلا بكم من جديد في قناتنا. شكرًا جزيلاً لكل الحب اللي حبتوه لنا. ساعدنا دعمكم المستمر في تسهيل علم النفس والصحة العقلية للجميع. والآن خلونا نكمل. كلنا سوينا شيئ مدمر للذات في وقت ما من حياتنا. في معظم الأحيان ما كان الأمر مقصود وما اتحول لعادة. السلوكيات المدمرة للذات هي اللي من المؤكد أنها راح تؤذيك جسديًا أو عقليًا. ربما يكون ذا غير مقصود، وقد تكون مُدرك وش قاعد تسوي بالضبط. لكن الرغبة قوية جدًا ما إنت بقادر تسيطر عليها. وفي النهاية قد تظهر المشاكل لمن يصير هالسلوك معتاد. علشان ذا، ذي سبع سلوكيات شائعة للشخص اللي بيدمر نفسه.,مرحبًا يا متابعي Psych2Goers وأهلاً بكم من جديد في قناتنا. شكرًا جزيلاً لكل الحب الذي منحتمونا إياه. لقد ساعدنا دعمكم المستمر في جعل علم النفس والصحة العقلية أكثر سهولة في الوصول للجميع. والآن فلنكمل. جميعنا فعلنا شيئًا مدمرًا للذات في وقت ما من حياتنا. معظم الوقت لم يكن الأمر مقصودًا ولم يصبح عادة. السلوكيات المدمرة للذات هي تلك التي من المؤكد أنها ستؤذيك جسديًا أو عقليًا. قد يكون ذلك غير مقصود، وقد تكون عارفًا بما تفعله بالضبط. لكن الرغبة قوية جدًا بحيث لا يمكن السيطرة عليها. وفي النهاية قد تظهر المشاكل عندما يصبح هذا السلوك اعتياديًا. لذا، إليكم سبعة سلوكيات شائعة للشخص المدمر لذاته.,"Hey Psych2Goers, and welcome back to our channel. Thank you so much for all the love you've given us. Your ongoing support has helped us make psychology and mental health more accessible to everyone. Now let's continue. We've all done something self-destructive at some point in our lives. Most of the time, it's not intentional and doesn't become a habit. Self-destructive behaviors are those that are bound to harm you physically or mentally. It may be unintentional, or you may know exactly what you're doing, but the urge is too strong to control. Problems can eventually arise when this type of behavior becomes habitual. So, here are seven common behaviors of a self-destructive person.",1,Minor,4,True,,0.7234401349072512,1.0,0.9619734883308412,0.7292724196277496,1.0,diagnostic,F,A,,,0.55,0.68,1.0,1,0,4,light,ربما,قد,,exact,prefix_ل,speech
WMT_5337,Terminology Substitution,ذا,ذلك,هلا متابعي Psych2Goers وهلا بكم من جديد في قناتنا. شكرًا جزيلاً لكل الحب اللي حبتوه لنا. ساعدنا دعمكم المستمر في تسهيل علم النفس والصحة العقلية للجميع. والآن خلونا نكمل. كلنا سوينا شيئ مدمر للذات في وقت ما من حياتنا. في معظم الأحيان ما كان الأمر مقصود وما اتحول لعادة. السلوكيات المدمرة للذات هي اللي من المؤكد أنها راح تؤذيك جسديًا أو عقليًا. ربما يكون ذا غير مقصود، وقد تكون مُدرك وش قاعد تسوي بالضبط. لكن الرغبة قوية جدًا ما إنت بقادر تسيطر عليها. وفي النهاية قد تظهر المشاكل لمن يصير هالسلوك معتاد. علشان ذا، ذي سبع سلوكيات شائعة للشخص اللي بيدمر نفسه.,مرحبًا يا متابعي Psych2Goers وأهلاً بكم من جديد في قناتنا. شكرًا جزيلاً لكل الحب الذي منحتمونا إياه. لقد ساعدنا دعمكم المستمر في جعل علم النفس والصحة العقلية أكثر سهولة في الوصول للجميع. والآن فلنكمل. جميعنا فعلنا شيئًا مدمرًا للذات في وقت ما من حياتنا. معظم الوقت لم يكن الأمر مقصودًا ولم يصبح عادة. السلوكيات المدمرة للذات هي تلك التي من المؤكد أنها ستؤذيك جسديًا أو عقليًا. قد يكون ذلك غير مقصود، وقد تكون عارفًا بما تفعله بالضبط. لكن الرغبة قوية جدًا بحيث لا يمكن السيطرة عليها. وفي النهاية قد تظهر المشاكل عندما يصبح هذا السلوك اعتياديًا. لذا، إليكم سبعة سلوكيات شائعة للشخص المدمر لذاته.,"Hey Psych2Goers, and welcome back to our channel. Thank you so much for all the love you've given us. Your ongoing support has helped us make psychology and mental health more accessible to everyone. Now let's continue. We've all done something self-destructive at some point in our lives. Most of the time, it's not intentional and doesn't become a habit. Self-destructive behaviors are those that are bound to harm you physically or mentally. It may be unintentional, or you may know exactly what you're doing, but the urge is too strong to control. Problems can eventually arise when this type of behavior becomes habitual. So, here are seven common behaviors of a self-destructive person.",1,Minor,4,True,,0.7234401349072512,1.0,0.9619734883308412,0.7186440677966102,1.0,diagnostic,F,A,,,0.55,0.68,1.0,1,0,1,light,ذا,ذلك,,exact,exact,speech
WMT_5351,Terminology Substitution,إذن،,إذًا،,إذن، متى كانت بدايتك في كتابة وتأدية الموسيقى بعد ما كنت تقف على المسرح أمام أجدادك هناك؟ حسنًا، في الأساس، كان الأمر مرتبط بالأداء. كتبت أغاني محدودة، لكنني تركت الأمر للمحترفين، مثل ما تعرف، عندما كنت أسجّل مع كتّاب محترفين، وأغنيات ناجحة جدًا.,إذًا، متى كانت بدايتك في كتابة وتأدية الموسيقى بعد أن كنت تقف على المسرح أمام أجدادك هناك؟ حسنًا، في الأساس، كان الأمر يتعلق بالأداء. كتبت القليل من الأغاني، لكنني تركت الأمر للمحترفين، كما تعلم، عندما كنت أقوم بالتسجيل مع كتاب محترفين، وأغنيات ناجحة للغاية.,"So, when did you first start writing and performing music after having your stage in front of your grandparents there? Well, basically, more performing. I did a bit of writing, but I left it to professionals, you know, when I was recording with professional writers and big, big hits around the world.",1,Minor,4,True,,0.8294573643410853,1.0,0.9814351797103882,0.83399209486166,1.0,diagnostic,F,A,,,0.55,0.68,1.0,1,0,1,light,اذن،,اذًا،,,exact,exact,speech
WMT_5352,Terminology Substitution,ما,أن,إذن، متى كانت بدايتك في كتابة وتأدية الموسيقى بعد ما كنت تقف على المسرح أمام أجدادك هناك؟ حسنًا، في الأساس، كان الأمر مرتبط بالأداء. كتبت أغاني محدودة، لكنني تركت الأمر للمحترفين، مثل ما تعرف، عندما كنت أسجّل مع كتّاب محترفين، وأغنيات ناجحة جدًا.,إذًا، متى كانت بدايتك في كتابة وتأدية الموسيقى بعد أن كنت تقف على المسرح أمام أجدادك هناك؟ حسنًا، في الأساس، كان الأمر يتعلق بالأداء. كتبت القليل من الأغاني، لكنني تركت الأمر للمحترفين، كما تعلم، عندما كنت أقوم بالتسجيل مع كتاب محترفين، وأغنيات ناجحة للغاية.,"So, when did you first start writing and performing music after having your stage in front of your grandparents there? Well, basically, more performing. I did a bit of writing, but I left it to professionals, you know, when I was recording with professional writers and big, big hits around the world.",1,Minor,4,True,,0.8294573643410853,1.0,0.9814351797103882,0.8359375,1.0,diagnostic,F,A,,,0.55,0.68,1.0,2,1,2,light,ما,ان,,exact,exact,speech
WMT_5353,Terminology Substitution,مرتبط,يتعلق,إذن، متى كانت بدايتك في كتابة وتأدية الموسيقى بعد ما كنت تقف على المسرح أمام أجدادك هناك؟ حسنًا، في الأساس، كان الأمر مرتبط بالأداء. كتبت أغاني محدودة، لكنني تركت الأمر للمحترفين، مثل ما تعرف، عندما كنت أسجّل مع كتّاب محترفين، وأغنيات ناجحة جدًا.,إذًا، متى كانت بدايتك في كتابة وتأدية الموسيقى بعد أن كنت تقف على المسرح أمام أجدادك هناك؟ حسنًا، في الأساس، كان الأمر يتعلق بالأداء. كتبت القليل من الأغاني، لكنني تركت الأمر للمحترفين، كما تعلم، عندما كنت أقوم بالتسجيل مع كتاب محترفين، وأغنيات ناجحة للغاية.,"So, when did you first start writing and performing music after having your stage in front of your grandparents there? Well, basically, more performing. I did a bit of writing, but I left it to professionals, you know, when I was recording with professional writers and big, big hits around the world.",1,Minor,4,True,,0.8294573643410853,1.0,0.9814351797103882,0.8458498023715415,1.0,diagnostic,F,A,,,0.55,0.68,1.0,1,0,1,light,مرتبط,يتعلق,,exact,exact,speech
WMT_5357,Spelling Error,كتّاب,كتاب,إذن، متى كانت بدايتك في كتابة وتأدية الموسيقى بعد ما كنت تقف على المسرح أمام أجدادك هناك؟ حسنًا، في الأساس، كان الأمر مرتبط بالأداء. كتبت أغاني محدودة، لكنني تركت الأمر للمحترفين، مثل ما تعرف، عندما كنت أسجّل مع كتّاب محترفين، وأغنيات ناجحة جدًا.,إذًا، متى كانت بدايتك في كتابة وتأدية الموسيقى بعد أن كنت تقف على المسرح أمام أجدادك هناك؟ حسنًا، في الأساس، كان الأمر يتعلق بالأداء. كتبت القليل من الأغاني، لكنني تركت الأمر للمحترفين، كما تعلم، عندما كنت أقوم بالتسجيل مع كتاب محترفين، وأغنيات ناجحة للغاية.,"So, when did you first start writing and performing music after having your stage in front of your grandparents there? Well, basically, more performing. I did a bit of writing, but I left it to professionals, you know, when I was recording with professional writers and big, big hits around the world.",1,Minor,21,True,,0.8294573643410853,1.0,0.9814351797103882,0.7992125984251969,1.0,score,F,A,,,0.55,0.78,1.0,1,0,2,light,كتّاب,كتاب,,exact,suffix_ة,speech
WMT_5358,Terminology Substitution,جدًا.,للغاية.,إذن، متى كانت بدايتك في كتابة وتأدية الموسيقى بعد ما كنت تقف على المسرح أمام أجدادك هناك؟ حسنًا، في الأساس، كان الأمر مرتبط بالأداء. كتبت أغاني محدودة، لكنني تركت الأمر للمحترفين، مثل ما تعرف، عندما كنت أسجّل مع كتّاب محترفين، وأغنيات ناجحة جدًا.,إذًا، متى كانت بدايتك في كتابة وتأدية الموسيقى بعد أن كنت تقف على المسرح أمام أجدادك هناك؟ حسنًا، في الأساس، كان الأمر يتعلق بالأداء. كتبت القليل من الأغاني، لكنني تركت الأمر للمحترفين، كما تعلم، عندما كنت أقوم بالتسجيل مع كتاب محترفين، وأغنيات ناجحة للغاية.,"So, when did you first start writing and performing music after having your stage in front of your grandparents there? Well, basically, more performing. I did a bit of writing, but I left it to professionals, you know, when I was recording with professional writers and big, big hits around the world.",1,Minor,4,True,,0.8294573643410853,1.0,0.9814351797103882,0.8446215139442231,1.0,diagnostic,F,A,,,0.55,0.68,1.0,1,0,1,light,جدًا.,للغاية.,,exact,exact,speech
WMT_5359,Terminology Substitution,السليم,الصحيح,التعامل السليم مع النفايات والتخلص منها في ورشة إصلاح السيارات أمر مهم لصحة الموظفين، وأيضًا لتجنب الغرامات أو التسويات القانونية الكبيرة. وأيضًا، العملا يرغبون في التعامل مع الشركات اللي تبذل مجهود لحماية البيئة بشكل فعّال وتعمل بطريقة مستدامة. إذًا وش الطرق السبع التي تسوون بها كذا؟ أولاً: إعادة تكرير الزيت المستعمل. لا تتخلصون من الزيت القديم. لأنه بالمعالجة الصحيحة، يمكن إعادة تكرير الزيت بالكامل وإعادة استخدامه إلى أجل غير مسمى من دون من تقل جودته بالطبع.,يُعد التعامل الصحيح مع النفايات والتخلص منها في مرفق إصلاح السيارات لديكم أمرًا مهمًا لصحة الموظفين، وأيضًا لتجنب الغرامات أو التسويات القانونية الكبيرة. وبالإضافة إلى ذلك، فإن العملاء يرغبون في التعامل مع الشركات التي تبذل مجهودًا لحماية البيئة بشكل فعّال وتعمل بطريقة مستدامة. إذًا ما هي الطرق السبع التي يمكنكم من خلالها فعل ذلك؟ أولاً: إعادة تكرير الزيت المستعمل. لا تتخلصوا من الزيت القديم لديكم. إذ يمكن من خلال إجراء العملية الصحيحة، إعادة تكرير الزيت بالكامل وإعادة استخدامه إلى أجل غير مسمى ودون أن تنخفض جودته بالطبع.,"Proper handling and disposal of waste at your auto repair facility is important for employee health, but also to avoid fines or significant legal settlements. Also, customers want to do business with companies that make an effort to proactively protect the environment and operate in a sustainable way. So what are seven ways you can do this? Number one: re-refining used oil. Don't just discard your old oil. With the right processes, oil can be fully re-refined and reused indefinitely without any reduction in quality.",1,Minor,4,True,,0.793168880455408,1.0,0.9751183986663818,0.7965451055662188,1.0,diagnostic,F,A,,,0.55,0.68,1.0,1,0,1,light,السليم,الصحيح,,exact,exact,speech
WMT_5360,Terminology Substitution,ورشة,مرفق,التعامل السليم مع النفايات والتخلص منها في ورشة إصلاح السيارات أمر مهم لصحة الموظفين، وأيضًا لتجنب الغرامات أو التسويات القانونية الكبيرة. وأيضًا، العملا يرغبون في التعامل مع الشركات اللي تبذل مجهود لحماية البيئة بشكل فعّال وتعمل بطريقة مستدامة. إذًا وش الطرق السبع التي تسوون بها كذا؟ أولاً: إعادة تكرير الزيت المستعمل. لا تتخلصون من الزيت القديم. لأنه بالمعالجة الصحيحة، يمكن إعادة تكرير الزيت بالكامل وإعادة استخدامه إلى أجل غير مسمى من دون من تقل جودته بالطبع.,يُعد التعامل الصحيح مع النفايات والتخلص منها في مرفق إصلاح السيارات لديكم أمرًا مهمًا لصحة الموظفين، وأيضًا لتجنب الغرامات أو التسويات القانونية الكبيرة. وبالإضافة إلى ذلك، فإن العملاء يرغبون في التعامل مع الشركات التي تبذل مجهودًا لحماية البيئة بشكل فعّال وتعمل بطريقة مستدامة. إذًا ما هي الطرق السبع التي يمكنكم من خلالها فعل ذلك؟ أولاً: إعادة تكرير الزيت المستعمل. لا تتخلصوا من الزيت القديم لديكم. إذ يمكن من خلال إجراء العملية الصحيحة، إعادة تكرير الزيت بالكامل وإعادة استخدامه إلى أجل غير مسمى ودون أن تنخفض جودته بالطبع.,"Proper handling and disposal of waste at your auto repair facility is important for employee health, but also to avoid fines or significant legal settlements. Also, customers want to do business with companies that make an effort to proactively protect the environment and operate in a sustainable way. So what are seven ways you can do this? Number one: re-refining used oil. Don't just discard your old oil. With the right processes, oil can be fully re-refined and reused indefinitely without any reduction in quality.",1,Minor,4,True,,0.793168880455408,1.0,0.9751183986663818,0.7973231357552581,1.0,diagnostic,F,A,,,0.55,0.68,1.0,1,0,1,light,ورشة,مرفق,,exact,exact,speech
WMT_5363,Terminology Substitution,اللي,التي,التعامل السليم مع النفايات والتخلص منها في ورشة إصلاح السيارات أمر مهم لصحة الموظفين، وأيضًا لتجنب الغرامات أو التسويات القانونية الكبيرة. وأيضًا، العملا يرغبون في التعامل مع الشركات اللي تبذل مجهود لحماية البيئة بشكل فعّال وتعمل بطريقة مستدامة. إذًا وش الطرق السبع التي تسوون بها كذا؟ أولاً: إعادة تكرير الزيت المستعمل. لا تتخلصون من الزيت القديم. لأنه بالمعالجة الصحيحة، يمكن إعادة تكرير الزيت بالكامل وإعادة استخدامه إلى أجل غير مسمى من دون من تقل جودته بالطبع.,يُعد التعامل الصحيح مع النفايات والتخلص منها في مرفق إصلاح السيارات لديكم أمرًا مهمًا لصحة الموظفين، وأيضًا لتجنب الغرامات أو التسويات القانونية الكبيرة. وبالإضافة إلى ذلك، فإن العملاء يرغبون في التعامل مع الشركات التي تبذل مجهودًا لحماية البيئة بشكل فعّال وتعمل بطريقة مستدامة. إذًا ما هي الطرق السبع التي يمكنكم من خلالها فعل ذلك؟ أولاً: إعادة تكرير الزيت المستعمل. لا تتخلصوا من الزيت القديم لديكم. إذ يمكن من خلال إجراء العملية الصحيحة، إعادة تكرير الزيت بالكامل وإعادة استخدامه إلى أجل غير مسمى ودون أن تنخفض جودته بالطبع.,"Proper handling and disposal of waste at your auto repair facility is important for employee health, but also to avoid fines or significant legal settlements. Also, customers want to do business with companies that make an effort to proactively protect the environment and operate in a sustainable way. So what are seven ways you can do this? Number one: re-refining used oil. Don't just discard your old oil. With the right processes, oil can be fully re-refined and reused indefinitely without any reduction in quality.",1,Minor,4,True,,0.793168880455408,1.0,0.9751183986663818,0.7934990439770555,1.0,diagnostic,F,A,,,0.55,0.68,1.0,1,0,2,light,اللي,التي,,exact,exact,speech
WMT_5364,Spelling Error,مجهود,مجهودًا,التعامل السليم مع النفايات والتخلص منها في ورشة إصلاح السيارات أمر مهم لصحة الموظفين، وأيضًا لتجنب الغرامات أو التسويات القانونية الكبيرة. وأيضًا، العملا يرغبون في التعامل مع الشركات اللي تبذل مجهود لحماية البيئة بشكل فعّال وتعمل بطريقة مستدامة. إذًا وش الطرق السبع التي تسوون بها كذا؟ أولاً: إعادة تكرير الزيت المستعمل. لا تتخلصون من الزيت القديم. لأنه بالمعالجة الصحيحة، يمكن إعادة تكرير الزيت بالكامل وإعادة استخدامه إلى أجل غير مسمى من دون من تقل جودته بالطبع.,يُعد التعامل الصحيح مع النفايات والتخلص منها في مرفق إصلاح السيارات لديكم أمرًا مهمًا لصحة الموظفين، وأيضًا لتجنب الغرامات أو التسويات القانونية الكبيرة. وبالإضافة إلى ذلك، فإن العملاء يرغبون في التعامل مع الشركات التي تبذل مجهودًا لحماية البيئة بشكل فعّال وتعمل بطريقة مستدامة. إذًا ما هي الطرق السبع التي يمكنكم من خلالها فعل ذلك؟ أولاً: إعادة تكرير الزيت المستعمل. لا تتخلصوا من الزيت القديم لديكم. إذ يمكن من خلال إجراء العملية الصحيحة، إعادة تكرير الزيت بالكامل وإعادة استخدامه إلى أجل غير مسمى ودون أن تنخفض جودته بالطبع.,"Proper handling and disposal of waste at your auto repair facility is important for employee health, but also to avoid fines or significant legal settlements. Also, customers want to do business with companies that make an effort to proactively protect the environment and operate in a sustainable way. So what are seven ways you can do this? Number one: re-refining used oil. Don't just discard your old oil. With the right processes, oil can be fully re-refined and reused indefinitely without any reduction in quality.",1,Minor,21,True,,0.793168880455408,1.0,0.9751183986663818,0.7942307692307693,1.0,score,F,A,,,0.55,0.78,1.0,1,0,1,light,مجهود,مجهودًا,,exact,exact,speech
WMT_5367,Spelling Error,تتخلصون,تتخلصوا,التعامل السليم مع النفايات والتخلص منها في ورشة إصلاح السيارات أمر مهم لصحة الموظفين، وأيضًا لتجنب الغرامات أو التسويات القانونية الكبيرة. وأيضًا، العملا يرغبون في التعامل مع الشركات اللي تبذل مجهود لحماية البيئة بشكل فعّال وتعمل بطريقة مستدامة. إذًا وش الطرق السبع التي تسوون بها كذا؟ أولاً: إعادة تكرير الزيت المستعمل. لا تتخلصون من الزيت القديم. لأنه بالمعالجة الصحيحة، يمكن إعادة تكرير الزيت بالكامل وإعادة استخدامه إلى أجل غير مسمى من دون من تقل جودته بالطبع.,يُعد التعامل الصحيح مع النفايات والتخلص منها في مرفق إصلاح السيارات لديكم أمرًا مهمًا لصحة الموظفين، وأيضًا لتجنب الغرامات أو التسويات القانونية الكبيرة. وبالإضافة إلى ذلك، فإن العملاء يرغبون في التعامل مع الشركات التي تبذل مجهودًا لحماية البيئة بشكل فعّال وتعمل بطريقة مستدامة. إذًا ما هي الطرق السبع التي يمكنكم من خلالها فعل ذلك؟ أولاً: إعادة تكرير الزيت المستعمل. لا تتخلصوا من الزيت القديم لديكم. إذ يمكن من خلال إجراء العملية الصحيحة، إعادة تكرير الزيت بالكامل وإعادة استخدامه إلى أجل غير مسمى ودون أن تنخفض جودته بالطبع.,"Proper handling and disposal of waste at your auto repair facility is important for employee health, but also to avoid fines or significant legal settlements. Also, customers want to do business with companies that make an effort to proactively protect the environment and operate in a sustainable way. So what are seven ways you can do this? Number one: re-refining used oil. Don't just discard your old oil. With the right processes, oil can be fully re-refined and reused indefinitely without any reduction in quality.",1,Minor,21,True,,0.793168880455408,1.0,0.9751183986663818,0.7923076923076923,1.0,score,F,A,,,0.55,0.78,1.0,1,0,1,light,تتخلصون,تتخلصوا,,exact,exact,speech
WMT_5373,Total Omission,راح يفقد,[OMITTED],الحجر يفوز على المقص، والمقص يفوز على الورقة، والورقة تفوز على الحجر. وأنت تفوز، الخاسر راح يفقد  نجمة واحدة. في نهاية كل لعبة، الحكم راح يرجّع البطاقات إلى صندوق إعادة التدوير. وطبعًا، لو اختار اللاعبان البطاقة نفسها، ستنتهي اللعبة بالتعادل ولن يخسر أحد أي نجمة.,تحقق. تحقق. الحجر يهزم المقص، والمقص يهزم الورقة، والورقة تهزم الحجر. وأنت تفوز، سيفقد الخاسر نجمة واحدة. في نهاية كل لعبة، سيُعيد الحكم البطاقات إلى صندوق إعادة التدوير. وطبعًا، في حال اختار اللاعبان البطاقة نفسها، ستنتهي اللعبة بالتعادل ولن يخسر أحد أية نجمة.,"Check. Check. Rock defeats scissors, scissor defeats paper, and paper defeats rock. You win. The loser will lose one star. At the end of each game, the referee will put the cards back into the recycling box. Of course, if both players choose the same card, the game is tied, and no one will lose a star.",1,Minor,1,True,,0.752851711026616,1.0,0.9695402979850768,0.7739463601532567,1.0,diagnostic,F,A,,,0.55,0.5,0.8,1,0,0,light,راح يفقد,[OMITTED],,exact_seq,,speech
WMT_5374,Total Omission,راح يرجّع,[OMITTED],الحجر يفوز على المقص، والمقص يفوز على الورقة، والورقة تفوز على الحجر. وأنت تفوز، الخاسر راح يفقد  نجمة واحدة. في نهاية كل لعبة، الحكم راح يرجّع البطاقات إلى صندوق إعادة التدوير. وطبعًا، لو اختار اللاعبان البطاقة نفسها، ستنتهي اللعبة بالتعادل ولن يخسر أحد أي نجمة.,تحقق. تحقق. الحجر يهزم المقص، والمقص يهزم الورقة، والورقة تهزم الحجر. وأنت تفوز، سيفقد الخاسر نجمة واحدة. في نهاية كل لعبة، سيُعيد الحكم البطاقات إلى صندوق إعادة التدوير. وطبعًا، في حال اختار اللاعبان البطاقة نفسها، ستنتهي اللعبة بالتعادل ولن يخسر أحد أية نجمة.,"Check. Check. Rock defeats scissors, scissor defeats paper, and paper defeats rock. You win. The loser will lose one star. At the end of each game, the referee will put the cards back into the recycling box. Of course, if both players choose the same card, the game is tied, and no one will lose a star.",1,Minor,1,True,,0.752851711026616,1.0,0.9695402979850768,0.7739463601532567,1.0,diagnostic,F,A,,,0.55,0.5,0.8,1,0,0,light,راح يرجّع,[OMITTED],,exact_seq,,speech
WMT_5376,Terminology Substitution,أي,أية,الحجر يفوز على المقص، والمقص يفوز على الورقة، والورقة تفوز على الحجر. وأنت تفوز، الخاسر راح يفقد  نجمة واحدة. في نهاية كل لعبة، الحكم راح يرجّع البطاقات إلى صندوق إعادة التدوير. وطبعًا، لو اختار اللاعبان البطاقة نفسها، ستنتهي اللعبة بالتعادل ولن يخسر أحد أي نجمة.,تحقق. تحقق. الحجر يهزم المقص، والمقص يهزم الورقة، والورقة تهزم الحجر. وأنت تفوز، سيفقد الخاسر نجمة واحدة. في نهاية كل لعبة، سيُعيد الحكم البطاقات إلى صندوق إعادة التدوير. وطبعًا، في حال اختار اللاعبان البطاقة نفسها، ستنتهي اللعبة بالتعادل ولن يخسر أحد أية نجمة.,"Check. Check. Rock defeats scissors, scissor defeats paper, and paper defeats rock. You win. The loser will lose one star. At the end of each game, the referee will put the cards back into the recycling box. Of course, if both players choose the same card, the game is tied, and no one will lose a star.",1,Minor,4,True,,0.752851711026616,1.0,0.9695402979850768,0.7547892720306514,1.0,diagnostic,F,A,,,0.55,0.68,1.0,1,0,1,light,اي,اية,,exact,exact,speech
WMT_5385,Terminology Substitution,ذي,هذه,ذي هي القصة الكاملة لداني وسام، جاهزين؟ إيه جاهزين. داني فينتون وسام مانسون صديقين مقربين، ويقضون معظم وقتهم مع تاكر. سام هو السبب الأول لامتلاك داني لقدرات الأشباح. يلا، داني، منطقة الأشباح؟ اتأكد أول شيء. تعرف؟ أنت صح.,هذه هي القصة الكاملة لداني وسام، جاهزون؟ نعم جاهزون. داني فينتون وسام مانسون صديقان مقربان، ويقضيان تقريبًا معظم أوقاتهما مع تاكر. سام هو السبب الأول لامتلاك داني لقدرات الأشباح. هيا، داني، منطقة الأشباح؟ عليك التحقق من الأمر. أتعلم شيئًا؟ أنت محق.,"Here's the full story of Danny and Sam. Ready? Ready. Danny Fenton and Sam Manson are best friends, and along with Tucker, they spend pretty much all their time together. Sam's the reason Danny has ghost powers in the first place. Come on, Danny, a ghost zone? You gotta check it out. You know what? You're right.",1,Minor,4,True,,0.7903225806451613,1.0,0.9583603739738464,0.7959183673469388,1.0,diagnostic,F,A,,,0.55,0.68,1.0,1,0,1,light,ذي,هذه,,exact,exact,speech
WMT_5388,Spelling Error,وقتهم,أوقاتهما,ذي هي القصة الكاملة لداني وسام، جاهزين؟ إيه جاهزين. داني فينتون وسام مانسون صديقين مقربين، ويقضون معظم وقتهم مع تاكر. سام هو السبب الأول لامتلاك داني لقدرات الأشباح. يلا، داني، منطقة الأشباح؟ اتأكد أول شيء. تعرف؟ أنت صح.,هذه هي القصة الكاملة لداني وسام، جاهزون؟ نعم جاهزون. داني فينتون وسام مانسون صديقان مقربان، ويقضيان تقريبًا معظم أوقاتهما مع تاكر. سام هو السبب الأول لامتلاك داني لقدرات الأشباح. هيا، داني، منطقة الأشباح؟ عليك التحقق من الأمر. أتعلم شيئًا؟ أنت محق.,"Here's the full story of Danny and Sam. Ready? Ready. Danny Fenton and Sam Manson are best friends, and along with Tucker, they spend pretty much all their time together. Sam's the reason Danny has ghost powers in the first place. Come on, Danny, a ghost zone? You gotta check it out. You know what? You're right.",1,Minor,21,True,,0.7903225806451613,1.0,0.9583603739738464,0.7958333333333334,1.0,score,F,A,,,0.55,0.78,1.0,1,0,1,light,وقتهم,اوقاتهما,,exact,exact,speech
WMT_5389,Terminology Substitution,يلا،,هيا،,ذي هي القصة الكاملة لداني وسام، جاهزين؟ إيه جاهزين. داني فينتون وسام مانسون صديقين مقربين، ويقضون معظم وقتهم مع تاكر. سام هو السبب الأول لامتلاك داني لقدرات الأشباح. يلا، داني، منطقة الأشباح؟ اتأكد أول شيء. تعرف؟ أنت صح.,هذه هي القصة الكاملة لداني وسام، جاهزون؟ نعم جاهزون. داني فينتون وسام مانسون صديقان مقربان، ويقضيان تقريبًا معظم أوقاتهما مع تاكر. سام هو السبب الأول لامتلاك داني لقدرات الأشباح. هيا، داني، منطقة الأشباح؟ عليك التحقق من الأمر. أتعلم شيئًا؟ أنت محق.,"Here's the full story of Danny and Sam. Ready? Ready. Danny Fenton and Sam Manson are best friends, and along with Tucker, they spend pretty much all their time together. Sam's the reason Danny has ghost powers in the first place. Come on, Danny, a ghost zone? You gotta check it out. You know what? You're right.",1,Minor,4,True,,0.7903225806451613,1.0,0.9583603739738464,0.7950819672131147,1.0,diagnostic,F,A,,,0.55,0.68,1.0,1,0,1,light,يلا،,هيا،,,exact,exact,speech
WMT_5390,Terminology Substitution,صح.,محق.,ذي هي القصة الكاملة لداني وسام، جاهزين؟ إيه جاهزين. داني فينتون وسام مانسون صديقين مقربين، ويقضون معظم وقتهم مع تاكر. سام هو السبب الأول لامتلاك داني لقدرات الأشباح. يلا، داني، منطقة الأشباح؟ اتأكد أول شيء. تعرف؟ أنت صح.,هذه هي القصة الكاملة لداني وسام، جاهزون؟ نعم جاهزون. داني فينتون وسام مانسون صديقان مقربان، ويقضيان تقريبًا معظم أوقاتهما مع تاكر. سام هو السبب الأول لامتلاك داني لقدرات الأشباح. هيا، داني، منطقة الأشباح؟ عليك التحقق من الأمر. أتعلم شيئًا؟ أنت محق.,"Here's the full story of Danny and Sam. Ready? Ready. Danny Fenton and Sam Manson are best friends, and along with Tucker, they spend pretty much all their time together. Sam's the reason Danny has ghost powers in the first place. Come on, Danny, a ghost zone? You gotta check it out. You know what? You're right.",1,Minor,4,True,,0.7903225806451613,1.0,0.9583603739738464,0.7950819672131147,1.0,diagnostic,F,A,,,0.55,0.68,1.0,1,0,1,light,صح.,محق.,,exact,exact,speech
WMT_5406,Terminology Substitution,ذي,هذه,"قال كيم جونغ إل للمسؤولين: ""شاركت حركة قيادية عظيمة، وعملت على خدمة الجماهير العاملة، وجعلت الأزهار تتفتح حتى فوق الصخور، إذا كانت ذي رغبة الشعب. فذا نهجي الأساسي. وذي الفكرة ترسخت في كل جوانب حياة الشعب في سبيل البحث عن حل لمشكلة المرور/"".","قال كيم جونغ إل للمسؤولين: /""لقد شاركت حركة قيادية عظيمة، وعملت على خدمة الجماهير العاملة، وجعلت الأزهار تتفتح حتى فوق الصخور، إذا كانت هذه رغبة الشعب. هذا هو ألف باء النهج الذي أتبعه. وقد ترسخت هذه الفكرة في كل جوانب حياة الشعب في مجال حل مشكلة المرور لأمر واحد فقط/"".","Kim Jong-il said to the officials, ""I shared a great leader's motor, served the working masses, and let flowers bloom even on a rock, if this is the people's desire. This is my alpha and omega. This idea has been embedded in every aspect of the people's living in the solution of traffic problem for one thing.""",1,Minor,4,True,,0.7360594795539033,1.0,0.9727574586868286,0.7406015037593985,1.0,diagnostic,F,A,,,0.55,0.68,1.0,2,1,2,light,ذي,هذه,,exact,exact,speech
WMT_5422,Spelling Error,اللي بتجمع,التي تجمع,هذا ألومنيوم، يتم استخدامه في الصناعات والبيوت. وفي البناء والنقل والاتصالات والزراعة والدفاع الوطني. وش اللي يخلي الألومنيوم، من مجموعة المعادن، مادة مميزة للحد ذا؟ الإجابة تكمن في تنوعه المذهل وتركيبته اللي بتجمع خصائص غير عادية: أبرزها مظهره الحديث والذكي في مجموعة واسعة من الأشكال النهائية الطبيعية أو الملونة. وقوته الكبيرة، إلى جانب وزنه الخفيف جدًا.,هذا هو الألومنيوم، يُستخدم في صناعاتنا ومنازلنا. وأيضًا في البناء والنقل والاتصالات والزراعة والدفاع الوطني. ما الذي جعل الألومنيوم، أحد أحدث أفراد مجموعة المعادن، مادة مميزة إلى هذا الحد؟ تكمن الإجابة في تنوعه المذهل وتركيبته التي تجمع خصائص غير عادية: مظهره العصري والذكي في مجموعة واسعة من الأشكال النهائية الطبيعية أو الملونة. تُعد قوته الهائلة، إلى جانب وزنه فائق الخفة--من أبرز المزايا في كل استخدام للمعدن تقريبًا.,"This is aluminum. Aluminum for our industries and aluminum for our homes. Aluminum for building, for transportation, for communication, for agriculture, and for national defense. What is it that has made aluminum, one of the youngest members in the family of metals, such an outstanding material? The answer lies in its amazing versatility and unusual combination of properties: Its smart, modern appearance in a variety of natural or colored finishes. Its great strength, combined with extreme light weight--an outstanding advantage in almost every metal application.",1,Minor,21,True,,0.6817102137767221,1.0,0.9570189714431764,0.6796116504854368,1.0,score,F,A,,,0.55,0.78,1.0,1,0,1,light,اللي بتجمع,التي تجمع,,exact_seq,exact_seq,speech
WMT_5423,Total Omission,أبرزها,[OMITTED],هذا ألومنيوم، يتم استخدامه في الصناعات والبيوت. وفي البناء والنقل والاتصالات والزراعة والدفاع الوطني. وش اللي يخلي الألومنيوم، من مجموعة المعادن، مادة مميزة للحد ذا؟ الإجابة تكمن في تنوعه المذهل وتركيبته اللي بتجمع خصائص غير عادية: أبرزها مظهره الحديث والذكي في مجموعة واسعة من الأشكال النهائية الطبيعية أو الملونة. وقوته الكبيرة، إلى جانب وزنه الخفيف جدًا.,هذا هو الألومنيوم، يُستخدم في صناعاتنا ومنازلنا. وأيضًا في البناء والنقل والاتصالات والزراعة والدفاع الوطني. ما الذي جعل الألومنيوم، أحد أحدث أفراد مجموعة المعادن، مادة مميزة إلى هذا الحد؟ تكمن الإجابة في تنوعه المذهل وتركيبته التي تجمع خصائص غير عادية: مظهره العصري والذكي في مجموعة واسعة من الأشكال النهائية الطبيعية أو الملونة. تُعد قوته الهائلة، إلى جانب وزنه فائق الخفة--من أبرز المزايا في كل استخدام للمعدن تقريبًا.,"This is aluminum. Aluminum for our industries and aluminum for our homes. Aluminum for building, for transportation, for communication, for agriculture, and for national defense. What is it that has made aluminum, one of the youngest members in the family of metals, such an outstanding material? The answer lies in its amazing versatility and unusual combination of properties: Its smart, modern appearance in a variety of natural or colored finishes. Its great strength, combined with extreme light weight--an outstanding advantage in almost every metal application.",1,Minor,1,True,,0.6817102137767221,1.0,0.9570189714431764,0.6959619952494062,1.0,diagnostic,F,A,,,0.55,0.5,0.8,1,0,0,light,ابرزها,[OMITTED],,exact,,speech
WMT_5424,Terminology Substitution,الحديث,العصري,هذا ألومنيوم، يتم استخدامه في الصناعات والبيوت. وفي البناء والنقل والاتصالات والزراعة والدفاع الوطني. وش اللي يخلي الألومنيوم، من مجموعة المعادن، مادة مميزة للحد ذا؟ الإجابة تكمن في تنوعه المذهل وتركيبته اللي بتجمع خصائص غير عادية: أبرزها مظهره الحديث والذكي في مجموعة واسعة من الأشكال النهائية الطبيعية أو الملونة. وقوته الكبيرة، إلى جانب وزنه الخفيف جدًا.,هذا هو الألومنيوم، يُستخدم في صناعاتنا ومنازلنا. وأيضًا في البناء والنقل والاتصالات والزراعة والدفاع الوطني. ما الذي جعل الألومنيوم، أحد أحدث أفراد مجموعة المعادن، مادة مميزة إلى هذا الحد؟ تكمن الإجابة في تنوعه المذهل وتركيبته التي تجمع خصائص غير عادية: مظهره العصري والذكي في مجموعة واسعة من الأشكال النهائية الطبيعية أو الملونة. تُعد قوته الهائلة، إلى جانب وزنه فائق الخفة--من أبرز المزايا في كل استخدام للمعدن تقريبًا.,"This is aluminum. Aluminum for our industries and aluminum for our homes. Aluminum for building, for transportation, for communication, for agriculture, and for national defense. What is it that has made aluminum, one of the youngest members in the family of metals, such an outstanding material? The answer lies in its amazing versatility and unusual combination of properties: Its smart, modern appearance in a variety of natural or colored finishes. Its great strength, combined with extreme light weight--an outstanding advantage in almost every metal application.",1,Minor,4,True,,0.6817102137767221,1.0,0.9570189714431764,0.6867469879518072,1.0,diagnostic,F,A,,,0.55,0.68,1.0,1,0,1,light,الحديث,العصري,,exact,exact,speech
WMT_5428,Spelling Error,أستاذ مساعد,أستاذًا مساعدًا,تم رفض الطلبات الأولية للحصول على الماجستير في علم النفس، لكن في النهاية تمت الموافقة عليها. كان سبب الرفض في البداية عدم التحاق ميلغرام بأي دورات جامعية في كلية كوينز. عام 1961، حصل ميلغرام على دكتوراه في علم النفس الاجتماعي. وأصبح أستاذ مساعد في جامعة ييل في الوقت نفسه تقريبًا.,رُفضت الطلبات الأولية للحصول على درجة الماجستير في علم النفس، لكن في النهاية تمت الموافقة عليها. كان سبب النكبات الأولى يعود لعدم التحاق ميلغرام بأي دورات جامعية في كلية كوينز. عام 1961، حصل ميلغرام على دكتوراه في علم النفس الاجتماعي. وأصبح أستاذًا مساعدًا في جامعة ييل في الوقت نفسه تقريبًا.,"Initial applications to Harvard for a psychology master's were rejected, but was eventually admitted. The initial setbacks were due to Milgram not taking any undergraduate courses in psychology at Queens College. In 1961, Milgram received a PhD in social psychology. He became an assistant professor at Yale around the same time.",1,Minor,21,True,,0.9006849315068494,1.0,0.9848923087120056,0.9097472924187726,1.0,score,F,A,,,0.55,0.78,1.0,1,0,1,light,استاذ مساعد,استاذًا مساعدًا,,exact_seq,exact_seq,speech
WMT_5432,Tanween Omission,كاملة،,كاملةً،,أنا ما قلت ذا الكلام. ما هو بواجب عليك. إنت تعرف أكثر من أي أحد آخر إن العنف يولّد العنف. المجلس اتخذ قراره. تم حل المجلس! حنّا نقضي حياتنا كاملة، ونكرس آلاف السنين لحماية حياة الناس.,أنا لم أقل ذلك. لستَ مضطرًا إلى قول ذلك. أنت تعرف أكثر من أي أحد آخر أن العنف يولد العنف كل مرة. اتخذ المجلس قراره. تم حل المجلس! نحن نمضي حياتنا كاملةً، ونكرس آلاف السنين لحماية حياة الناس.,"I didn't say that. You don't have to. You know better than anyone that violence begets violence every time. The Council made the decision. The Council is gone! We spend our entire lives, entire millennia devoted to protecting life.",1,Minor,8,True,,0.7578947368421053,1.0,0.9214352369308472,0.7540983606557377,1.0,score,F,A,,,0.55,0.86,1.0,1,0,1,light,كاملة،,كاملةً،,,exact,exact,speech
WMT_5433,Terminology Substitution,فيه,وهناك,فيه شيء بيحرك إحساس حقيقي بالرهبة. وذا اللي راح أحاول أنقله إليكم الليلة يا شباب. علشان ذا أتمنى تكونون مستعدين لرحلة هادئة وممتعة مع بعض أعمق القصص في تاريخ مصر القديمة.,وهناك شيء يثير إحساسًا حقيقيًا بالرهبة. وهذا ما أحاول نقله إليكم الليلة يا رفاق. لذا آمل أن تكونوا مستعدين للذهاب في رحلة هادئة وممتعة من خلال بعض أعمق قصص تاريخ مصر القديمة.,And there's just something that evokes a serious sense of awe. And that's what I want to try to convey to you guys tonight. So I hope you're ready for a nice relaxing journey through some of the deeper history of ancient Egypt.,1,Minor,4,True,,0.6839080459770115,1.0,0.9679521322250366,0.7041420118343196,1.0,diagnostic,F,A,,,0.55,0.68,1.0,2,1,1,light,فيه,وهناك,,exact,exact,speech
WMT_5434,Spelling Error,بيحرك إحساس حقيقي,يثير إحساسًا حقيقيًا,فيه شيء بيحرك إحساس حقيقي بالرهبة. وذا اللي راح أحاول أنقله إليكم الليلة يا شباب. علشان ذا أتمنى تكونون مستعدين لرحلة هادئة وممتعة مع بعض أعمق القصص في تاريخ مصر القديمة.,وهناك شيء يثير إحساسًا حقيقيًا بالرهبة. وهذا ما أحاول نقله إليكم الليلة يا رفاق. لذا آمل أن تكونوا مستعدين للذهاب في رحلة هادئة وممتعة من خلال بعض أعمق قصص تاريخ مصر القديمة.,And there's just something that evokes a serious sense of awe. And that's what I want to try to convey to you guys tonight. So I hope you're ready for a nice relaxing journey through some of the deeper history of ancient Egypt.,1,Minor,21,True,,0.6839080459770115,1.0,0.9679521322250366,0.6948051948051948,1.0,score,F,A,,,0.55,0.78,1.0,1,0,1,light,بيحرك احساس حقيقي,يثير احساسًا حقيقيًا,,exact_seq,exact_seq,speech
WMT_5436,Spelling Error,أنقله,نقله,فيه شيء بيحرك إحساس حقيقي بالرهبة. وذا اللي راح أحاول أنقله إليكم الليلة يا شباب. علشان ذا أتمنى تكونون مستعدين لرحلة هادئة وممتعة مع بعض أعمق القصص في تاريخ مصر القديمة.,وهناك شيء يثير إحساسًا حقيقيًا بالرهبة. وهذا ما أحاول نقله إليكم الليلة يا رفاق. لذا آمل أن تكونوا مستعدين للذهاب في رحلة هادئة وممتعة من خلال بعض أعمق قصص تاريخ مصر القديمة.,And there's just something that evokes a serious sense of awe. And that's what I want to try to convey to you guys tonight. So I hope you're ready for a nice relaxing journey through some of the deeper history of ancient Egypt.,1,Minor,21,True,,0.6839080459770115,1.0,0.9679521322250366,0.6823529411764706,1.0,score,F,A,,,0.55,0.78,1.0,1,0,1,light,انقله,نقله,,exact,exact,speech
WMT_5444,Terminology Substitution,الحين,الآن,الساعة الحين 6:03 صباح يوم الأربعاء، وحنّا نتابع قصة مأساوية هذا الصباح. الشرطة لقت جثة فتاة مراهقة في حفرة ناحية شرق المدينة. وتم اكتشاف الحادث المروع بعد ساعات من إبلاغ والديها عن اختفائها، قالوا إنها خرجت في نزهة الليلة اللي فاتت. معنا توني دافيس من قناة News 4 في بث مباشر الصباح وعنده المزيد من المعلومات حول الظروف التي ربما أدت إلى وفاتها ونتائج تحقيقات الشرطة. صباح الخير توني.,الساعة الآن 6:03 من صباح يوم الأربعاء هذا، ونحن نتابع قصة مأساوية هذا الصباح. إذ توفيت فتاة مراهقة بعد أن عثرت الشرطة على جثتها في حفرة في الجانب الشرقي من المدينة. وتم اكتشاف الحادث المروع بعد ساعات من إبلاغ والديها عن اختفائها، حيث قالا إنها خرجت في نزهة الليلة الماضية. معنا توني دافيس من قناة News 4 في بث مباشر هذا الصباح مع المزيد حول الظروف التي ربما أدت إلى وفاتها ونتائج تحقيقات الشرطة. صباح الخير توني.,"It's 6:03 right now on this Wednesday morning, and we are following a tragic story this morning. A teenager is dead after police found her body in an eastside ditch. The gruesome discovery was made hours after her parents reported her missing, saying she had left on a walk last night. News 4's Tawny Davis is live this morning with more on the circumstances that may have led to her death and the police investigation. Good morning, Tawny.",1,Minor,4,True,,0.7597087378640777,1.0,0.9765087366104126,0.7622549019607843,1.0,diagnostic,F,A,,,0.55,0.68,1.0,1,0,2,light,الحين,الان,,exact,exact,speech
WMT_5445,Spelling Error,الأربعاء، وحنّا,الأربعاء هذا، ونحن,الساعة الحين 6:03 صباح يوم الأربعاء، وحنّا نتابع قصة مأساوية هذا الصباح. الشرطة لقت جثة فتاة مراهقة في حفرة ناحية شرق المدينة. وتم اكتشاف الحادث المروع بعد ساعات من إبلاغ والديها عن اختفائها، قالوا إنها خرجت في نزهة الليلة اللي فاتت. معنا توني دافيس من قناة News 4 في بث مباشر الصباح وعنده المزيد من المعلومات حول الظروف التي ربما أدت إلى وفاتها ونتائج تحقيقات الشرطة. صباح الخير توني.,الساعة الآن 6:03 من صباح يوم الأربعاء هذا، ونحن نتابع قصة مأساوية هذا الصباح. إذ توفيت فتاة مراهقة بعد أن عثرت الشرطة على جثتها في حفرة في الجانب الشرقي من المدينة. وتم اكتشاف الحادث المروع بعد ساعات من إبلاغ والديها عن اختفائها، حيث قالا إنها خرجت في نزهة الليلة الماضية. معنا توني دافيس من قناة News 4 في بث مباشر هذا الصباح مع المزيد حول الظروف التي ربما أدت إلى وفاتها ونتائج تحقيقات الشرطة. صباح الخير توني.,"It's 6:03 right now on this Wednesday morning, and we are following a tragic story this morning. A teenager is dead after police found her body in an eastside ditch. The gruesome discovery was made hours after her parents reported her missing, saying she had left on a walk last night. News 4's Tawny Davis is live this morning with more on the circumstances that may have led to her death and the police investigation. Good morning, Tawny.",1,Minor,21,True,,0.7597087378640777,1.0,0.9765087366104126,0.766497461928934,1.0,score,F,A,,,0.55,0.78,1.0,1,0,1,light,الاربعاء، وحنّا,الاربعاء هذا، ونحن,,exact_seq,exact_seq,speech
WMT_5450,Terminology Substitution,وعنده,مع,الساعة الحين 6:03 صباح يوم الأربعاء، وحنّا نتابع قصة مأساوية هذا الصباح. الشرطة لقت جثة فتاة مراهقة في حفرة ناحية شرق المدينة. وتم اكتشاف الحادث المروع بعد ساعات من إبلاغ والديها عن اختفائها، قالوا إنها خرجت في نزهة الليلة اللي فاتت. معنا توني دافيس من قناة News 4 في بث مباشر الصباح وعنده المزيد من المعلومات حول الظروف التي ربما أدت إلى وفاتها ونتائج تحقيقات الشرطة. صباح الخير توني.,الساعة الآن 6:03 من صباح يوم الأربعاء هذا، ونحن نتابع قصة مأساوية هذا الصباح. إذ توفيت فتاة مراهقة بعد أن عثرت الشرطة على جثتها في حفرة في الجانب الشرقي من المدينة. وتم اكتشاف الحادث المروع بعد ساعات من إبلاغ والديها عن اختفائها، حيث قالا إنها خرجت في نزهة الليلة الماضية. معنا توني دافيس من قناة News 4 في بث مباشر هذا الصباح مع المزيد حول الظروف التي ربما أدت إلى وفاتها ونتائج تحقيقات الشرطة. صباح الخير توني.,"It's 6:03 right now on this Wednesday morning, and we are following a tragic story this morning. A teenager is dead after police found her body in an eastside ditch. The gruesome discovery was made hours after her parents reported her missing, saying she had left on a walk last night. News 4's Tawny Davis is live this morning with more on the circumstances that may have led to her death and the police investigation. Good morning, Tawny.",1,Minor,4,True,,0.7597087378640777,1.0,0.9765087366104126,0.7634146341463415,1.0,diagnostic,F,A,,,0.55,0.68,1.0,1,0,1,light,وعنده,مع,,exact,exact,speech
WMT_5451,Total Omission,من المعلومات,[OMITTED],الساعة الحين 6:03 صباح يوم الأربعاء، وحنّا نتابع قصة مأساوية هذا الصباح. الشرطة لقت جثة فتاة مراهقة في حفرة ناحية شرق المدينة. وتم اكتشاف الحادث المروع بعد ساعات من إبلاغ والديها عن اختفائها، قالوا إنها خرجت في نزهة الليلة اللي فاتت. معنا توني دافيس من قناة News 4 في بث مباشر الصباح وعنده المزيد من المعلومات حول الظروف التي ربما أدت إلى وفاتها ونتائج تحقيقات الشرطة. صباح الخير توني.,الساعة الآن 6:03 من صباح يوم الأربعاء هذا، ونحن نتابع قصة مأساوية هذا الصباح. إذ توفيت فتاة مراهقة بعد أن عثرت الشرطة على جثتها في حفرة في الجانب الشرقي من المدينة. وتم اكتشاف الحادث المروع بعد ساعات من إبلاغ والديها عن اختفائها، حيث قالا إنها خرجت في نزهة الليلة الماضية. معنا توني دافيس من قناة News 4 في بث مباشر هذا الصباح مع المزيد حول الظروف التي ربما أدت إلى وفاتها ونتائج تحقيقات الشرطة. صباح الخير توني.,"It's 6:03 right now on this Wednesday morning, and we are following a tragic story this morning. A teenager is dead after police found her body in an eastside ditch. The gruesome discovery was made hours after her parents reported her missing, saying she had left on a walk last night. News 4's Tawny Davis is live this morning with more on the circumstances that may have led to her death and the police investigation. Good morning, Tawny.",1,Minor,1,True,,0.7597087378640777,1.0,0.9765087366104126,0.7888349514563107,1.0,diagnostic,F,A,,,0.55,0.5,0.8,1,0,0,light,من المعلومات,[OMITTED],,exact_seq,,speech
WMT_5457,Terminology Substitution,قدامي,أمامي,الأمر حصل من شهور، وما زلت حاسس إنني واقف هناك عند قبره. ما أقدر أتركه. رحل خلاص، وما أني قادرة أتركه. بشوفه في كل جندي يمر قدامي بزيه الرسمي، وهما في كل مكان تقريبًا من وقت القصف.,حدث الأمر منذ شهور، وما زلت أشعر أنني أقف هناك عند قبره. لا أستطيع تركه. لقد رحل، وما زالت غير قادرة على تركه. أراه في كل جندي يمر أمامي بزيه الرسمي، وهم في كل مكان منذ القصف.,"It's been months, and I feel like I'm still standing there at his grave. I can't leave him. He's gone, and I still can't leave him. I see him in every uniformed soldier I pass, and they're everywhere since the bombing.",1,Minor,4,True,,0.6666666666666667,1.0,0.9366315603256226,0.6685714285714286,1.0,diagnostic,F,A,,,0.55,0.68,1.0,1,0,1,light,قدامي,امامي,,exact,exact,speech
WMT_5461,Terminology Substitution,هلا,مرحبًا,هلا بكم جميعًا! إذا كنتم ما تعرفوني، فأنا جانيكا، خبيرة من فنلندا وأعيش في هولندا. هلا بكم في مدونة الفيديو ذي. حنّا اليوم في مدينة هارلم. وهي مدينة رائعة فعلاً تقع في مقاطعة شمال هولندا.,مرحبًا بكم جميعًا! في حال كنتم لا تعرفونني، فأنا جانيكا، خبيرة من فنلندا وأعيش في هولندا. أهلاً بكم في مدونة الفيديو هذه. نحن اليوم في مدينة هارلم. وهي مدينة فاتنة فعلاً تقع في مقاطعة شمال هولندا.,"Hello, everyone! If you don't know me, my name is Janica, and I am an expert from Finland, living in the Netherlands. Welcome to this vlog. Today we are in the city of Haarlem. Harlem is a really lovely city located in the province of North Holland.",1,Minor,4,True,,0.8877551020408163,1.0,0.9688512086868286,0.9105263157894736,1.0,diagnostic,F,A,,,0.55,0.68,1.0,2,0,1,light,هلا,مرحبًا,,exact,exact,speech
WMT_5463,Spelling Error,ما تعرفوني،,لا تعرفونني،,هلا بكم جميعًا! إذا كنتم ما تعرفوني، فأنا جانيكا، خبيرة من فنلندا وأعيش في هولندا. هلا بكم في مدونة الفيديو ذي. حنّا اليوم في مدينة هارلم. وهي مدينة رائعة فعلاً تقع في مقاطعة شمال هولندا.,مرحبًا بكم جميعًا! في حال كنتم لا تعرفونني، فأنا جانيكا، خبيرة من فنلندا وأعيش في هولندا. أهلاً بكم في مدونة الفيديو هذه. نحن اليوم في مدينة هارلم. وهي مدينة فاتنة فعلاً تقع في مقاطعة شمال هولندا.,"Hello, everyone! If you don't know me, my name is Janica, and I am an expert from Finland, living in the Netherlands. Welcome to this vlog. Today we are in the city of Haarlem. Harlem is a really lovely city located in the province of North Holland.",1,Minor,21,True,,0.8877551020408163,1.0,0.9688512086868286,0.8913043478260869,1.0,score,F,A,,,0.55,0.78,1.0,1,0,1,light,ما تعرفوني،,لا تعرفونني،,,exact_seq,exact_seq,speech
WMT_5464,Terminology Substitution,هلا,أهلاً,هلا بكم جميعًا! إذا كنتم ما تعرفوني، فأنا جانيكا، خبيرة من فنلندا وأعيش في هولندا. هلا بكم في مدونة الفيديو ذي. حنّا اليوم في مدينة هارلم. وهي مدينة رائعة فعلاً تقع في مقاطعة شمال هولندا.,مرحبًا بكم جميعًا! في حال كنتم لا تعرفونني، فأنا جانيكا، خبيرة من فنلندا وأعيش في هولندا. أهلاً بكم في مدونة الفيديو هذه. نحن اليوم في مدينة هارلم. وهي مدينة فاتنة فعلاً تقع في مقاطعة شمال هولندا.,"Hello, everyone! If you don't know me, my name is Janica, and I am an expert from Finland, living in the Netherlands. Welcome to this vlog. Today we are in the city of Haarlem. Harlem is a really lovely city located in the province of North Holland.",1,Minor,4,True,,0.8877551020408163,1.0,0.9688512086868286,0.8743455497382199,1.0,diagnostic,F,A,,,0.55,0.68,1.0,2,0,1,light,هلا,اهلاً,,exact,exact,speech
WMT_5466,Terminology Substitution,رائعة,فاتنة,هلا بكم جميعًا! إذا كنتم ما تعرفوني، فأنا جانيكا، خبيرة من فنلندا وأعيش في هولندا. هلا بكم في مدونة الفيديو ذي. حنّا اليوم في مدينة هارلم. وهي مدينة رائعة فعلاً تقع في مقاطعة شمال هولندا.,مرحبًا بكم جميعًا! في حال كنتم لا تعرفونني، فأنا جانيكا، خبيرة من فنلندا وأعيش في هولندا. أهلاً بكم في مدونة الفيديو هذه. نحن اليوم في مدينة هارلم. وهي مدينة فاتنة فعلاً تقع في مقاطعة شمال هولندا.,"Hello, everyone! If you don't know me, my name is Janica, and I am an expert from Finland, living in the Netherlands. Welcome to this vlog. Today we are in the city of Haarlem. Harlem is a really lovely city located in the province of North Holland.",1,Minor,4,True,,0.8877551020408163,1.0,0.9688512086868286,0.9005235602094241,1.0,diagnostic,F,A,,,0.55,0.68,1.0,1,0,1,light,رائعة,فاتنة,,exact,exact,speech
WMT_5475,Terminology Substitution,البفر,المنفاخ,سمكة البفر الغينية، المميزة بعلاماتها العسكرية المتعددة الأغراض، ما بتمانع تظهر للناس. أما سمكة المكرونة الأطلسية فما بتهتم بالتنكر إطلاقًا. هي ببساطة بتتسلل بين الرمال. وبذا تقدر ممكن تخدع فريستها ومفترسها. لكن من المؤكد إنها ما تقدر تخدع مجموعة كبيرة من سمك البفر.,لا تمانع سمكة المنفاخ الغينية، بعلاماتها العسكرية المتعددة الأغراض، بأن تكون ظاهرة للعيان. أما سمكة السحلية الأطلسية فهي لا تهتم للتنكر مطلقًا. فهي ببساطة تتسلل بين الرمال. وقد تخدع بهذا فريستها ومفترسها. لكن من المؤكد أنها لن تتمكن من خداع دورية سمك المنفاخ.,"With his general-purpose military markings, the Guinean puffer fish doesn't mind being seen. The Atlantic lizardfish doesn't bother with disguises at all. It simply shimmies into the sand. This may fool both its prey and its predators. But it won't fool the puffer fish patrol.",1,Minor,4,True,,0.6578947368421053,1.0,0.9139734506607056,0.6666666666666667,1.0,diagnostic,F,A,,,0.55,0.68,1.0,2,0,2,light,البفر,المنفاخ,,exact,exact,speech
WMT_5476,Total Omission,المميزة,[OMITTED],سمكة البفر الغينية، المميزة بعلاماتها العسكرية المتعددة الأغراض، ما بتمانع تظهر للناس. أما سمكة المكرونة الأطلسية فما بتهتم بالتنكر إطلاقًا. هي ببساطة بتتسلل بين الرمال. وبذا تقدر ممكن تخدع فريستها ومفترسها. لكن من المؤكد إنها ما تقدر تخدع مجموعة كبيرة من سمك البفر.,لا تمانع سمكة المنفاخ الغينية، بعلاماتها العسكرية المتعددة الأغراض، بأن تكون ظاهرة للعيان. أما سمكة السحلية الأطلسية فهي لا تهتم للتنكر مطلقًا. فهي ببساطة تتسلل بين الرمال. وقد تخدع بهذا فريستها ومفترسها. لكن من المؤكد أنها لن تتمكن من خداع دورية سمك المنفاخ.,"With his general-purpose military markings, the Guinean puffer fish doesn't mind being seen. The Atlantic lizardfish doesn't bother with disguises at all. It simply shimmies into the sand. This may fool both its prey and its predators. But it won't fool the puffer fish patrol.",1,Minor,1,True,,0.6578947368421053,1.0,0.9139734506607056,0.6756756756756757,1.0,diagnostic,F,A,,,0.55,0.5,0.8,1,0,0,light,المميزة,[OMITTED],,exact,,speech
WMT_5478,Terminology Substitution,المكرونة,السحلية,سمكة البفر الغينية، المميزة بعلاماتها العسكرية المتعددة الأغراض، ما بتمانع تظهر للناس. أما سمكة المكرونة الأطلسية فما بتهتم بالتنكر إطلاقًا. هي ببساطة بتتسلل بين الرمال. وبذا تقدر ممكن تخدع فريستها ومفترسها. لكن من المؤكد إنها ما تقدر تخدع مجموعة كبيرة من سمك البفر.,لا تمانع سمكة المنفاخ الغينية، بعلاماتها العسكرية المتعددة الأغراض، بأن تكون ظاهرة للعيان. أما سمكة السحلية الأطلسية فهي لا تهتم للتنكر مطلقًا. فهي ببساطة تتسلل بين الرمال. وقد تخدع بهذا فريستها ومفترسها. لكن من المؤكد أنها لن تتمكن من خداع دورية سمك المنفاخ.,"With his general-purpose military markings, the Guinean puffer fish doesn't mind being seen. The Atlantic lizardfish doesn't bother with disguises at all. It simply shimmies into the sand. This may fool both its prey and its predators. But it won't fool the puffer fish patrol.",1,Minor,4,True,,0.6578947368421053,1.0,0.9139734506607056,0.6666666666666667,1.0,diagnostic,F,A,,,0.55,0.68,1.0,1,0,1,light,المكرونة,السحلية,,exact,exact,speech
WMT_5481,Terminology Substitution,البفر.,المنفاخ.,سمكة البفر الغينية، المميزة بعلاماتها العسكرية المتعددة الأغراض، ما بتمانع تظهر للناس. أما سمكة المكرونة الأطلسية فما بتهتم بالتنكر إطلاقًا. هي ببساطة بتتسلل بين الرمال. وبذا تقدر ممكن تخدع فريستها ومفترسها. لكن من المؤكد إنها ما تقدر تخدع مجموعة كبيرة من سمك البفر.,لا تمانع سمكة المنفاخ الغينية، بعلاماتها العسكرية المتعددة الأغراض، بأن تكون ظاهرة للعيان. أما سمكة السحلية الأطلسية فهي لا تهتم للتنكر مطلقًا. فهي ببساطة تتسلل بين الرمال. وقد تخدع بهذا فريستها ومفترسها. لكن من المؤكد أنها لن تتمكن من خداع دورية سمك المنفاخ.,"With his general-purpose military markings, the Guinean puffer fish doesn't mind being seen. The Atlantic lizardfish doesn't bother with disguises at all. It simply shimmies into the sand. This may fool both its prey and its predators. But it won't fool the puffer fish patrol.",1,Minor,4,True,,0.6578947368421053,1.0,0.9139734506607056,0.6653846153846155,1.0,diagnostic,F,A,,,0.55,0.68,1.0,2,0,2,light,البفر.,المنفاخ.,,exact,exact,speech
WMT_5489,Terminology Substitution,وذا,وهذا,اليوم راح نسوي مجموعة من حرف عيد الفصح الكلاسيكية الجميلة. تابعونا! أنا براندي وذا برنامج Making It My Own DIYs. هلا! أول مشروع راح يكون صناعة قطعتي زينة لعيد الفصح. وراح أبدأ بصنع حبتين صغيرتين من الزينة هنا، وللعلم يمديكم استخدام أي شيء متوفر عندكم. موجود بيضتين صغيرتين للزينة من Dollar Tree.,اليوم سنصنع بعض حرف عيد الفصح الكلاسيكية الجميلة. استمروا في مشاهدتنا! أنا براندي وهذا برنامج Making It My Own DIYs. مرحبًا بكم! أول مشروع سيكون صناعة قطعتي زينة لعيد الفصح. وسأبدأ بصنع زينتين صغيرتين هنا، ويمكنكم استخدام أي شيء متوفر لديكم. لدي هنا بيضتان صغيرتان للزينة من Dollar Tree.,"Today we're making some beautiful vintage Easter crafts. Keep watching! I'm Brandy, and this is Making It My Own DIYs. Welcome! The first project are going to be two Easter ornaments. I'm going to start off with two little ornaments here, and you can use whatever you have on hand. I've got these little decor eggs from Dollar Tree.",1,Minor,4,True,,0.7254237288135593,1.0,0.9799565076828004,0.726027397260274,1.0,diagnostic,F,A,,,0.55,0.68,1.0,1,0,1,light,وذا,وهذا,,exact,exact,speech
WMT_5493,Terminology Substitution,حبتين,زينتين,اليوم راح نسوي مجموعة من حرف عيد الفصح الكلاسيكية الجميلة. تابعونا! أنا براندي وذا برنامج Making It My Own DIYs. هلا! أول مشروع راح يكون صناعة قطعتي زينة لعيد الفصح. وراح أبدأ بصنع حبتين صغيرتين من الزينة هنا، وللعلم يمديكم استخدام أي شيء متوفر عندكم. موجود بيضتين صغيرتين للزينة من Dollar Tree.,اليوم سنصنع بعض حرف عيد الفصح الكلاسيكية الجميلة. استمروا في مشاهدتنا! أنا براندي وهذا برنامج Making It My Own DIYs. مرحبًا بكم! أول مشروع سيكون صناعة قطعتي زينة لعيد الفصح. وسأبدأ بصنع زينتين صغيرتين هنا، ويمكنكم استخدام أي شيء متوفر لديكم. لدي هنا بيضتان صغيرتان للزينة من Dollar Tree.,"Today we're making some beautiful vintage Easter crafts. Keep watching! I'm Brandy, and this is Making It My Own DIYs. Welcome! The first project are going to be two Easter ornaments. I'm going to start off with two little ornaments here, and you can use whatever you have on hand. I've got these little decor eggs from Dollar Tree.",1,Minor,4,True,,0.7254237288135593,1.0,0.9799565076828004,0.7310344827586207,1.0,diagnostic,F,A,,,0.55,0.68,1.0,1,0,1,light,حبتين,زينتين,,exact,exact,speech
WMT_5494,Total Omission,من الزينة,[OMITTED],اليوم راح نسوي مجموعة من حرف عيد الفصح الكلاسيكية الجميلة. تابعونا! أنا براندي وذا برنامج Making It My Own DIYs. هلا! أول مشروع راح يكون صناعة قطعتي زينة لعيد الفصح. وراح أبدأ بصنع حبتين صغيرتين من الزينة هنا، وللعلم يمديكم استخدام أي شيء متوفر عندكم. موجود بيضتين صغيرتين للزينة من Dollar Tree.,اليوم سنصنع بعض حرف عيد الفصح الكلاسيكية الجميلة. استمروا في مشاهدتنا! أنا براندي وهذا برنامج Making It My Own DIYs. مرحبًا بكم! أول مشروع سيكون صناعة قطعتي زينة لعيد الفصح. وسأبدأ بصنع زينتين صغيرتين هنا، ويمكنكم استخدام أي شيء متوفر لديكم. لدي هنا بيضتان صغيرتان للزينة من Dollar Tree.,"Today we're making some beautiful vintage Easter crafts. Keep watching! I'm Brandy, and this is Making It My Own DIYs. Welcome! The first project are going to be two Easter ornaments. I'm going to start off with two little ornaments here, and you can use whatever you have on hand. I've got these little decor eggs from Dollar Tree.",1,Minor,1,True,,0.7254237288135593,1.0,0.9799565076828004,0.7491289198606272,1.0,diagnostic,F,A,,,0.55,0.5,0.8,1,0,0,light,من الزينة,[OMITTED],,exact_seq,,speech
WMT_5497,Spelling Error,يُقال,يقال,يُقال إن الملك لاليبيلا قطع مسافة 1600 ميل للسفر إلى القدس. ومثل ما تقول الأسطورة إنه لمن رجع لاليبيلا ووقعت القدس تحت سيطرة الفتح الإسلامي، أمر ببناء موطن جديد للمسيحية. ونحتوا كل كنيسة من قطعة واحدة من الصخر علشان تكون رمز للروحانية والتواضع. وأيضًا يُقال إن الإيمان المسيحي أوحى بالعديد من السمات اللي أُطلقت عليها أسماء من الكتاب المقدس. حتى إن نهر لاليبيلا أصبح يُعرف باسم نهر الأردن. في حين بقيت لاليبيلا عاصمة لإثيوبيا من أواخر القرن 12 حتى القرن 13.,يقال إن الملك لاليبيلا قطع مسافة 1600 ميل للسفر إلى القدس. وحسبما تقول الأسطورة فإنه عندما عاد لاليبيلا ووقعت القدس تحت سيطرة الفتح الإسلامي، أمر ببناء موطن جديد للمسيحية. حيث نُحتت كل كنيسة من قطعة واحدة من الصخر لتكون رمزًا للروحانية والتواضع. في حين أوحى الإيمان المسيحي بالعديد من السمات التي أُطلقت عليها أسماء من الكتاب المقدس. حتى إن نهر لاليبيلا بات يُعرف باسم نهر الأردن. في حين بقيت لاليبيلا عاصمة لإثيوبيا من أواخر القرن 12 حتى القرن 13.,"The king, Lalibela, is said to have traveled the 1,600 miles to Jerusalem. Legend has it, when he returned and Jerusalem fell to the Islamic conquest, Lalibela ordered a new home for Christianity. Each church was carved from a single piece of rock to symbolize spirituality and humility. The Christian faith inspired many features receiving Biblical names. Even Lalibela's river is known as the River Jordan. Lalibela remained the capital of Ethiopia from the late-12th into the 13th century.",1,Minor,21,True,,0.8905908096280087,1.0,0.9897581338882446,0.8915929203539823,1.0,score,F,A,,,0.55,0.78,1.0,2,0,1,light,يُقال,يقال,,exact,exact,speech
WMT_5504,Terminology Substitution,اللي,التي,يُقال إن الملك لاليبيلا قطع مسافة 1600 ميل للسفر إلى القدس. ومثل ما تقول الأسطورة إنه لمن رجع لاليبيلا ووقعت القدس تحت سيطرة الفتح الإسلامي، أمر ببناء موطن جديد للمسيحية. ونحتوا كل كنيسة من قطعة واحدة من الصخر علشان تكون رمز للروحانية والتواضع. وأيضًا يُقال إن الإيمان المسيحي أوحى بالعديد من السمات اللي أُطلقت عليها أسماء من الكتاب المقدس. حتى إن نهر لاليبيلا أصبح يُعرف باسم نهر الأردن. في حين بقيت لاليبيلا عاصمة لإثيوبيا من أواخر القرن 12 حتى القرن 13.,يقال إن الملك لاليبيلا قطع مسافة 1600 ميل للسفر إلى القدس. وحسبما تقول الأسطورة فإنه عندما عاد لاليبيلا ووقعت القدس تحت سيطرة الفتح الإسلامي، أمر ببناء موطن جديد للمسيحية. حيث نُحتت كل كنيسة من قطعة واحدة من الصخر لتكون رمزًا للروحانية والتواضع. في حين أوحى الإيمان المسيحي بالعديد من السمات التي أُطلقت عليها أسماء من الكتاب المقدس. حتى إن نهر لاليبيلا بات يُعرف باسم نهر الأردن. في حين بقيت لاليبيلا عاصمة لإثيوبيا من أواخر القرن 12 حتى القرن 13.,"The king, Lalibela, is said to have traveled the 1,600 miles to Jerusalem. Legend has it, when he returned and Jerusalem fell to the Islamic conquest, Lalibela ordered a new home for Christianity. Each church was carved from a single piece of rock to symbolize spirituality and humility. The Christian faith inspired many features receiving Biblical names. Even Lalibela's river is known as the River Jordan. Lalibela remained the capital of Ethiopia from the late-12th into the 13th century.",1,Minor,4,True,,0.8905908096280087,1.0,0.9897581338882446,0.891832229580574,1.0,diagnostic,F,A,,,0.55,0.68,1.0,1,0,1,light,اللي,التي,,exact,exact,speech
WMT_5505,Terminology Substitution,أصبح,بات,يُقال إن الملك لاليبيلا قطع مسافة 1600 ميل للسفر إلى القدس. ومثل ما تقول الأسطورة إنه لمن رجع لاليبيلا ووقعت القدس تحت سيطرة الفتح الإسلامي، أمر ببناء موطن جديد للمسيحية. ونحتوا كل كنيسة من قطعة واحدة من الصخر علشان تكون رمز للروحانية والتواضع. وأيضًا يُقال إن الإيمان المسيحي أوحى بالعديد من السمات اللي أُطلقت عليها أسماء من الكتاب المقدس. حتى إن نهر لاليبيلا أصبح يُعرف باسم نهر الأردن. في حين بقيت لاليبيلا عاصمة لإثيوبيا من أواخر القرن 12 حتى القرن 13.,يقال إن الملك لاليبيلا قطع مسافة 1600 ميل للسفر إلى القدس. وحسبما تقول الأسطورة فإنه عندما عاد لاليبيلا ووقعت القدس تحت سيطرة الفتح الإسلامي، أمر ببناء موطن جديد للمسيحية. حيث نُحتت كل كنيسة من قطعة واحدة من الصخر لتكون رمزًا للروحانية والتواضع. في حين أوحى الإيمان المسيحي بالعديد من السمات التي أُطلقت عليها أسماء من الكتاب المقدس. حتى إن نهر لاليبيلا بات يُعرف باسم نهر الأردن. في حين بقيت لاليبيلا عاصمة لإثيوبيا من أواخر القرن 12 حتى القرن 13.,"The king, Lalibela, is said to have traveled the 1,600 miles to Jerusalem. Legend has it, when he returned and Jerusalem fell to the Islamic conquest, Lalibela ordered a new home for Christianity. Each church was carved from a single piece of rock to symbolize spirituality and humility. The Christian faith inspired many features receiving Biblical names. Even Lalibela's river is known as the River Jordan. Lalibela remained the capital of Ethiopia from the late-12th into the 13th century.",1,Minor,4,True,,0.8905908096280087,1.0,0.9897581338882446,0.8984547461368654,1.0,diagnostic,F,A,,,0.55,0.68,1.0,1,0,1,light,اصبح,بات,,exact,exact,speech
WMT_5529,Spelling Error,أرسلولي,أرسلوا لي,هلا بكم جميعًا، معكم تي إس ماديسون. إذا كنتم تحاولون تطوير أعمالكم أو علامتكم التجارية أو منتجكم، فليش ما تعلنون معي؟ أرسلولي رسالة على البريد الإلكتروني booktsmadison@gmail.com علشان تشتركون في باقاتنا الإعلانية الشاملة. زيارات فريدة، ومشتركين مميزون يا شباب، وفئات مختلفة. أعلنوا معي اليوم.,مرحبًا جميعًا، معكم تي إس ماديسون. إذا كنتم تحاولون تطوير أعمالكم أو علامتكم التجارية أو منتجكم، فلمَ لا تعلنوا معي؟ أرسلوا لي رسالة إلكترونية على البريد الإلكتروني booktsmadison@gmail.com لتتمكنوا من الاشتراك في باقاتنا الإعلانية الشاملة. زيارات فريدة، ومشتركون مميزون يا أعزائي، ومجموعة ديموغرافية واسعة النطاق. أعلنوا معي اليوم.,"Hey, everybody, this is TS Madison. And if you are trying to grow your business, brand, or a product, why not advertise with me? Email me at booktsmadison@gmail.com so that you can get in on our comprehensive advertisement packages. Unique visits, unique subscribers, honey, a broad demographic. Advertise with me today.",1,Minor,21,True,,0.7915407854984894,1.0,0.963695764541626,0.7919254658385093,1.0,score,F,A,,,0.55,0.78,1.0,1,0,1,light,ارسلولي,ارسلوا لي,,exact,exact_seq,speech
WMT_5531,Spelling Error,ومشتركين,ومشتركون,هلا بكم جميعًا، معكم تي إس ماديسون. إذا كنتم تحاولون تطوير أعمالكم أو علامتكم التجارية أو منتجكم، فليش ما تعلنون معي؟ أرسلولي رسالة على البريد الإلكتروني booktsmadison@gmail.com علشان تشتركون في باقاتنا الإعلانية الشاملة. زيارات فريدة، ومشتركين مميزون يا شباب، وفئات مختلفة. أعلنوا معي اليوم.,مرحبًا جميعًا، معكم تي إس ماديسون. إذا كنتم تحاولون تطوير أعمالكم أو علامتكم التجارية أو منتجكم، فلمَ لا تعلنوا معي؟ أرسلوا لي رسالة إلكترونية على البريد الإلكتروني booktsmadison@gmail.com لتتمكنوا من الاشتراك في باقاتنا الإعلانية الشاملة. زيارات فريدة، ومشتركون مميزون يا أعزائي، ومجموعة ديموغرافية واسعة النطاق. أعلنوا معي اليوم.,"Hey, everybody, this is TS Madison. And if you are trying to grow your business, brand, or a product, why not advertise with me? Email me at booktsmadison@gmail.com so that you can get in on our comprehensive advertisement packages. Unique visits, unique subscribers, honey, a broad demographic. Advertise with me today.",1,Minor,21,True,,0.7915407854984894,1.0,0.963695764541626,0.7894736842105263,1.0,score,F,A,,,0.55,0.78,1.0,1,0,1,light,ومشتركين,ومشتركون,,exact,exact,speech
WMT_5533,Terminology Substitution,اتعرض,عُرض,اتعرض الفيلم الوثائقي اللي راح تشوفنه الحين على السيد ألكسندر كيرينسكي، رئيس الحكومة الروسية الديمقراطية المؤقتة اللي أطاح بها الشيوعيين عام 1917. السيد كيرينسكي وافق على إبداء بعض الملاحظات الاستهلالية حول صورتنا العامة. نُقدم لكم السيد ألكسندر كيرينسكي 80 عام داخل شقته في نيويورك بتاريخ 10 أكتوبر 1962.,عُرض الفيلم الوثائقي الذي أنتم على وشك مشاهدته على السيد ألكسندر كيرينسكي، رئيس الحكومة الروسية الديمقراطية المؤقتة التي أطاح بها الشيوعيون عام 1917. وافق السيد كيرينسكي على الإدلاء ببعض الملاحظات الاستهلالية حول صورتنا العامة. نُقدم لكم السيد ألكسندر كيرينسكي البالغ من العمر 80 عامًا داخل شقته في نيويورك بتاريخ 10 أكتوبر 1962.,"The documentary film you are about to see was shown to Mr. Alexander Kerensky, President of the Democratic Provisional Government of Russia overthrown by the Communists in 1917. Mr. Kerensky consented to make a few introductory remarks about our picture. We present 80-year-old Alexander Kerensky in his New York City apartment on October 10th, 1962.",1,Minor,4,True,,0.8297872340425532,1.0,0.9939057230949402,0.8369230769230769,1.0,diagnostic,F,A,,,0.55,0.68,1.0,1,0,1,light,اتعرض,عُرض,,exact,exact,speech
WMT_5535,Terminology Substitution,اللي,التي,اتعرض الفيلم الوثائقي اللي راح تشوفنه الحين على السيد ألكسندر كيرينسكي، رئيس الحكومة الروسية الديمقراطية المؤقتة اللي أطاح بها الشيوعيين عام 1917. السيد كيرينسكي وافق على إبداء بعض الملاحظات الاستهلالية حول صورتنا العامة. نُقدم لكم السيد ألكسندر كيرينسكي 80 عام داخل شقته في نيويورك بتاريخ 10 أكتوبر 1962.,عُرض الفيلم الوثائقي الذي أنتم على وشك مشاهدته على السيد ألكسندر كيرينسكي، رئيس الحكومة الروسية الديمقراطية المؤقتة التي أطاح بها الشيوعيون عام 1917. وافق السيد كيرينسكي على الإدلاء ببعض الملاحظات الاستهلالية حول صورتنا العامة. نُقدم لكم السيد ألكسندر كيرينسكي البالغ من العمر 80 عامًا داخل شقته في نيويورك بتاريخ 10 أكتوبر 1962.,"The documentary film you are about to see was shown to Mr. Alexander Kerensky, President of the Democratic Provisional Government of Russia overthrown by the Communists in 1917. Mr. Kerensky consented to make a few introductory remarks about our picture. We present 80-year-old Alexander Kerensky in his New York City apartment on October 10th, 1962.",1,Minor,4,True,,0.8297872340425532,1.0,0.9939057230949402,0.8092307692307692,1.0,diagnostic,F,A,,,0.55,0.68,1.0,2,0,1,light,اللي,التي,,exact,exact,speech
WMT_5536,Spelling Error,الشيوعيين,الشيوعيون,اتعرض الفيلم الوثائقي اللي راح تشوفنه الحين على السيد ألكسندر كيرينسكي، رئيس الحكومة الروسية الديمقراطية المؤقتة اللي أطاح بها الشيوعيين عام 1917. السيد كيرينسكي وافق على إبداء بعض الملاحظات الاستهلالية حول صورتنا العامة. نُقدم لكم السيد ألكسندر كيرينسكي 80 عام داخل شقته في نيويورك بتاريخ 10 أكتوبر 1962.,عُرض الفيلم الوثائقي الذي أنتم على وشك مشاهدته على السيد ألكسندر كيرينسكي، رئيس الحكومة الروسية الديمقراطية المؤقتة التي أطاح بها الشيوعيون عام 1917. وافق السيد كيرينسكي على الإدلاء ببعض الملاحظات الاستهلالية حول صورتنا العامة. نُقدم لكم السيد ألكسندر كيرينسكي البالغ من العمر 80 عامًا داخل شقته في نيويورك بتاريخ 10 أكتوبر 1962.,"The documentary film you are about to see was shown to Mr. Alexander Kerensky, President of the Democratic Provisional Government of Russia overthrown by the Communists in 1917. Mr. Kerensky consented to make a few introductory remarks about our picture. We present 80-year-old Alexander Kerensky in his New York City apartment on October 10th, 1962.",1,Minor,21,True,,0.8297872340425532,1.0,0.9939057230949402,0.828125,1.0,score,F,A,,,0.55,0.78,1.0,1,0,1,light,الشيوعيين,الشيوعيون,,exact,exact,speech
WMT_5538,Spelling Error,إبداء بعض,الإدلاء ببعض,اتعرض الفيلم الوثائقي اللي راح تشوفنه الحين على السيد ألكسندر كيرينسكي، رئيس الحكومة الروسية الديمقراطية المؤقتة اللي أطاح بها الشيوعيين عام 1917. السيد كيرينسكي وافق على إبداء بعض الملاحظات الاستهلالية حول صورتنا العامة. نُقدم لكم السيد ألكسندر كيرينسكي 80 عام داخل شقته في نيويورك بتاريخ 10 أكتوبر 1962.,عُرض الفيلم الوثائقي الذي أنتم على وشك مشاهدته على السيد ألكسندر كيرينسكي، رئيس الحكومة الروسية الديمقراطية المؤقتة التي أطاح بها الشيوعيون عام 1917. وافق السيد كيرينسكي على الإدلاء ببعض الملاحظات الاستهلالية حول صورتنا العامة. نُقدم لكم السيد ألكسندر كيرينسكي البالغ من العمر 80 عامًا داخل شقته في نيويورك بتاريخ 10 أكتوبر 1962.,"The documentary film you are about to see was shown to Mr. Alexander Kerensky, President of the Democratic Provisional Government of Russia overthrown by the Communists in 1917. Mr. Kerensky consented to make a few introductory remarks about our picture. We present 80-year-old Alexander Kerensky in his New York City apartment on October 10th, 1962.",1,Minor,21,True,,0.8297872340425532,1.0,0.9939057230949402,0.8391167192429022,1.0,score,F,A,,,0.55,0.78,1.0,1,0,1,light,ابداء بعض,الادلاء ببعض,,exact_seq,exact_seq,speech
WMT_5539,Terminology Substitution,عام,عامًا,اتعرض الفيلم الوثائقي اللي راح تشوفنه الحين على السيد ألكسندر كيرينسكي، رئيس الحكومة الروسية الديمقراطية المؤقتة اللي أطاح بها الشيوعيين عام 1917. السيد كيرينسكي وافق على إبداء بعض الملاحظات الاستهلالية حول صورتنا العامة. نُقدم لكم السيد ألكسندر كيرينسكي 80 عام داخل شقته في نيويورك بتاريخ 10 أكتوبر 1962.,عُرض الفيلم الوثائقي الذي أنتم على وشك مشاهدته على السيد ألكسندر كيرينسكي، رئيس الحكومة الروسية الديمقراطية المؤقتة التي أطاح بها الشيوعيون عام 1917. وافق السيد كيرينسكي على الإدلاء ببعض الملاحظات الاستهلالية حول صورتنا العامة. نُقدم لكم السيد ألكسندر كيرينسكي البالغ من العمر 80 عامًا داخل شقته في نيويورك بتاريخ 10 أكتوبر 1962.,"The documentary film you are about to see was shown to Mr. Alexander Kerensky, President of the Democratic Provisional Government of Russia overthrown by the Communists in 1917. Mr. Kerensky consented to make a few introductory remarks about our picture. We present 80-year-old Alexander Kerensky in his New York City apartment on October 10th, 1962.",1,Minor,4,True,,0.8297872340425532,1.0,0.9939057230949402,0.8240740740740741,1.0,diagnostic,F,A,,,0.55,0.68,1.0,3,2,1,light,عام,عامًا,,exact,exact,speech
WMT_5542,Terminology Substitution,الحين.,الآن.,سيدي القاضي، موكلي بيقبل بهيئة المحلفين بالتشكيلة اللي عليها الحين. هل هيئة المحلفين مقبولة للطرفين؟. حنّا نقبل بهيئة المحلفين. هيئة المحلفين مقبولة من طرفنا. خلي هيئة المحلفين تحلف اليمين.,سيدي القاضي، يقبل موكلي بهيئة المحلفين بالتشكيلة التي هي عليها الآن. هل تعد هيئة المحلفين مقبولة لكلا الطرفين؟. نحن نقبل بهيئة المحلفين. هيئة المحلفين مقبولة بالنسبة لنا. فلتقم هيئة المحلفين بالقسم.,"Your Honor, my client accepts the jury as presently constituted. The jury is satisfactory to both sides? We accept the jury. The jury is satisfactory to us. Swear the jury.",1,Minor,4,True,,0.7575757575757576,1.0,0.9389572143554688,0.7616580310880829,1.0,diagnostic,F,A,,,0.55,0.68,1.0,1,0,1,light,الحين.,الان.,,exact,exact,speech
WMT_5547,Terminology Substitution,وعندي,ولدي,وعندي خبرة طويلة، عملت على مستوى دولي، وعملت في القارة ذي. وعملت في العديد من الولايات، وقطاعات السوق المختلفة. واكتشفت أن الناس مهتمين بالأمر فعلاً. يبون معرفة ماهية ما يحدث خلف الكواليس. علشان ذا، بعض مقاطع الفيديو ذي راح تكون عبارة عن نصائح يقدمها شخص يعمل بالفعل في المجال، وأظن أن ذا يخليني شوية متفرد عن غير من مدوني السفر اللي يُحتمل تتابعونهم. مثل ما تعرفون، ربما لم يسبق لي العمل في، خلينا نقول، قطاع الرحلات البحرية، إلا أنه علي الحصول على دورات خاصة في المجال للحصول على شهادة الضيافة. فحتى لو إني ما عملت لم فيه، لكنني درست عنه.,ولدي خبرة واسعة، فقد عملت على مستوى دولي، وعملت في هذه القارة. كما عملت في العديد من الولايات، وشرائح السوق المختلفة. واكتشفت أن الناس مهتمون بالأمر فعلاً. إذ يريدون معرفة ماهية ما يحدث خلف الكواليس. لذا فإن بعض مقاطع الفيديو هذه ستكون عبارة عن نصائح من شخص يعمل بالفعل في هذا المجال، وأظن أن هذا هو ما يجعلني متفردًا قليلاً عن مدوني السفر الآخرين الذين قد تتابعونهم. فكما تعلمون، ربما لم يسبق لي العمل في، فلنقل، قطاع الرحلات البحرية، إلا أنه علي تلقي دورات خاصة بهذا المجال للحصول على شهادة الضيافة. لذا فحتى لو لم أعمل فيه، لكنني درست عنه.,"And I have a lot of experience. I've worked internationally. I've worked this continent. I've worked different states, different market segments. And what I found is people are really intrigued by that. They want to know kind of what the behind the scenes is. So some of these videos are going to be tips from somebody that actually works in this industry, and I think that's what separates me a little bit from possibly other travel bloggers that you might follow. You know, I may not have worked for, say, even the cruise industry, but I had to take courses in it for my hospitality degree. So, even if I haven't worked in it, I've been educated on it.",1,Minor,4,True,,0.7712177121771218,1.0,0.9769845008850098,0.7732342007434945,1.0,diagnostic,F,A,,,0.55,0.68,1.0,1,0,1,light,وعندي,ولدي,,exact,exact,speech
WMT_5550,Terminology Substitution,وقطاعات,وشرائح,وعندي خبرة طويلة، عملت على مستوى دولي، وعملت في القارة ذي. وعملت في العديد من الولايات، وقطاعات السوق المختلفة. واكتشفت أن الناس مهتمين بالأمر فعلاً. يبون معرفة ماهية ما يحدث خلف الكواليس. علشان ذا، بعض مقاطع الفيديو ذي راح تكون عبارة عن نصائح يقدمها شخص يعمل بالفعل في المجال، وأظن أن ذا يخليني شوية متفرد عن غير من مدوني السفر اللي يُحتمل تتابعونهم. مثل ما تعرفون، ربما لم يسبق لي العمل في، خلينا نقول، قطاع الرحلات البحرية، إلا أنه علي الحصول على دورات خاصة في المجال للحصول على شهادة الضيافة. فحتى لو إني ما عملت لم فيه، لكنني درست عنه.,ولدي خبرة واسعة، فقد عملت على مستوى دولي، وعملت في هذه القارة. كما عملت في العديد من الولايات، وشرائح السوق المختلفة. واكتشفت أن الناس مهتمون بالأمر فعلاً. إذ يريدون معرفة ماهية ما يحدث خلف الكواليس. لذا فإن بعض مقاطع الفيديو هذه ستكون عبارة عن نصائح من شخص يعمل بالفعل في هذا المجال، وأظن أن هذا هو ما يجعلني متفردًا قليلاً عن مدوني السفر الآخرين الذين قد تتابعونهم. فكما تعلمون، ربما لم يسبق لي العمل في، فلنقل، قطاع الرحلات البحرية، إلا أنه علي تلقي دورات خاصة بهذا المجال للحصول على شهادة الضيافة. لذا فحتى لو لم أعمل فيه، لكنني درست عنه.,"And I have a lot of experience. I've worked internationally. I've worked this continent. I've worked different states, different market segments. And what I found is people are really intrigued by that. They want to know kind of what the behind the scenes is. So some of these videos are going to be tips from somebody that actually works in this industry, and I think that's what separates me a little bit from possibly other travel bloggers that you might follow. You know, I may not have worked for, say, even the cruise industry, but I had to take courses in it for my hospitality degree. So, even if I haven't worked in it, I've been educated on it.",1,Minor,4,True,,0.7712177121771218,1.0,0.9769845008850098,0.7779850746268657,1.0,diagnostic,F,A,,,0.55,0.68,1.0,1,0,1,light,وقطاعات,وشرائح,,exact,exact,speech
WMT_5551,Spelling Error,مهتمين,مهتمون,وعندي خبرة طويلة، عملت على مستوى دولي، وعملت في القارة ذي. وعملت في العديد من الولايات، وقطاعات السوق المختلفة. واكتشفت أن الناس مهتمين بالأمر فعلاً. يبون معرفة ماهية ما يحدث خلف الكواليس. علشان ذا، بعض مقاطع الفيديو ذي راح تكون عبارة عن نصائح يقدمها شخص يعمل بالفعل في المجال، وأظن أن ذا يخليني شوية متفرد عن غير من مدوني السفر اللي يُحتمل تتابعونهم. مثل ما تعرفون، ربما لم يسبق لي العمل في، خلينا نقول، قطاع الرحلات البحرية، إلا أنه علي الحصول على دورات خاصة في المجال للحصول على شهادة الضيافة. فحتى لو إني ما عملت لم فيه، لكنني درست عنه.,ولدي خبرة واسعة، فقد عملت على مستوى دولي، وعملت في هذه القارة. كما عملت في العديد من الولايات، وشرائح السوق المختلفة. واكتشفت أن الناس مهتمون بالأمر فعلاً. إذ يريدون معرفة ماهية ما يحدث خلف الكواليس. لذا فإن بعض مقاطع الفيديو هذه ستكون عبارة عن نصائح من شخص يعمل بالفعل في هذا المجال، وأظن أن هذا هو ما يجعلني متفردًا قليلاً عن مدوني السفر الآخرين الذين قد تتابعونهم. فكما تعلمون، ربما لم يسبق لي العمل في، فلنقل، قطاع الرحلات البحرية، إلا أنه علي تلقي دورات خاصة بهذا المجال للحصول على شهادة الضيافة. لذا فحتى لو لم أعمل فيه، لكنني درست عنه.,"And I have a lot of experience. I've worked internationally. I've worked this continent. I've worked different states, different market segments. And what I found is people are really intrigued by that. They want to know kind of what the behind the scenes is. So some of these videos are going to be tips from somebody that actually works in this industry, and I think that's what separates me a little bit from possibly other travel bloggers that you might follow. You know, I may not have worked for, say, even the cruise industry, but I had to take courses in it for my hospitality degree. So, even if I haven't worked in it, I've been educated on it.",1,Minor,21,True,,0.7712177121771218,1.0,0.9769845008850098,0.7705223880597015,1.0,score,F,A,,,0.55,0.78,1.0,1,0,1,light,مهتمين,مهتمون,,exact,exact,speech
WMT_5555,Terminology Substitution,يقدمها,من,وعندي خبرة طويلة، عملت على مستوى دولي، وعملت في القارة ذي. وعملت في العديد من الولايات، وقطاعات السوق المختلفة. واكتشفت أن الناس مهتمين بالأمر فعلاً. يبون معرفة ماهية ما يحدث خلف الكواليس. علشان ذا، بعض مقاطع الفيديو ذي راح تكون عبارة عن نصائح يقدمها شخص يعمل بالفعل في المجال، وأظن أن ذا يخليني شوية متفرد عن غير من مدوني السفر اللي يُحتمل تتابعونهم. مثل ما تعرفون، ربما لم يسبق لي العمل في، خلينا نقول، قطاع الرحلات البحرية، إلا أنه علي الحصول على دورات خاصة في المجال للحصول على شهادة الضيافة. فحتى لو إني ما عملت لم فيه، لكنني درست عنه.,ولدي خبرة واسعة، فقد عملت على مستوى دولي، وعملت في هذه القارة. كما عملت في العديد من الولايات، وشرائح السوق المختلفة. واكتشفت أن الناس مهتمون بالأمر فعلاً. إذ يريدون معرفة ماهية ما يحدث خلف الكواليس. لذا فإن بعض مقاطع الفيديو هذه ستكون عبارة عن نصائح من شخص يعمل بالفعل في هذا المجال، وأظن أن هذا هو ما يجعلني متفردًا قليلاً عن مدوني السفر الآخرين الذين قد تتابعونهم. فكما تعلمون، ربما لم يسبق لي العمل في، فلنقل، قطاع الرحلات البحرية، إلا أنه علي تلقي دورات خاصة بهذا المجال للحصول على شهادة الضيافة. لذا فحتى لو لم أعمل فيه، لكنني درست عنه.,"And I have a lot of experience. I've worked internationally. I've worked this continent. I've worked different states, different market segments. And what I found is people are really intrigued by that. They want to know kind of what the behind the scenes is. So some of these videos are going to be tips from somebody that actually works in this industry, and I think that's what separates me a little bit from possibly other travel bloggers that you might follow. You know, I may not have worked for, say, even the cruise industry, but I had to take courses in it for my hospitality degree. So, even if I haven't worked in it, I've been educated on it.",1,Minor,4,True,,0.7712177121771218,1.0,0.9769845008850098,0.7722222222222223,1.0,diagnostic,F,A,,,0.55,0.68,1.0,1,0,2,light,يقدمها,من,,exact,exact,speech
WMT_5556,Total Omission,غير من,[OMITTED],وعندي خبرة طويلة، عملت على مستوى دولي، وعملت في القارة ذي. وعملت في العديد من الولايات، وقطاعات السوق المختلفة. واكتشفت أن الناس مهتمين بالأمر فعلاً. يبون معرفة ماهية ما يحدث خلف الكواليس. علشان ذا، بعض مقاطع الفيديو ذي راح تكون عبارة عن نصائح يقدمها شخص يعمل بالفعل في المجال، وأظن أن ذا يخليني شوية متفرد عن غير من مدوني السفر اللي يُحتمل تتابعونهم. مثل ما تعرفون، ربما لم يسبق لي العمل في، خلينا نقول، قطاع الرحلات البحرية، إلا أنه علي الحصول على دورات خاصة في المجال للحصول على شهادة الضيافة. فحتى لو إني ما عملت لم فيه، لكنني درست عنه.,ولدي خبرة واسعة، فقد عملت على مستوى دولي، وعملت في هذه القارة. كما عملت في العديد من الولايات، وشرائح السوق المختلفة. واكتشفت أن الناس مهتمون بالأمر فعلاً. إذ يريدون معرفة ماهية ما يحدث خلف الكواليس. لذا فإن بعض مقاطع الفيديو هذه ستكون عبارة عن نصائح من شخص يعمل بالفعل في هذا المجال، وأظن أن هذا هو ما يجعلني متفردًا قليلاً عن مدوني السفر الآخرين الذين قد تتابعونهم. فكما تعلمون، ربما لم يسبق لي العمل في، فلنقل، قطاع الرحلات البحرية، إلا أنه علي تلقي دورات خاصة بهذا المجال للحصول على شهادة الضيافة. لذا فحتى لو لم أعمل فيه، لكنني درست عنه.,"And I have a lot of experience. I've worked internationally. I've worked this continent. I've worked different states, different market segments. And what I found is people are really intrigued by that. They want to know kind of what the behind the scenes is. So some of these videos are going to be tips from somebody that actually works in this industry, and I think that's what separates me a little bit from possibly other travel bloggers that you might follow. You know, I may not have worked for, say, even the cruise industry, but I had to take courses in it for my hospitality degree. So, even if I haven't worked in it, I've been educated on it.",1,Minor,1,True,,0.7712177121771218,1.0,0.9769845008850098,0.7693726937269373,1.0,diagnostic,F,A,,,0.55,0.5,0.8,1,0,0,light,غير من,[OMITTED],,exact_seq,,speech
WMT_5561,Terminology Substitution,في,بهذا,وعندي خبرة طويلة، عملت على مستوى دولي، وعملت في القارة ذي. وعملت في العديد من الولايات، وقطاعات السوق المختلفة. واكتشفت أن الناس مهتمين بالأمر فعلاً. يبون معرفة ماهية ما يحدث خلف الكواليس. علشان ذا، بعض مقاطع الفيديو ذي راح تكون عبارة عن نصائح يقدمها شخص يعمل بالفعل في المجال، وأظن أن ذا يخليني شوية متفرد عن غير من مدوني السفر اللي يُحتمل تتابعونهم. مثل ما تعرفون، ربما لم يسبق لي العمل في، خلينا نقول، قطاع الرحلات البحرية، إلا أنه علي الحصول على دورات خاصة في المجال للحصول على شهادة الضيافة. فحتى لو إني ما عملت لم فيه، لكنني درست عنه.,ولدي خبرة واسعة، فقد عملت على مستوى دولي، وعملت في هذه القارة. كما عملت في العديد من الولايات، وشرائح السوق المختلفة. واكتشفت أن الناس مهتمون بالأمر فعلاً. إذ يريدون معرفة ماهية ما يحدث خلف الكواليس. لذا فإن بعض مقاطع الفيديو هذه ستكون عبارة عن نصائح من شخص يعمل بالفعل في هذا المجال، وأظن أن هذا هو ما يجعلني متفردًا قليلاً عن مدوني السفر الآخرين الذين قد تتابعونهم. فكما تعلمون، ربما لم يسبق لي العمل في، فلنقل، قطاع الرحلات البحرية، إلا أنه علي تلقي دورات خاصة بهذا المجال للحصول على شهادة الضيافة. لذا فحتى لو لم أعمل فيه، لكنني درست عنه.,"And I have a lot of experience. I've worked internationally. I've worked this continent. I've worked different states, different market segments. And what I found is people are really intrigued by that. They want to know kind of what the behind the scenes is. So some of these videos are going to be tips from somebody that actually works in this industry, and I think that's what separates me a little bit from possibly other travel bloggers that you might follow. You know, I may not have worked for, say, even the cruise industry, but I had to take courses in it for my hospitality degree. So, even if I haven't worked in it, I've been educated on it.",1,Minor,4,True,,0.7712177121771218,1.0,0.9769845008850098,0.7695167286245354,1.0,diagnostic,F,A,,,0.55,0.68,1.0,4,3,3,light,في,بهذا,,exact,kw_prefix_ب,speech
WMT_5562,Total Omission,إني ما عملت,[OMITTED],وعندي خبرة طويلة، عملت على مستوى دولي، وعملت في القارة ذي. وعملت في العديد من الولايات، وقطاعات السوق المختلفة. واكتشفت أن الناس مهتمين بالأمر فعلاً. يبون معرفة ماهية ما يحدث خلف الكواليس. علشان ذا، بعض مقاطع الفيديو ذي راح تكون عبارة عن نصائح يقدمها شخص يعمل بالفعل في المجال، وأظن أن ذا يخليني شوية متفرد عن غير من مدوني السفر اللي يُحتمل تتابعونهم. مثل ما تعرفون، ربما لم يسبق لي العمل في، خلينا نقول، قطاع الرحلات البحرية، إلا أنه علي الحصول على دورات خاصة في المجال للحصول على شهادة الضيافة. فحتى لو إني ما عملت لم فيه، لكنني درست عنه.,ولدي خبرة واسعة، فقد عملت على مستوى دولي، وعملت في هذه القارة. كما عملت في العديد من الولايات، وشرائح السوق المختلفة. واكتشفت أن الناس مهتمون بالأمر فعلاً. إذ يريدون معرفة ماهية ما يحدث خلف الكواليس. لذا فإن بعض مقاطع الفيديو هذه ستكون عبارة عن نصائح من شخص يعمل بالفعل في هذا المجال، وأظن أن هذا هو ما يجعلني متفردًا قليلاً عن مدوني السفر الآخرين الذين قد تتابعونهم. فكما تعلمون، ربما لم يسبق لي العمل في، فلنقل، قطاع الرحلات البحرية، إلا أنه علي تلقي دورات خاصة بهذا المجال للحصول على شهادة الضيافة. لذا فحتى لو لم أعمل فيه، لكنني درست عنه.,"And I have a lot of experience. I've worked internationally. I've worked this continent. I've worked different states, different market segments. And what I found is people are really intrigued by that. They want to know kind of what the behind the scenes is. So some of these videos are going to be tips from somebody that actually works in this industry, and I think that's what separates me a little bit from possibly other travel bloggers that you might follow. You know, I may not have worked for, say, even the cruise industry, but I had to take courses in it for my hospitality degree. So, even if I haven't worked in it, I've been educated on it.",3,Major,1,True,,0.7712177121771218,1.0,0.9769845008850098,0.7804428044280443,1.0,diagnostic,F,A,,,0.55,0.5,0.8,1,0,0,light,اني ما عملت,[OMITTED],,exact_seq,,speech
WMT_5566,Terminology Substitution,تمام،,حسنًا,هلا. وش حصل لمن اتصلت بألباني؟ مشغول؟ تمام، اتصل بمديرة العمليات واطلب منها تخلي الخط مفتوح. ذا شغل رسمي، ومسألة حياة أو موت. أتمني إنك تقولين الحقيقة يا آنسة كينيدي. الأمور ما راح تكون في صالحك لو ما قلتي الحقيقة. أؤكد لك أن كل كلمة قلتها هي الحقيقة. ديركن مسكني، وقطّع فستاني. واتعاركنا.,مرحبًا. ماذا بشأن مكالمة ألباني؟ مشغول؟ حسنًا اتصل بمديرة العمليات واطلب منها أن تبقي الخط مفتوحًا. هذا عمل رسمي. وهو مسألة حياة أو موت. آمل أنك تقولين الحقيقة يا آنسة كينيدي. فلن تكون الأمور في صالحك في حال لم تفعلي. أؤكد لك أن كل كلمة قلتها هي الحقيقة. ديركن أمسك بي، ومزق فستاني. وتصارعنا.,"Hello. How about that Albany call? Busy? Well call the chief operator, tell her to keep the line open. Official business. It's a matter of life and death. I hope you are telling me the truth, Miss Kennedy. It won't go well with you if you're not. I tell you every word I told you's the truth. Dirken grabbed me. He tore my dress. We struggled.",1,Minor,4,True,,0.7226027397260274,1.0,0.9109952449798584,0.735191637630662,1.0,diagnostic,F,A,,,0.55,0.68,1.0,1,0,1,light,تمام،,حسنًا,,exact,exact,speech
WMT_5572,Terminology Substitution,واتعاركنا.,وتصارعنا.,هلا. وش حصل لمن اتصلت بألباني؟ مشغول؟ تمام، اتصل بمديرة العمليات واطلب منها تخلي الخط مفتوح. ذا شغل رسمي، ومسألة حياة أو موت. أتمني إنك تقولين الحقيقة يا آنسة كينيدي. الأمور ما راح تكون في صالحك لو ما قلتي الحقيقة. أؤكد لك أن كل كلمة قلتها هي الحقيقة. ديركن مسكني، وقطّع فستاني. واتعاركنا.,مرحبًا. ماذا بشأن مكالمة ألباني؟ مشغول؟ حسنًا اتصل بمديرة العمليات واطلب منها أن تبقي الخط مفتوحًا. هذا عمل رسمي. وهو مسألة حياة أو موت. آمل أنك تقولين الحقيقة يا آنسة كينيدي. فلن تكون الأمور في صالحك في حال لم تفعلي. أؤكد لك أن كل كلمة قلتها هي الحقيقة. ديركن أمسك بي، ومزق فستاني. وتصارعنا.,"Hello. How about that Albany call? Busy? Well call the chief operator, tell her to keep the line open. Official business. It's a matter of life and death. I hope you are telling me the truth, Miss Kennedy. It won't go well with you if you're not. I tell you every word I told you's the truth. Dirken grabbed me. He tore my dress. We struggled.",1,Minor,4,True,,0.7226027397260274,1.0,0.9109952449798584,0.7243816254416962,1.0,diagnostic,F,A,,,0.55,0.68,1.0,1,0,1,light,واتعاركنا.,وتصارعنا.,,exact,exact,speech
WMT_5649,Terminology Substitution,هو,إنه,العضو التالي في عرض 85 South Show. ما هو بحاج للتقديم. وين النساء؟! راح نقدّمه على أي حال. هو من أتلانتا، أو ربما من ميسيسيبي، ربما تكونون شفتوه قبل كذا على MTV Wild 'n Out. هو الأفضل في اللعبة الحين. فتى أحلامكم ظهر الحين، كارلوس ميلر، معانا الآن!,العضو التالي في عرض 85 South Show. لا يحتاج إلى تقديم. أين ذهبت سيداتي؟! سنمنحه تقديمًا على أي حال. إنه من أتلانتا، أو ربما من ميسيسيبي، ربما تكونون قد شاهدتمونه من قبل على MTV Wild 'n Out. أنه الأفضل في اللعبة الآن، سيداتي. ها هو فتى أحلامكن، كارلوس ميلر، معنا الآن!,"The next member of the 85 South Show. He needs no introduction. Where my ladies at?! We gonna give him an introduction anyway. He's out of Atlanta, by way of Mississippi. You might have seen him on MTV Wild 'n Out. Ladies, he is the coldest in the game right now. Your baby daddy, Karlous Miller's in the building!",1,Minor,4,True,,0.7303370786516854,1.0,0.9381166696548462,0.7386363636363636,1.0,diagnostic,F,A,,,0.55,0.68,1.0,3,1,2,light,هو,انه,,exact,exact,speech
WMT_5651,Total Omission,كذا,[OMITTED],العضو التالي في عرض 85 South Show. ما هو بحاج للتقديم. وين النساء؟! راح نقدّمه على أي حال. هو من أتلانتا، أو ربما من ميسيسيبي، ربما تكونون شفتوه قبل كذا على MTV Wild 'n Out. هو الأفضل في اللعبة الحين. فتى أحلامكم ظهر الحين، كارلوس ميلر، معانا الآن!,العضو التالي في عرض 85 South Show. لا يحتاج إلى تقديم. أين ذهبت سيداتي؟! سنمنحه تقديمًا على أي حال. إنه من أتلانتا، أو ربما من ميسيسيبي، ربما تكونون قد شاهدتمونه من قبل على MTV Wild 'n Out. أنه الأفضل في اللعبة الآن، سيداتي. ها هو فتى أحلامكن، كارلوس ميلر، معنا الآن!,"The next member of the 85 South Show. He needs no introduction. Where my ladies at?! We gonna give him an introduction anyway. He's out of Atlanta, by way of Mississippi. You might have seen him on MTV Wild 'n Out. Ladies, he is the coldest in the game right now. Your baby daddy, Karlous Miller's in the building!",1,Minor,1,True,,0.7303370786516854,1.0,0.9381166696548462,0.7378277153558053,1.0,diagnostic,F,A,,,0.55,0.5,0.8,1,0,0,light,كذا,[OMITTED],,exact,,speech
WMT_5652,Terminology Substitution,هو,أنه,العضو التالي في عرض 85 South Show. ما هو بحاج للتقديم. وين النساء؟! راح نقدّمه على أي حال. هو من أتلانتا، أو ربما من ميسيسيبي، ربما تكونون شفتوه قبل كذا على MTV Wild 'n Out. هو الأفضل في اللعبة الحين. فتى أحلامكم ظهر الحين، كارلوس ميلر، معانا الآن!,العضو التالي في عرض 85 South Show. لا يحتاج إلى تقديم. أين ذهبت سيداتي؟! سنمنحه تقديمًا على أي حال. إنه من أتلانتا، أو ربما من ميسيسيبي، ربما تكونون قد شاهدتمونه من قبل على MTV Wild 'n Out. أنه الأفضل في اللعبة الآن، سيداتي. ها هو فتى أحلامكن، كارلوس ميلر، معنا الآن!,"The next member of the 85 South Show. He needs no introduction. Where my ladies at?! We gonna give him an introduction anyway. He's out of Atlanta, by way of Mississippi. You might have seen him on MTV Wild 'n Out. Ladies, he is the coldest in the game right now. Your baby daddy, Karlous Miller's in the building!",1,Minor,4,True,,0.7303370786516854,1.0,0.9381166696548462,0.7386363636363636,1.0,diagnostic,F,A,,,0.55,0.68,1.0,3,1,2,light,هو,انه,,exact,exact,speech
WMT_5655,Spelling Error,معانا,معنا,العضو التالي في عرض 85 South Show. ما هو بحاج للتقديم. وين النساء؟! راح نقدّمه على أي حال. هو من أتلانتا، أو ربما من ميسيسيبي، ربما تكونون شفتوه قبل كذا على MTV Wild 'n Out. هو الأفضل في اللعبة الحين. فتى أحلامكم ظهر الحين، كارلوس ميلر، معانا الآن!,العضو التالي في عرض 85 South Show. لا يحتاج إلى تقديم. أين ذهبت سيداتي؟! سنمنحه تقديمًا على أي حال. إنه من أتلانتا، أو ربما من ميسيسيبي، ربما تكونون قد شاهدتمونه من قبل على MTV Wild 'n Out. أنه الأفضل في اللعبة الآن، سيداتي. ها هو فتى أحلامكن، كارلوس ميلر، معنا الآن!,"The next member of the 85 South Show. He needs no introduction. Where my ladies at?! We gonna give him an introduction anyway. He's out of Atlanta, by way of Mississippi. You might have seen him on MTV Wild 'n Out. Ladies, he is the coldest in the game right now. Your baby daddy, Karlous Miller's in the building!",1,Minor,21,True,,0.7303370786516854,1.0,0.9381166696548462,0.7300380228136882,1.0,score,F,A,,,0.55,0.78,1.0,1,0,1,light,معانا,معنا,,exact,exact,speech
WMT_5657,Spelling Error,اللي بتدفعنا لاستخدام,التي تدفعنا إلى استخدام,راح نترك الأكل كام دقيقة لحين يجف ويتخلص من الموية. مع الطهي الخفيف جدا، حنّا لا نطهو على موقد حقيقي. نكتفي بغلي الموية ليجف الأكل. وذا أحد الأسباب اللي بتدفعنا لاستخدام دقيق الذرة الفورية. لأنهم بيساهم في تقليل وقت الطهي واستهلاك وقود أقل وتقليل الوزن. تمام! ذي نبذة عن كيفية سريان الأمور، كل شيء في اتساق تام.,سنترك هذا الطعام للتهدئة والترطيب لبضع دقائق. مع الطهي الخفيف للغاية، نحن لا نطهو على موقد حقيقي. بل نكتفي بغلي الماء حتى نتمكن من ترطيب الطعام. وهذا أحد الأسباب التي تدفعنا إلى استخدام دقيق الذرة الفورية. فهو يساهم في تقليل وقت الطهي واستهلاك وقود أقل وتقليل الوزن. حسنًا! هذه نبذة عن كيفية سريان الأمور معنا هنا، في اتساق تام.,"We're just going to let that sit and rehydrate for a couple minutes. With ultralight cooking, we're not actually cooking on the stove. We're primarily boiling water so that we can rehydrate our food. It's also one of the reasons why we use instant grits. Less cooking time, less fuel, and less weight. Oh yeah. So this is about what we've got going on here. Perfect consistency.",1,Minor,21,True,,0.6920731707317074,1.0,0.8936907052993774,0.6852459016393442,1.0,score,F,A,,,0.55,0.78,1.0,1,0,1,light,اللي بتدفعنا لاستخدام,التي تدفعنا الي استخدام,,exact_seq,exact_seq,speech
WMT_5661,Terminology Substitution,منع,دون,الغطاء السحابي السميك منع وصول الشمس إلى سطح الأرض. ومرت الأرض بفترة برودة عامة اتعرفت بالكرة الثلجية الأرضية. وتسبب ذا في مشكلات كبيرة ثانية. لكن ذي المرة تمكنت بعض أنماط الحياة من البقاء في ظل الظروف الصعبة هذه تحت الغطاء الجليدي.,حال الغطاء السحابي السميك دون وصول الشمس إلى سطح الأرض. ومرت الأرض بفترة من البرودة العامة تُعرف بالكرة الثلجية الأرضية. وقد تسبب هذا الحدث في مشكلات أخرى هائلة. لكن هذه المرة تمكنت بعض أنماط الحياة من البقاء في ظل هذه الظروف الصعبة تحت الغطاء الجليدي.,"The thick cloud cover prevented sunlight from reaching the surface of the Earth. The Earth underwent a global glaciation event, known as the Snowball Earth. This caused another global mass extinction. But once again, some life survived yet another difficult period, beneath the ice sheet.",1,Minor,4,True,,0.8253968253968254,1.0,0.9553593397140504,0.8353413654618473,1.0,diagnostic,F,A,,,0.55,0.68,1.0,1,0,1,light,منع,دون,,exact,exact,speech
WMT_5665,Terminology Substitution,ذي,هذه,الغطاء السحابي السميك منع وصول الشمس إلى سطح الأرض. ومرت الأرض بفترة برودة عامة اتعرفت بالكرة الثلجية الأرضية. وتسبب ذا في مشكلات كبيرة ثانية. لكن ذي المرة تمكنت بعض أنماط الحياة من البقاء في ظل الظروف الصعبة هذه تحت الغطاء الجليدي.,حال الغطاء السحابي السميك دون وصول الشمس إلى سطح الأرض. ومرت الأرض بفترة من البرودة العامة تُعرف بالكرة الثلجية الأرضية. وقد تسبب هذا الحدث في مشكلات أخرى هائلة. لكن هذه المرة تمكنت بعض أنماط الحياة من البقاء في ظل هذه الظروف الصعبة تحت الغطاء الجليدي.,"The thick cloud cover prevented sunlight from reaching the surface of the Earth. The Earth underwent a global glaciation event, known as the Snowball Earth. This caused another global mass extinction. But once again, some life survived yet another difficult period, beneath the ice sheet.",1,Minor,4,True,,0.8253968253968254,1.0,0.9553593397140504,0.8313253012048193,1.0,diagnostic,F,A,,,0.55,0.68,1.0,1,0,2,light,ذي,هذه,,exact,exact,speech
WMT_5672,Spelling Error,الرقمية أصباح إنجاز العمل,الرقمية، أصبح إنشاء عملك,بفضل الأدوات الرقمية أصباح إنجاز العمل وتحريره ونشره على مستوى العالم أسهل بشكل ما حصل من قبل. لكن لكل شيء تكلفة، فنشر المعلومات المغلوطة والأخبار الكاذبة يشكل ببساطة متناهية مشكلة حقيقية في الفترات الأخيرة. وحاولنا البحث في ذي القضية مع الطلاب. فحسب دراسة لجامعة ستانفورد، 25% فقط من طلاب المدارس العليا قدروا يحددوا الأخبار الدقيقة مقارنة بالأخبار الكاذبة. وواجهوا صعوبة كذلك في التمييز بين الصور الحقيقية والمزيفة، ومقاطع الفيديو الحقيقية والمزيفة.,بفضل الأدوات الرقمية، أصبح إنشاء عملك وتحريره ونشره عبر أنحاء العالم أسهل من أي وقت مضى. ولكن لكل شيء تكلفته، فقد بات نشر المعلومات المغلوطة والأخبار الزائفة يشكل ببساطة متناهية مشكلة حقيقية في الآونة الأخيرة. وقد بحثنا هذه القضية مع الطلاب. فوفقًا لدراسة أجرتها جامعة ستانفورد، لم يتمكن سوى 25% من طلاب المدارس العليا من تحديد الأخبار الدقيقة مقارنة بالأخبار الزائفة. كما واجه الصعوبة كذلك في التمييز بين الصور الحقيقية والمزيفة، وكذلك مقاطعة الفيديو الحقيقة والمختلقة.,"With digital tools, it is easier than ever to create, edit, and publish your work to the world. But there's a cost. It's also easier than ever to spread misinformation, and fake news has become a real issue in recent times. We see this with students. According to a Stanford study, only 25% of high school students were able to identify an accurate news story compared to a fake one. Students also had a hard time distinguishing between real and fake photographs, as well as authentic and staged videos.",1,Minor,21,True,,0.7531914893617021,1.0,0.9784947633743286,0.7556053811659192,1.0,score,F,A,,,0.55,0.78,1.0,1,0,1,light,الرقمية اصباح انجاز العمل,الرقمية، اصبح انشاء عملك,,exact_seq,exact_seq,speech
WMT_5674,Total Omission,بشكل ما حصل,[OMITTED],بفضل الأدوات الرقمية أصباح إنجاز العمل وتحريره ونشره على مستوى العالم أسهل بشكل ما حصل من قبل. لكن لكل شيء تكلفة، فنشر المعلومات المغلوطة والأخبار الكاذبة يشكل ببساطة متناهية مشكلة حقيقية في الفترات الأخيرة. وحاولنا البحث في ذي القضية مع الطلاب. فحسب دراسة لجامعة ستانفورد، 25% فقط من طلاب المدارس العليا قدروا يحددوا الأخبار الدقيقة مقارنة بالأخبار الكاذبة. وواجهوا صعوبة كذلك في التمييز بين الصور الحقيقية والمزيفة، ومقاطع الفيديو الحقيقية والمزيفة.,بفضل الأدوات الرقمية، أصبح إنشاء عملك وتحريره ونشره عبر أنحاء العالم أسهل من أي وقت مضى. ولكن لكل شيء تكلفته، فقد بات نشر المعلومات المغلوطة والأخبار الزائفة يشكل ببساطة متناهية مشكلة حقيقية في الآونة الأخيرة. وقد بحثنا هذه القضية مع الطلاب. فوفقًا لدراسة أجرتها جامعة ستانفورد، لم يتمكن سوى 25% من طلاب المدارس العليا من تحديد الأخبار الدقيقة مقارنة بالأخبار الزائفة. كما واجه الصعوبة كذلك في التمييز بين الصور الحقيقية والمزيفة، وكذلك مقاطعة الفيديو الحقيقة والمختلقة.,"With digital tools, it is easier than ever to create, edit, and publish your work to the world. But there's a cost. It's also easier than ever to spread misinformation, and fake news has become a real issue in recent times. We see this with students. According to a Stanford study, only 25% of high school students were able to identify an accurate news story compared to a fake one. Students also had a hard time distinguishing between real and fake photographs, as well as authentic and staged videos.",3,Major,1,True,,0.7531914893617021,1.0,0.9784947633743286,0.7617021276595745,1.0,diagnostic,F,A,,,0.55,0.5,0.8,1,0,0,light,بشكل ما حصل,[OMITTED],,exact_seq,,speech
WMT_5677,Terminology Substitution,الكاذبة,الزائفة,بفضل الأدوات الرقمية أصباح إنجاز العمل وتحريره ونشره على مستوى العالم أسهل بشكل ما حصل من قبل. لكن لكل شيء تكلفة، فنشر المعلومات المغلوطة والأخبار الكاذبة يشكل ببساطة متناهية مشكلة حقيقية في الفترات الأخيرة. وحاولنا البحث في ذي القضية مع الطلاب. فحسب دراسة لجامعة ستانفورد، 25% فقط من طلاب المدارس العليا قدروا يحددوا الأخبار الدقيقة مقارنة بالأخبار الكاذبة. وواجهوا صعوبة كذلك في التمييز بين الصور الحقيقية والمزيفة، ومقاطع الفيديو الحقيقية والمزيفة.,بفضل الأدوات الرقمية، أصبح إنشاء عملك وتحريره ونشره عبر أنحاء العالم أسهل من أي وقت مضى. ولكن لكل شيء تكلفته، فقد بات نشر المعلومات المغلوطة والأخبار الزائفة يشكل ببساطة متناهية مشكلة حقيقية في الآونة الأخيرة. وقد بحثنا هذه القضية مع الطلاب. فوفقًا لدراسة أجرتها جامعة ستانفورد، لم يتمكن سوى 25% من طلاب المدارس العليا من تحديد الأخبار الدقيقة مقارنة بالأخبار الزائفة. كما واجه الصعوبة كذلك في التمييز بين الصور الحقيقية والمزيفة، وكذلك مقاطعة الفيديو الحقيقة والمختلقة.,"With digital tools, it is easier than ever to create, edit, and publish your work to the world. But there's a cost. It's also easier than ever to spread misinformation, and fake news has become a real issue in recent times. We see this with students. According to a Stanford study, only 25% of high school students were able to identify an accurate news story compared to a fake one. Students also had a hard time distinguishing between real and fake photographs, as well as authentic and staged videos.",1,Minor,4,True,,0.7531914893617021,1.0,0.9784947633743286,0.755939524838013,1.0,diagnostic,F,A,,,0.55,0.68,1.0,2,0,2,light,الكاذبة,الزائفة,,exact,exact,speech
WMT_5678,Terminology Substitution,الفترات,الآونة,بفضل الأدوات الرقمية أصباح إنجاز العمل وتحريره ونشره على مستوى العالم أسهل بشكل ما حصل من قبل. لكن لكل شيء تكلفة، فنشر المعلومات المغلوطة والأخبار الكاذبة يشكل ببساطة متناهية مشكلة حقيقية في الفترات الأخيرة. وحاولنا البحث في ذي القضية مع الطلاب. فحسب دراسة لجامعة ستانفورد، 25% فقط من طلاب المدارس العليا قدروا يحددوا الأخبار الدقيقة مقارنة بالأخبار الكاذبة. وواجهوا صعوبة كذلك في التمييز بين الصور الحقيقية والمزيفة، ومقاطع الفيديو الحقيقية والمزيفة.,بفضل الأدوات الرقمية، أصبح إنشاء عملك وتحريره ونشره عبر أنحاء العالم أسهل من أي وقت مضى. ولكن لكل شيء تكلفته، فقد بات نشر المعلومات المغلوطة والأخبار الزائفة يشكل ببساطة متناهية مشكلة حقيقية في الآونة الأخيرة. وقد بحثنا هذه القضية مع الطلاب. فوفقًا لدراسة أجرتها جامعة ستانفورد، لم يتمكن سوى 25% من طلاب المدارس العليا من تحديد الأخبار الدقيقة مقارنة بالأخبار الزائفة. كما واجه الصعوبة كذلك في التمييز بين الصور الحقيقية والمزيفة، وكذلك مقاطعة الفيديو الحقيقة والمختلقة.,"With digital tools, it is easier than ever to create, edit, and publish your work to the world. But there's a cost. It's also easier than ever to spread misinformation, and fake news has become a real issue in recent times. We see this with students. According to a Stanford study, only 25% of high school students were able to identify an accurate news story compared to a fake one. Students also had a hard time distinguishing between real and fake photographs, as well as authentic and staged videos.",1,Minor,4,True,,0.7531914893617021,1.0,0.9784947633743286,0.7607758620689655,1.0,diagnostic,F,A,,,0.55,0.68,1.0,1,0,1,light,الفترات,الاونة,,exact,exact,speech
WMT_5681,Total Omission,فقط,[OMITTED],بفضل الأدوات الرقمية أصباح إنجاز العمل وتحريره ونشره على مستوى العالم أسهل بشكل ما حصل من قبل. لكن لكل شيء تكلفة، فنشر المعلومات المغلوطة والأخبار الكاذبة يشكل ببساطة متناهية مشكلة حقيقية في الفترات الأخيرة. وحاولنا البحث في ذي القضية مع الطلاب. فحسب دراسة لجامعة ستانفورد، 25% فقط من طلاب المدارس العليا قدروا يحددوا الأخبار الدقيقة مقارنة بالأخبار الكاذبة. وواجهوا صعوبة كذلك في التمييز بين الصور الحقيقية والمزيفة، ومقاطع الفيديو الحقيقية والمزيفة.,بفضل الأدوات الرقمية، أصبح إنشاء عملك وتحريره ونشره عبر أنحاء العالم أسهل من أي وقت مضى. ولكن لكل شيء تكلفته، فقد بات نشر المعلومات المغلوطة والأخبار الزائفة يشكل ببساطة متناهية مشكلة حقيقية في الآونة الأخيرة. وقد بحثنا هذه القضية مع الطلاب. فوفقًا لدراسة أجرتها جامعة ستانفورد، لم يتمكن سوى 25% من طلاب المدارس العليا من تحديد الأخبار الدقيقة مقارنة بالأخبار الزائفة. كما واجه الصعوبة كذلك في التمييز بين الصور الحقيقية والمزيفة، وكذلك مقاطعة الفيديو الحقيقة والمختلقة.,"With digital tools, it is easier than ever to create, edit, and publish your work to the world. But there's a cost. It's also easier than ever to spread misinformation, and fake news has become a real issue in recent times. We see this with students. According to a Stanford study, only 25% of high school students were able to identify an accurate news story compared to a fake one. Students also had a hard time distinguishing between real and fake photographs, as well as authentic and staged videos.",1,Minor,1,True,,0.7531914893617021,1.0,0.9784947633743286,0.7553191489361702,1.0,diagnostic,F,A,,,0.55,0.5,0.8,1,0,0,light,فقط,[OMITTED],,exact,,speech
WMT_5685,Spelling Error,الحقيقية والمزيفة.,الحقيقة والمختلقة.,بفضل الأدوات الرقمية أصباح إنجاز العمل وتحريره ونشره على مستوى العالم أسهل بشكل ما حصل من قبل. لكن لكل شيء تكلفة، فنشر المعلومات المغلوطة والأخبار الكاذبة يشكل ببساطة متناهية مشكلة حقيقية في الفترات الأخيرة. وحاولنا البحث في ذي القضية مع الطلاب. فحسب دراسة لجامعة ستانفورد، 25% فقط من طلاب المدارس العليا قدروا يحددوا الأخبار الدقيقة مقارنة بالأخبار الكاذبة. وواجهوا صعوبة كذلك في التمييز بين الصور الحقيقية والمزيفة، ومقاطع الفيديو الحقيقية والمزيفة.,بفضل الأدوات الرقمية، أصبح إنشاء عملك وتحريره ونشره عبر أنحاء العالم أسهل من أي وقت مضى. ولكن لكل شيء تكلفته، فقد بات نشر المعلومات المغلوطة والأخبار الزائفة يشكل ببساطة متناهية مشكلة حقيقية في الآونة الأخيرة. وقد بحثنا هذه القضية مع الطلاب. فوفقًا لدراسة أجرتها جامعة ستانفورد، لم يتمكن سوى 25% من طلاب المدارس العليا من تحديد الأخبار الدقيقة مقارنة بالأخبار الزائفة. كما واجه الصعوبة كذلك في التمييز بين الصور الحقيقية والمزيفة، وكذلك مقاطعة الفيديو الحقيقة والمختلقة.,"With digital tools, it is easier than ever to create, edit, and publish your work to the world. But there's a cost. It's also easier than ever to spread misinformation, and fake news has become a real issue in recent times. We see this with students. According to a Stanford study, only 25% of high school students were able to identify an accurate news story compared to a fake one. Students also had a hard time distinguishing between real and fake photographs, as well as authentic and staged videos.",1,Minor,21,True,,0.7531914893617021,1.0,0.9784947633743286,0.754424778761062,1.0,score,F,A,,,0.55,0.78,1.0,1,0,1,light,الحقيقية والمزيفة.,الحقيقة والمختلقة.,,exact_seq,exact_seq,speech
WMT_5705,Terminology Substitution,اللي,الذي,نعم، سويت بعض الأبحاث استعدادًا لليلة، لأني غبي زي ما قلتلكم من قبل--. الشيء الوحيد اللي أعرفه عن الحكومة هو السبب اللي حنّا نحن هنا بسببه، وهو إنها بتعمل لصالحنا. وذا كل ما أعرفه حرفيًا. علشان ذا كان لابد من التعمُّق في الأمر ذا. سويت بعض الأبحاث حول كيفية تحويل مشروع القانون إلى قانون، علشان كذا شفت فيديو Schoolhouse Rock. بالطبع كلنا نحبه.,أجل، لقد أجريتُ بعض الأبحاث استعدادًا لليلة، لأنني كما قلت أحمق حقًا--. الشيء الوحيد الذي أعرفه عن الحكومة هو السبب الذي نحن هنا من أجله، وهو أنها لا تعمل لصالحنا. وهذا كل ما أعرفه حرفيًا. لذا كان من الجيد التعمُّق في هذا الأمر. لقد أجريتُ بعض الأبحاث حول كيفية تحويل مشروع القانون إلى قانون، لذا شاهدت فيديو Schoolhouse Rock. بالطبع كلنا نحبه.,"Yeah, I did like some re--. I did some research to get ready for tonight, because like I said, I'm a real dumb--. The only thing I know about government is the reason we're here, which is that it doesn't work for us. Like, that's literally all I know. So that was kind of nice to get into. But I did some research of, like, how a bill becomes a law. So I watched the Schoolhouse Rock video. Yes, we all love it.",1,Minor,4,True,,0.7761627906976745,1.0,0.9593615531921388,0.7764705882352941,1.0,diagnostic,F,A,,,0.55,0.68,1.0,2,0,2,light,اللي,الذي,,exact,exact,speech
WMT_5708,Spelling Error,إنها بتعمل,أنها لا تعمل,نعم، سويت بعض الأبحاث استعدادًا لليلة، لأني غبي زي ما قلتلكم من قبل--. الشيء الوحيد اللي أعرفه عن الحكومة هو السبب اللي حنّا نحن هنا بسببه، وهو إنها بتعمل لصالحنا. وذا كل ما أعرفه حرفيًا. علشان ذا كان لابد من التعمُّق في الأمر ذا. سويت بعض الأبحاث حول كيفية تحويل مشروع القانون إلى قانون، علشان كذا شفت فيديو Schoolhouse Rock. بالطبع كلنا نحبه.,أجل، لقد أجريتُ بعض الأبحاث استعدادًا لليلة، لأنني كما قلت أحمق حقًا--. الشيء الوحيد الذي أعرفه عن الحكومة هو السبب الذي نحن هنا من أجله، وهو أنها لا تعمل لصالحنا. وهذا كل ما أعرفه حرفيًا. لذا كان من الجيد التعمُّق في هذا الأمر. لقد أجريتُ بعض الأبحاث حول كيفية تحويل مشروع القانون إلى قانون، لذا شاهدت فيديو Schoolhouse Rock. بالطبع كلنا نحبه.,"Yeah, I did like some re--. I did some research to get ready for tonight, because like I said, I'm a real dumb--. The only thing I know about government is the reason we're here, which is that it doesn't work for us. Like, that's literally all I know. So that was kind of nice to get into. But I did some research of, like, how a bill becomes a law. So I watched the Schoolhouse Rock video. Yes, we all love it.",1,Minor,21,True,,0.7761627906976745,1.0,0.9593615531921388,0.781437125748503,1.0,score,F,A,,,0.55,0.78,1.0,1,0,1,light,انها بتعمل,انها لا تعمل,,exact_seq,exact_seq,speech
WMT_5709,Terminology Substitution,وذا,وهذا,نعم، سويت بعض الأبحاث استعدادًا لليلة، لأني غبي زي ما قلتلكم من قبل--. الشيء الوحيد اللي أعرفه عن الحكومة هو السبب اللي حنّا نحن هنا بسببه، وهو إنها بتعمل لصالحنا. وذا كل ما أعرفه حرفيًا. علشان ذا كان لابد من التعمُّق في الأمر ذا. سويت بعض الأبحاث حول كيفية تحويل مشروع القانون إلى قانون، علشان كذا شفت فيديو Schoolhouse Rock. بالطبع كلنا نحبه.,أجل، لقد أجريتُ بعض الأبحاث استعدادًا لليلة، لأنني كما قلت أحمق حقًا--. الشيء الوحيد الذي أعرفه عن الحكومة هو السبب الذي نحن هنا من أجله، وهو أنها لا تعمل لصالحنا. وهذا كل ما أعرفه حرفيًا. لذا كان من الجيد التعمُّق في هذا الأمر. لقد أجريتُ بعض الأبحاث حول كيفية تحويل مشروع القانون إلى قانون، لذا شاهدت فيديو Schoolhouse Rock. بالطبع كلنا نحبه.,"Yeah, I did like some re--. I did some research to get ready for tonight, because like I said, I'm a real dumb--. The only thing I know about government is the reason we're here, which is that it doesn't work for us. Like, that's literally all I know. So that was kind of nice to get into. But I did some research of, like, how a bill becomes a law. So I watched the Schoolhouse Rock video. Yes, we all love it.",1,Minor,4,True,,0.7761627906976745,1.0,0.9593615531921388,0.7771260997067448,1.0,diagnostic,F,A,,,0.55,0.68,1.0,3,0,2,light,وذا,وهذا,,exact,exact,speech
WMT_5711,Total Omission,لابد,[OMITTED],نعم، سويت بعض الأبحاث استعدادًا لليلة، لأني غبي زي ما قلتلكم من قبل--. الشيء الوحيد اللي أعرفه عن الحكومة هو السبب اللي حنّا نحن هنا بسببه، وهو إنها بتعمل لصالحنا. وذا كل ما أعرفه حرفيًا. علشان ذا كان لابد من التعمُّق في الأمر ذا. سويت بعض الأبحاث حول كيفية تحويل مشروع القانون إلى قانون، علشان كذا شفت فيديو Schoolhouse Rock. بالطبع كلنا نحبه.,أجل، لقد أجريتُ بعض الأبحاث استعدادًا لليلة، لأنني كما قلت أحمق حقًا--. الشيء الوحيد الذي أعرفه عن الحكومة هو السبب الذي نحن هنا من أجله، وهو أنها لا تعمل لصالحنا. وهذا كل ما أعرفه حرفيًا. لذا كان من الجيد التعمُّق في هذا الأمر. لقد أجريتُ بعض الأبحاث حول كيفية تحويل مشروع القانون إلى قانون، لذا شاهدت فيديو Schoolhouse Rock. بالطبع كلنا نحبه.,"Yeah, I did like some re--. I did some research to get ready for tonight, because like I said, I'm a real dumb--. The only thing I know about government is the reason we're here, which is that it doesn't work for us. Like, that's literally all I know. So that was kind of nice to get into. But I did some research of, like, how a bill becomes a law. So I watched the Schoolhouse Rock video. Yes, we all love it.",1,Minor,1,True,,0.7761627906976745,1.0,0.9593615531921388,0.7790697674418605,1.0,diagnostic,F,A,,,0.55,0.5,0.8,1,0,0,light,لابد,[OMITTED],,exact,,speech
WMT_5719,Total Omission,جميعًا,[OMITTED],هلا بكم جميعًا من جديد في برنامج الطبخ Dwight.  راح أقدم لكم اليوم وصفة لسلطة التونة مع المكرونة. وصفة سهلة وبسيطة. وذي قائمة المكونات اللي راح نحتاجها: فلفل رومي، بصل أخضر، بصل أبيض، نصف ملعقة صغيرة ملح حسب الرغبة، فلفل أسود أو إذا كان فيه فلفل مطحون، يمكنكم تستخدمونه، مكرونة، ثلاث بيضات مسلوقة، تونة.,مرحبًا بالجميع، أهلاً بكم من جديد في برنامج الطبخ Dwight. سأقدم لكم اليوم وصفة لسلطة التونة بالماكاروني. وصفة سهلة وبسيطة. إليكم قائمة بالمكونات التي أستخدمها: فلفل رومي، بصل أخضر، بصل أبيض، نصف ملعقة صغيرة ملح حسب الرغبة، فلفل أسود أو إذا كان لديكم فلفل مطحون، فيمكنكم استخدامه، ماكاروني، ثلاث بيضات مسلوقة، تونة.,"Hi everyone, welcome back to the Its Dwight cooking show. Today I'll be giving you a tuna macaroni salad recipe. Nice and easy. Just a simple recipe. Here you see a list of my ingredients: my bell pepper, my green onions, my white onions, half a teaspoon of salt for taste, black pepper, or if you have ground pepper, you can use it, my macaroni, three eggs that are going to be boiled, and my tuna.",1,Minor,1,True,,0.821656050955414,1.0,0.9317814111709596,0.8184713375796179,1.0,diagnostic,F,A,,,0.55,0.5,0.8,1,0,0,light,جميعًا,[OMITTED],,exact,,speech
WMT_5722,Terminology Substitution,وذي,إليكم,هلا بكم جميعًا من جديد في برنامج الطبخ Dwight.  راح أقدم لكم اليوم وصفة لسلطة التونة مع المكرونة. وصفة سهلة وبسيطة. وذي قائمة المكونات اللي راح نحتاجها: فلفل رومي، بصل أخضر، بصل أبيض، نصف ملعقة صغيرة ملح حسب الرغبة، فلفل أسود أو إذا كان فيه فلفل مطحون، يمكنكم تستخدمونه، مكرونة، ثلاث بيضات مسلوقة، تونة.,مرحبًا بالجميع، أهلاً بكم من جديد في برنامج الطبخ Dwight. سأقدم لكم اليوم وصفة لسلطة التونة بالماكاروني. وصفة سهلة وبسيطة. إليكم قائمة بالمكونات التي أستخدمها: فلفل رومي، بصل أخضر، بصل أبيض، نصف ملعقة صغيرة ملح حسب الرغبة، فلفل أسود أو إذا كان لديكم فلفل مطحون، فيمكنكم استخدامه، ماكاروني، ثلاث بيضات مسلوقة، تونة.,"Hi everyone, welcome back to the Its Dwight cooking show. Today I'll be giving you a tuna macaroni salad recipe. Nice and easy. Just a simple recipe. Here you see a list of my ingredients: my bell pepper, my green onions, my white onions, half a teaspoon of salt for taste, black pepper, or if you have ground pepper, you can use it, my macaroni, three eggs that are going to be boiled, and my tuna.",1,Minor,4,True,,0.821656050955414,1.0,0.9317814111709596,0.8317152103559871,1.0,diagnostic,F,A,,,0.55,0.68,1.0,1,0,1,light,وذي,اليكم,,exact,exact,speech
WMT_5724,Terminology Substitution,فيه,لديكم,هلا بكم جميعًا من جديد في برنامج الطبخ Dwight.  راح أقدم لكم اليوم وصفة لسلطة التونة مع المكرونة. وصفة سهلة وبسيطة. وذي قائمة المكونات اللي راح نحتاجها: فلفل رومي، بصل أخضر، بصل أبيض، نصف ملعقة صغيرة ملح حسب الرغبة، فلفل أسود أو إذا كان فيه فلفل مطحون، يمكنكم تستخدمونه، مكرونة، ثلاث بيضات مسلوقة، تونة.,مرحبًا بالجميع، أهلاً بكم من جديد في برنامج الطبخ Dwight. سأقدم لكم اليوم وصفة لسلطة التونة بالماكاروني. وصفة سهلة وبسيطة. إليكم قائمة بالمكونات التي أستخدمها: فلفل رومي، بصل أخضر، بصل أبيض، نصف ملعقة صغيرة ملح حسب الرغبة، فلفل أسود أو إذا كان لديكم فلفل مطحون، فيمكنكم استخدامه، ماكاروني، ثلاث بيضات مسلوقة، تونة.,"Hi everyone, welcome back to the Its Dwight cooking show. Today I'll be giving you a tuna macaroni salad recipe. Nice and easy. Just a simple recipe. Here you see a list of my ingredients: my bell pepper, my green onions, my white onions, half a teaspoon of salt for taste, black pepper, or if you have ground pepper, you can use it, my macaroni, three eggs that are going to be boiled, and my tuna.",1,Minor,4,True,,0.821656050955414,1.0,0.9317814111709596,0.8317152103559871,1.0,diagnostic,F,A,,,0.55,0.68,1.0,2,1,1,light,فيه,لديكم,,kw_suffix_ه,exact,speech
WMT_5725,Spelling Error,يمكنكم تستخدمونه، مكرونة،,فيمكنكم استخدامه، ماكاروني،,هلا بكم جميعًا من جديد في برنامج الطبخ Dwight.  راح أقدم لكم اليوم وصفة لسلطة التونة مع المكرونة. وصفة سهلة وبسيطة. وذي قائمة المكونات اللي راح نحتاجها: فلفل رومي، بصل أخضر، بصل أبيض، نصف ملعقة صغيرة ملح حسب الرغبة، فلفل أسود أو إذا كان فيه فلفل مطحون، يمكنكم تستخدمونه، مكرونة، ثلاث بيضات مسلوقة، تونة.,مرحبًا بالجميع، أهلاً بكم من جديد في برنامج الطبخ Dwight. سأقدم لكم اليوم وصفة لسلطة التونة بالماكاروني. وصفة سهلة وبسيطة. إليكم قائمة بالمكونات التي أستخدمها: فلفل رومي، بصل أخضر، بصل أبيض، نصف ملعقة صغيرة ملح حسب الرغبة، فلفل أسود أو إذا كان لديكم فلفل مطحون، فيمكنكم استخدامه، ماكاروني، ثلاث بيضات مسلوقة، تونة.,"Hi everyone, welcome back to the Its Dwight cooking show. Today I'll be giving you a tuna macaroni salad recipe. Nice and easy. Just a simple recipe. Here you see a list of my ingredients: my bell pepper, my green onions, my white onions, half a teaspoon of salt for taste, black pepper, or if you have ground pepper, you can use it, my macaroni, three eggs that are going to be boiled, and my tuna.",1,Minor,21,True,,0.821656050955414,1.0,0.9317814111709596,0.8327526132404182,1.0,score,F,A,,,0.55,0.78,1.0,1,0,1,light,يمكنكم تستخدمونه، مكرونة،,فيمكنكم استخدامه، ماكاروني،,,exact_seq,exact_seq,speech
WMT_5756,Terminology Substitution,مشيت,تقدمتُ,"مشيت ببطء في اتجاه الباب وناديت على والدي بصوت هادي ""راح أخرج شوية، العشاء جاهز في الثلاجة"" ولكن ما جاني رد مثل ما توقعت. عادةً ما يسمعني، ولكنه راح يكون بخير غالبًا. سكّرت الباب خلفي بهدوء، واتنهدت تنهيدة ثانية لمن جيت أسكّر الباب تمامًا. كدت أنسى، وضعت يدي على الماسح الضوئي اللي يسكّر الباب. إذا كان هناك أي شيء مميز في الشقة ذي، فهي التكنولوجيا المتقدمة. لكن معظم الأماكن أصحب كذه، مر وقت طويل من  لمن الناس استخدموا أي تقنية ثانية.","تقدمتُ ببطء نحو الباب وناديت على أبي بصوت هادئ ""سأخرج قليلاً، العشاء جاهز في الثلاجة"" ولكن لا رد كما توقعت. عادةً ما يسمعني، ولكنه سيكون بخير على الأرجح. أغلقت الباب خلفي بهدوء، وأطلقت تنهيدة أخرى عندما أُغلِق الباب تمامًا. كدت أنسى، وضعت يدي على الماسح الضوئي البارد الذي يقفل الباب. إذا كان هناك أي شيء مميز في هذه الشقة، فهي التكنولوجيا المتقدمة. لكن معظم الأماكن كذلك، لقد مر وقت طويل منذ أن استخدم الناس أي تقنية أخرى.","I hold a relatively slow pace as I approach the door, giving a small holler to Dad. “I’ll be heading out for a bit, dinner is in the fridge.” No response. Figures. He usually hears me though, he’ll probably be fine. Slowly closing the door behind me, I let another breathy sigh escape as the door completely shut. Nearly forgetting, I place my hand on the cold, metallic scanner that locks the door. If there was anything this apartment had, it was advanced tech, but then again; most places had notable technology–it had been a long time since anyone had used any other different technology.",1,Minor,4,True,,0.7247706422018348,1.0,0.9477947354316713,0.7337962962962963,1.0,diagnostic,F,A,,,0.55,0.68,1.0,1,0,1,light,مشيت,تقدمتُ,,exact,exact,literary
WMT_5758,Terminology Substitution,والدي,أبي,"مشيت ببطء في اتجاه الباب وناديت على والدي بصوت هادي ""راح أخرج شوية، العشاء جاهز في الثلاجة"" ولكن ما جاني رد مثل ما توقعت. عادةً ما يسمعني، ولكنه راح يكون بخير غالبًا. سكّرت الباب خلفي بهدوء، واتنهدت تنهيدة ثانية لمن جيت أسكّر الباب تمامًا. كدت أنسى، وضعت يدي على الماسح الضوئي اللي يسكّر الباب. إذا كان هناك أي شيء مميز في الشقة ذي، فهي التكنولوجيا المتقدمة. لكن معظم الأماكن أصحب كذه، مر وقت طويل من  لمن الناس استخدموا أي تقنية ثانية.","تقدمتُ ببطء نحو الباب وناديت على أبي بصوت هادئ ""سأخرج قليلاً، العشاء جاهز في الثلاجة"" ولكن لا رد كما توقعت. عادةً ما يسمعني، ولكنه سيكون بخير على الأرجح. أغلقت الباب خلفي بهدوء، وأطلقت تنهيدة أخرى عندما أُغلِق الباب تمامًا. كدت أنسى، وضعت يدي على الماسح الضوئي البارد الذي يقفل الباب. إذا كان هناك أي شيء مميز في هذه الشقة، فهي التكنولوجيا المتقدمة. لكن معظم الأماكن كذلك، لقد مر وقت طويل منذ أن استخدم الناس أي تقنية أخرى.","I hold a relatively slow pace as I approach the door, giving a small holler to Dad. “I’ll be heading out for a bit, dinner is in the fridge.” No response. Figures. He usually hears me though, he’ll probably be fine. Slowly closing the door behind me, I let another breathy sigh escape as the door completely shut. Nearly forgetting, I place my hand on the cold, metallic scanner that locks the door. If there was anything this apartment had, it was advanced tech, but then again; most places had notable technology–it had been a long time since anyone had used any other different technology.",1,Minor,4,True,,0.7247706422018348,1.0,0.9477947354316713,0.7308584686774942,1.0,diagnostic,F,A,,,0.55,0.68,1.0,1,0,1,light,والدي,ابي,,exact,exact,literary
WMT_5764,Terminology Substitution,واتنهدت,وأطلقت,"مشيت ببطء في اتجاه الباب وناديت على والدي بصوت هادي ""راح أخرج شوية، العشاء جاهز في الثلاجة"" ولكن ما جاني رد مثل ما توقعت. عادةً ما يسمعني، ولكنه راح يكون بخير غالبًا. سكّرت الباب خلفي بهدوء، واتنهدت تنهيدة ثانية لمن جيت أسكّر الباب تمامًا. كدت أنسى، وضعت يدي على الماسح الضوئي اللي يسكّر الباب. إذا كان هناك أي شيء مميز في الشقة ذي، فهي التكنولوجيا المتقدمة. لكن معظم الأماكن أصحب كذه، مر وقت طويل من  لمن الناس استخدموا أي تقنية ثانية.","تقدمتُ ببطء نحو الباب وناديت على أبي بصوت هادئ ""سأخرج قليلاً، العشاء جاهز في الثلاجة"" ولكن لا رد كما توقعت. عادةً ما يسمعني، ولكنه سيكون بخير على الأرجح. أغلقت الباب خلفي بهدوء، وأطلقت تنهيدة أخرى عندما أُغلِق الباب تمامًا. كدت أنسى، وضعت يدي على الماسح الضوئي البارد الذي يقفل الباب. إذا كان هناك أي شيء مميز في هذه الشقة، فهي التكنولوجيا المتقدمة. لكن معظم الأماكن كذلك، لقد مر وقت طويل منذ أن استخدم الناس أي تقنية أخرى.","I hold a relatively slow pace as I approach the door, giving a small holler to Dad. “I’ll be heading out for a bit, dinner is in the fridge.” No response. Figures. He usually hears me though, he’ll probably be fine. Slowly closing the door behind me, I let another breathy sigh escape as the door completely shut. Nearly forgetting, I place my hand on the cold, metallic scanner that locks the door. If there was anything this apartment had, it was advanced tech, but then again; most places had notable technology–it had been a long time since anyone had used any other different technology.",1,Minor,4,True,,0.7247706422018348,1.0,0.9477947354316713,0.7319347319347319,1.0,diagnostic,F,A,,,0.55,0.68,1.0,1,0,1,light,واتنهدت,واطلقت,,exact,exact,literary
WMT_5770,Total Omission,استخدموا,[OMITTED],"مشيت ببطء في اتجاه الباب وناديت على والدي بصوت هادي ""راح أخرج شوية، العشاء جاهز في الثلاجة"" ولكن ما جاني رد مثل ما توقعت. عادةً ما يسمعني، ولكنه راح يكون بخير غالبًا. سكّرت الباب خلفي بهدوء، واتنهدت تنهيدة ثانية لمن جيت أسكّر الباب تمامًا. كدت أنسى، وضعت يدي على الماسح الضوئي اللي يسكّر الباب. إذا كان هناك أي شيء مميز في الشقة ذي، فهي التكنولوجيا المتقدمة. لكن معظم الأماكن أصحب كذه، مر وقت طويل من  لمن الناس استخدموا أي تقنية ثانية.","تقدمتُ ببطء نحو الباب وناديت على أبي بصوت هادئ ""سأخرج قليلاً، العشاء جاهز في الثلاجة"" ولكن لا رد كما توقعت. عادةً ما يسمعني، ولكنه سيكون بخير على الأرجح. أغلقت الباب خلفي بهدوء، وأطلقت تنهيدة أخرى عندما أُغلِق الباب تمامًا. كدت أنسى، وضعت يدي على الماسح الضوئي البارد الذي يقفل الباب. إذا كان هناك أي شيء مميز في هذه الشقة، فهي التكنولوجيا المتقدمة. لكن معظم الأماكن كذلك، لقد مر وقت طويل منذ أن استخدم الناس أي تقنية أخرى.","I hold a relatively slow pace as I approach the door, giving a small holler to Dad. “I’ll be heading out for a bit, dinner is in the fridge.” No response. Figures. He usually hears me though, he’ll probably be fine. Slowly closing the door behind me, I let another breathy sigh escape as the door completely shut. Nearly forgetting, I place my hand on the cold, metallic scanner that locks the door. If there was anything this apartment had, it was advanced tech, but then again; most places had notable technology–it had been a long time since anyone had used any other different technology.",1,Minor,1,True,,0.7247706422018348,1.0,0.9477947354316713,0.7289719626168225,1.0,diagnostic,F,A,,,0.55,0.5,0.8,1,0,0,light,استخدموا,[OMITTED],,exact,,literary
WMT_5771,Terminology Substitution,ثانية.,أخرى.,"مشيت ببطء في اتجاه الباب وناديت على والدي بصوت هادي ""راح أخرج شوية، العشاء جاهز في الثلاجة"" ولكن ما جاني رد مثل ما توقعت. عادةً ما يسمعني، ولكنه راح يكون بخير غالبًا. سكّرت الباب خلفي بهدوء، واتنهدت تنهيدة ثانية لمن جيت أسكّر الباب تمامًا. كدت أنسى، وضعت يدي على الماسح الضوئي اللي يسكّر الباب. إذا كان هناك أي شيء مميز في الشقة ذي، فهي التكنولوجيا المتقدمة. لكن معظم الأماكن أصحب كذه، مر وقت طويل من  لمن الناس استخدموا أي تقنية ثانية.","تقدمتُ ببطء نحو الباب وناديت على أبي بصوت هادئ ""سأخرج قليلاً، العشاء جاهز في الثلاجة"" ولكن لا رد كما توقعت. عادةً ما يسمعني، ولكنه سيكون بخير على الأرجح. أغلقت الباب خلفي بهدوء، وأطلقت تنهيدة أخرى عندما أُغلِق الباب تمامًا. كدت أنسى، وضعت يدي على الماسح الضوئي البارد الذي يقفل الباب. إذا كان هناك أي شيء مميز في هذه الشقة، فهي التكنولوجيا المتقدمة. لكن معظم الأماكن كذلك، لقد مر وقت طويل منذ أن استخدم الناس أي تقنية أخرى.","I hold a relatively slow pace as I approach the door, giving a small holler to Dad. “I’ll be heading out for a bit, dinner is in the fridge.” No response. Figures. He usually hears me though, he’ll probably be fine. Slowly closing the door behind me, I let another breathy sigh escape as the door completely shut. Nearly forgetting, I place my hand on the cold, metallic scanner that locks the door. If there was anything this apartment had, it was advanced tech, but then again; most places had notable technology–it had been a long time since anyone had used any other different technology.",1,Minor,4,True,,0.7247706422018348,1.0,0.9477947354316713,0.7325581395348837,1.0,diagnostic,F,A,,,0.55,0.68,1.0,2,0,2,light,ثانية.,اخري.,,exact,exact,literary
WMT_5776,Terminology Substitution,اللي,الذين,الليل كان بارد وفيه مطر، وهو الوقت المثالي علشان أتمشى في شوارع بالتريكوس. هذه المدينة اللي بتعتبر مجلأ للي يهربون من الطفرة أو المحظوظين اللي نجوا منها. المدينة كانت ساحرة في المسا، مليانة نجوم ساطعة بتزينها من آلاف السنين. لكن رغم ذا، حسيت بالوحدة في ذا الكون الكبير. بالتريكوس مكان جميل ولكنها أشبه بالسجن أكثر من كونها مكان فاخر للعيش. مليانة شقق ومنازل وأي مبنى آخر يمكنه استيعاب السكان. كانت معظم المباني مكونة من مئات من الطوابق بفضل معدن إجنيات. ذا المعدن اللي كان مُرضي على مستوى التقنية ووالهندسة المعمارية، كان معدن عظيم وأسهم في تطوير حياتنا. المعرفة العامة حول المعدن ذا محدودة للحين، وذا بسبب إنه محاط بسرية تامة.,كان الليل باردًا وممطرًا، وهو الوقت المثالي لأتجول في شوارع بالتريكوس. هذه المدينة التي تُعدُّ ملاذًا لمَن هربوا من الطفرة أو أولئك المحظوظين الذين نجوا منها. كانت المدينة ليلاً ساحرة، تزينها نجوم ساطعة تتألق منذ آلاف السنين. لكن رغم ذلك، شعرت بالوحدة في هذا الكون الواسع. بالتريكوس مكان جميل ولكنها أشبه بالسجن أكثر من كونها مكانًا فاخرًا للعيش. مليئة عن آخرها بالشقق والمنازل وأي مبنى آخر يمكنه استيعاب السكان. كانت معظم المباني مكونة من مئات من الطوابق بفضل معدن إجنيات. هذا المعدن الذي أرضى التكنولوجيا والهندسة المعمارية، كان معدنًا عظيمًا وأسهم في توسيع أساس حياتنا. المعرفة العامة حول هذا المعدن محدودة، ويرجع ذلك بشكل أساسي إلى أنه محاط بسرية تامة.,"The cold, rainy night ensued my long overdue walk–exploring the city of Paltricus was a privilege to those who’d been safe from the mutation via escape, or pure luck. The city night was beautiful, illuminated with vibrant stars that remained for thousands of years. It must be lonely in the great distant sky. Paltricus was a nice place, but it felt more like a cage than a luxurious place of living. Filled to the brim with apartments, homes, and any other building able to hold occupants, most buildings were hundreds of stories tall; thanks to Ignniat. The mineral that appeased technology, and architecture was a great mineral that extended our foundation of life. Public knowledge only knows so much about this mineral though, mainly because mainly because it’s kept under pretty tough wraps.",1,Minor,4,True,,0.7378048780487805,1.0,0.9785038828849792,0.7327188940092166,1.0,diagnostic,F,A,,,0.55,0.68,1.0,3,0,1,light,اللي,الذين,,exact,exact,literary
WMT_5781,Terminology Substitution,ذا,هذا,الليل كان بارد وفيه مطر، وهو الوقت المثالي علشان أتمشى في شوارع بالتريكوس. هذه المدينة اللي بتعتبر مجلأ للي يهربون من الطفرة أو المحظوظين اللي نجوا منها. المدينة كانت ساحرة في المسا، مليانة نجوم ساطعة بتزينها من آلاف السنين. لكن رغم ذا، حسيت بالوحدة في ذا الكون الكبير. بالتريكوس مكان جميل ولكنها أشبه بالسجن أكثر من كونها مكان فاخر للعيش. مليانة شقق ومنازل وأي مبنى آخر يمكنه استيعاب السكان. كانت معظم المباني مكونة من مئات من الطوابق بفضل معدن إجنيات. ذا المعدن اللي كان مُرضي على مستوى التقنية ووالهندسة المعمارية، كان معدن عظيم وأسهم في تطوير حياتنا. المعرفة العامة حول المعدن ذا محدودة للحين، وذا بسبب إنه محاط بسرية تامة.,كان الليل باردًا وممطرًا، وهو الوقت المثالي لأتجول في شوارع بالتريكوس. هذه المدينة التي تُعدُّ ملاذًا لمَن هربوا من الطفرة أو أولئك المحظوظين الذين نجوا منها. كانت المدينة ليلاً ساحرة، تزينها نجوم ساطعة تتألق منذ آلاف السنين. لكن رغم ذلك، شعرت بالوحدة في هذا الكون الواسع. بالتريكوس مكان جميل ولكنها أشبه بالسجن أكثر من كونها مكانًا فاخرًا للعيش. مليئة عن آخرها بالشقق والمنازل وأي مبنى آخر يمكنه استيعاب السكان. كانت معظم المباني مكونة من مئات من الطوابق بفضل معدن إجنيات. هذا المعدن الذي أرضى التكنولوجيا والهندسة المعمارية، كان معدنًا عظيمًا وأسهم في توسيع أساس حياتنا. المعرفة العامة حول هذا المعدن محدودة، ويرجع ذلك بشكل أساسي إلى أنه محاط بسرية تامة.,"The cold, rainy night ensued my long overdue walk–exploring the city of Paltricus was a privilege to those who’d been safe from the mutation via escape, or pure luck. The city night was beautiful, illuminated with vibrant stars that remained for thousands of years. It must be lonely in the great distant sky. Paltricus was a nice place, but it felt more like a cage than a luxurious place of living. Filled to the brim with apartments, homes, and any other building able to hold occupants, most buildings were hundreds of stories tall; thanks to Ignniat. The mineral that appeased technology, and architecture was a great mineral that extended our foundation of life. Public knowledge only knows so much about this mineral though, mainly because mainly because it’s kept under pretty tough wraps.",1,Minor,4,True,,0.7378048780487805,1.0,0.9785038828849792,0.7335375191424196,1.0,diagnostic,F,A,,,0.55,0.68,1.0,4,0,3,light,ذا,هذا,,exact,exact,literary
WMT_5782,Terminology Substitution,الكبير.,الواسع.,الليل كان بارد وفيه مطر، وهو الوقت المثالي علشان أتمشى في شوارع بالتريكوس. هذه المدينة اللي بتعتبر مجلأ للي يهربون من الطفرة أو المحظوظين اللي نجوا منها. المدينة كانت ساحرة في المسا، مليانة نجوم ساطعة بتزينها من آلاف السنين. لكن رغم ذا، حسيت بالوحدة في ذا الكون الكبير. بالتريكوس مكان جميل ولكنها أشبه بالسجن أكثر من كونها مكان فاخر للعيش. مليانة شقق ومنازل وأي مبنى آخر يمكنه استيعاب السكان. كانت معظم المباني مكونة من مئات من الطوابق بفضل معدن إجنيات. ذا المعدن اللي كان مُرضي على مستوى التقنية ووالهندسة المعمارية، كان معدن عظيم وأسهم في تطوير حياتنا. المعرفة العامة حول المعدن ذا محدودة للحين، وذا بسبب إنه محاط بسرية تامة.,كان الليل باردًا وممطرًا، وهو الوقت المثالي لأتجول في شوارع بالتريكوس. هذه المدينة التي تُعدُّ ملاذًا لمَن هربوا من الطفرة أو أولئك المحظوظين الذين نجوا منها. كانت المدينة ليلاً ساحرة، تزينها نجوم ساطعة تتألق منذ آلاف السنين. لكن رغم ذلك، شعرت بالوحدة في هذا الكون الواسع. بالتريكوس مكان جميل ولكنها أشبه بالسجن أكثر من كونها مكانًا فاخرًا للعيش. مليئة عن آخرها بالشقق والمنازل وأي مبنى آخر يمكنه استيعاب السكان. كانت معظم المباني مكونة من مئات من الطوابق بفضل معدن إجنيات. هذا المعدن الذي أرضى التكنولوجيا والهندسة المعمارية، كان معدنًا عظيمًا وأسهم في توسيع أساس حياتنا. المعرفة العامة حول هذا المعدن محدودة، ويرجع ذلك بشكل أساسي إلى أنه محاط بسرية تامة.,"The cold, rainy night ensued my long overdue walk–exploring the city of Paltricus was a privilege to those who’d been safe from the mutation via escape, or pure luck. The city night was beautiful, illuminated with vibrant stars that remained for thousands of years. It must be lonely in the great distant sky. Paltricus was a nice place, but it felt more like a cage than a luxurious place of living. Filled to the brim with apartments, homes, and any other building able to hold occupants, most buildings were hundreds of stories tall; thanks to Ignniat. The mineral that appeased technology, and architecture was a great mineral that extended our foundation of life. Public knowledge only knows so much about this mineral though, mainly because mainly because it’s kept under pretty tough wraps.",1,Minor,4,True,,0.7378048780487805,1.0,0.9785038828849792,0.7411402157164869,1.0,diagnostic,F,A,,,0.55,0.68,1.0,1,0,1,light,الكبير.,الواسع.,,exact,exact,literary
WMT_5783,Spelling Error,مكان فاخر,مكانًا فاخرًا,الليل كان بارد وفيه مطر، وهو الوقت المثالي علشان أتمشى في شوارع بالتريكوس. هذه المدينة اللي بتعتبر مجلأ للي يهربون من الطفرة أو المحظوظين اللي نجوا منها. المدينة كانت ساحرة في المسا، مليانة نجوم ساطعة بتزينها من آلاف السنين. لكن رغم ذا، حسيت بالوحدة في ذا الكون الكبير. بالتريكوس مكان جميل ولكنها أشبه بالسجن أكثر من كونها مكان فاخر للعيش. مليانة شقق ومنازل وأي مبنى آخر يمكنه استيعاب السكان. كانت معظم المباني مكونة من مئات من الطوابق بفضل معدن إجنيات. ذا المعدن اللي كان مُرضي على مستوى التقنية ووالهندسة المعمارية، كان معدن عظيم وأسهم في تطوير حياتنا. المعرفة العامة حول المعدن ذا محدودة للحين، وذا بسبب إنه محاط بسرية تامة.,كان الليل باردًا وممطرًا، وهو الوقت المثالي لأتجول في شوارع بالتريكوس. هذه المدينة التي تُعدُّ ملاذًا لمَن هربوا من الطفرة أو أولئك المحظوظين الذين نجوا منها. كانت المدينة ليلاً ساحرة، تزينها نجوم ساطعة تتألق منذ آلاف السنين. لكن رغم ذلك، شعرت بالوحدة في هذا الكون الواسع. بالتريكوس مكان جميل ولكنها أشبه بالسجن أكثر من كونها مكانًا فاخرًا للعيش. مليئة عن آخرها بالشقق والمنازل وأي مبنى آخر يمكنه استيعاب السكان. كانت معظم المباني مكونة من مئات من الطوابق بفضل معدن إجنيات. هذا المعدن الذي أرضى التكنولوجيا والهندسة المعمارية، كان معدنًا عظيمًا وأسهم في توسيع أساس حياتنا. المعرفة العامة حول هذا المعدن محدودة، ويرجع ذلك بشكل أساسي إلى أنه محاط بسرية تامة.,"The cold, rainy night ensued my long overdue walk–exploring the city of Paltricus was a privilege to those who’d been safe from the mutation via escape, or pure luck. The city night was beautiful, illuminated with vibrant stars that remained for thousands of years. It must be lonely in the great distant sky. Paltricus was a nice place, but it felt more like a cage than a luxurious place of living. Filled to the brim with apartments, homes, and any other building able to hold occupants, most buildings were hundreds of stories tall; thanks to Ignniat. The mineral that appeased technology, and architecture was a great mineral that extended our foundation of life. Public knowledge only knows so much about this mineral though, mainly because mainly because it’s kept under pretty tough wraps.",1,Minor,21,True,,0.7378048780487805,1.0,0.9785038828849792,0.7387247278382582,1.0,score,F,A,,,0.55,0.78,1.0,1,0,1,light,مكان فاخر,مكانًا فاخرًا,,exact_seq,exact_seq,literary
WMT_5785,Terminology Substitution,ذا,هذا,الليل كان بارد وفيه مطر، وهو الوقت المثالي علشان أتمشى في شوارع بالتريكوس. هذه المدينة اللي بتعتبر مجلأ للي يهربون من الطفرة أو المحظوظين اللي نجوا منها. المدينة كانت ساحرة في المسا، مليانة نجوم ساطعة بتزينها من آلاف السنين. لكن رغم ذا، حسيت بالوحدة في ذا الكون الكبير. بالتريكوس مكان جميل ولكنها أشبه بالسجن أكثر من كونها مكان فاخر للعيش. مليانة شقق ومنازل وأي مبنى آخر يمكنه استيعاب السكان. كانت معظم المباني مكونة من مئات من الطوابق بفضل معدن إجنيات. ذا المعدن اللي كان مُرضي على مستوى التقنية ووالهندسة المعمارية، كان معدن عظيم وأسهم في تطوير حياتنا. المعرفة العامة حول المعدن ذا محدودة للحين، وذا بسبب إنه محاط بسرية تامة.,كان الليل باردًا وممطرًا، وهو الوقت المثالي لأتجول في شوارع بالتريكوس. هذه المدينة التي تُعدُّ ملاذًا لمَن هربوا من الطفرة أو أولئك المحظوظين الذين نجوا منها. كانت المدينة ليلاً ساحرة، تزينها نجوم ساطعة تتألق منذ آلاف السنين. لكن رغم ذلك، شعرت بالوحدة في هذا الكون الواسع. بالتريكوس مكان جميل ولكنها أشبه بالسجن أكثر من كونها مكانًا فاخرًا للعيش. مليئة عن آخرها بالشقق والمنازل وأي مبنى آخر يمكنه استيعاب السكان. كانت معظم المباني مكونة من مئات من الطوابق بفضل معدن إجنيات. هذا المعدن الذي أرضى التكنولوجيا والهندسة المعمارية، كان معدنًا عظيمًا وأسهم في توسيع أساس حياتنا. المعرفة العامة حول هذا المعدن محدودة، ويرجع ذلك بشكل أساسي إلى أنه محاط بسرية تامة.,"The cold, rainy night ensued my long overdue walk–exploring the city of Paltricus was a privilege to those who’d been safe from the mutation via escape, or pure luck. The city night was beautiful, illuminated with vibrant stars that remained for thousands of years. It must be lonely in the great distant sky. Paltricus was a nice place, but it felt more like a cage than a luxurious place of living. Filled to the brim with apartments, homes, and any other building able to hold occupants, most buildings were hundreds of stories tall; thanks to Ignniat. The mineral that appeased technology, and architecture was a great mineral that extended our foundation of life. Public knowledge only knows so much about this mineral though, mainly because mainly because it’s kept under pretty tough wraps.",1,Minor,4,True,,0.7378048780487805,1.0,0.9785038828849792,0.7335375191424196,1.0,diagnostic,F,A,,,0.55,0.68,1.0,4,0,3,light,ذا,هذا,,exact,exact,literary
WMT_5786,Spelling Error,معدن عظيم,معدنًا عظيمًا,الليل كان بارد وفيه مطر، وهو الوقت المثالي علشان أتمشى في شوارع بالتريكوس. هذه المدينة اللي بتعتبر مجلأ للي يهربون من الطفرة أو المحظوظين اللي نجوا منها. المدينة كانت ساحرة في المسا، مليانة نجوم ساطعة بتزينها من آلاف السنين. لكن رغم ذا، حسيت بالوحدة في ذا الكون الكبير. بالتريكوس مكان جميل ولكنها أشبه بالسجن أكثر من كونها مكان فاخر للعيش. مليانة شقق ومنازل وأي مبنى آخر يمكنه استيعاب السكان. كانت معظم المباني مكونة من مئات من الطوابق بفضل معدن إجنيات. ذا المعدن اللي كان مُرضي على مستوى التقنية ووالهندسة المعمارية، كان معدن عظيم وأسهم في تطوير حياتنا. المعرفة العامة حول المعدن ذا محدودة للحين، وذا بسبب إنه محاط بسرية تامة.,كان الليل باردًا وممطرًا، وهو الوقت المثالي لأتجول في شوارع بالتريكوس. هذه المدينة التي تُعدُّ ملاذًا لمَن هربوا من الطفرة أو أولئك المحظوظين الذين نجوا منها. كانت المدينة ليلاً ساحرة، تزينها نجوم ساطعة تتألق منذ آلاف السنين. لكن رغم ذلك، شعرت بالوحدة في هذا الكون الواسع. بالتريكوس مكان جميل ولكنها أشبه بالسجن أكثر من كونها مكانًا فاخرًا للعيش. مليئة عن آخرها بالشقق والمنازل وأي مبنى آخر يمكنه استيعاب السكان. كانت معظم المباني مكونة من مئات من الطوابق بفضل معدن إجنيات. هذا المعدن الذي أرضى التكنولوجيا والهندسة المعمارية، كان معدنًا عظيمًا وأسهم في توسيع أساس حياتنا. المعرفة العامة حول هذا المعدن محدودة، ويرجع ذلك بشكل أساسي إلى أنه محاط بسرية تامة.,"The cold, rainy night ensued my long overdue walk–exploring the city of Paltricus was a privilege to those who’d been safe from the mutation via escape, or pure luck. The city night was beautiful, illuminated with vibrant stars that remained for thousands of years. It must be lonely in the great distant sky. Paltricus was a nice place, but it felt more like a cage than a luxurious place of living. Filled to the brim with apartments, homes, and any other building able to hold occupants, most buildings were hundreds of stories tall; thanks to Ignniat. The mineral that appeased technology, and architecture was a great mineral that extended our foundation of life. Public knowledge only knows so much about this mineral though, mainly because mainly because it’s kept under pretty tough wraps.",1,Minor,21,True,,0.7378048780487805,1.0,0.9785038828849792,0.7387247278382582,1.0,score,F,A,,,0.55,0.78,1.0,1,0,1,light,معدن عظيم,معدنًا عظيمًا,,exact_seq,exact_seq,literary
WMT_5804,Total Omission,ذا,[OMITTED],"للتغلب على الإرهاق، شرب شوية قهوة من اللي قدامي. سألت أنطون بهدوء ""هل ما ما زال الشغل في تراجع من وقت الحادثة ذي..؟"" كنت حريص على عدم إخافة الزبائن القليلين في المقهى. حرك رأسه وهو ينظف كوب - رغم أن المكان ذا بار في الواقع، فإني ما بجي ليه عادةً للشرب. كنت قادر أسمع بعض الأصوات في الخلف، لكن بشكل عام دار بيننا حديث قصير الليلة ذي. ودعته ومشيت وأنا أشعر بمزيد من الطاقة.","للتغلب على إرهاقي، أخذت بضع رشفات من القهوة التي وُضعت أمامي. سألت أنطون بهدوء ""هل ما زالت الأعمال متراجعة منذ تلك الحادثة..؟"" حرصت على عدم إخافة الزبائن القلائل المتبقين في المقهى. أومأ برأسه وهو ينظف كوبًا بخرقة - رغم أن هذا المكان بار في الواقع، فإنني لا آتي إليه عادةً للشرب. كان يمكن سماع بعض الهمسات من الخلف، ولكن بشكل عام دار بيننا حديث قصير هذه الليلة. ودعته وغادرت المكان وأنا أشعر بمزيد من الطاقة.","Ready to fix my fatigue, I took a few sips of the coffee placed in front of me. “Business still down since that sighting..?” I spoke quietly, not attempting to scare away the remaining customers that Anton’s unit had. He nodded, cleaning a glass with a rag – this place is technically a bar, but I never really came for drinks. A few murmurs could be heard from behind, but for the most part, the conversation between me and Anton was held rather short tonight. Waving him a small goodbye, I left the shop; with a little more energy than before.",1,Minor,1,True,,0.7034313725490196,1.0,0.957051694393158,0.7083333333333333,1.0,diagnostic,F,A,,,0.55,0.5,0.8,1,0,0,light,ذا,[OMITTED],,exact,,literary
WMT_5830,Terminology Substitution,انفجار,تفجير,انفجار,تفجير,DETONATION,1,Minor,4,True,,0.5,1.0,0.9302367568016052,0.9,1.0,diagnostic,F,A,,,0.55,0.68,1.0,1,0,1,light,انفجار,تفجير,,exact,exact,literary
WMT_5849,Terminology Substitution,لبست,ارتديت,بعد أن لبست الزي الصغير، ساعدت قليلاً في البار، وكان الأمر سهل إلى حد ما، باستثناء المغازلة والتعليقات غير اللائقة المستمرة من الأشخاص داخل البار، لكن بصراحة لم يكن ذلك يزعجني كثيرًا. راح أحاول التحدث مع أنطون بعد ذي الوردية، فأنا محتاجة فعلاً إلى عدم التفكير في آل، على الرغم من إني متأكد من إني راح أواصل التحقيق في أمره بعدين، لكن مع ذلك...,بعد أن ارتديت الزي الصغير، ساعدت قليلاً في البار، وكان الأمر سهلاً إلى حد ما، باستثناء المغازلة والتعليقات غير اللائقة المستمرة من الأشخاص داخل البار، لكن بصراحة لم يكن ذلك يزعجني كثيرًا. سأحاول التحدث إلى أنطون بعد هذه الوردية، فما زلت بحاجة فعلاً إلى إبعاد آل عن ذهني، رغم أنني أعلم أنني سأواصل التحقيق في أمره بعد ذلك، لكن مع ذلك...,"After changing into the small uniform, I helped around the bar a bit, it was pretty easy aside from the constant flirting and cat-calling from the people within the bar; but it didn’t really bother me that much to be honest. I’ll talk to Anton after this shift, I still really need to get Al off my mind, though I know I’ll still investigate his place after this, but still…",1,Minor,4,True,,0.8163265306122449,1.0,0.969570815563202,0.8289085545722714,1.0,diagnostic,F,A,,,0.55,0.68,1.0,1,0,1,light,لبست,ارتديت,,exact,exact,literary
WMT_5850,Terminology Substitution,سهل,سهلاً,بعد أن لبست الزي الصغير، ساعدت قليلاً في البار، وكان الأمر سهل إلى حد ما، باستثناء المغازلة والتعليقات غير اللائقة المستمرة من الأشخاص داخل البار، لكن بصراحة لم يكن ذلك يزعجني كثيرًا. راح أحاول التحدث مع أنطون بعد ذي الوردية، فأنا محتاجة فعلاً إلى عدم التفكير في آل، على الرغم من إني متأكد من إني راح أواصل التحقيق في أمره بعدين، لكن مع ذلك...,بعد أن ارتديت الزي الصغير، ساعدت قليلاً في البار، وكان الأمر سهلاً إلى حد ما، باستثناء المغازلة والتعليقات غير اللائقة المستمرة من الأشخاص داخل البار، لكن بصراحة لم يكن ذلك يزعجني كثيرًا. سأحاول التحدث إلى أنطون بعد هذه الوردية، فما زلت بحاجة فعلاً إلى إبعاد آل عن ذهني، رغم أنني أعلم أنني سأواصل التحقيق في أمره بعد ذلك، لكن مع ذلك...,"After changing into the small uniform, I helped around the bar a bit, it was pretty easy aside from the constant flirting and cat-calling from the people within the bar; but it didn’t really bother me that much to be honest. I’ll talk to Anton after this shift, I still really need to get Al off my mind, though I know I’ll still investigate his place after this, but still…",1,Minor,4,True,,0.8163265306122449,1.0,0.969570815563202,0.8205882352941176,1.0,diagnostic,F,A,,,0.55,0.68,1.0,1,0,1,light,سهل,سهلاً,,exact,exact,literary
WMT_5852,Terminology Substitution,مع,إلى,بعد أن لبست الزي الصغير، ساعدت قليلاً في البار، وكان الأمر سهل إلى حد ما، باستثناء المغازلة والتعليقات غير اللائقة المستمرة من الأشخاص داخل البار، لكن بصراحة لم يكن ذلك يزعجني كثيرًا. راح أحاول التحدث مع أنطون بعد ذي الوردية، فأنا محتاجة فعلاً إلى عدم التفكير في آل، على الرغم من إني متأكد من إني راح أواصل التحقيق في أمره بعدين، لكن مع ذلك...,بعد أن ارتديت الزي الصغير، ساعدت قليلاً في البار، وكان الأمر سهلاً إلى حد ما، باستثناء المغازلة والتعليقات غير اللائقة المستمرة من الأشخاص داخل البار، لكن بصراحة لم يكن ذلك يزعجني كثيرًا. سأحاول التحدث إلى أنطون بعد هذه الوردية، فما زلت بحاجة فعلاً إلى إبعاد آل عن ذهني، رغم أنني أعلم أنني سأواصل التحقيق في أمره بعد ذلك، لكن مع ذلك...,"After changing into the small uniform, I helped around the bar a bit, it was pretty easy aside from the constant flirting and cat-calling from the people within the bar; but it didn’t really bother me that much to be honest. I’ll talk to Anton after this shift, I still really need to get Al off my mind, though I know I’ll still investigate his place after this, but still…",1,Minor,4,True,,0.8163265306122449,1.0,0.969570815563202,0.8093841642228738,1.0,diagnostic,F,A,,,0.55,0.68,1.0,2,1,4,light,مع,الي,,exact,exact,literary
WMT_5853,Terminology Substitution,ذي,هذه,بعد أن لبست الزي الصغير، ساعدت قليلاً في البار، وكان الأمر سهل إلى حد ما، باستثناء المغازلة والتعليقات غير اللائقة المستمرة من الأشخاص داخل البار، لكن بصراحة لم يكن ذلك يزعجني كثيرًا. راح أحاول التحدث مع أنطون بعد ذي الوردية، فأنا محتاجة فعلاً إلى عدم التفكير في آل، على الرغم من إني متأكد من إني راح أواصل التحقيق في أمره بعدين، لكن مع ذلك...,بعد أن ارتديت الزي الصغير، ساعدت قليلاً في البار، وكان الأمر سهلاً إلى حد ما، باستثناء المغازلة والتعليقات غير اللائقة المستمرة من الأشخاص داخل البار، لكن بصراحة لم يكن ذلك يزعجني كثيرًا. سأحاول التحدث إلى أنطون بعد هذه الوردية، فما زلت بحاجة فعلاً إلى إبعاد آل عن ذهني، رغم أنني أعلم أنني سأواصل التحقيق في أمره بعد ذلك، لكن مع ذلك...,"After changing into the small uniform, I helped around the bar a bit, it was pretty easy aside from the constant flirting and cat-calling from the people within the bar; but it didn’t really bother me that much to be honest. I’ll talk to Anton after this shift, I still really need to get Al off my mind, though I know I’ll still investigate his place after this, but still…",1,Minor,4,True,,0.8163265306122449,1.0,0.969570815563202,0.8211143695014662,1.0,diagnostic,F,A,,,0.55,0.68,1.0,1,0,1,light,ذي,هذه,,exact,exact,literary
WMT_5857,Terminology Substitution,فوهة,فم,اشتغل اللهب من فوهة ثاسالين، أضرم الثراكي الضخم النار في بقعة محددة من الغابة، ثم أخذ يحلق فوقها يراقب للحظات. لكنه، وبصورة وبشكل غريب، عندما تباطأ، توقف الصراخ الغريب الصادر من ورائه. نسي ثاسالين أنه كان فيه ركّاب على ظهره.,اندلعت شلالات من اللهب من فم ثاسالين، حيث أضرم الثراكي الضخم النار في بقعة محددة جدًا من الغابة، ثم أخذ يحلق فوقها يراقب للحظات. لكنه، وبصورة تدعو للاستغراب، عندما تباطأ، توقف الصراخ الغريب الصادر من ورائه. فقد نسي ثاسالين أنه كان يحمل ركّابًا على ظهره.,"A burst of flames erupted from Thassalin's jaws as the colossal Thraki set fire to a very specific patch of forest, then circled above, watching for moment. Weirdly, as he had slowed down, the weird screaming noise from behind him had stopped. Thassalin had forgotten he had passengers on his back.",1,Minor,4,True,,0.8221343873517787,1.0,0.9655240774154664,0.8326693227091634,1.0,diagnostic,F,A,,,0.55,0.68,1.0,1,0,1,light,فوهة,فم,,exact,exact,literary
WMT_5877,Terminology Substitution,شيئ,شيئًا,"""هل قد شفت ريتفيك يقود سيارة من قبل؟ هو ما هو عنده شاحنة مثلك، ما قد شفته يقود شيئ مثل السيارة الصغيرة ذي اللي يملكها كايل، وبدأ يروح للعميل بالسيارة فقط لأنك بتوصلنا إلى الدوام. ما يملك سوى هذه الدراجة الهوائية ذي.""",هل رأيت ريتفيك يقود سيارة من قبل؟ إنه لا يملك شاحنة مثلك، ولم أره يقود شيئًا مثل هذه السيارة الصغيرة التي يملكها كايل، وقد بدأ يذهب إلى العميل بالسيارة فقط بسبب مواصلتك توصيلنا إلى العمل. ليس لديه سوى هذه الدراجة الهوائية.,"""Have you ever seen Retvik drive a vehicle? He doesn't own a truck like you do, nor have I seen him drive something like that little cute car Kayel has, and he only started going to work by car because you keep on driving us TO work. He just has that bike of his.""",1,Minor,4,True,,0.6711711711711712,1.0,0.8895763158798218,0.6728110599078341,1.0,diagnostic,F,A,,,0.55,0.68,1.0,1,0,1,light,شيئ,شيئًا,,exact,exact,literary
WMT_5882,Spelling Error,"الهوائية ذي.""",الهوائية.,"""هل قد شفت ريتفيك يقود سيارة من قبل؟ هو ما هو عنده شاحنة مثلك، ما قد شفته يقود شيئ مثل السيارة الصغيرة ذي اللي يملكها كايل، وبدأ يروح للعميل بالسيارة فقط لأنك بتوصلنا إلى الدوام. ما يملك سوى هذه الدراجة الهوائية ذي.""",هل رأيت ريتفيك يقود سيارة من قبل؟ إنه لا يملك شاحنة مثلك، ولم أره يقود شيئًا مثل هذه السيارة الصغيرة التي يملكها كايل، وقد بدأ يذهب إلى العميل بالسيارة فقط بسبب مواصلتك توصيلنا إلى العمل. ليس لديه سوى هذه الدراجة الهوائية.,"""Have you ever seen Retvik drive a vehicle? He doesn't own a truck like you do, nor have I seen him drive something like that little cute car Kayel has, and he only started going to work by car because you keep on driving us TO work. He just has that bike of his.""",1,Minor,21,True,,0.6711711711711712,1.0,0.8895763158798218,0.676056338028169,1.0,score,F,A,,,0.55,0.78,1.0,1,0,1,light,"الهوائية ذي.""",الهوائية.,,exact_seq,exact,literary
WMT_5936,Total Omission,فقط,[OMITTED],بعد ما ثاسالين فقط القدرة على الإبصار، حاول إنه يتراجع، لكنه اصطدم بالشجر العالي، وبعدين سقط في منطقة مفتوحة. وبدا إن المخلوق يعرف بالضبط مكان سقوط ثاسالين وراح باتجاهه مباشرة، ومعه أجواء الظلام.,بعدما فقد ثاسالين القدرة على الإبصار، حاول أن يتراجع، لكنه اصطدم بأعالى الأشجار، ثم سقط في منطقة مفتوحة. وبدا أن المخلوق يعرف بالضبط مكان سقوط ثاسالين وتوجه نحوه مباشرة، حاملاً معه الأجواء المظلمة.,"No longer able to see, Thassalin tried to retreat, but found himself scraping against the top of the treeline, before crashing into a clearing. The creature seemed to know exactly where Thassalin had fallen and headed straight for him, taking the dark cloud with it.",1,Minor,1,True,,0.7461928934010152,1.0,0.935632050037384,0.7614213197969544,1.0,diagnostic,F,A,,,0.55,0.5,0.8,1,0,0,light,فقط,[OMITTED],,exact,,literary
WMT_5943,Terminology Substitution,رجلها،,قدميها،,وقفت نيسي على رجلها، وكانت شبه متأكدة من إنها كسرت شيء، لكن قواها الشافية الغريبة الغير الطبيعية بدأت تعمل بالفعل. ما نقدر نقول نفس الشيء عن ثاسالين. اللي كان مستلقي على الأرض ومتكأ على الشجرة الوحيدة اللي ما سقطت من تحته. اجتهدت نيسي وحاولت توصل لثاسالين، لكنها ما تقدر تشوف غير من مسافة مترين قدامها، لو كان الظلام يحيط بالمكان وظلال المخلوق الشرير مالية المكان، وفي وسط الظلال ذي، كان شيء بيصرخ من الألم.,في الأسفل، نهضت نيسي على قدميها، وكانت متأكدة تقريبًا من أنها كسرت شيئًا ما، لكن قواها الشافية الغريبة وغير الطبيعية بدأت تعمل بالفعل. لا يمكن قول الشيء نفسه عن ثاسالين. الذي كان مستلقيًا على الأرض ومتكأ على الشجرة الوحيدة التي لم تسقط من تحته. اجتهدت نيسي في محاولة الوصول إلى ثاسالين، لكنها تستطيع بالكاد الرؤية من مسافة مترين أمامها، إذ كان الظلام الحالك يحيط بكل شيء وظلال المخلوق الشرير تعم المكان، وفي وسط تلك الظلال، كان شيء ما يصرخ ويئن.,"Below, Nyssi scrambled to her feet. She was pretty sure she had broken something, but her weird, unnatural healing powers had already kicked in. The same couldn't have been said for Thassalin, who was lying in a lump, resting against the one tree that hadn't collapsed under his weight. Nyssi did her best to try and reach Thassalin but she could barely see more than a couple of meters in front of her. Everything was pitch black and engulfed in unholy shadows. And in said shadows, something was screaming and screeching.",1,Minor,4,True,,0.7123595505617977,1.0,0.955315113067627,0.7168949771689498,1.0,diagnostic,F,A,,,0.55,0.68,1.0,1,0,1,light,رجلها،,قدميها،,,exact,exact,literary
WMT_5944,Total Omission,شبه,[OMITTED],وقفت نيسي على رجلها، وكانت شبه متأكدة من إنها كسرت شيء، لكن قواها الشافية الغريبة الغير الطبيعية بدأت تعمل بالفعل. ما نقدر نقول نفس الشيء عن ثاسالين. اللي كان مستلقي على الأرض ومتكأ على الشجرة الوحيدة اللي ما سقطت من تحته. اجتهدت نيسي وحاولت توصل لثاسالين، لكنها ما تقدر تشوف غير من مسافة مترين قدامها، لو كان الظلام يحيط بالمكان وظلال المخلوق الشرير مالية المكان، وفي وسط الظلال ذي، كان شيء بيصرخ من الألم.,في الأسفل، نهضت نيسي على قدميها، وكانت متأكدة تقريبًا من أنها كسرت شيئًا ما، لكن قواها الشافية الغريبة وغير الطبيعية بدأت تعمل بالفعل. لا يمكن قول الشيء نفسه عن ثاسالين. الذي كان مستلقيًا على الأرض ومتكأ على الشجرة الوحيدة التي لم تسقط من تحته. اجتهدت نيسي في محاولة الوصول إلى ثاسالين، لكنها تستطيع بالكاد الرؤية من مسافة مترين أمامها، إذ كان الظلام الحالك يحيط بكل شيء وظلال المخلوق الشرير تعم المكان، وفي وسط تلك الظلال، كان شيء ما يصرخ ويئن.,"Below, Nyssi scrambled to her feet. She was pretty sure she had broken something, but her weird, unnatural healing powers had already kicked in. The same couldn't have been said for Thassalin, who was lying in a lump, resting against the one tree that hadn't collapsed under his weight. Nyssi did her best to try and reach Thassalin but she could barely see more than a couple of meters in front of her. Everything was pitch black and engulfed in unholy shadows. And in said shadows, something was screaming and screeching.",1,Minor,1,True,,0.7123595505617977,1.0,0.955315113067627,0.7191011235955056,1.0,diagnostic,F,A,,,0.55,0.5,0.8,1,0,0,light,شبه,[OMITTED],,exact,,literary
WMT_5947,Terminology Substitution,الغير,وغير,وقفت نيسي على رجلها، وكانت شبه متأكدة من إنها كسرت شيء، لكن قواها الشافية الغريبة الغير الطبيعية بدأت تعمل بالفعل. ما نقدر نقول نفس الشيء عن ثاسالين. اللي كان مستلقي على الأرض ومتكأ على الشجرة الوحيدة اللي ما سقطت من تحته. اجتهدت نيسي وحاولت توصل لثاسالين، لكنها ما تقدر تشوف غير من مسافة مترين قدامها، لو كان الظلام يحيط بالمكان وظلال المخلوق الشرير مالية المكان، وفي وسط الظلال ذي، كان شيء بيصرخ من الألم.,في الأسفل، نهضت نيسي على قدميها، وكانت متأكدة تقريبًا من أنها كسرت شيئًا ما، لكن قواها الشافية الغريبة وغير الطبيعية بدأت تعمل بالفعل. لا يمكن قول الشيء نفسه عن ثاسالين. الذي كان مستلقيًا على الأرض ومتكأ على الشجرة الوحيدة التي لم تسقط من تحته. اجتهدت نيسي في محاولة الوصول إلى ثاسالين، لكنها تستطيع بالكاد الرؤية من مسافة مترين أمامها، إذ كان الظلام الحالك يحيط بكل شيء وظلال المخلوق الشرير تعم المكان، وفي وسط تلك الظلال، كان شيء ما يصرخ ويئن.,"Below, Nyssi scrambled to her feet. She was pretty sure she had broken something, but her weird, unnatural healing powers had already kicked in. The same couldn't have been said for Thassalin, who was lying in a lump, resting against the one tree that hadn't collapsed under his weight. Nyssi did her best to try and reach Thassalin but she could barely see more than a couple of meters in front of her. Everything was pitch black and engulfed in unholy shadows. And in said shadows, something was screaming and screeching.",1,Minor,4,True,,0.7123595505617977,1.0,0.955315113067627,0.7142857142857143,1.0,diagnostic,F,A,,,0.55,0.68,1.0,2,0,1,light,الغير,وغير,,exact,exact,literary
WMT_5949,Terminology Substitution,اللي,الذي,وقفت نيسي على رجلها، وكانت شبه متأكدة من إنها كسرت شيء، لكن قواها الشافية الغريبة الغير الطبيعية بدأت تعمل بالفعل. ما نقدر نقول نفس الشيء عن ثاسالين. اللي كان مستلقي على الأرض ومتكأ على الشجرة الوحيدة اللي ما سقطت من تحته. اجتهدت نيسي وحاولت توصل لثاسالين، لكنها ما تقدر تشوف غير من مسافة مترين قدامها، لو كان الظلام يحيط بالمكان وظلال المخلوق الشرير مالية المكان، وفي وسط الظلال ذي، كان شيء بيصرخ من الألم.,في الأسفل، نهضت نيسي على قدميها، وكانت متأكدة تقريبًا من أنها كسرت شيئًا ما، لكن قواها الشافية الغريبة وغير الطبيعية بدأت تعمل بالفعل. لا يمكن قول الشيء نفسه عن ثاسالين. الذي كان مستلقيًا على الأرض ومتكأ على الشجرة الوحيدة التي لم تسقط من تحته. اجتهدت نيسي في محاولة الوصول إلى ثاسالين، لكنها تستطيع بالكاد الرؤية من مسافة مترين أمامها، إذ كان الظلام الحالك يحيط بكل شيء وظلال المخلوق الشرير تعم المكان، وفي وسط تلك الظلال، كان شيء ما يصرخ ويئن.,"Below, Nyssi scrambled to her feet. She was pretty sure she had broken something, but her weird, unnatural healing powers had already kicked in. The same couldn't have been said for Thassalin, who was lying in a lump, resting against the one tree that hadn't collapsed under his weight. Nyssi did her best to try and reach Thassalin but she could barely see more than a couple of meters in front of her. Everything was pitch black and engulfed in unholy shadows. And in said shadows, something was screaming and screeching.",1,Minor,4,True,,0.7123595505617977,1.0,0.955315113067627,0.7120181405895691,1.0,diagnostic,F,A,,,0.55,0.68,1.0,2,0,1,light,اللي,الذي,,exact,exact,literary
WMT_5950,Spelling Error,مستلقي,مستلقيًا,وقفت نيسي على رجلها، وكانت شبه متأكدة من إنها كسرت شيء، لكن قواها الشافية الغريبة الغير الطبيعية بدأت تعمل بالفعل. ما نقدر نقول نفس الشيء عن ثاسالين. اللي كان مستلقي على الأرض ومتكأ على الشجرة الوحيدة اللي ما سقطت من تحته. اجتهدت نيسي وحاولت توصل لثاسالين، لكنها ما تقدر تشوف غير من مسافة مترين قدامها، لو كان الظلام يحيط بالمكان وظلال المخلوق الشرير مالية المكان، وفي وسط الظلال ذي، كان شيء بيصرخ من الألم.,في الأسفل، نهضت نيسي على قدميها، وكانت متأكدة تقريبًا من أنها كسرت شيئًا ما، لكن قواها الشافية الغريبة وغير الطبيعية بدأت تعمل بالفعل. لا يمكن قول الشيء نفسه عن ثاسالين. الذي كان مستلقيًا على الأرض ومتكأ على الشجرة الوحيدة التي لم تسقط من تحته. اجتهدت نيسي في محاولة الوصول إلى ثاسالين، لكنها تستطيع بالكاد الرؤية من مسافة مترين أمامها، إذ كان الظلام الحالك يحيط بكل شيء وظلال المخلوق الشرير تعم المكان، وفي وسط تلك الظلال، كان شيء ما يصرخ ويئن.,"Below, Nyssi scrambled to her feet. She was pretty sure she had broken something, but her weird, unnatural healing powers had already kicked in. The same couldn't have been said for Thassalin, who was lying in a lump, resting against the one tree that hadn't collapsed under his weight. Nyssi did her best to try and reach Thassalin but she could barely see more than a couple of meters in front of her. Everything was pitch black and engulfed in unholy shadows. And in said shadows, something was screaming and screeching.",1,Minor,21,True,,0.7123595505617977,1.0,0.955315113067627,0.7116704805491991,1.0,score,F,A,,,0.55,0.78,1.0,1,0,1,light,مستلقي,مستلقيًا,,exact,exact,literary
WMT_5956,Terminology Substitution,مالية,تعم,وقفت نيسي على رجلها، وكانت شبه متأكدة من إنها كسرت شيء، لكن قواها الشافية الغريبة الغير الطبيعية بدأت تعمل بالفعل. ما نقدر نقول نفس الشيء عن ثاسالين. اللي كان مستلقي على الأرض ومتكأ على الشجرة الوحيدة اللي ما سقطت من تحته. اجتهدت نيسي وحاولت توصل لثاسالين، لكنها ما تقدر تشوف غير من مسافة مترين قدامها، لو كان الظلام يحيط بالمكان وظلال المخلوق الشرير مالية المكان، وفي وسط الظلال ذي، كان شيء بيصرخ من الألم.,في الأسفل، نهضت نيسي على قدميها، وكانت متأكدة تقريبًا من أنها كسرت شيئًا ما، لكن قواها الشافية الغريبة وغير الطبيعية بدأت تعمل بالفعل. لا يمكن قول الشيء نفسه عن ثاسالين. الذي كان مستلقيًا على الأرض ومتكأ على الشجرة الوحيدة التي لم تسقط من تحته. اجتهدت نيسي في محاولة الوصول إلى ثاسالين، لكنها تستطيع بالكاد الرؤية من مسافة مترين أمامها، إذ كان الظلام الحالك يحيط بكل شيء وظلال المخلوق الشرير تعم المكان، وفي وسط تلك الظلال، كان شيء ما يصرخ ويئن.,"Below, Nyssi scrambled to her feet. She was pretty sure she had broken something, but her weird, unnatural healing powers had already kicked in. The same couldn't have been said for Thassalin, who was lying in a lump, resting against the one tree that hadn't collapsed under his weight. Nyssi did her best to try and reach Thassalin but she could barely see more than a couple of meters in front of her. Everything was pitch black and engulfed in unholy shadows. And in said shadows, something was screaming and screeching.",1,Minor,4,True,,0.7123595505617977,1.0,0.955315113067627,0.7081447963800904,1.0,diagnostic,F,A,,,0.55,0.68,1.0,1,0,1,light,مالية,تعم,,exact,exact,literary
WMT_5964,Spelling Error,وتسمع,وسماع,"ضرب ""ذنب كلوبي"" مرعب الأرض قرب نيسي فطاحت على الأرض. لكنها لاحظت أن الذنب يتحرك بعنف في اتجاه غير اتجاهها. كان المخلوق الغريب اللي قدرت نيسي تشوف جزء صغير منه وتسمع صوته يزأر ويخدش ظله. كان شيء ما ينتقل في الظلام ويطعن الوحش فيصيبه بالإرباك.",ضرب ذنب كلوبي مرعب الأرض قرب نيسي فسقطت أرضًا. لكنها لاحظت أن الذنب يتحرك بعنف وليس متجهًا نحوها. وكان المخلوق الذي تمكنت نيسي من رؤية جزء صغير منه وسماع صوته يزأر ويخدش الظلال التي شكّلها. وكان شيء ما ينتقل عبر الظلام ويطعن الوحش فيصيبه بالإرباك.,"A horrible, clubbed tail smashed into the ground near Nyssi, knocking her over. She noticed though that the tail was flailing, not aiming at her. The creature, what little Nyssi could see and hear of it, was snarling and clawing at the shadows it had created. Something was teleporting through the darkness, stabbing at the monster, confusing it.",1,Minor,21,True,,0.728744939271255,1.0,0.9494385719299316,0.731404958677686,1.0,score,F,A,,,0.55,0.78,1.0,1,0,1,light,وتسمع,وسماع,,exact,exact,literary
WMT_5966,Terminology Substitution,في,عبر,"ضرب ""ذنب كلوبي"" مرعب الأرض قرب نيسي فطاحت على الأرض. لكنها لاحظت أن الذنب يتحرك بعنف في اتجاه غير اتجاهها. كان المخلوق الغريب اللي قدرت نيسي تشوف جزء صغير منه وتسمع صوته يزأر ويخدش ظله. كان شيء ما ينتقل في الظلام ويطعن الوحش فيصيبه بالإرباك.",ضرب ذنب كلوبي مرعب الأرض قرب نيسي فسقطت أرضًا. لكنها لاحظت أن الذنب يتحرك بعنف وليس متجهًا نحوها. وكان المخلوق الذي تمكنت نيسي من رؤية جزء صغير منه وسماع صوته يزأر ويخدش الظلال التي شكّلها. وكان شيء ما ينتقل عبر الظلام ويطعن الوحش فيصيبه بالإرباك.,"A horrible, clubbed tail smashed into the ground near Nyssi, knocking her over. She noticed though that the tail was flailing, not aiming at her. The creature, what little Nyssi could see and hear of it, was snarling and clawing at the shadows it had created. Something was teleporting through the darkness, stabbing at the monster, confusing it.",1,Minor,4,True,,0.728744939271255,1.0,0.9494385719299316,0.7254098360655737,1.0,diagnostic,F,A,,,0.55,0.68,1.0,2,0,1,light,في,عبر,,exact,exact,literary
WMT_5972,Terminology Substitution,أنا,لقد,نعم أنا بخير، أنا قتلت شيئ، راح أكون بخير بعد قليل. تأمل كايل اللي سواه، في حين كان تينوك يصعد ويهبط بجانبه، ليتحول مرة أخرى إلى شكل سباست الطبيعي.,نعم أنا بخير، لقد قتلت شيئًا ما، وسأكون بخير بعد قليل. تأمل كايل ما فعل، بينما كان تينوك يصعد ويهبط بجانبه، ليتحول مرة أخرى إلى شكل سباست الطبيعي.,"""Yeah, I'm fine. I killed something, I'll be good in a minute."" Kayel examined his handiwork, as Tenuk made his way down and landed next to him, shapeshifting back into his normal Spast form.",1,Minor,4,True,,0.8503401360544218,1.0,0.9664227366447448,0.8263888888888888,1.0,diagnostic,F,A,,,0.55,0.68,1.0,2,1,1,light,انا,لقد,,exact,exact,literary
WMT_5995,Total Omission,تمهيدية,[OMITTED],مقدمة تمهيدية,مقدمة,Prologue,1,Minor,1,True,,0.3846153846153846,1.0,0.8424659967422485,0.8333333333333334,1.0,diagnostic,F,A,,,0.55,0.5,0.8,1,0,0,light,تمهيدية,[OMITTED],,exact,,literary
WMT_6044,Spelling Error,بالدخول للغرفة.,بدخول الغرفة.,طالتهم الشائعات بطبيعة الحال لأنهم كانوا الوحيدين المسموح لهم بالدخول للغرفة.,وقد شملتهم الشائعات أيضًا بطبيعة الحال لأنهم كانوا الوحيدين المسموح لهم بدخول الغرفة.,"The rumors, of course, also applied to them as they were the only person allowed to enter the room.",1,Minor,21,True,,0.8235294117647058,1.0,0.9306927919387816,0.8333333333333334,1.0,score,F,A,,,0.55,0.78,1.0,1,0,1,light,بالدخول للغرفة.,بدخول الغرفة.,,exact_seq,exact_seq,literary
WMT_6072,Terminology Substitution,ونايمة,متكورة,البنت كانت في الغرفة ونايمة على سريرها، ملفوفة ببطانيتها وبتقرأ في دفتر من دفاترها. وفيه مصباح صغير منور المكان.,كانت الفتاة في الغرفة متكورة على سريرها، ملفوفة في بطانيتها وهي تقرأ أحد دفاترها. فانوس صغير ينير المكان.,"The girl in the room was curled up onto her bed, currently wrapped in her comforter as she read one of her notebooks. A small lantern lighting up the space.",1,Minor,4,True,,0.6517857142857143,1.0,0.9496234655380248,0.679245283018868,1.0,diagnostic,F,A,,,0.55,0.68,1.0,1,0,1,light,ونايمة,متكورة,,exact,exact,literary
WMT_6076,Terminology Substitution,منور,ينير,البنت كانت في الغرفة ونايمة على سريرها، ملفوفة ببطانيتها وبتقرأ في دفتر من دفاترها. وفيه مصباح صغير منور المكان.,كانت الفتاة في الغرفة متكورة على سريرها، ملفوفة في بطانيتها وهي تقرأ أحد دفاترها. فانوس صغير ينير المكان.,"The girl in the room was curled up onto her bed, currently wrapped in her comforter as she read one of her notebooks. A small lantern lighting up the space.",1,Minor,4,True,,0.6517857142857143,1.0,0.9496234655380248,0.6574074074074074,1.0,diagnostic,F,A,,,0.55,0.68,1.0,1,0,1,light,منور,ينير,,exact,exact,literary
WMT_6080,Spelling Error,عليها،,عليها.,"قلبت الصفحة لصفحة فارغة وكتبت التاريخ عليها، وكتبت تحته: ""5/11/648 - 12/13/648"".","قلبت الصفحة إلى صفحة فارغة وكتبت التاريخ عليها. وكتبت تحتها: ""5/11/648 - 12/13/648"".","She flipped to a blank page and wrote the date on it. Under it, she wrote, “5/11/648 -12/13/648.”",1,Minor,21,True,,0.9404761904761904,1.0,0.9884810447692872,0.9487179487179488,1.0,score,F,A,,,0.55,0.78,1.0,1,0,1,light,عليها،,عليها.,,exact,exact,literary
WMT_6083,Spelling Error,"""بتستعيدي","""أتستعيدين","سألت آيفوري وهي بتناظر الدفتر القديم: ""بتستعيدي الذكريات القديمة؟"". كاري هزت راسها بالموافقة. وبعدين قالت: ""هل تحسين إنهم راح يسمحون ليكي بالخروج لعيد الميلاد؟ هو قرّب خلاص"".","سألت آيفوري وهي تنظر إلى الدفتر القديم: ""أتستعيدين الذكريات القديمة؟"". فهزت كاري رأسها بالإيجاب. ثم استأنفت: ""هل تعتقدين أنهم سيسمحون لك بالخروج لعيد الميلاد؟ إنه على بعد أيام قليلة"".","“Reviewing old memories?” Ivory inquired, looking at the old notebook. Kari nodded. “Do you think that they will let you out for Christmas? It’s only a few days away.”",1,Minor,21,True,,0.6612021857923498,1.0,0.9055545330047609,0.653179190751445,1.0,score,F,A,,,0.55,0.78,1.0,1,0,1,light,"""بتستعيدي","""اتستعيدين",,exact,exact,literary
WMT_6095,Terminology Substitution,وحالة,وكانت,وحالة آيفوري كانت نفس حالتها. لمن أعلنت آيفوري إنها لا تنتمي للجنسين، بدا لها إن العالم اتغير. وعلشان كذه تم تكليفهم بالمهام التي تخليهم يقضون معظم وقتهم بمفردهم، كعقاب لهم على اختلافهم.,وكانت آيفوري كذلك بطريقتها الخاصة. عندما أعلنت آيفوري أنها لا تنتمي إلى أي من الجنسين، بدا لها أن العالم قد تغير أيضًا. وتم تكليفهم بالمهام التي تجعلهم يقضون معظم وقتهم بمفردهم، عقابًا لهم على اختلافهم.,"Ivory was too, in their own special way. When Ivory came out as nonbinary, it seemed like the world changed too. They were given the jobs that would make them spend time alone for most of the time, as a punishment for being different.",1,Minor,4,True,,0.7326732673267327,1.0,0.9334228038787842,0.7411167512690355,1.0,diagnostic,F,A,,,0.55,0.68,1.0,1,0,1,light,وحالة,وكانت,,exact,exact,literary
WMT_6101,Terminology Substitution,تخليهم,تجعلهم,وحالة آيفوري كانت نفس حالتها. لمن أعلنت آيفوري إنها لا تنتمي للجنسين، بدا لها إن العالم اتغير. وعلشان كذه تم تكليفهم بالمهام التي تخليهم يقضون معظم وقتهم بمفردهم، كعقاب لهم على اختلافهم.,وكانت آيفوري كذلك بطريقتها الخاصة. عندما أعلنت آيفوري أنها لا تنتمي إلى أي من الجنسين، بدا لها أن العالم قد تغير أيضًا. وتم تكليفهم بالمهام التي تجعلهم يقضون معظم وقتهم بمفردهم، عقابًا لهم على اختلافهم.,"Ivory was too, in their own special way. When Ivory came out as nonbinary, it seemed like the world changed too. They were given the jobs that would make them spend time alone for most of the time, as a punishment for being different.",1,Minor,4,True,,0.7326732673267327,1.0,0.9334228038787842,0.7397959183673469,1.0,diagnostic,F,A,,,0.55,0.68,1.0,1,0,1,light,تخليهم,تجعلهم,,exact,exact,literary
WMT_6102,Terminology Substitution,كعقاب,عقابًا,وحالة آيفوري كانت نفس حالتها. لمن أعلنت آيفوري إنها لا تنتمي للجنسين، بدا لها إن العالم اتغير. وعلشان كذه تم تكليفهم بالمهام التي تخليهم يقضون معظم وقتهم بمفردهم، كعقاب لهم على اختلافهم.,وكانت آيفوري كذلك بطريقتها الخاصة. عندما أعلنت آيفوري أنها لا تنتمي إلى أي من الجنسين، بدا لها أن العالم قد تغير أيضًا. وتم تكليفهم بالمهام التي تجعلهم يقضون معظم وقتهم بمفردهم، عقابًا لهم على اختلافهم.,"Ivory was too, in their own special way. When Ivory came out as nonbinary, it seemed like the world changed too. They were given the jobs that would make them spend time alone for most of the time, as a punishment for being different.",1,Minor,4,True,,0.7326732673267327,1.0,0.9334228038787842,0.7397959183673469,1.0,diagnostic,F,A,,,0.55,0.68,1.0,1,0,1,light,كعقاب,عقابًا,,exact,exact,literary
WMT_6112,Terminology Substitution,بتفتكر,تتذكر,"سألت، وهي بتفتكر إجابتها الأخيرة على السؤال ذا: ""تبين تحتلفين؟"".","سألت، وهي تتذكر إجابتها الأخيرة عن هذا السؤال: ""هل تريدين الاحتفال؟"".","“Do you want to celebrate?” They asked, reflecting on the last time she answered it.",1,Minor,4,True,,0.6811594202898551,1.0,0.7899419069290161,0.703125,1.0,diagnostic,F,A,,,0.55,0.68,1.0,1,0,1,light,بتفتكر,تتذكر,,exact,exact,literary
WMT_6115,Total Omission,ذا,[OMITTED],"كتبت كاري: ""لا""، فأدركت آيفوري إن الموضوع ذا صعب عليها. وكان اليوم ذا اللي اتحبست فيه في غرفتها وانطردت فيه والدتها. آيفوري كانت طفلة صغيرة في الوقت ذا، لكنها تفتكتر غضب الخدم وأهل المدينة. لأنهم سمعوا إن الملكة إيروين كانت ملكة طيبة، لكنها كانت بتتوقع أشياء تحدث في الواقع بشكل غريب.","كتبت كاري: ""لا"". عرفت آيفوري أن هذا الموضوع صعب عليها. وكان هذا اليوم الذي حُبست فيه في غرفتها وطُردت فيه والدتها. كانت آيفوري طفلة صغيرة عندما حدث ذلك، لكنها تتذكر غضب الخدم وسكان البلدة. فقد سمعوا أن الملكة إيروين كانت ملكة طيبة، لكنها كانت تتوقع أشياء تحدث حقيقة بشكل غريب.","No. Kari tapped out. Ivory knew that it was a hard subject for her. It was the day that she was confined to her room and her mother was banished. Ivory was only a baby when it happened, but they remembered the outrage the servants and townspeople were in. They heard Queen Eirwen was a nice queen, but also weirdly predicted things that would happen.",1,Minor,1,True,,0.7429577464788732,1.0,0.9717627763748168,0.74822695035461,1.0,diagnostic,F,A,,,0.55,0.5,0.8,2,0,0,light,ذا,[OMITTED],,exact,,literary
WMT_6117,Spelling Error,وانطردت,وطُردت,"كتبت كاري: ""لا""، فأدركت آيفوري إن الموضوع ذا صعب عليها. وكان اليوم ذا اللي اتحبست فيه في غرفتها وانطردت فيه والدتها. آيفوري كانت طفلة صغيرة في الوقت ذا، لكنها تفتكتر غضب الخدم وأهل المدينة. لأنهم سمعوا إن الملكة إيروين كانت ملكة طيبة، لكنها كانت بتتوقع أشياء تحدث في الواقع بشكل غريب.","كتبت كاري: ""لا"". عرفت آيفوري أن هذا الموضوع صعب عليها. وكان هذا اليوم الذي حُبست فيه في غرفتها وطُردت فيه والدتها. كانت آيفوري طفلة صغيرة عندما حدث ذلك، لكنها تتذكر غضب الخدم وسكان البلدة. فقد سمعوا أن الملكة إيروين كانت ملكة طيبة، لكنها كانت تتوقع أشياء تحدث حقيقة بشكل غريب.","No. Kari tapped out. Ivory knew that it was a hard subject for her. It was the day that she was confined to her room and her mother was banished. Ivory was only a baby when it happened, but they remembered the outrage the servants and townspeople were in. They heard Queen Eirwen was a nice queen, but also weirdly predicted things that would happen.",1,Minor,21,True,,0.7429577464788732,1.0,0.9717627763748168,0.7472924187725631,1.0,score,F,A,,,0.55,0.78,1.0,1,0,1,light,وانطردت,وطُردت,,exact,exact,literary
WMT_6120,Terminology Substitution,تفتكتر,تتذكر,"كتبت كاري: ""لا""، فأدركت آيفوري إن الموضوع ذا صعب عليها. وكان اليوم ذا اللي اتحبست فيه في غرفتها وانطردت فيه والدتها. آيفوري كانت طفلة صغيرة في الوقت ذا، لكنها تفتكتر غضب الخدم وأهل المدينة. لأنهم سمعوا إن الملكة إيروين كانت ملكة طيبة، لكنها كانت بتتوقع أشياء تحدث في الواقع بشكل غريب.","كتبت كاري: ""لا"". عرفت آيفوري أن هذا الموضوع صعب عليها. وكان هذا اليوم الذي حُبست فيه في غرفتها وطُردت فيه والدتها. كانت آيفوري طفلة صغيرة عندما حدث ذلك، لكنها تتذكر غضب الخدم وسكان البلدة. فقد سمعوا أن الملكة إيروين كانت ملكة طيبة، لكنها كانت تتوقع أشياء تحدث حقيقة بشكل غريب.","No. Kari tapped out. Ivory knew that it was a hard subject for her. It was the day that she was confined to her room and her mother was banished. Ivory was only a baby when it happened, but they remembered the outrage the servants and townspeople were in. They heard Queen Eirwen was a nice queen, but also weirdly predicted things that would happen.",1,Minor,4,True,,0.7429577464788732,1.0,0.9717627763748168,0.7482014388489209,1.0,diagnostic,F,A,,,0.55,0.68,1.0,1,0,1,light,تفتكتر,تتذكر,,exact,exact,literary
WMT_6127,Spelling Error,بيضا،,بيضاء،,ألوان طلاء بيضا، ودرجات مختلفة من اللون الأزرق,ألوان طلاء بيضاء، ودرجات مختلفة من اللون الأزرق,"White, varying shades of blue paint",1,Minor,21,True,,0.9787234042553192,1.0,0.9310034513473512,1.0,1.0,score,F,A,,,0.55,0.78,1.0,1,0,1,light,بيضا،,بيضاء،,,exact,exact,literary
WMT_6128,Terminology Substitution,فُرش,فراشي,6 فُرش بأحجام مختلفة,6 فراشي بأحجام مختلفة,6 different sizes of paint brushes,1,Minor,4,True,,0.8571428571428572,1.0,0.941173791885376,1.0,1.0,diagnostic,F,A,,,0.55,0.68,1.0,1,0,1,light,فُرش,فراشي,,exact,exact,literary
WMT_6129,Total Omission,رسم,[OMITTED],حامل لوحة رسم,حامل لوحة,Easel,1,Minor,1,True,,0.6923076923076923,1.0,0.8531286716461182,0.9,1.0,diagnostic,F,A,,,0.55,0.5,0.8,1,0,0,light,رسم,[OMITTED],,exact,,literary
WMT_6130,Spelling Error,تتلفت للأميرة,تلتفت إلى الأميرة,"سألت آيفوري وهي تتلفت للأميرة الصامتة اللي كانت بتطرق بأصابعها كثير، وبيتأرجح ذيل شعرها: ""تبين أجيبلك هذه الأشياء؟"". كانت إجابتها ""نعم"". ضحكت ضحكة بسيطة وهي تشوف الأميرة المنطوية عادة متحمسة لشيء. كانت ذي المرة الأولى اللي تطلب فيها شيئ غير الكتب وخارج غرفتها.","سألت آيفوري وهي تلتفت إلى الأميرة الصامتة التي كانت تطرق بأصابعها كثيرًا، ويتأرجح ذيل شعرها ذهابًا وإيابًا: ""هل تريدنني أن أحضر لك هذه الأشياء؟"". وكات الإجابة ""نعم"". ضحكت ضحكة بسيطة وهي ترى الأميرة المنطوية عادة وهي متحمسة بشيء ما. وكانت هذه المرة الأولى التي تطلب فيها شيئًا لا يرتبط بالكتب وخارج غرفتها.","“You want me to get these things for you?” Ivory turned toward the silent princess, who was tapping a lot, pig tails swishing back and forth. “Yes?” They giggled slightly as they saw the normally withdrawn princess was passionate about something. It was the first time she had ever asked for something not related to books that was outside her room.",1,Minor,21,True,,0.7672131147540984,1.0,0.9593304991722108,0.7743055555555556,1.0,score,F,A,,,0.55,0.78,1.0,1,0,1,light,تتلفت للاميرة,تلتفت الي الاميرة,,exact_seq,exact_seq,literary
WMT_6131,Terminology Substitution,اللي,التي,"سألت آيفوري وهي تتلفت للأميرة الصامتة اللي كانت بتطرق بأصابعها كثير، وبيتأرجح ذيل شعرها: ""تبين أجيبلك هذه الأشياء؟"". كانت إجابتها ""نعم"". ضحكت ضحكة بسيطة وهي تشوف الأميرة المنطوية عادة متحمسة لشيء. كانت ذي المرة الأولى اللي تطلب فيها شيئ غير الكتب وخارج غرفتها.","سألت آيفوري وهي تلتفت إلى الأميرة الصامتة التي كانت تطرق بأصابعها كثيرًا، ويتأرجح ذيل شعرها ذهابًا وإيابًا: ""هل تريدنني أن أحضر لك هذه الأشياء؟"". وكات الإجابة ""نعم"". ضحكت ضحكة بسيطة وهي ترى الأميرة المنطوية عادة وهي متحمسة بشيء ما. وكانت هذه المرة الأولى التي تطلب فيها شيئًا لا يرتبط بالكتب وخارج غرفتها.","“You want me to get these things for you?” Ivory turned toward the silent princess, who was tapping a lot, pig tails swishing back and forth. “Yes?” They giggled slightly as they saw the normally withdrawn princess was passionate about something. It was the first time she had ever asked for something not related to books that was outside her room.",1,Minor,4,True,,0.7672131147540984,1.0,0.9593304991722108,0.7674418604651163,1.0,diagnostic,F,A,,,0.55,0.68,1.0,2,0,2,light,اللي,التي,,exact,exact,literary
WMT_6133,Spelling Error,كثير، وبيتأرجح,كثيرًا، ويتأرجح,"سألت آيفوري وهي تتلفت للأميرة الصامتة اللي كانت بتطرق بأصابعها كثير، وبيتأرجح ذيل شعرها: ""تبين أجيبلك هذه الأشياء؟"". كانت إجابتها ""نعم"". ضحكت ضحكة بسيطة وهي تشوف الأميرة المنطوية عادة متحمسة لشيء. كانت ذي المرة الأولى اللي تطلب فيها شيئ غير الكتب وخارج غرفتها.","سألت آيفوري وهي تلتفت إلى الأميرة الصامتة التي كانت تطرق بأصابعها كثيرًا، ويتأرجح ذيل شعرها ذهابًا وإيابًا: ""هل تريدنني أن أحضر لك هذه الأشياء؟"". وكات الإجابة ""نعم"". ضحكت ضحكة بسيطة وهي ترى الأميرة المنطوية عادة وهي متحمسة بشيء ما. وكانت هذه المرة الأولى التي تطلب فيها شيئًا لا يرتبط بالكتب وخارج غرفتها.","“You want me to get these things for you?” Ivory turned toward the silent princess, who was tapping a lot, pig tails swishing back and forth. “Yes?” They giggled slightly as they saw the normally withdrawn princess was passionate about something. It was the first time she had ever asked for something not related to books that was outside her room.",1,Minor,21,True,,0.7672131147540984,1.0,0.9593304991722108,0.7655172413793103,1.0,score,F,A,,,0.55,0.78,1.0,1,0,1,light,كثير، وبيتارجح,كثيرًا، ويتارجح,,exact_seq,exact_seq,literary
WMT_6135,Terminology Substitution,تشوف,ترى,"سألت آيفوري وهي تتلفت للأميرة الصامتة اللي كانت بتطرق بأصابعها كثير، وبيتأرجح ذيل شعرها: ""تبين أجيبلك هذه الأشياء؟"". كانت إجابتها ""نعم"". ضحكت ضحكة بسيطة وهي تشوف الأميرة المنطوية عادة متحمسة لشيء. كانت ذي المرة الأولى اللي تطلب فيها شيئ غير الكتب وخارج غرفتها.","سألت آيفوري وهي تلتفت إلى الأميرة الصامتة التي كانت تطرق بأصابعها كثيرًا، ويتأرجح ذيل شعرها ذهابًا وإيابًا: ""هل تريدنني أن أحضر لك هذه الأشياء؟"". وكات الإجابة ""نعم"". ضحكت ضحكة بسيطة وهي ترى الأميرة المنطوية عادة وهي متحمسة بشيء ما. وكانت هذه المرة الأولى التي تطلب فيها شيئًا لا يرتبط بالكتب وخارج غرفتها.","“You want me to get these things for you?” Ivory turned toward the silent princess, who was tapping a lot, pig tails swishing back and forth. “Yes?” They giggled slightly as they saw the normally withdrawn princess was passionate about something. It was the first time she had ever asked for something not related to books that was outside her room.",1,Minor,4,True,,0.7672131147540984,1.0,0.9593304991722108,0.7748344370860927,1.0,diagnostic,F,A,,,0.55,0.68,1.0,1,0,1,light,تشوف,تري,,exact,exact,literary
WMT_6137,Terminology Substitution,اللي,التي,"سألت آيفوري وهي تتلفت للأميرة الصامتة اللي كانت بتطرق بأصابعها كثير، وبيتأرجح ذيل شعرها: ""تبين أجيبلك هذه الأشياء؟"". كانت إجابتها ""نعم"". ضحكت ضحكة بسيطة وهي تشوف الأميرة المنطوية عادة متحمسة لشيء. كانت ذي المرة الأولى اللي تطلب فيها شيئ غير الكتب وخارج غرفتها.","سألت آيفوري وهي تلتفت إلى الأميرة الصامتة التي كانت تطرق بأصابعها كثيرًا، ويتأرجح ذيل شعرها ذهابًا وإيابًا: ""هل تريدنني أن أحضر لك هذه الأشياء؟"". وكات الإجابة ""نعم"". ضحكت ضحكة بسيطة وهي ترى الأميرة المنطوية عادة وهي متحمسة بشيء ما. وكانت هذه المرة الأولى التي تطلب فيها شيئًا لا يرتبط بالكتب وخارج غرفتها.","“You want me to get these things for you?” Ivory turned toward the silent princess, who was tapping a lot, pig tails swishing back and forth. “Yes?” They giggled slightly as they saw the normally withdrawn princess was passionate about something. It was the first time she had ever asked for something not related to books that was outside her room.",1,Minor,4,True,,0.7672131147540984,1.0,0.9593304991722108,0.7674418604651163,1.0,diagnostic,F,A,,,0.55,0.68,1.0,2,0,2,light,اللي,التي,,exact,exact,literary
WMT_6139,Terminology Substitution,بعدين,ثم,"بعدين سألت آيفوري وهي واقفة وتمر من الفوضى بين الأوراق والدفاتر: ""تمام! راح أشوفك بعدين؟"".","ثم سألت آيفوري وهي واقفة وتتخطى الفوضى من الأوراق والدفاتر: ""تمام! هل سأراك لاحقًا؟"".","“Okay! See ya later?” Ivory asked, standing up and weaving through the mess of papers and notebooks.",1,Minor,4,True,,0.7222222222222222,1.0,0.9427404403686525,0.7647058823529411,1.0,diagnostic,F,A,,,0.55,0.68,1.0,1,0,1,light,بعدين,ثم,,exact,exact,literary
WMT_6141,Terminology Substitution,بين,من,"بعدين سألت آيفوري وهي واقفة وتمر من الفوضى بين الأوراق والدفاتر: ""تمام! راح أشوفك بعدين؟"".","ثم سألت آيفوري وهي واقفة وتتخطى الفوضى من الأوراق والدفاتر: ""تمام! هل سأراك لاحقًا؟"".","“Okay! See ya later?” Ivory asked, standing up and weaving through the mess of papers and notebooks.",1,Minor,4,True,,0.7222222222222222,1.0,0.9427404403686525,0.735632183908046,1.0,diagnostic,F,A,,,0.55,0.68,1.0,1,0,1,light,بين,من,,exact,exact,literary
WMT_6145,Terminology Substitution,زي,مثل,خرجت من الغرفة وهي تشعر بالارتياح، لأن الأميرة بدأت أخيرًا في الخروج من منطقة راحتها وطلبت أشياء خارج نطاق سلطتها، زي الطلاء.,خرجت من الغرفة وهي تشعر بالارتياح، لأن الأميرة بدأت أخيرًا في الخروج من منطقة راحتها وطلبت أشياء خارج نطاق سلطتها، مثل الطلاء.,"They exited the room, relieved that the princess was finally pushing out of her comfort zone and asking for things outside of her power, like paint.",1,Minor,4,True,,0.9761904761904762,1.0,0.9896324276924132,1.0,1.0,diagnostic,F,A,,,0.55,0.68,1.0,1,0,1,light,زي,مثل,,exact,exact,literary
WMT_6147,Terminology Substitution,الغرفة,القاعة,بعدين راحت تتجول في الغرفة مرة أخرى وبتحاول تتجاهل همسات الخادمات.,ثم أخذت تتجول في القاعة مرة آخرى محاولة تجاهل همسات الخادمات.,"They walked through the halls again, trying to tune out the whispers of the maids again.",1,Minor,4,True,,0.7424242424242424,1.0,0.9314407110214232,0.7666666666666666,1.0,diagnostic,F,A,,,0.55,0.68,1.0,1,0,1,light,الغرفة,القاعة,,exact,exact,literary
WMT_6148,Spelling Error,أخرى وبتحاول تتجاهل,آخرى محاولة تجاهل,بعدين راحت تتجول في الغرفة مرة أخرى وبتحاول تتجاهل همسات الخادمات.,ثم أخذت تتجول في القاعة مرة آخرى محاولة تجاهل همسات الخادمات.,"They walked through the halls again, trying to tune out the whispers of the maids again.",1,Minor,21,True,,0.7424242424242424,1.0,0.9314407110214232,0.7659574468085106,1.0,score,F,A,,,0.55,0.78,1.0,1,0,1,light,اخري وبتحاول تتجاهل,اخري محاولة تجاهل,,exact_seq,exact_seq,literary
WMT_6154,Terminology Substitution,اللي,التي,"غطوا آذانهم لأن تجاهل الأمر ما كان مُجدي. وتوجهوا لغرفة الرسام الملكي اللي كانت في الجناح الشرقي، الباب الثاني على اليسار"".","لقد غطوا آذانهم لأن تجاهل ذلك لم يكن مجديًا. بل توجهوا إلى غرفة الرسام الملكي التي كانت تقع في الجناح الشرقي، الباب الثاني على اليسار"".","They covered their ears, as tuning them out wasn’t working. They made their way to the royal painter’s room, which was on the east wing, second door on the left.",1,Minor,4,True,,0.8074074074074074,1.0,0.9737434387207032,0.8091603053435115,1.0,diagnostic,F,A,,,0.55,0.68,1.0,1,0,1,light,اللي,التي,,exact,exact,literary
WMT_6155,Terminology Substitution,قرّبت,اقتربت,"قرّبت آيفوري من الباب اللي كان معقد مثل باب كاري. وكان عليه رسم التنين الأبيض، واحد من التنانين الستة البدائية اللي يُقال إنهم هما اللي أسسوا فروستفيل. من المنطقي إن الرسام يكون حطه على بابه، لأنه بيحب التاريخ"".","اقتربت آيفوري من الباب الذي كان معقدًا مثل باب كاري. وكان عليه التنين الأبيض، أحد التنانين الستة البدائية الذي يُزعم أنها التي أنشأت فروستفيل. ومن المنطقي أن يكون الرسام قد وضعه على بابه، إذ إنه يحب التاريخ"".","Ivory approached the door that was just as intricate as Kari’s. On it was the White Dragon, one of the 6 primordial dragons, who allegedly created Frostfell. It would make sense for the painter to have it on his door though, he liked history.",1,Minor,4,True,,0.7725118483412322,1.0,0.9332916736602784,0.7815533980582524,1.0,diagnostic,F,A,,,0.55,0.68,1.0,1,0,1,light,قرّبت,اقتربت,,exact,exact,literary
WMT_6156,Terminology Substitution,اللي,الذي,"قرّبت آيفوري من الباب اللي كان معقد مثل باب كاري. وكان عليه رسم التنين الأبيض، واحد من التنانين الستة البدائية اللي يُقال إنهم هما اللي أسسوا فروستفيل. من المنطقي إن الرسام يكون حطه على بابه، لأنه بيحب التاريخ"".","اقتربت آيفوري من الباب الذي كان معقدًا مثل باب كاري. وكان عليه التنين الأبيض، أحد التنانين الستة البدائية الذي يُزعم أنها التي أنشأت فروستفيل. ومن المنطقي أن يكون الرسام قد وضعه على بابه، إذ إنه يحب التاريخ"".","Ivory approached the door that was just as intricate as Kari’s. On it was the White Dragon, one of the 6 primordial dragons, who allegedly created Frostfell. It would make sense for the painter to have it on his door though, he liked history.",1,Minor,4,True,,0.7725118483412322,1.0,0.9332916736602784,0.7729468599033816,1.0,diagnostic,F,A,,,0.55,0.68,1.0,3,0,2,light,اللي,الذي,,exact,exact,literary
WMT_6157,Spelling Error,معقد,معقدًا,"قرّبت آيفوري من الباب اللي كان معقد مثل باب كاري. وكان عليه رسم التنين الأبيض، واحد من التنانين الستة البدائية اللي يُقال إنهم هما اللي أسسوا فروستفيل. من المنطقي إن الرسام يكون حطه على بابه، لأنه بيحب التاريخ"".","اقتربت آيفوري من الباب الذي كان معقدًا مثل باب كاري. وكان عليه التنين الأبيض، أحد التنانين الستة البدائية الذي يُزعم أنها التي أنشأت فروستفيل. ومن المنطقي أن يكون الرسام قد وضعه على بابه، إذ إنه يحب التاريخ"".","Ivory approached the door that was just as intricate as Kari’s. On it was the White Dragon, one of the 6 primordial dragons, who allegedly created Frostfell. It would make sense for the painter to have it on his door though, he liked history.",1,Minor,21,True,,0.7725118483412322,1.0,0.9332916736602784,0.7777777777777778,1.0,score,F,A,,,0.55,0.78,1.0,1,0,1,light,معقد,معقدًا,,exact,exact,literary
WMT_6158,Total Omission,رسم,[OMITTED],"قرّبت آيفوري من الباب اللي كان معقد مثل باب كاري. وكان عليه رسم التنين الأبيض، واحد من التنانين الستة البدائية اللي يُقال إنهم هما اللي أسسوا فروستفيل. من المنطقي إن الرسام يكون حطه على بابه، لأنه بيحب التاريخ"".","اقتربت آيفوري من الباب الذي كان معقدًا مثل باب كاري. وكان عليه التنين الأبيض، أحد التنانين الستة البدائية الذي يُزعم أنها التي أنشأت فروستفيل. ومن المنطقي أن يكون الرسام قد وضعه على بابه، إذ إنه يحب التاريخ"".","Ivory approached the door that was just as intricate as Kari’s. On it was the White Dragon, one of the 6 primordial dragons, who allegedly created Frostfell. It would make sense for the painter to have it on his door though, he liked history.",1,Minor,1,True,,0.7725118483412322,1.0,0.9332916736602784,0.7836538461538461,1.0,diagnostic,F,A,,,0.55,0.5,0.8,1,0,0,light,رسم,[OMITTED],,exact,,literary
WMT_6160,Terminology Substitution,من,ومن,"قرّبت آيفوري من الباب اللي كان معقد مثل باب كاري. وكان عليه رسم التنين الأبيض، واحد من التنانين الستة البدائية اللي يُقال إنهم هما اللي أسسوا فروستفيل. من المنطقي إن الرسام يكون حطه على بابه، لأنه بيحب التاريخ"".","اقتربت آيفوري من الباب الذي كان معقدًا مثل باب كاري. وكان عليه التنين الأبيض، أحد التنانين الستة البدائية الذي يُزعم أنها التي أنشأت فروستفيل. ومن المنطقي أن يكون الرسام قد وضعه على بابه، إذ إنه يحب التاريخ"".","Ivory approached the door that was just as intricate as Kari’s. On it was the White Dragon, one of the 6 primordial dragons, who allegedly created Frostfell. It would make sense for the painter to have it on his door though, he liked history.",1,Minor,4,True,,0.7725118483412322,1.0,0.9332916736602784,0.7559808612440191,1.0,diagnostic,F,A,,,0.55,0.68,1.0,3,2,2,light,من,ومن,,exact,kw_prefix_و,literary
WMT_6171,Spelling Error,جاوبته,فأجابته,"جاوبته وهي متجاهلته وتبحث عن الأشياء التي يبيها صديقهم الصامت: ""آسفة يا أمير، أنا هنا لتجهيز لوازم الرسم"".","فأجابته وهي متجاهلة إياه وتبحث عن الأشياء التي يريدها صديقهم الصامت: ""آسفة يا أمير، فأنا هنا فقط لتجهيز لوازم الرسم"".","“Sorry, princey,” They said, partially ignoring him and searching for the things that their silent friend wanted. “I’m just here to get art supplies.”",1,Minor,21,True,,0.8717948717948718,1.0,0.898460328578949,0.8909090909090909,1.0,score,F,A,,,0.55,0.78,1.0,1,0,1,light,جاوبته,فاجابته,,exact,exact,literary
WMT_6173,Terminology Substitution,يبيها,يريدها,"جاوبته وهي متجاهلته وتبحث عن الأشياء التي يبيها صديقهم الصامت: ""آسفة يا أمير، أنا هنا لتجهيز لوازم الرسم"".","فأجابته وهي متجاهلة إياه وتبحث عن الأشياء التي يريدها صديقهم الصامت: ""آسفة يا أمير، فأنا هنا فقط لتجهيز لوازم الرسم"".","“Sorry, princey,” They said, partially ignoring him and searching for the things that their silent friend wanted. “I’m just here to get art supplies.”",1,Minor,4,True,,0.8717948717948718,1.0,0.898460328578949,0.8828828828828829,1.0,diagnostic,F,A,,,0.55,0.68,1.0,1,0,1,light,يبيها,يريدها,,exact,exact,literary
WMT_6175,Terminology Substitution,"""تمام","""أوه","سأل أكويلو: ""تمام يا صغيرة، راح ترحلين قريبًا؟ لكني بغيت أشوفك!""","سأل أكويلو: ""أوه يا حبيبتي، هل سترحلين قريبًا جدًا؟ لكنني أردت رؤيتك!""","“Aw baby girl’s gonna leave so soon?” Aquilo asked, “But I wanted to see you!”",1,Minor,4,True,,0.6285714285714286,1.0,0.8950017690658569,0.6666666666666667,1.0,diagnostic,F,A,,,0.55,0.68,1.0,1,0,1,light,"""تمام","""اوه",,exact,exact,literary
WMT_6186,Terminology Substitution,من,عندما,"قالت: ""لازم أمشي"". حست فجأة بعدم الارتياح من رد الأمير. وتذكرت كل الأشياء السيئة التي يقولونها الناس عن هويته الجنسية، بعدين قالت: ""حقيقة أبي أبعد عنه"".","فقالت: ""يجب أن أذهب"". وشعرت فجأة بعدم الارتياح عندما رد الأمير. وتذكرت كل الأشياء السيئة التي يقولها الناس عن هويته الجنسية، ثم قالت: ""أريد حقًا الابتعاد عنه"".","“I have to go.” They said, suddenly feeling uncomfortable when the prince said back. Remembering all the bad things people said about their gender identity. I really want to get away from him.",1,Minor,4,True,,0.7610062893081762,1.0,0.91057026386261,0.7792207792207793,1.0,diagnostic,F,A,,,0.55,0.68,1.0,1,0,1,light,من,عندما,,exact,exact,literary
WMT_6187,Spelling Error,يقولونها,يقولها,"قالت: ""لازم أمشي"". حست فجأة بعدم الارتياح من رد الأمير. وتذكرت كل الأشياء السيئة التي يقولونها الناس عن هويته الجنسية، بعدين قالت: ""حقيقة أبي أبعد عنه"".","فقالت: ""يجب أن أذهب"". وشعرت فجأة بعدم الارتياح عندما رد الأمير. وتذكرت كل الأشياء السيئة التي يقولها الناس عن هويته الجنسية، ثم قالت: ""أريد حقًا الابتعاد عنه"".","“I have to go.” They said, suddenly feeling uncomfortable when the prince said back. Remembering all the bad things people said about their gender identity. I really want to get away from him.",1,Minor,21,True,,0.7610062893081762,1.0,0.91057026386261,0.7647058823529411,1.0,score,F,A,,,0.55,0.78,1.0,1,0,1,light,يقولونها,يقولها,,exact,exact,literary
WMT_6188,Terminology Substitution,بعدين,ثم,"قالت: ""لازم أمشي"". حست فجأة بعدم الارتياح من رد الأمير. وتذكرت كل الأشياء السيئة التي يقولونها الناس عن هويته الجنسية، بعدين قالت: ""حقيقة أبي أبعد عنه"".","فقالت: ""يجب أن أذهب"". وشعرت فجأة بعدم الارتياح عندما رد الأمير. وتذكرت كل الأشياء السيئة التي يقولها الناس عن هويته الجنسية، ثم قالت: ""أريد حقًا الابتعاد عنه"".","“I have to go.” They said, suddenly feeling uncomfortable when the prince said back. Remembering all the bad things people said about their gender identity. I really want to get away from him.",1,Minor,4,True,,0.7610062893081762,1.0,0.91057026386261,0.7898089171974523,1.0,diagnostic,F,A,,,0.55,0.68,1.0,1,0,1,light,بعدين,ثم,,exact,exact,literary
WMT_6190,Terminology Substitution,وتجاهل,متجاهلاً,"ظهر الأمير فجأة عند الباب، وتجاهل صراخ واحد من رسامي القصر وقال: ""تبي ترحلين بالسرعة هذه"".","ظهر الأمير فجأة عند الباب، متجاهلاً صراخ أحد رسامي القصر وقال: ""تغادرين بهذه السرعة"".","“Leaving so soon?” The prince instantaneously appeared at the door, ignoring the cries of one royal painter.",1,Minor,4,True,,0.7555555555555555,1.0,0.9510447978973388,0.7738095238095238,1.0,diagnostic,F,A,,,0.55,0.68,1.0,1,0,1,light,وتجاهل,متجاهلاً,,exact,exact,literary
WMT_6209,Total Omission,اللي يبغاه,[OMITTED],"جاوب أكويلو وهو يبتسم: ""لا، طبعًا الأمير اللي يحصل على كل اللي يبغاه ما يعرف معنى الكلمة حتى"".","أجاب أكويلو مبتسمًا: ""لا، فبالطبع لا يعرف الأمير الذي يحصل على كل ما يريد معنى الكلمة حتى"".","“Nope.” Aquilo answered back, smiling. Of course the crown prince who gets everything he wants doesn’t know what the word even means.",1,Minor,1,True,,0.6276595744680851,1.0,0.8490707278251648,0.7252747252747253,1.0,diagnostic,F,A,,,0.55,0.5,0.8,1,0,0,light,اللي يبغاه,[OMITTED],,exact_seq,,literary
WMT_6214,Spelling Error,ما زال مبتسم:,لا يزال مبتسمًا:,"قاطعها وهو ما زال مبتسم: ""500 في الواقع""، ورجّع راسه لورا بحركة في الهواء البارد.","قاطعها وهو لا يزال مبتسمًا: ""500 في الواقع""، وألقى برأسه للخلف بحركة في الهواء البارد.","He cut in, still smiling, “500 actually.” He threw his hair back, swishing it in the cold air.",1,Minor,21,True,,0.8372093023255813,1.0,0.9040205478668212,0.8571428571428572,1.0,score,F,A,,,0.55,0.78,1.0,1,0,1,light,ما زال مبتسم:,لا يزال مبتسمًا:,,exact_seq,exact_seq,literary
WMT_6217,Terminology Substitution,حط,وضع,"حط أكويلو إصبعه تحت ذقنها علشان يخليها تناظره وقال: ""إنتي أجمل بنت شفتها في حياتي"".","وضع أكويلو إصبعًا تحت ذقنها ليجبرها على النظر إليه وقال: ""أنت أجمل فتاة رأيتها في حياتي"".",“You’re the prettiest girl I’ve ever seen.” Aquilo puts one digit under their chin and forces Ivory to look up at him.,1,Minor,4,True,,0.6404494382022472,1.0,0.8676595687866211,0.6627906976744187,1.0,diagnostic,F,A,,,0.55,0.68,1.0,1,0,1,light,حط,وضع,,exact,exact,literary
WMT_6225,Terminology Substitution,الثاني.,الآخر.,أخرج ولاعة من جيبه وسيجارة من الجيب الثاني. أشعلها وأخذ نفس صغير قبل ما يفتح الباب. على مدار الأسبوع الماضي، كان عليه يكون واسع الحلية في إيقاظ الرجال والنساء المسؤولين منه. توقف عن استخدام منبه الإيقاظ المبرمَج، لأنه مكان كان يعمل نص الوقت، وكل ما كان يصدر من السماعات هو صوت صفير خفيف.,أخرج ولاعة من جيب سترته وسيجارة من الجيب الآخر. أشعلها وأخذ نفسًا صغيرًا قبل أن يفتح الباب قليلاً. على مدار الأسبوع الماضي، كان عليه أن يكون مبتكرًا في إيقاظ الرجال والنساء تحت إمرته. توقف عن استخدام منبه الإيقاظ المبرمَج سابقًا، إذ كان نصف الوقت لا يعمل، وكل ما كان يصدر من السماعات هو صوت صفير خفيف.,"He took a lighter from his jacket pocket and a cig from the other. Lighting it, he took a small drag before opening the door slightly. Over the last week he had to get creative when waking the men and women under his command. He stopped using the preset wake up alarm, half the time it never worked, when all that came from the speakers was a light hiss.",1,Minor,4,True,,0.7574750830564784,1.0,0.9337525367736816,0.7661016949152543,1.0,diagnostic,F,A,,,0.55,0.68,1.0,1,0,1,light,الثاني.,الاخر.,,exact,exact,literary
WMT_6226,Spelling Error,نفس صغير,نفسًا صغيرًا,أخرج ولاعة من جيبه وسيجارة من الجيب الثاني. أشعلها وأخذ نفس صغير قبل ما يفتح الباب. على مدار الأسبوع الماضي، كان عليه يكون واسع الحلية في إيقاظ الرجال والنساء المسؤولين منه. توقف عن استخدام منبه الإيقاظ المبرمَج، لأنه مكان كان يعمل نص الوقت، وكل ما كان يصدر من السماعات هو صوت صفير خفيف.,أخرج ولاعة من جيب سترته وسيجارة من الجيب الآخر. أشعلها وأخذ نفسًا صغيرًا قبل أن يفتح الباب قليلاً. على مدار الأسبوع الماضي، كان عليه أن يكون مبتكرًا في إيقاظ الرجال والنساء تحت إمرته. توقف عن استخدام منبه الإيقاظ المبرمَج سابقًا، إذ كان نصف الوقت لا يعمل، وكل ما كان يصدر من السماعات هو صوت صفير خفيف.,"He took a lighter from his jacket pocket and a cig from the other. Lighting it, he took a small drag before opening the door slightly. Over the last week he had to get creative when waking the men and women under his command. He stopped using the preset wake up alarm, half the time it never worked, when all that came from the speakers was a light hiss.",1,Minor,21,True,,0.7574750830564784,1.0,0.9337525367736816,0.7612456747404844,1.0,score,F,A,,,0.55,0.78,1.0,1,0,1,light,نفس صغير,نفسًا صغيرًا,,exact_seq,exact_seq,literary
WMT_6227,Terminology Substitution,ما,أن,أخرج ولاعة من جيبه وسيجارة من الجيب الثاني. أشعلها وأخذ نفس صغير قبل ما يفتح الباب. على مدار الأسبوع الماضي، كان عليه يكون واسع الحلية في إيقاظ الرجال والنساء المسؤولين منه. توقف عن استخدام منبه الإيقاظ المبرمَج، لأنه مكان كان يعمل نص الوقت، وكل ما كان يصدر من السماعات هو صوت صفير خفيف.,أخرج ولاعة من جيب سترته وسيجارة من الجيب الآخر. أشعلها وأخذ نفسًا صغيرًا قبل أن يفتح الباب قليلاً. على مدار الأسبوع الماضي، كان عليه أن يكون مبتكرًا في إيقاظ الرجال والنساء تحت إمرته. توقف عن استخدام منبه الإيقاظ المبرمَج سابقًا، إذ كان نصف الوقت لا يعمل، وكل ما كان يصدر من السماعات هو صوت صفير خفيف.,"He took a lighter from his jacket pocket and a cig from the other. Lighting it, he took a small drag before opening the door slightly. Over the last week he had to get creative when waking the men and women under his command. He stopped using the preset wake up alarm, half the time it never worked, when all that came from the speakers was a light hiss.",1,Minor,4,True,,0.7574750830564784,1.0,0.9337525367736816,0.7625418060200668,1.0,diagnostic,F,A,,,0.55,0.68,1.0,2,1,5,light,ما,ان,,exact,exact,literary
WMT_6242,Total Omission,كرايث,[OMITTED],"كرايث قال ""صباح الخير"".","قال كرايث، ""صباح الخير"".","“Morning,” Craith said.",1,Minor,1,True,,0.6666666666666667,1.0,0.9902169704437256,0.6666666666666667,1.0,diagnostic,F,A,,,0.55,0.5,0.8,1,0,0,light,كرايث,[OMITTED],,exact,,literary
WMT_6253,Total Omission,كوهيرن,[OMITTED],"كوهيرن قال  ""إنت صح يا أخصائي"". بعدين مد يده وضغط على مفتاح. رنّ المنبه داخل الثكنة بصوت عالي ومزعج. وسمع صراخ مكتوم في الداخل وناس تتعثر وهي بتتحرك.","قال كوهيرن، ""أنت محق يا أخصائي"". ثم مد يده وضغط على مفتاح. انطلق منبه داخل الثكنة، بصوت عال ومزعج. سمَعَ صراخًا مكتومًا في الداخل وأشخاصًا يتعثرون وهم يتحركون.","“You make a good point Specialist,” Cohren said. He reached in and flicked a switch. An alarm sounded inside of the barracks, loud and screeching. He heard muffled shouting inside and people stumbling about.",1,Minor,1,True,,0.7169811320754718,1.0,0.9301297664642334,0.7232704402515724,1.0,diagnostic,F,A,,,0.55,0.5,0.8,1,0,0,light,كوهيرن,[OMITTED],,exact,,literary
WMT_6255,Terminology Substitution,بعدين,ثم,"كوهيرن قال  ""إنت صح يا أخصائي"". بعدين مد يده وضغط على مفتاح. رنّ المنبه داخل الثكنة بصوت عالي ومزعج. وسمع صراخ مكتوم في الداخل وناس تتعثر وهي بتتحرك.","قال كوهيرن، ""أنت محق يا أخصائي"". ثم مد يده وضغط على مفتاح. انطلق منبه داخل الثكنة، بصوت عال ومزعج. سمَعَ صراخًا مكتومًا في الداخل وأشخاصًا يتعثرون وهم يتحركون.","“You make a good point Specialist,” Cohren said. He reached in and flicked a switch. An alarm sounded inside of the barracks, loud and screeching. He heard muffled shouting inside and people stumbling about.",1,Minor,4,True,,0.7169811320754718,1.0,0.9301297664642334,0.7452229299363058,1.0,diagnostic,F,A,,,0.55,0.68,1.0,1,0,1,light,بعدين,ثم,,exact,exact,literary
WMT_6257,Spelling Error,الثكنة,الثكنة،,"كوهيرن قال  ""إنت صح يا أخصائي"". بعدين مد يده وضغط على مفتاح. رنّ المنبه داخل الثكنة بصوت عالي ومزعج. وسمع صراخ مكتوم في الداخل وناس تتعثر وهي بتتحرك.","قال كوهيرن، ""أنت محق يا أخصائي"". ثم مد يده وضغط على مفتاح. انطلق منبه داخل الثكنة، بصوت عال ومزعج. سمَعَ صراخًا مكتومًا في الداخل وأشخاصًا يتعثرون وهم يتحركون.","“You make a good point Specialist,” Cohren said. He reached in and flicked a switch. An alarm sounded inside of the barracks, loud and screeching. He heard muffled shouting inside and people stumbling about.",1,Minor,21,True,,0.7169811320754718,1.0,0.9301297664642334,0.7105263157894737,1.0,score,F,A,,,0.55,0.78,1.0,1,0,1,light,الثكنة,الثكنة،,,exact,exact,literary
WMT_6259,Spelling Error,وسمع صراخ مكتوم,سمَعَ صراخًا مكتومًا,"كوهيرن قال  ""إنت صح يا أخصائي"". بعدين مد يده وضغط على مفتاح. رنّ المنبه داخل الثكنة بصوت عالي ومزعج. وسمع صراخ مكتوم في الداخل وناس تتعثر وهي بتتحرك.","قال كوهيرن، ""أنت محق يا أخصائي"". ثم مد يده وضغط على مفتاح. انطلق منبه داخل الثكنة، بصوت عال ومزعج. سمَعَ صراخًا مكتومًا في الداخل وأشخاصًا يتعثرون وهم يتحركون.","“You make a good point Specialist,” Cohren said. He reached in and flicked a switch. An alarm sounded inside of the barracks, loud and screeching. He heard muffled shouting inside and people stumbling about.",1,Minor,21,True,,0.7169811320754718,1.0,0.9301297664642334,0.7266187050359711,1.0,score,F,A,,,0.55,0.78,1.0,1,0,1,light,وسمع صراخ مكتوم,سمَعَ صراخًا مكتومًا,,exact_seq,exact_seq,literary
WMT_6265,Spelling Error,"""لكن ذا","""ولكن هذا","""حسنًا، الربع في معسكر التدريب كانوا يصحو ن بدري""، قال كوهرين وشاور على هاريس وكرايس ورافِك. ""لكن ذا طبيعي، لأنهم قادة فِرَق وفصائل، ويعرفون إنهم يجب أن يصحون قبل وحداتهم.","""حسنًا أصدقائي من معسكر التدريب هؤلاء هنا كانوا يستيقظون مبكرًا""، قال كوهرين مشيرًا إلى هاريس وكرايس ورافِك. ""ولكن هذا طبيعي، فهم قادة فِرَق وفصائل، ويعرفون أنه يجب عليهم الاستيقاظ قبل وحداتهم","“Well my buddys from boot camp here did” Cohren motioned to Harris, Craith and Ravik. “But then again, their squad and platoon leader’s, they know to wake up before their units.",1,Minor,21,True,,0.6979166666666667,1.0,0.8877463340759277,0.6939890710382514,1.0,score,F,A,,,0.55,0.78,1.0,1,0,1,light,"""لكن ذا","""ولكن هذا",,exact_seq,exact_seq,literary
WMT_6266,Terminology Substitution,لأنهم,فهم,"""حسنًا، الربع في معسكر التدريب كانوا يصحو ن بدري""، قال كوهرين وشاور على هاريس وكرايس ورافِك. ""لكن ذا طبيعي، لأنهم قادة فِرَق وفصائل، ويعرفون إنهم يجب أن يصحون قبل وحداتهم.","""حسنًا أصدقائي من معسكر التدريب هؤلاء هنا كانوا يستيقظون مبكرًا""، قال كوهرين مشيرًا إلى هاريس وكرايس ورافِك. ""ولكن هذا طبيعي، فهم قادة فِرَق وفصائل، ويعرفون أنه يجب عليهم الاستيقاظ قبل وحداتهم","“Well my buddys from boot camp here did” Cohren motioned to Harris, Craith and Ravik. “But then again, their squad and platoon leader’s, they know to wake up before their units.",1,Minor,4,True,,0.6979166666666667,1.0,0.8877463340759277,0.7089947089947091,1.0,diagnostic,F,A,,,0.55,0.68,1.0,2,0,1,light,لانهم,فهم,,exact,exact,literary
WMT_6267,Spelling Error,إنهم,أنه,"""حسنًا، الربع في معسكر التدريب كانوا يصحو ن بدري""، قال كوهرين وشاور على هاريس وكرايس ورافِك. ""لكن ذا طبيعي، لأنهم قادة فِرَق وفصائل، ويعرفون إنهم يجب أن يصحون قبل وحداتهم.","""حسنًا أصدقائي من معسكر التدريب هؤلاء هنا كانوا يستيقظون مبكرًا""، قال كوهرين مشيرًا إلى هاريس وكرايس ورافِك. ""ولكن هذا طبيعي، فهم قادة فِرَق وفصائل، ويعرفون أنه يجب عليهم الاستيقاظ قبل وحداتهم","“Well my buddys from boot camp here did” Cohren motioned to Harris, Craith and Ravik. “But then again, their squad and platoon leader’s, they know to wake up before their units.",1,Minor,21,True,,0.6979166666666667,1.0,0.8877463340759277,0.7037037037037037,1.0,score,F,A,,,0.55,0.78,1.0,2,0,1,light,انهم,انه,,prefix_ل,exact,literary
WMT_6278,Terminology Substitution,قال,برر,"قال كوهرين ""لأن المنبهات العادية جدًا مزعجة. ودايبريك ما ينام"".","برر كوهرين قائلاً، ""لأن المنبهات العادية مزعجة جدًا. ودايبريك لا ينام"".",“Cause the regular alarms are shit. And because Daybreak doesn't sleep in” Cohren stated.,1,Minor,4,True,,0.6901408450704225,1.0,0.9668335914611816,0.7205882352941176,1.0,diagnostic,F,A,,,0.55,0.68,1.0,1,0,1,light,قال,برر,,exact,exact,literary
WMT_6280,Terminology Substitution,ما,لا,"قال كوهرين ""لأن المنبهات العادية جدًا مزعجة. ودايبريك ما ينام"".","برر كوهرين قائلاً، ""لأن المنبهات العادية مزعجة جدًا. ودايبريك لا ينام"".",“Cause the regular alarms are shit. And because Daybreak doesn't sleep in” Cohren stated.,1,Minor,4,True,,0.6901408450704225,1.0,0.9668335914611816,0.6956521739130435,1.0,diagnostic,F,A,,,0.55,0.68,1.0,1,0,1,light,ما,لا,,exact,exact,literary
WMT_6281,Terminology Substitution,كمّل,تابع,"كمّل كوهرين وقال ""اتأكدوا من إنكم تاخذون جميع أغراضكم الشخصية"". وبصفته الملازم الأول وضابط عمليات الكتيبة، كانت مسؤوليته الإشراف على الكتيبة ومساعدتها مع القائده، الكابتن بورادين شو. ""ما راح نرجع يا الربع، بعطيكم أنتم وفِرَقكم ربع ساعة لإجراء الفحوصات النهائية وأخذ نصيبكم من الطعام""","تابع كوهرين قائلاً"" تأكدوا من أنكم تحملون جميع متعلقاتكم الشخصية"". وبصفته الملازم الأول وضابط عمليات الكتيبة، كانت مسؤوليته الإشراف على الكتيبة ومساعدتها مع قائدها، الكابتن بورادين شو. ""لن نعود يا رقباء ويا ملازمين ثانيين، أمنحكم أنتم وفِرَقكم خمس عشرة دقيقة لإجراء الفحوصات النهائية وأخذ حصصكم من الطعام""","“Make sure you have all your personal belongings,” Cohren continued. As a 1st Lieutenant and Company XO, it was his responsibility to oversee and assist the company with the Company leader, Captain Boradin Shaw . “We won’t be returning. Sergeants and 2nd lieutenants, I'm giving you and your squads fifteen minutes to make final checks and grab rations for the day”",1,Minor,4,True,,0.7803278688524591,1.0,0.923535704612732,0.7906976744186046,1.0,diagnostic,F,A,,,0.55,0.68,1.0,1,0,1,light,كمّل,تابع,,exact,exact,literary
WMT_6284,Terminology Substitution,أغراضكم,متعلقاتكم,"كمّل كوهرين وقال ""اتأكدوا من إنكم تاخذون جميع أغراضكم الشخصية"". وبصفته الملازم الأول وضابط عمليات الكتيبة، كانت مسؤوليته الإشراف على الكتيبة ومساعدتها مع القائده، الكابتن بورادين شو. ""ما راح نرجع يا الربع، بعطيكم أنتم وفِرَقكم ربع ساعة لإجراء الفحوصات النهائية وأخذ نصيبكم من الطعام""","تابع كوهرين قائلاً"" تأكدوا من أنكم تحملون جميع متعلقاتكم الشخصية"". وبصفته الملازم الأول وضابط عمليات الكتيبة، كانت مسؤوليته الإشراف على الكتيبة ومساعدتها مع قائدها، الكابتن بورادين شو. ""لن نعود يا رقباء ويا ملازمين ثانيين، أمنحكم أنتم وفِرَقكم خمس عشرة دقيقة لإجراء الفحوصات النهائية وأخذ حصصكم من الطعام""","“Make sure you have all your personal belongings,” Cohren continued. As a 1st Lieutenant and Company XO, it was his responsibility to oversee and assist the company with the Company leader, Captain Boradin Shaw . “We won’t be returning. Sergeants and 2nd lieutenants, I'm giving you and your squads fifteen minutes to make final checks and grab rations for the day”",1,Minor,4,True,,0.7803278688524591,1.0,0.923535704612732,0.7939189189189189,1.0,diagnostic,F,A,,,0.55,0.68,1.0,1,0,1,light,اغراضكم,متعلقاتكم,,exact,exact,literary
WMT_6285,Spelling Error,القائده،,قائدها،,"كمّل كوهرين وقال ""اتأكدوا من إنكم تاخذون جميع أغراضكم الشخصية"". وبصفته الملازم الأول وضابط عمليات الكتيبة، كانت مسؤوليته الإشراف على الكتيبة ومساعدتها مع القائده، الكابتن بورادين شو. ""ما راح نرجع يا الربع، بعطيكم أنتم وفِرَقكم ربع ساعة لإجراء الفحوصات النهائية وأخذ نصيبكم من الطعام""","تابع كوهرين قائلاً"" تأكدوا من أنكم تحملون جميع متعلقاتكم الشخصية"". وبصفته الملازم الأول وضابط عمليات الكتيبة، كانت مسؤوليته الإشراف على الكتيبة ومساعدتها مع قائدها، الكابتن بورادين شو. ""لن نعود يا رقباء ويا ملازمين ثانيين، أمنحكم أنتم وفِرَقكم خمس عشرة دقيقة لإجراء الفحوصات النهائية وأخذ حصصكم من الطعام""","“Make sure you have all your personal belongings,” Cohren continued. As a 1st Lieutenant and Company XO, it was his responsibility to oversee and assist the company with the Company leader, Captain Boradin Shaw . “We won’t be returning. Sergeants and 2nd lieutenants, I'm giving you and your squads fifteen minutes to make final checks and grab rations for the day”",1,Minor,21,True,,0.7803278688524591,1.0,0.923535704612732,0.785234899328859,1.0,score,F,A,,,0.55,0.78,1.0,1,0,1,light,القائده،,قائدها،,,exact,exact,literary
WMT_6289,Terminology Substitution,نصيبكم,حصصكم,"كمّل كوهرين وقال ""اتأكدوا من إنكم تاخذون جميع أغراضكم الشخصية"". وبصفته الملازم الأول وضابط عمليات الكتيبة، كانت مسؤوليته الإشراف على الكتيبة ومساعدتها مع القائده، الكابتن بورادين شو. ""ما راح نرجع يا الربع، بعطيكم أنتم وفِرَقكم ربع ساعة لإجراء الفحوصات النهائية وأخذ نصيبكم من الطعام""","تابع كوهرين قائلاً"" تأكدوا من أنكم تحملون جميع متعلقاتكم الشخصية"". وبصفته الملازم الأول وضابط عمليات الكتيبة، كانت مسؤوليته الإشراف على الكتيبة ومساعدتها مع قائدها، الكابتن بورادين شو. ""لن نعود يا رقباء ويا ملازمين ثانيين، أمنحكم أنتم وفِرَقكم خمس عشرة دقيقة لإجراء الفحوصات النهائية وأخذ حصصكم من الطعام""","“Make sure you have all your personal belongings,” Cohren continued. As a 1st Lieutenant and Company XO, it was his responsibility to oversee and assist the company with the Company leader, Captain Boradin Shaw . “We won’t be returning. Sergeants and 2nd lieutenants, I'm giving you and your squads fifteen minutes to make final checks and grab rations for the day”",1,Minor,4,True,,0.7803278688524591,1.0,0.923535704612732,0.7866666666666666,1.0,diagnostic,F,A,,,0.55,0.68,1.0,1,0,1,light,نصيبكم,حصصكم,,exact,exact,literary
WMT_6290,Spelling Error,للفِرقة,إلى الفِرقة,تفرق أعضاء كتيبة إكسودوس بسرعة. كانوا ينتمون للفِرقة الثانية من قوات الصدمة في الجيش الثاني. كانوا في الأصل كتيبتين منفصلتين، كوهورت وداغر، قبل ما يتم دمجهم. كانت كتيبة متصدعة وشعر كوهرين بمشاعر مختلطة تجاه ترقيته إلى ملازم أول وذا لعدة أسباب.,تفرق أعضاء كتيبة إكسودوس بسرعة. كانوا ينتمون إلى الفِرقة الثانية من قوات الصدمة التابعة للجيش الثاني. كانوا في الأصل كتيبتين منفصلتين، كوهورت وداغر، قبل أن يُدمَجوا. كانت كتيبة متصدعة وشعر كوهرين بمشاعر مختلطة تجاه ترقيته إلى ملازم أول ويرجع ذلك إلى أسباب عديدة.,"The members of Exodus company quickly dispersed. They were a part of the 2nd Shocktrooper Division, 2nd Army. They were originally two separate companies, Cohort and Dagger, before being consolidated. They were a cracked company, and Cohren felt mixed feelings about being promoted to 1st Lieutenant, mainly due to the reasons.",1,Minor,21,True,,0.8625954198473282,1.0,0.9921481609344482,0.8725099601593626,1.0,score,F,A,,,0.55,0.78,1.0,1,0,1,light,للفِرقة,الي الفِرقة,,exact,exact_seq,literary
WMT_6294,Terminology Substitution,مشي,سار,مشي كوهرين ونيميك، قائد الكتيبة الأولى، سوا تحت أضواء القاعدة الأمامية، التي تعمل بالمولدات. كانت معظم الأضواء حمرا للمساعدة على إخفائهم عن قاذفات العدو. لجأت قوات دايبريك إلى هجمات وايلد ويزل، سواء في الجو أو الأرض، لمواجهة القاذفات هذه.,سار كوهرين ونيميك، قائد الكتيبة الأولى، معًا تحت الأضواء المتوهجة للقاعدة الأمامية، التي تعمل بالمولدات. كانت معظم الأضواء باللون الأحمر للمساعدة على إخفائهم عن قاذفات العدو. لجأت قوات دايبريك إلى هجمات وايلد ويزل، سواء في الجو أو الأرض، لمواجهة هذه القاذفات.,"Cohren and Nemic, the leader of 1st Platoon, walked together under the light of the FOB's many lights, powered by generators. Most were tinted red to help keep them hidden from enemy bombers. Daybreak had resorted to Wild Weasel attacks, both in the air and on the ground, to combat them.",1,Minor,4,True,,0.8610038610038611,1.0,0.9832028150558472,0.87109375,1.0,diagnostic,F,A,,,0.55,0.68,1.0,1,0,1,light,مشي,سار,,exact,exact,literary
WMT_6295,Terminology Substitution,سوا,معًا,مشي كوهرين ونيميك، قائد الكتيبة الأولى، سوا تحت أضواء القاعدة الأمامية، التي تعمل بالمولدات. كانت معظم الأضواء حمرا للمساعدة على إخفائهم عن قاذفات العدو. لجأت قوات دايبريك إلى هجمات وايلد ويزل، سواء في الجو أو الأرض، لمواجهة القاذفات هذه.,سار كوهرين ونيميك، قائد الكتيبة الأولى، معًا تحت الأضواء المتوهجة للقاعدة الأمامية، التي تعمل بالمولدات. كانت معظم الأضواء باللون الأحمر للمساعدة على إخفائهم عن قاذفات العدو. لجأت قوات دايبريك إلى هجمات وايلد ويزل، سواء في الجو أو الأرض، لمواجهة هذه القاذفات.,"Cohren and Nemic, the leader of 1st Platoon, walked together under the light of the FOB's many lights, powered by generators. Most were tinted red to help keep them hidden from enemy bombers. Daybreak had resorted to Wild Weasel attacks, both in the air and on the ground, to combat them.",1,Minor,4,True,,0.8610038610038611,1.0,0.9832028150558472,0.8705882352941177,1.0,diagnostic,F,A,,,0.55,0.68,1.0,1,0,1,light,سوا,معًا,,exact,exact,literary
WMT_6321,Terminology Substitution,رد,ردًا,كل كام ثانية، كان يتلقى رد من قادة فِرقته. كان هاريس وكرايث ورافِك ضباط صف من رتبة منخفضة لمن وصلوا هناك. كانوا أصدقاء من أيام التدريب الأساسي على الأرض. بدا الأمر وكأنه مر زمن طويل من لما التقى بهم كوهرين آخر مرة، على الرغم من أنه لم يمر أكثر من عامين. كانوا قادة فِرَق ولكن كرايث أصبح يقود الكتيبة الثانية منذ أسبوع فقط، بعد إصابة قائدها برصاصة قناص تابع لقوات دايبريك وأُجبر على ترك الخدمة.,كل بضع ثوانٍ، كان يتلقى ردًا من قادة فِرقته. كان هاريس وكرايث ورافِك جميعًا ضباط صف من رتبة منخفضة عندما وصلوا جميعًا إلى هناك. كانوا جميعًا أصدقاءً جيدين منذ التدريب الأساسي على الأرض. بدا الأمر وكأنه مر زمن طويل منذ أن التقى بهم كوهرين، رغم أنه لم يمضِ على ذلك أكثر من عامين. كانوا قادة فِرَق ولكن كرايث أصبح يقود الكتيبة الثانية منذ أسبوع فقط، بعد أن أُصيب قائدها برصاصة قناص تابع لقوات دايبريك وأُجبر على ترك الخدمة.,"Every few seconds he got a response from the squad leaders. Haris, Craith, and Ravik had all been low ranking NCO when they all got there. All four of them had been good friends since basic back on Earth. It felt so long ago now since Cohren had met them, even though it couldn’t have been two years ago. They were squad leaders, But Craith was now leading 2nd Platoon as of a week ago, after the previous leader had gotten medically discharged after catching a bullet from a Daybreak sniper.",1,Minor,4,True,,0.8071428571428572,1.0,0.9704919457435608,0.8100961538461539,1.0,diagnostic,F,A,,,0.55,0.68,1.0,1,0,1,light,رد,ردًا,,exact,exact,literary
WMT_6322,Terminology Substitution,لمن,عندما,كل كام ثانية، كان يتلقى رد من قادة فِرقته. كان هاريس وكرايث ورافِك ضباط صف من رتبة منخفضة لمن وصلوا هناك. كانوا أصدقاء من أيام التدريب الأساسي على الأرض. بدا الأمر وكأنه مر زمن طويل من لما التقى بهم كوهرين آخر مرة، على الرغم من أنه لم يمر أكثر من عامين. كانوا قادة فِرَق ولكن كرايث أصبح يقود الكتيبة الثانية منذ أسبوع فقط، بعد إصابة قائدها برصاصة قناص تابع لقوات دايبريك وأُجبر على ترك الخدمة.,كل بضع ثوانٍ، كان يتلقى ردًا من قادة فِرقته. كان هاريس وكرايث ورافِك جميعًا ضباط صف من رتبة منخفضة عندما وصلوا جميعًا إلى هناك. كانوا جميعًا أصدقاءً جيدين منذ التدريب الأساسي على الأرض. بدا الأمر وكأنه مر زمن طويل منذ أن التقى بهم كوهرين، رغم أنه لم يمضِ على ذلك أكثر من عامين. كانوا قادة فِرَق ولكن كرايث أصبح يقود الكتيبة الثانية منذ أسبوع فقط، بعد أن أُصيب قائدها برصاصة قناص تابع لقوات دايبريك وأُجبر على ترك الخدمة.,"Every few seconds he got a response from the squad leaders. Haris, Craith, and Ravik had all been low ranking NCO when they all got there. All four of them had been good friends since basic back on Earth. It felt so long ago now since Cohren had met them, even though it couldn’t have been two years ago. They were squad leaders, But Craith was now leading 2nd Platoon as of a week ago, after the previous leader had gotten medically discharged after catching a bullet from a Daybreak sniper.",1,Minor,4,True,,0.8071428571428572,1.0,0.9704919457435608,0.8144578313253013,1.0,diagnostic,F,A,,,0.55,0.68,1.0,7,3,1,light,لمن,عندما,,kw_prefix_ل,exact,literary
WMT_6375,Terminology Substitution,"""معانا","""لدينا","""معانا اشتباكات""، صرخ شاو من خلال الراديو في الوقت اللي انطلقت الرصاصات التتبعية البرتقالية من أعلى التل. اصطدمت الرصاصات بجوانب الدبابات في حين قفز ""قوات الصدمة"" من على الدبابات، واستخدموها كغطاء لهم. مرَّ صاروخ مضاد للدبابات من جنبهم وارتطم بالأرض خلف التشكيل. سوى انفجار وتناثر الحطام على واحدة من الدبابات. ارتطم صاروخ آخر بالقرب من مركبة سترايكر، وهي نوع من مركبات القتال المدرعة وانفجر. خرج طاقم المركبة برة واختبأوا وانفجرت الذخيرة.","""لدينا اشتباكات""، صرخ شاو عبر الراديو بينما انطلقت الرصاصات التتبعية البرتقالية من على التل. اصطدمت الرصاصات بجوانب الدبابات بينما قفز قوات الصدمة من على الدبابات، مستخدمينها كغطاء لهم. مرَّ صاروخ مضاد للدبابات بجانبهم وارتطم بالأرض خلف التشكيل. أحدَثَ انفجارًا وألقى بالحطام على إحدى الدبابات. ارتطم صاروخ آخر بجانب مركبة سترايكر، وهي نوع من مركبات القتال المدرعة وانفجر. قفز طاقم المركبة خارجها واختبأوا بينما انفجرت الذخيرة.","“We got contacts” Shaw shouted through the radio as orange tracers fired from the ridge. Bullets pinged off the tanks side as Shock Troopers leaped off the tanks, taking cover behind them. An anti missile rocked, streaked by and slammed into the ground behind the formation, exploding and throwing debris onto one of the tanks. Another slammed into the side of a Stryker, a APS-Cerberus, and exploded. Its crew scrambled out and dove for cover as the ammo cooked off.",1,Minor,4,True,,0.8223234624145785,1.0,0.9780231714248656,0.8267898383371824,1.0,diagnostic,F,A,,,0.55,0.68,1.0,1,0,1,light,"""معانا","""لدينا",,exact,exact,literary
WMT_6378,Spelling Error,أعلى,على,"""معانا اشتباكات""، صرخ شاو من خلال الراديو في الوقت اللي انطلقت الرصاصات التتبعية البرتقالية من أعلى التل. اصطدمت الرصاصات بجوانب الدبابات في حين قفز ""قوات الصدمة"" من على الدبابات، واستخدموها كغطاء لهم. مرَّ صاروخ مضاد للدبابات من جنبهم وارتطم بالأرض خلف التشكيل. سوى انفجار وتناثر الحطام على واحدة من الدبابات. ارتطم صاروخ آخر بالقرب من مركبة سترايكر، وهي نوع من مركبات القتال المدرعة وانفجر. خرج طاقم المركبة برة واختبأوا وانفجرت الذخيرة.","""لدينا اشتباكات""، صرخ شاو عبر الراديو بينما انطلقت الرصاصات التتبعية البرتقالية من على التل. اصطدمت الرصاصات بجوانب الدبابات بينما قفز قوات الصدمة من على الدبابات، مستخدمينها كغطاء لهم. مرَّ صاروخ مضاد للدبابات بجانبهم وارتطم بالأرض خلف التشكيل. أحدَثَ انفجارًا وألقى بالحطام على إحدى الدبابات. ارتطم صاروخ آخر بجانب مركبة سترايكر، وهي نوع من مركبات القتال المدرعة وانفجر. قفز طاقم المركبة خارجها واختبأوا بينما انفجرت الذخيرة.","“We got contacts” Shaw shouted through the radio as orange tracers fired from the ridge. Bullets pinged off the tanks side as Shock Troopers leaped off the tanks, taking cover behind them. An anti missile rocked, streaked by and slammed into the ground behind the formation, exploding and throwing debris onto one of the tanks. Another slammed into the side of a Stryker, a APS-Cerberus, and exploded. Its crew scrambled out and dove for cover as the ammo cooked off.",1,Minor,21,True,,0.8223234624145785,1.0,0.9780231714248656,0.8229885057471265,1.0,score,F,A,,,0.55,0.78,1.0,1,0,3,light,اعلي,علي,,exact,exact,literary
WMT_6381,Terminology Substitution,واستخدموها,مستخدمينها,"""معانا اشتباكات""، صرخ شاو من خلال الراديو في الوقت اللي انطلقت الرصاصات التتبعية البرتقالية من أعلى التل. اصطدمت الرصاصات بجوانب الدبابات في حين قفز ""قوات الصدمة"" من على الدبابات، واستخدموها كغطاء لهم. مرَّ صاروخ مضاد للدبابات من جنبهم وارتطم بالأرض خلف التشكيل. سوى انفجار وتناثر الحطام على واحدة من الدبابات. ارتطم صاروخ آخر بالقرب من مركبة سترايكر، وهي نوع من مركبات القتال المدرعة وانفجر. خرج طاقم المركبة برة واختبأوا وانفجرت الذخيرة.","""لدينا اشتباكات""، صرخ شاو عبر الراديو بينما انطلقت الرصاصات التتبعية البرتقالية من على التل. اصطدمت الرصاصات بجوانب الدبابات بينما قفز قوات الصدمة من على الدبابات، مستخدمينها كغطاء لهم. مرَّ صاروخ مضاد للدبابات بجانبهم وارتطم بالأرض خلف التشكيل. أحدَثَ انفجارًا وألقى بالحطام على إحدى الدبابات. ارتطم صاروخ آخر بجانب مركبة سترايكر، وهي نوع من مركبات القتال المدرعة وانفجر. قفز طاقم المركبة خارجها واختبأوا بينما انفجرت الذخيرة.","“We got contacts” Shaw shouted through the radio as orange tracers fired from the ridge. Bullets pinged off the tanks side as Shock Troopers leaped off the tanks, taking cover behind them. An anti missile rocked, streaked by and slammed into the ground behind the formation, exploding and throwing debris onto one of the tanks. Another slammed into the side of a Stryker, a APS-Cerberus, and exploded. Its crew scrambled out and dove for cover as the ammo cooked off.",1,Minor,4,True,,0.8223234624145785,1.0,0.9780231714248656,0.8275058275058276,1.0,diagnostic,F,A,,,0.55,0.68,1.0,1,0,1,light,واستخدموها,مستخدمينها,,exact,exact,literary
WMT_6386,Terminology Substitution,خرج,قفز,"""معانا اشتباكات""، صرخ شاو من خلال الراديو في الوقت اللي انطلقت الرصاصات التتبعية البرتقالية من أعلى التل. اصطدمت الرصاصات بجوانب الدبابات في حين قفز ""قوات الصدمة"" من على الدبابات، واستخدموها كغطاء لهم. مرَّ صاروخ مضاد للدبابات من جنبهم وارتطم بالأرض خلف التشكيل. سوى انفجار وتناثر الحطام على واحدة من الدبابات. ارتطم صاروخ آخر بالقرب من مركبة سترايكر، وهي نوع من مركبات القتال المدرعة وانفجر. خرج طاقم المركبة برة واختبأوا وانفجرت الذخيرة.","""لدينا اشتباكات""، صرخ شاو عبر الراديو بينما انطلقت الرصاصات التتبعية البرتقالية من على التل. اصطدمت الرصاصات بجوانب الدبابات بينما قفز قوات الصدمة من على الدبابات، مستخدمينها كغطاء لهم. مرَّ صاروخ مضاد للدبابات بجانبهم وارتطم بالأرض خلف التشكيل. أحدَثَ انفجارًا وألقى بالحطام على إحدى الدبابات. ارتطم صاروخ آخر بجانب مركبة سترايكر، وهي نوع من مركبات القتال المدرعة وانفجر. قفز طاقم المركبة خارجها واختبأوا بينما انفجرت الذخيرة.","“We got contacts” Shaw shouted through the radio as orange tracers fired from the ridge. Bullets pinged off the tanks side as Shock Troopers leaped off the tanks, taking cover behind them. An anti missile rocked, streaked by and slammed into the ground behind the formation, exploding and throwing debris onto one of the tanks. Another slammed into the side of a Stryker, a APS-Cerberus, and exploded. Its crew scrambled out and dove for cover as the ammo cooked off.",1,Minor,4,True,,0.8223234624145785,1.0,0.9780231714248656,0.8142201834862386,1.0,diagnostic,F,A,,,0.55,0.68,1.0,1,0,2,light,خرج,قفز,,exact,exact,literary
WMT_6387,Terminology Substitution,برة,خارجها,"""معانا اشتباكات""، صرخ شاو من خلال الراديو في الوقت اللي انطلقت الرصاصات التتبعية البرتقالية من أعلى التل. اصطدمت الرصاصات بجوانب الدبابات في حين قفز ""قوات الصدمة"" من على الدبابات، واستخدموها كغطاء لهم. مرَّ صاروخ مضاد للدبابات من جنبهم وارتطم بالأرض خلف التشكيل. سوى انفجار وتناثر الحطام على واحدة من الدبابات. ارتطم صاروخ آخر بالقرب من مركبة سترايكر، وهي نوع من مركبات القتال المدرعة وانفجر. خرج طاقم المركبة برة واختبأوا وانفجرت الذخيرة.","""لدينا اشتباكات""، صرخ شاو عبر الراديو بينما انطلقت الرصاصات التتبعية البرتقالية من على التل. اصطدمت الرصاصات بجوانب الدبابات بينما قفز قوات الصدمة من على الدبابات، مستخدمينها كغطاء لهم. مرَّ صاروخ مضاد للدبابات بجانبهم وارتطم بالأرض خلف التشكيل. أحدَثَ انفجارًا وألقى بالحطام على إحدى الدبابات. ارتطم صاروخ آخر بجانب مركبة سترايكر، وهي نوع من مركبات القتال المدرعة وانفجر. قفز طاقم المركبة خارجها واختبأوا بينما انفجرت الذخيرة.","“We got contacts” Shaw shouted through the radio as orange tracers fired from the ridge. Bullets pinged off the tanks side as Shock Troopers leaped off the tanks, taking cover behind them. An anti missile rocked, streaked by and slammed into the ground behind the formation, exploding and throwing debris onto one of the tanks. Another slammed into the side of a Stryker, a APS-Cerberus, and exploded. Its crew scrambled out and dove for cover as the ammo cooked off.",1,Minor,4,True,,0.8223234624145785,1.0,0.9780231714248656,0.8325688073394495,1.0,diagnostic,F,A,,,0.55,0.68,1.0,1,0,1,light,برة,خارجها,,exact,exact,literary
